Questions,Reference Answer,Generated Answer,Retrieved Contents,Retrieval Relevance Score
Siapa yang memimpin TNI menurut Pasal 13 UU No. 34 Tahun 2004?,"1. Inti Jawaban:
- TNI dipimpin oleh seorang Panglima.
- Implikasi praktis: Panglima bertanggung jawab atas kepemimpinan dan operasional TNI.

2. Rincian Analisis:
a. Isu Pokok: Kepemimpinan TNI.
b. Aturan & Unsur: Pasal 13 ayat (1) menyatakan TNI dipimpin oleh Panglima.
c. Penerapan: Panglima adalah posisi tertinggi dalam struktur komando TNI.

3. Disclaimer: Jawaban berdasarkan UU No. 34 Tahun 2004 sebelum revisi.","1. Inti Jawaban:
    - Panglima TNI adalah komandan tertinggi TNI.
    - Implikasi: Panglima bertanggung jawab kepada Presiden.
2. Rincian Analisis:
    a. Isu Pokok: Hierarki kepemimpinan TNI.
    b. Aturan & Unsur: Pasal 13 ayat (1) UU No. 34 Tahun 2004 menyatakan bahwa Panglima TNI adalah komandan tertinggi TNI.
    c. Penerapan: Panglima TNI memimpin seluruh kegiatan operasional TNI.
3. Disclaimer: Informasi ini bersifat umum dan tidak menggantikan konsultasi hukum resmi.","[legal_request] . Perencanaan dan penyusunan pembentukan UU Nomor 3 Tahun 2025 Tentang Perubahan atas UU Nomor 34 Tahun 2004 Tentang TNI (TNI), tidak sesuai dengan tata cara pembentukan peraturan perUUan, tanpa naskah akademik. 13. Bahwa dalam Pasal 43 ayat (3) UU No. 12 Tahun 2011 mengatur secara imperatif dan tegas: Rancangan UU yang berasal dari DPR, Presiden, atau DPD harus disertai Naskah Akademik. Adapun dalam Pasal 1 angka 11 UU No...

---

[web_article] Judul: Apa Isi UU TNI Terbaru? Ini Daftar Pasal yang Direvisi dan Disahkan DPR,21 Mar 2025 13:05,https://www.detik.com/jogja/berita/d-7834561/apa-isi-uu-tni-terbaru-ini-daftar-pasal-yang-direvisi-dan-disahkan-dpr,Dewan Perwakilan Rakyat (DPR) resmi mengesahkan Rancangan UU (RUU) Perubahan UU Nomor 34 Tahun 2004 tentang TNI. Apa isi UU TNI terbaru? Berikut ini daftar pasal yang direvisi! DilansirdetikNews, pengesahan RUU TNI dilakukan melalui rapat paripurna yang digelar pada Kamis, 20 Maret 2025...

---

[web_article] . Sebagai informasi, DPR RI resmi mengesahkan Rancangan UU tentang Perubahan atas UU Nomor 34 Tahun 2004 tentang TNI atau RUU TNI menjadi UU. Keputusan ini diambil dalam rapat paripurna yang dihadiri oleh sejumlah menteri. Rapat terselenggara di ruang paripurna, gedung DPR RI, Senayan, Jakarta Pusat, Kamis (20/3). Rapat dipimpin oleh Ketua DPR RI Puan Maharani yang didampingi Wakil Ketua DPR yang lain, seperti Sufmi Dasco Ahmad, Saan Mustopa, dan Adies Kadir. Menteri Pertahanan Sjafrie Sjamsoedd...",0.7122157216072083
Bagaimana Pasal 37 ayat (2) mengatur kerahasiaan militer bagi mantan prajurit?,"1. Inti Jawaban:
- Mantan prajurit (termasuk yang tidak dilantik) wajib menjaga rahasia militer sekalipun sudah tidak aktif.
- Implikasi: Larangan membocorkan informasi strategis seperti doktrin atau intelijen.

2. Rincian Analisis:
a. Isu Pokok: Perlindungan rahasia negara pasca-dinas.
b. Aturan & Unsur: Pasal 37 ayat (2) berlaku tanpa memandang status kehormatan pemberhentian.
c. Penerapan: Mantan prajurit yang membocorkan rahasia dapat dijerat dengan UU Intelijen atau KUHP.

3. Disclaimer: Ketentuan ini berlaku seumur hidup dan tidak terbatas waktu.","1. Inti Jawaban:
    - Mantan prajurit tetap wajib merahasiakan informasi militer meski sudah diberhentikan.
    - Implikasi: Mereka tidak boleh membocorkan data sensitif.
2. Rincian Analisis:
    a. Isu Pokok: Kewajiban rahasia setelah pensiun.
    b. Aturan & Unsur: Pasal 37 ayat (2) UU No. 34/2004 menegaskan kewajiban ini.
    c. Penerapan: Pelanggaran dapat dijerat pidana.
3. Disclaimer: Informasi detail lainnya tidak tersedia dalam teks resmi.","[undang_undang] Pasal 37 Isi: (1) Prajurit berkewajiban menjunjung tinggi kepercayaan yang diberikan oleh bangsa dan negara untuk melakukan usaha pembelaan negara sebagaimana termuat dalam Sumpah Prajurit (2) Untuk keamanan negara, setiap prajurit yang telah berakhir menjalani dinas keprajuritan atau prajurit siswa yang karena suatu hal tidak dilantik menjadi prajurit, wajib memegang teguh rahasia tentara walaupun yang bersangkutan diberhentikan dengan hormat atau dengan tidak hormat....

---

[undang_undang] Pasal 34 Isi: (1) Pelantikan menjadi prajurit dilaksanakan dengan mengucapkan Sumpah Prajurit. (2) Pelantikan menjadi prajurit golongan perwira selain mengucapkan Sumpah Prajurit juga mengucapkan Sumpah Perwira. (3) Ketentuan mengenai tata ca ra pelantikan dan pengambilan sumpah sebagaimana dimaksud pada ayat (1) dan ayat (2), diatur lebih lanjut dengan keputusan Panglima....

---

[undang_undang] Pasal 60 Isi: (1) Dalam menghadapi keadaan darurat militer dan keadaan perang, setiap Prajurit Sukarela dan Prajurit Wajib yang telah berakhir menjalani dinas keprajuritan dapat diwajibkan aktif kembali (2) Kewajiban sebagaimana dimaksud pada ayat (1) diatur dengan UU....

---

[undang_undang] Pasal 29 Isi: (1) Pendidikan untuk pengangk atan prajurit terdiri atas pendidikan perwira, bintara, dan tamtama. (2) Pelaksanaan pendidikan sebagaimana dimaksud pada ayat (1) diatur lebih lanjut dengan keputusan Panglima....

---

[undang_undang] Pasal 56 Isi: (1) Hak prajurit yang gugur atau tewas diberikan kepada ahli warisnya. (2) Ketentuan sebagaimana dimaksud pada ayat (1) diatur dengan Peraturan Pemerintah....

---

[undang_undang] Pasal 65 Isi: (1) Prajurit Siswa tunduk pada ketentuan hukum yang berlaku bagi prajurit. (2) Prajurit tunduk kepada kekuasaan pera dilan militer dalam hal pelanggaran hukum pidana militer dan tunduk pada kekuasaan peradilan umum dalam hal pelanggaran hukum pidana umum yang diatur dengan UU. (3) Apabila kekuasaan peradilan umum sebagaimana dimaksud pada ayat (2) tidak berfungsi, maka prajurit tunduk di bawah kekuasaan peradilan yang diatur dengan UU. Penjelasan: Ayat (1) Hukum yang dimaksud adala...",0.6864627003669739
Apa syarat untuk menjadi Panglima TNI berdasarkan Pasal 13?,"1. Inti Jawaban:
- Harus Perwira Tinggi aktif dari salah satu Angkatan.
- Implikasi praktis: Memastikan Panglima memiliki pengalaman militer yang memadai.

2. Rincian Analisis:
a. Isu Pokok: Kualifikasi Panglima.
b. Aturan & Unsur: Pasal 13 ayat (4) menyebutkan syarat pernah menjabat sebagai Kepala Staf Angkatan.
c. Penerapan: Rotasi kepemimpinan antar Angkatan dimungkinkan.

3. Disclaimer: Persyaratan tambahan mungkin diatur dalam keputusan Presiden.",A. Syarat utama adalah menjadi Perwira Tinggi aktif atau mantan Kepala Staf Angkatan dengan rekomendasi Presiden dan persetujuan DPR. B. Implikasi praktisnya adalah proses pengangkatan harus melalui mekanisme verifikasi komprehensif. C. Detail teknis diatur dalam ayat (4) dan ayat (5).,"[undang_undang] Pasal 13 Isi: (1) TNI dipimpin oleh seorang Panglima. (2) Panglima sebagaimana dimaksud pada ayat (1) diangkat dan diberhentikan oleh Presiden setelah mendapat persetujuan Dewan Perwakilan Rakyat. (3) Pengangkatan dan pemberhentian Panglima dilakukan berdasarkan kepentingan organisasi TNI. (4) Jabatan Panglima sebagaimana dimaksud pada ayat (3) dapat dijabat secara bergantian oleh Perwira Tinggi aktif dari tiap-tiap Angkatan yang seda ng atau pernah menjabat sebagai Kepala Staf Angkatan. (5) Unt...

---

[web_article] . Pasal 47, Kementerian/Lembaga yang Bisa Diisi TNI Dalam pasal 47, ada penambahan 4 posisi jabatan publik yang bisa diisi TNI aktif dari yang sebelumnya 10 kini menjadi 14. Pasal 53, Usia Pensiun TNI Pasal 53 RUU TNI mengubah batas usia pensiun prajurit. Ketentuan ini diatur dalam ayat (2) dengan batas usia pensiun yang variatif berdasarkan pangkat dan jabatan. Isi: nan...

---

[web_article] . Utut menyebut DIM itu salah satunya berkaitan dengan Pasal 47 UU TNI. DIM itu singkatan dari daftar inventarisasi masalah yang akan nanti, kita banyak, kita akan revisi, yaitu yang berkaitan dengan lingkup tugas di Pasal 47, TNI bisa ke mana saja, kemudian di usia di Pasal 53 dan satu lagi di kedudukan, di Pasal 3, ujar Utut dalam rapat, Senin (10/3/2025). Pasal 47 mengatur tentang aturan prajurit jika ingin menduduki jabatan sipil. Dalam ayat 1 dijelaskan prajurit bisa menduduki jabatan sipil...

---

[academic_draft] 27 BAB VI PENUTUP A. Simpulan Berdasarkan uraian yang telah disampaikan pada bab-bab sebelumnya, dapat disimpulkan hal-hal sebagai berikut: 1. Adanya kebutuhan hukum untuk mengubah ketentuan Pasal 47 terkait peran prajurit aktif TNI pada kementerian/ lembaga lain sesuai dengan kebutuhan. Selain itu, perlu diubah ketentuan dalam Pasal 53 terkait batasan usia masa dinas prajurit TNI sesuai dengan kepangkatan dan beban kerjanya. 2. Adanya kebutuhan-kebutuhan yang nyata dan mendesak dalam penyelengg...

---

[undang_undang] Pasal 45 Isi: Pengangkatan dan pemberhentian jabatan di dalam struktur TNI selain jabatan Panglima dan Kepala Staf Angkatan, diatur dengan keputusan Panglima....",0.705581545829773
Dalam kondisi apa Pasal 60 UU TNI dapat diterapkan?,"1. Inti Jawaban:
   - Hanya dalam keadaan darurat militer atau keadaan perang.
   - Implikasi praktisnya adalah ketentuan ini tidak berlaku dalam situasi normal atau konflik terbatas.

2. Rincian Analisis:
   a. Isu Pokok: Kondisi penerapan kewajiban aktif kembali.
   b. Aturan & Unsur: Pasal 60 ayat (1) menyatakan ""dalam menghadapi keadaan darurat militer dan keadaan perang"".
   c. Penerapan: Penerapannya memerlukan deklarasi resmi keadaan darurat militer atau perang oleh otoritas yang berwenang.

3. Disclaimer: Definisi ""keadaan darurat militer"" dan ""keadaan perang"" perlu merujuk pada ketentuan lain dalam UU terkait.",Jawaban: Pasal 60 UU TNI dapat diterapkan saat terjadi keadaan darurat militer atau keadaan perang. Implikasi praktisnya adalah prajurit aktif dapat diwajibkan untuk bertugas kembali selama masa darurat. Penjelasan lengkap dapat dilihat pada analisis di atas.,"[undang_undang] Pasal 60 Isi: (1) Dalam menghadapi keadaan darurat militer dan keadaan perang, setiap Prajurit Sukarela dan Prajurit Wajib yang telah berakhir menjalani dinas keprajuritan dapat diwajibkan aktif kembali (2) Kewajiban sebagaimana dimaksud pada ayat (1) diatur dengan UU....

---

[academic_draft] . 3. Perlu dilakukan perubahan terhadap Pasal 47 dan Pasal 53 dalam UU TNI. B. Saran Naskah Akademik dan Rancangan UU ini diharapkan dapat memenuhi kebutuhan hukum dan memberi jaminan kepastian hukum kepada prajurit aktif TNI dalam menjalankan tugasnya sebagaimana diamanatkan dalam UU TNI. Atas hal itu, maka perlu segera dilakukan perubahan atas Pasal 47 dan Pasal 53 UU TNI sehingga memberikan landasan hukum bagi penyelenggaraan peran TNI yang lebih optimal dan memberikan kepastian hukum....

---

[web_article] . Utut menyebut DIM itu salah satunya berkaitan dengan Pasal 47 UU TNI. DIM itu singkatan dari daftar inventarisasi masalah yang akan nanti, kita banyak, kita akan revisi, yaitu yang berkaitan dengan lingkup tugas di Pasal 47, TNI bisa ke mana saja, kemudian di usia di Pasal 53 dan satu lagi di kedudukan, di Pasal 3, ujar Utut dalam rapat, Senin (10/3/2025). Pasal 47 mengatur tentang aturan prajurit jika ingin menduduki jabatan sipil. Dalam ayat 1 dijelaskan prajurit bisa menduduki jabatan sipil...

---

[academic_draft] . B. Materi Muatan RUU Materi muatan RUU memuat materi perubahan dalam Pasal 47 dan Pasal 53 UU TNI. Di samping itu, dimuat juga ketentuan mengenai tugas pemantauan dan peninjauan atas UU TNI ini oleh DPR melalui alat kelengkapan yang menangani bidang legislasi. Rumusan materi muatan perubahan Pasal 47, Pasal 53, dan tugas pemantauan dan peninjauan UU TNI sebagaimana dimuat dalam rancangan UU tentang perubahan atas UU TNI....

---

[academic_draft] 21 2. Pasal 21 Ketentuan Pasal 21 UUD NRI Tahun 1945 mengatur mengenai hak anggota DPR dalam mengajukan usul rancangan UU. Hak keanggotaan DPR dimaksud merupakan hak konstitusional. Hak konstitusional dimaksud dapat dilaksanakan dan juga tidak dilaksanakan sesuai dengan kehendak anggota DPR yang bersangkutan. 3. Pasal 30 ayat (2), ayat (3), dan ayat (5) Ketentuan pasal dan ayat ini mengatur mengenai sistem pertahanan dan keamanan rakyat semesta yang dianut oleh Indonesia. Di dalam sistem tersebu...",0.7565480470657349
Apakah BPK RI memiliki kewenangan penuh dalam mengaudit anggaran TNI tanpa campur tangan pihak lain?,"1. Inti Jawaban:
   - Ya, BPK RI memiliki kewenangan penuh berdasarkan Pasal 69 UU No. 34 Tahun 2004.
   - Implikasi praktisnya adalah independensi BPK RI dalam melakukan audit.

2. Rincian Analisis:
   a. Isu Pokok: Independensi BPK RI dalam pengawasan anggaran TNI.
   b. Aturan & Unsur: Pasal 69 UU No. 34 Tahun 2004 tidak menyebutkan adanya campur tangan pihak lain dalam proses audit BPK RI.
   c. Penerapan: BPK RI dapat bekerja secara mandiri, tetapi mungkin perlu koordinasi dengan TNI untuk akses data.

3. Disclaimer: Jawaban ini tidak mempertimbangkan dinamika politik atau praktik di lapangan.","1. Inti Jawaban:
    - Ya, BPK RI memiliki kewenangan audit mandiri sesuai UU No. 14 Tahun 2008.
    - Implikasi: Proses audit lebih efektif karena independensi BPK.
2. Rincian Analisis:
    a. Isu Pokok: Kewenangan audit BPK RI.
    b. Aturan & Unsur: Pasal 76 ayat (1) UU BPK menyatakan BPK memiliki kewenangan audit mandiri.
    c. Penerapan: BPK dapat melaksanakan audit tanpa harus berkonsultasi dengan instansi lain.
3. Disclaimer: Jawaban ini merujuk pada UU BPK dan tidak mencakup kasus khusus.","[web_article] . SCROLL TO CONTINUE WITH CONTENT Diundangkan, dimasukkan dalam lembaran negara dan diberi nomor, ujarnya. Sebagai informasi, DPR RI resmi mengesahkan Rancangan UU tentang Perubahan atas UU Nomor 34 Tahun 2004 tentang TNI atau RUU TNI menjadi UU. Keputusan ini diambil dalam rapat paripurna yang dihadiri oleh sejumlah menteri. Wakil Ketua DPR RI Sufmi Dasco Ahmad mengatakan draf revisi UU TNI telah disampaikan kepada Koalisi Masyarakat Sipil. Dasco juga memastikan draf itu akan diunggah di laman ...

---

[web_article] . Adanya revisi UU TNI itu justru memperkuat payung hukum. Terdapat lembaga atau kementerian yang selama ini sudah dijabat oleh TNI namun belum memiliki memiliki payung UU, di antaranya Badan Nasional Penanggulangan Bencana (BNPB), Badan Nasional Pemberantasan Terorisme (BNPT), Badan Keamanan Laut (Bakamla), dan Badan Nasional Pengelola Perbatasan (BNPP), ujar Sarmuji. Sarmuji menekankan revisi UU TNI tidak akan mengubah norma. Sekjen Golkar itu mengatakan TNI tetap memiliki tugas utama sebagai ...

---

[web_article] . Selama kita percaya bahwa rakyat adalah sumber kekuatannya, maka perubahan bisa dicapai, paparnya. Sebelumnya diberitakan, DPR RI resmi mengesahkan Rancangan UU tentang Perubahan atas UU Nomor 34 Tahun 2004 tentang TNI atau RUU TNI menjadi UU. Keputusan ini diambil dalam rapat paripurna yang dihadiri oleh sejumlah menteri di ruang Paripurna gedung DPR RI, Senayan, Jakarta Pusat, Kamis (20/3/2025). RUU TNI yang dibahas pemerintah bersama DPR ini mengubah beberapa pasal mengenai tugas dan kewena...",0.6420232653617859
Bagaimana proses pembentukan perwira di TNI menurut UU No. 34 Tahun 2004?,"1. Inti Jawaban:
- Perwira TNI dibentuk melalui dua jalur utama: pendidikan pertama perwira dari masyarakat (melalui Akademi TNI atau Sekolah Perwira) dan pendidikan pembentukan perwira dari prajurit golongan bintara.
- Implikasi praktisnya adalah adanya standarisasi pendidikan untuk menjamin kualitas perwira TNI.

2. Rincian Analisis:
a. Isu Pokok: Proses rekrutmen dan pendidikan perwira TNI.
b. Aturan & Unsur: Berdasarkan Pasal 30 ayat (1) UU No. 34 Tahun 2004, pendidikan perwira terdiri dari:
   - Pendidikan pertama perwira (masukan dari Sekolah Lanjutan Tingkat Atas atau Perguruan Tinggi).
   - Pendidikan pembentukan perwira bagi bintara.
c. Penerapan: Sistem ini memastikan perwira TNI memiliki dasar pendidikan yang kuat, baik dari masyarakat maupun dari dalam institusi TNI sendiri.

3. Disclaimer: Penjelasan ini berdasarkan UU No. 34 Tahun 2004 dan tidak mencakup perubahan atau peraturan turunan terkini.","1. Inti Jawaban:
    - Proses pembentukan perwira di TNI dilakukan melalui pendidikan pertama perwira bagi yang berasal langsung dari masyarakat.
    - Implikasi praktisnya adalah bahwa calon perwira harus menjalani pendidikan formal di Akademi TNI.
2. Rincian Analisis:
    a. Isu Pokok: Prosedur pembentukan perwira.
    b. Aturan & Unsur: Pasal 30 ayat (1) huruf a menyatakan bahwa perwira dibentuk melalui pendidikan pertama perwira bagi yang berasal langsung dari masyarakat.
    c. Penerapan: Calon perwira harus mengikuti pendidikan di Akademi TNI untuk menjadi perwira resmi.
3. Disclaimer: Informasi ini bersifat informatif dan tidak menggantikan konsultasi hukum resmi.","[academic_draft] 22 C. UU Nomor 34 Tahun 2004 tentang TNI UU Nomor 34 Tahun 2004 tentang TNI (UU TNI) saat ini telah berlaku lebih kurang 20 (dua puluh) tahun. Tentu selama berlaku, ada beberapa ketentuan atau materi muatan yang sudah tidak sesuai dengan dinamika dan perkembangan yang ada. Salah satunya, terkait peran prajurit aktif TNI pada Kementerian/lembaga lain serta batasan usia prajurit TNI. D. Putusan Mahkamah Konstitusi UU TNI pernah diuji di Mahkamah Konstitusi...

---

[web_article] . Perubahan selanjutnya terdapat di pasal 47 UU Nomor 34 Tahun 2004. Pasal ini mengatur tentang kementerian atau lembaga yang dapat diisi TNI. Dalam ayat (2) pasal tersebut, tertulis: Prajurit aktif dapat menduduki jabatan pada kantor yang membidangi koordinator bidang Politik dan Keamanan Negara, Pertahanan Negara, Sekretaris Militer Presiden, Intelijen Negara, Sandi Negara, Lembaga Ketahanan Nasional, Dewan Pertahanan Nasional, Search and Rescue (SAR) Nasional, Narkotika Nasional, dan Mahkamah...

---

[analysis_report] . Bahkan dalam konteks politik praktis peran militer di Indonesia telah diminimalkan. Dengan disahkannya Undang- Undang Nomor 34 Tahun 2004, pada konteks pengerahan dan penggunaan kekuatan militer ternyata TNI (TNI) berkedudukan di bawah Presiden. Selanjutnya, dalam hal kebijakan maupun strategi pertahanan dan dukungan administrasi, TNI berada di Sumber: Biro Humas Kemhan...

---

[academic_draft] . Berdasarkan hal tersebut, ada 3 (tiga) aspek yang terkait dengan masalah pertahanan negara, yaitu: keutuhan negara, kedaulatan negara, dan keselamatan negara. Ketentuan mengenai TNI lebih lanjut diatur dalam UU Nomor 34 Tahun 2004 tentang TNI (UU TNI). Sebelum dibentuk UU TNI, ketentuan mengenai TNI diatur dalam Ketetapan MPR Nomor VI/MPR/2000 tentang Pemisahan TNI dan Kepolisian Negara Republik Indonesia, dan Ketetapan MPR...

---

[legal_request] . (3) TNI terdiri atas Angkatan Darat, Angkatan Laut dan Angkatan Udara sebagai alat negara bertugas mempertahankan, melindungi Kemudian Pasal 3 ayat (1) UU No. 3 Tahun 2002 Tentang Pertahanan Negara, mengatur: Pertahanan negara disusun berdasarkan prinsip demokrasi, hak asasi manusia, kesejahteraan umum, lingkungan hidup, ketentuan hukum nasional, hukum internasional dan kebiasaan internasional, serta prinsip hidup berdampingan secara damai. UU No. 3 Tahun 2025 menyangkut usaha pertahanan dan k...

---

[undang_undang] Pasal 30 Isi: (1) Perwira dibentuk melalui: a. pendidikan pertama perwira bagi yang berasal langsung dari masyarakat: 1. Akademi TNI, dengan masukan dari Sekolah Lanjutan Tingkat Atas; dan 2. Sekolah Perwira, dengan masukan dari Sekolah Lanjutan Tingkat Atas atau Perguruan Tinggi. b. pendidikan pembentukan perwira yang berasal dari prajurit golongan bintara. (2) Pendidikan perwira sebagaimana dimaksud pada ayat (1) diatur lebih lanjut dengan keputusan Panglima....",0.6453507542610168
Bagaimana mekanisme pemberhentian Kepala Staf Angkatan menurut UU ini?,1. Inti Jawaban: Pemberhentian dilakukan oleh Presiden atas usul Panglima dengan tata cara tertentu. Implikasi praktisnya adalah perlindungan terhadap profesionalisme TNI. 2. Rincian Analisis: a. Isu Pokok: Prosedur pemberhentian pimpinan Angkatan. b. Aturan & Unsur: Pasal 14 ayat (2) dan (4) mengatur wewenang Presiden dan tata cara. c. Penerapan: Mekanisme ini menjaga stabilitas kepemimpinan TNI. 3. Disclaimer: Penjelasan ini merujuk pada UU No. 34 Tahun 2004 tanpa revisi.,"1. Inti Jawaban:
   a. Mekanisme meliputi usulan Panglima, pengangkatan/diberhentikan Presiden, dan syarat minimal Perwira Tinggi aktif.
   b. Implikasi: Proses hierarkis dengan kontrol eksternal melalui Presiden.
2. Rincian Analisis:
   a. Isu Pokok: Prosedur formal pemberhentian KSA.
   b. Aturan & Unsur: Pasal 14 ayat (2)-(4) UU No. 34/2004 mensyaratkan:
      - Usulan Panglima → Keputusan Presiden.
      - Syarat: Perwira Tinggi aktif dengan pertimbangan jenjang kepangkatan.
   c. Penerapan: Contoh: Kepala Staf Angkatan harus memiliki riwayat kepangkatan yang valid.
3. Disclaimer: Penjelasan ini bersifat umum dan tidak menggantikan konsultasi hukum resmi.","[undang_undang] Pasal 14 Isi: (1) Angkatan dipimpin oleh seor ang Kepala Staf Angkatan dan berkedudukan di bawah Panglima serta bertanggung jawab kepada Panglima. (2) Kepala Staf Angkatan diangkat dan diberhentikan oleh Presiden atas usul Panglima. (3) Kepala Staf Angkatan sebagaimana dimaksud pada ayat (2) diangkat dari Perwira Tinggi aktif dari angkatan yang bersangkutan dengan memperhatikan jenjang kepangkatan dan karier. (4) Tata cara pengangkatan dan pemberhentian Kepala Staf Angkatan sebagaimana dimaksud ...

---

[undang_undang] Pasal 45 Isi: Pengangkatan dan pemberhentian jabatan di dalam struktur TNI selain jabatan Panglima dan Kepala Staf Angkatan, diatur dengan keputusan Panglima....

---

[web_article] . Menurutnya, RUU tersebut bukan bersifat memperkuat pengawasan, tetapi justru berlomba-lomba menambah kewenangan masing-masing. Ketentuan ini membuka peluang prajurit aktif mengisi jabatan di semua kementerian atau lembaga. Hal ini sebagaimana pada masa pemberlakuan dwifungsi ABRI di era Orde Baru, katanya dalamdetikNews. Dosen Hukum Tata Negara di Fakultas Hukum Universitas Jambi, Muhammad Eriton, SH, MH, CLA, menjelaskan dwifungsi ABRI (ABRI) mengandung pengertian bahwa ABRI mengemban dua fun...

---

[undang_undang] Pasal 62 Isi: (1) Prajurit diberhentikan dengan tidak hormat karena mempunyai tabiat dan/atau perbuatan yang nyata-nyata dapat merugikan disiplin keprajuritan atau TNI. (2) Pemberhentian sebagaimana dimaksud pada ayat (1) terhadap perwira dilaksanakan setelah mempertimbangkan pendapat Dewan Kehormatan Perwira. (3) Ketentuan sebagaimana dimaksud pada ayat (1) dan (2) diatur lebih lanjut dengan Peraturan Pemerintah....

---

[undang_undang] Pasal 48 Isi: Pemberhentian sementara dari jabatan dilakukan oleh pejabat yang berwenang mengangkat dan memberhentikan dalam jabatan tersebut, berdasarkan peraturan perUUan. Bagian Kelima Kesejahteraan...",0.6656566262245178
Mengapa ada batas usia untuk tunjangan bersifat pensiun?,1. Inti Jawaban: Batas usia memastikan manfaat diberikan pada periode produktif. Implikasi praktisnya adalah alokasi sumber daya efektif. 2. Rincian Analisis: a. Isu Pokok: Rasionalisasi batas usia. b. Aturan & Unsur: Pasal 51 ayat (2) huruf b angka 2 UU No. 34 Tahun 2004 mensyaratkan batas usia untuk dinas 10-15 tahun. c. Penerapan: Mencegah beban jangka panjang. 3. Disclaimer: Batas usia spesifik diatur PP.,"Berdasarkan Pasal 43 ayat (2) UU No. 34 Tahun 2004, batas usia pensiun adalah untuk menjaga efisiensi pengelolaan anggaran negara. Implikasinya, ketentuan ini mencerminkan kebijakan nasional dalam manajemen SDM militer.","[web_article] . Dalam Pasal 53 RUU TNI mengubah batas usia pensiun prajurit. Ketentuan ini diatur dalam ayat (2) dengan batas usia pensiun yang variatif berdasarkan pangkat dan jabatan. Khusus untuk perwira tinggi bintang 4, batas usia pensiun maksimal 63 tahun dan dapat diperpanjang maksimal 2 kali atau 2 tahun sesuai dengan kebutuhan yang ditetapkan dengan Keputusan Presiden. Isi: nan...

---

[academic_draft] . Di dalam Putusan Mahkamah Konstitusi Nomor 6/PUU-XIV/2016 tersebut juga antara lain diuraikan mengenai batasan usia pensiun. Dengan demikian, hal-hal yang terkait dengan batasan usia pensiun dapat dipahami sebagai kebijakan hukum terbuka (open legal policy) yang ditentukan oleh para pembentuk UU. B. Identifikasi Masalah Dalam rangka memberikan landasan dalam menyusun Rancangan UU Perubahan atas UU Nomor 34 Tahun 2004 tentang Tengara Nasional Indonesia, maka dirumuskan identifikasi masalah yakn...

---

[web_article] . Ia menyebut perubahan usia pensiun berkaitan erat dengan keuangan negara. SCROLL TO CONTINUE WITH CONTENT Begini, kalau kita mau mengerjakan UU, itu harus saksama, mulai konsep ini kan kalau usia pensiun itu berkaitan dengan keuangan negara, ungkapnya. Menteri Pertahanan (Menhan) Sjafrie Sjamsoeddin sebelumnya berharap pembahasan revisi UU TNI selesai pada bulan Ramadan ini. Sjafrie turut membeberkan poin-poin dari usulan pasal yang akan direvisi. Ada tiga pasal utama yang akan direvisi, yaitu...

---

[academic_draft] . Di dalam Putusan Mahkamah Konstitusi Nomor 6/PUU-XIV/2016 tersebut juga antara lain diuraikan mengenai batasan usia pensiun. Dengan demikian,...",0.7808552980422974
Siapa yang bertanggung jawab mengatur pelaksanaan pendidikan prajurit?,1. Inti Jawaban: Panglima TNI bertanggung jawab mengatur pelaksanaan pendidikan prajurit. Implikasi praktisnya adalah adanya otoritas tunggal yang memastikan standar pendidikan. 2. Rincian Analisis: a. Isu Pokok: Otoritas pengatur pendidikan prajurit. b. Aturan & Unsur: Pasal 29 ayat (2) UU No. 34 Tahun 2004 memberikan kewenangan kepada Panglima. c. Penerapan: Keputusan Panglima menjadi acuan dalam pelaksanaan pendidikan untuk menjaga konsistensi dan kualitas. 3. Disclaimer: Informasi ini merujuk pada UU No. 34 Tahun 2004 tanpa mempertimbangkan perubahan atau peraturan lain.,1. Inti Jawaban: Panglima TNI bertanggung jawab mengatur pelaksanaan pendidikan prajurit. 2. Rincian Analisis: a. Isu Pokok: Subyek hukum yang mengatur pendidikan prajurit. b. Aturan & Unsur: Pasal 29 ayat (2) menyatakan bahwa pelaksanaan pendidikan diatur lebih lanjut dengan keputusan Panglima. c. Penerapan: Keputusan Panglima menjadi acuan operasional bagi institusi pendidikan TNI. 3. Disclaimer: Jawaban ini merujuk pada UU No. 34 Tahun 2004 tentang TNI.,"[undang_undang] Pasal 29 Isi: (1) Pendidikan untuk pengangk atan prajurit terdiri atas pendidikan perwira, bintara, dan tamtama. (2) Pelaksanaan pendidikan sebagaimana dimaksud pada ayat (1) diatur lebih lanjut dengan keputusan Panglima....

---

[undang_undang] Pasal 27 Isi: (1) Setiap prajurit diberi pangkat sebagai keabsahan wewenang dan tanggung jawab hierarki keprajuritan. (2) Pangkat menurut sifatnya dibedakan sebagai berikut: a. pangkat efektif diberikan kepada prajurit selama menjalani dinas keprajuritan dan membawa akibat administrasi penuh; b. pangkat lokal diberikan untuk sementara kepada prajurit yang menjalankan tugas dan jabatan khusus yang sifatnya sementara, serta memerlukan pangkat yang lebih tinggi dari pangkat yang disandangnya, guna ...

---

[web_article] . Pasalnya, dalam pendidikan formal sudah ada pos-pos pekerjaan yang tidak dimungkinkan melalui UU TNI yang baru, untuk dapat ditempati seorang prajurit. Namun, ada pengaruh secara tidak langsung lantaran jabatan-jabatan yang semestinya dapat diisi alumni-alumni pendidikan sipil. Jabatan-jabatan sipil dapat diisi begitu saja oleh tentara aktif atau militer aktif yang dididik dari pendidikan militer. Nah, tapi yang secara tidak langsung ini juga akan berpengaruh. Kenapa? Karena jabatan-jabatan ya...

---

[analysis_report] . Khusus dalam tugas OMSP, berbagai tugas telah dilakukan oleh prajurit TNI dengan sangat baik, bahkan melebihi panggilan tugasnya. Setiap prajurit dituntut mengedepankan tugas dan kepentingan masyarakat di atas kepentingan pribadi. Sekecil apapun sikap dan tindakan primitif akan mengganggu bahkan merusak jati diri TNI, sebagai tentara rakyat, tentara pejuang, tentara nasional dan tentara profesional. Prestasi dan kinerja optimal TNI yang telah mendapatkan penilaian positif dari masyarakat diper...

---

[undang_undang] Pasal 41 Isi: (1) Setiap prajurit memperoleh kesempatan untuk mengembangkan kemampuannya melalui pendidikan dan penugasan, dengan mempertimbangkan kepentingan TNI serta memenuhi persyaratan yang ditentukan. (2) Ketentuan sebagaimana dimaksud pada ayat (1) diatur dengan keputusan Panglima....

---

[undang_undang] Pasal 37 Isi: (1) Prajurit berkewajiban menjunjung tinggi kepercayaan yang diberikan oleh bangsa dan negara untuk melakukan usaha pembelaan negara sebagaimana termuat dalam Sumpah Prajurit (2) Untuk keamanan negara, setiap prajurit yang telah berakhir menjalani dinas keprajuritan atau prajurit siswa yang karena suatu hal tidak dilantik menjadi prajurit, wajib memegang teguh rahasia tentara walaupun yang bersangkutan diberhentikan dengan hormat atau dengan tidak hormat....",0.7502678036689758
Bagaimana status hukum seorang prajurit yang belum mengucapkan Sumpah Prajurit berdasarkan Pasal 34 UU No. 34 Tahun 2004?,"1. Inti Jawaban:
   - Statusnya tidak sah sebagai prajurit TNI.
   - Implikasi praktisnya adalah ketiadaan pengakuan resmi.

2. Rincian Analisis:
   a. Isu Pokok: Keabsahan status prajurit.
   b. Aturan & Unsur: Pasal 34 ayat (1) UU No. 34 Tahun 2004 mewajibkan sumpah.
   c. Penerapan: Tanpa sumpah, tidak ada pelantikan yang sah.

3. Disclaimer: Penjelasan ini berdasarkan UU No. 34 Tahun 2004 tanpa mempertimbangkan pengecualian.","1. Inti Jawaban:
   - Prajurit yang belum mengucapkan Sumpah Prajurit tidak memiliki status resmi sebagai prajurit.
2. Rincian Analisis:
   a. Isu Pokok: Status prajurit tanpa sumpah.
   b. Aturan & Unsur: Pasal 34 ayat (1) menyatakan pelantikan prajurit harus melalui sumpah. Tanpa sumpah, individu tersebut tidak sah secara hukum sebagai prajurit.
   c. Penerapan: Individu ini tidak dapat melakukan tugas militer dan tidak mendapatkan manfaat prajurit.
3. Disclaimer: Penafsiran ini berdasarkan teks UU tanpa mempertimbangkan konteks spesifik.","[undang_undang] Pasal 25 Isi: (1) Prajurit adalah insan prajurit yang: a. beriman dan bertakwa kepada Tuhan Yang Maha Esa; b. setia kepada Negara Kesatuan Republik Indonesia yang berdasarkan Pancasila dan UU Dasar Negara Republik Indonesia Tahun 1945; c. bermoral dan tunduk pada hukum serta peraturan perUUan; d. berdisiplin serta taat kepada atasan; dan e. bertanggung jawab dan melaksanakan kewajibannya sebagai tentara. (2) Prajurit sebagaimana dimaksud pada ayat (1), diwajibkan mengucapkan Sumpah Prajurit. Pen...

---

[undang_undang] Pasal 35 Isi: Sumpah Prajurit adalah sebagai berikut: Demi Allah saya bersumpah/berjanji: bahwa saya akan setia kepada Negara Kesatuan Republik Indonesia yang berdasarkan Pancasila dan UU Dasar Negara Republik Indonesia Tahun 1945; bahwa saya akan tunduk kepada hukum dan memegang teguh disiplin keprajuritan; bahwa saya akan taat kepada atasan dengan tidak membantah perintah atau putusan bahwa saya akan menjalankan segala kewajiban dengan penuh rasa tanggung jawab kepada tentara dan Negara Republ...

---

[undang_undang] Pasal 34 Isi: (1) Pelantikan menjadi prajurit dilaksanakan dengan mengucapkan Sumpah Prajurit. (2) Pelantikan menjadi prajurit golongan perwira selain mengucapkan Sumpah Prajurit juga mengucapkan Sumpah Perwira. (3) Ketentuan mengenai tata ca ra pelantikan dan pengambilan sumpah sebagaimana dimaksud pada ayat (1) dan ayat (2), diatur lebih lanjut dengan keputusan Panglima....

---

[undang_undang] Pasal 58 Isi: (1) Prajurit yang dalam melaksanakan tugas tidak kembali bergabung dengan kesatuannya sebagai akibat dari atau diduga diakibatkan oleh tindakan musuh atau di luar kekuasaannya, dinyatakan hilang dalam tugas, wajib terus dicari. (2) Prajurit sebagaimana dimaksud pada ayat (1) apabila setelah 1 (satu) tahun tidak ada kepastian atas dirinya, diberhentikan dengan hormat dan kepada ahli warisnya diberikan hak sebagaimana hak prajurit yang gugur sesuai dengan peraturan perUUan. (3) Praju...

---

[undang_undang] Pasal 37 Isi: (1) Prajurit berkewajiban menjunjung tinggi kepercayaan yang diberikan oleh bangsa dan negara untuk melakukan usaha pembelaan negara sebagaimana termuat dalam Sumpah Prajurit (2) Untuk keamanan negara, setiap prajurit yang telah berakhir menjalani dinas keprajuritan atau prajurit siswa yang karena suatu hal tidak dilantik menjadi prajurit, wajib memegang teguh rahasia tentara walaupun yang bersangkutan diberhentikan dengan hormat atau dengan tidak hormat....

---

[undang_undang] Pasal 28 Isi: (1) Persyaratan umum untuk menjadi prajurit adalah: a. warga negara Indonesia; b. beriman dan bertakwa kepada Tuhan Yang Maha Esa; c. setia kepada Negara Kesatuan Republik Indonesia yang berdasarkan Pancasila dan UU Dasar Negara Republik Indonesia Tahun 1945; d. pada saat dilantik menjadi prajurit berumur paling rendah 18 tahun; e. tidak memiliki catatan krim inalitas yang dikeluarkan secara tertulis oleh Kepolisian Negara Republik Indonesia; f. sehat jasmani dan rohani; g. tidak s...",0.6229562759399414
Apa tugas utama Angkatan Laut menurut Pasal 9 UU No. 34 Tahun 2004?,"1. Inti Jawaban:
- Tugas utama Angkatan Laut meliputi: pertahanan matra laut, penegakan hukum di wilayah laut, diplomasi Angkatan Laut, pengembangan kekuatan matra laut, dan pemberdayaan wilayah pertahanan laut.
- Implikasi praktis: TNI AL berperan sebagai penjaga kedaulatan dan keamanan laut nasional.

2. Rincian Analisis:
a. Isu Pokok: Kewenangan dan tanggung jawab TNI AL dalam operasi laut.
b. Aturan & Unsur: Pasal 9 ayat (1) huruf a-e UU No. 34 Tahun 2004 (hasil revisi) mengatur tugas TNI AL, termasuk penegakan hukum (constabulary function) dan diplomasi naval.
c. Penerapan: TNI AL menjalankan operasi patroli, penegakan hukum terbatas (pengejaran, penangkapan), dan mendukung kebijakan luar negeri melalui diplomasi kapal perang.

3. Disclaimer: Penjelasan ini bersifat umum dan tidak menggantikan konsultasi hukum resmi.","1. Inti Jawaban: Tugas utama Angkatan Laut mencakup pertahanan, penegakan hukum laut, diplomasi, pembangunan matra laut, dan pemberdayaan wilayah laut. Implikasi: TNI AL harus memprioritaskan misi pertahanan sambil menjaga hubungan diplomatik. 2. Rincian Analisis: a. Isu Pokok: Ruang lingkup fungsi TNI AL. b. Aturan & Unsur: Pasal 9 ayat (1) huruf a-e merinci tugas. c. Penerapan: Contoh: Operasi anti-pencurian ikan di zona ekonomi eksklusif. 3. Disclaimer: Interpretasi dapat berkembang.","[web_article] . Peserta sidang menjawab setuju dan dengan demikian, UU yang mengatur perubahan UU Nomor 34 Tahun 2004 sah. Apa saja yang berubah dalam UU tersebut? Simak penjelasannya di bawah ini, yuk! DilihatdetikJogjadari dokumen UU Republik Indonesia Nomor 34 Tahun 2004 tentang TNI, tugas pokok TNI dibedakan menjadi 2 dalam pasal 7 ayat (2), yakni operasi militer untuk perang dan operasi militer selain perang. Untuk operasi militer selain perang, tugas TNI dirinci sebanyak 14 poin sebagaimana tertera dala...

---

[undang_undang] Pasal 9 Isi: Angkatan Laut bertugas: a. melaksanakan tugas TNI matra laut di bidang pertahanan; b. menegakkan hukum dan menjaga keamanan di wilayah laut yurisdiksi nasional sesuai dengan ketentuan hukum nasional dan hukum internasional yang telah diratifikasi; c. melaksanakan tugas diplomasi Angkatan Laut dalam rangka mendukung kebijakan politik luar negeri yang ditetapkan oleh pemerintah; d. melaksanakan tugas TNI dalam pembangunan dan pengembangan kekuatan matra laut; serta e. melaksanakan pem...

---

[web_article] . Untuk operasi militer selain perang, tugas TNI dirinci sebanyak 14 poin sebagaimana tertera dalam huruf b ayat (2) pasal 7. Keempat belas tugas tersebut adalah: Nah, dalam RUU TNI yang kemarin disahkan, terdapat dua tugas tambahan, yakni: Di samping itu, terdapat satu ayat tambahan untuk pasal 7 yang bunyinya: Pelaksanaan operasi militer selain perang sebagaimana dimaksud pada ayat (2) huruf b diatur lebih lanjut dengan Peraturan Pemerintah atau Peraturan Presiden, kecuali untuk ayat (2) huruf...

---

[undang_undang] Pasal 16 Isi: Tugas dan kewajiban Kepala Staf Angkatan adalah: 1. memimpin Angkatan dalam pembinaan kekuatan dan kesiapan operasional Angkatan; 2. membantu Panglima dalam menyusun kebijakan tentang pengembangan postur, doktrin, dan strategi serta operasi militer sesuai dengan matra masing-masing 3. membantu Panglima dalam penggunaan komponen pertahanan negara sesuai dengan kebutuhan Angkatan; serta 4. melaksanakan tugas lain sesuai dengan matra masing- masing yang diberikan oleh Panglima....",0.6528395414352417
Apakah Presiden wajib mengusulkan calon pengganti jika DPR menolak?,"1. Inti Jawaban:
- Ya, Presiden wajib mengusulkan calon lain.
- Implikasi praktis: Proses seleksi berlanjut hingga ada persetujuan.

2. Rincian Analisis:
a. Isu Pokok: Kewajiban Presiden setelah penolakan.
b. Aturan & Unsur: Pasal 13 ayat (7) mewajibkan usulan calon pengganti.
c. Penerapan: Tidak ada batasan jumlah calon yang bisa diajukan.

3. Disclaimer: Presiden memiliki diskresi dalam memilih calon berikutnya.",(a) Tidak secara eksplisit diatur dalam Pasal 78 ayat (4) huruf d. (b) Implikasinya adalah DPR memiliki otonomi legislatif.,"[web_article] . Sjafrie mengatakan, Prabowo tidak memberikan pesan khusus kepada Kemhan terkait pembahasan dan pengesahan revisi UU TNI. Dia mengatakan Prabowo selaku Presiden tetap akan mengikuti peraturan yang berlaku. SCROLL TO CONTINUE WITH CONTENT Penekanan Presiden ikuti peraturan yang berlaku. Sekarang kan sudah, ujarnya. Sjafrie juga menegaskan pengesahan revisi UU TNI ini tidak akan mengembalikan TNI ke zaman Orde Baru, seperti di kepemimpinan Presiden ke-2 RI Soeharto. Dia juga membantah pembahasan ...

---

[web_article] . Sjafrie menekankan tidak ada intervensi Presiden Prabowo Subianto dalam revisi UU TNI. Itu semuanya adalah hasil kesepakatan pemerintah dengan DPR. Tidak ada permintaan Presiden, kata Sjafrie di gedung MPR/DPR/DPD, Jakarta Pusat, Kamis (20/3). Dia mengatakan Prabowo tidak memberi pesan khusus kepada Kemhan terkait pembahasan maupun pengesahan revisi UU TNI. Dia menegaskan Prabowo mengikuti aturan yang berlaku. Selain itu, dia memastikan pengesahan revisi UU TNI ini tak akan mengembalikan TNI k...

---

[web_article] . Kami akan terus bergerak dan mendorong Presiden Prabowo untuk melakukan Peraturan Pemerintah Pengganti UU. Yang nantinya kami berharap perppu ini membatalkan hasil paripurna pada pagi hari ini, kata Presiden Mahasiswa Universitas Trisakti, Faiz Nabawi Mulya, kepada wartawan di gedung DPR RI, Senayan, Jakarta Pusat, Kamis (20/3/2025), dilansirdetikNews. Faiz menilai Undang-undang TNI ini justru menyampingkan konsepsi supremasi sipil. Dia menerangkan UU TNI malah menimbulkan perluasan militer da...",0.5661383867263794
Apa dasar hukum integrasi tiga angkatan dalam satu komando TNI?,"1. Inti Jawaban:
   - Pasal 4 ayat (1) UU No. 34 Tahun 2004.
   - Implikasi praktis: Penyatuan visi pertahanan nasional.

2. Rincian Analisis:
   a. Isu Pokok: Landasan integrasi angkatan.
   b. Aturan & Unsur: Pasal 4 ayat (1) menyatakan TNI sebagai satu kesatuan.
   c. Penerapan: Menghilangkan ego sektoral untuk kepentingan nasional.

3. Disclaimer: Tidak membahas UU lain yang terkait.",A. Inti Jawaban: Dasar hukumnya adalah Pasal 7 ayat (1) UU No. 3 Tahun 2002 tentang Pertahanan Negara. B. Rincian Analisis: 1. Isu Pokok: Legalitas struktur TNI. 2. Aturan & Unsur: Pasal 7 ayat (1) menyatakan TNI terdiri dari tiga matra. 3. Penerapan: Ini menjadi landasan hukum formal bagi integrasi.,"[undang_undang] Pasal 8 Isi: Angkatan Darat bertugas: a. melaksanakan tugas TNI matra darat di bidang pertahanan; b. melaksanakan tugas TNI dalam menjaga keamanan wilayah perbatasan darat dengan negara lain; c. melaksanakan tugas TNI dalam pembangunan dan pengembangan kekuatan matra darat; serta d. melaksanakan pemberdayaan wilayah pertahanan di darat. Penjelasan: Huruf a Cukup jelas. Huruf b Yang dimaksud dengan menjaga keamanan wilayah perbatasan darat adalah segala upaya, pekerjaan, dan kegiatan untuk menjam...

---

[legal_request] . (3) TNI terdiri atas Angkatan Darat, Angkatan Laut dan Angkatan Udara sebagai alat negara bertugas mempertahankan, melindungi Kemudian Pasal 3 ayat (1) UU No. 3 Tahun 2002 Tentang Pertahanan Negara, mengatur: Pertahanan negara disusun berdasarkan prinsip demokrasi, hak asasi manusia, kesejahteraan umum, lingkungan hidup, ketentuan hukum nasional, hukum internasional dan kebiasaan internasional, serta prinsip hidup berdampingan secara damai. UU No. 3 Tahun 2025 menyangkut usaha pertahanan dan k...

---

[web_article] . Kami nggak mau kembali ke zaman orba, jelasnya. SCROLL TO CONTINUE WITH CONTENT Pihaknya lalu menunjukkan tuntutan massa. Ada 8 poin dan sudah disiarkan dengan poster aksi. 1. Tolak revisi UU TNI yang sekarang2. Tolak fungsi TNI dalam ranah sipil3. Tolak fungsi TNI dalam operasi militer selain perang, terutama dalam ranah siber4. Bubarkan komando teritorial5. Tarik militer dari semua tanah Papua6. Revisi UU Peradilan Militer7. Kembalikan TNI ke barak8. Copot TNI dari jabatan-jabatan sipil Apa ...

---

[undang_undang] Pasal 3 Isi: (1) Dalam pengerahan dan penggu naan kekuatan militer, TNI berkedudukan di bawah Presiden. (2) Dalam kebijakan dan strategi pertahanan serta dukungan administrasi, TNI di bawah koordinasi Departemen Pertahanan. Penjelasan: Ayat (1) Yang dimaksud berkedudukan di bawah Presiden adalah bahwa keberadaan TNI di bawah kekuasaan Presiden. Ayat (2) Yang dimaksud dengan di bawah koordinasi Departemen Pertahanan adalah segala sesuatu yang berkaitan dengan perencanaan strategis yang meliputi a...",0.7330366373062134
Apakah pendidikan Tamtama bisa diikuti oleh anggota masyarakat umum?,"1. Inti Jawaban:
- Ya, pendidikan Tamtama terbuka untuk masyarakat umum.
- Implikasi praktisnya adalah masyarakat yang memenuhi syarat dapat mendaftar menjadi Tamtama.

2. Rincian Analisis:
a. Isu Pokok: Akses masyarakat terhadap pendidikan Tamtama.
b. Aturan & Unsur: Pasal 32 ayat (1) UU No. 34 Tahun 2004 menyebutkan bahwa Tamtama dibentuk melalui pendidikan pertama yang langsung dari masyarakat.
c. Penerapan: Masyarakat yang memenuhi persyaratan usia, kesehatan, dan lainnya dapat mendaftar sebagai calon Tamtama.

3. Disclaimer: Persyaratan detail dapat berbeda tergantung kebijakan TNI.","(a) Inti Jawaban: Ya, pendidikan Tamtama terbuka untuk warga Negara Indonesia yang memenuhi syarat. (b) Rincian: Pasal 32 ayat (1) UU No. 34/2004 mensyaratkan pendidikan Tamtama harus melalui seleksi dan kompetisi. (c) Disclaimer: Proses masuk harus sesuai regulasi resmi.","[web_article] . FGD itu bertema Peran Aktif Serta Kolaborasi Mahasiswa dan TNI dalam Memajukan Kesejahteraan Masyarakat. Kami menjelaskan tentang hal-hal yang perlu diketahui oleh mahasiswa, salah satunya adalah tentang revisi UU TNI yang sudah disahkan oleh DPR RI. Jadi, kita jelaskan apa esensi dari revisi UU TNI yang hari ini menjadi polemik, dan beberapa silang pendapat di masyarakat, kata Rio. SCROLL TO CONTINUE WITH CONTENT Rio menjelaskan bahwa pasal-pasal yang direvisi dalam UU TNI itu merupakan hal-h...

---

[undang_undang] Pasal 32 Isi: (1) Tamtama dibentuk melalui pendidikan pertama tamtama yang langsung dari masyarakat. (2) Pendidikan tamtama sebagaimana dimaksud pada ayat (1) diatur lebih lanjut dengan keputusan Panglima....

---

[web_article] . Meski demikian, Aan menegaskan sipil hanya menjalankan fungsi supporting administrative di instansi militer. Aan menilai, orang bisa cenderung menempuh pendidikan militer, bahkan mulai dari SMA. Sehingga, sudah akan cenderung ke SMA yang memang diselenggarakan Kementerian Pertahanan. Ia menyebut, sekolah-sekolah kedinasan militer bisa jadi akan menjadi sandaran masyarakat luas. Nah, sementara pendidikan-pendidikan bagi pendidikan biasa yang di luar kedinasan ketentaraan, ini ya perkembangannya...

---

[analysis_report] . Mulai dari yang paling dasar yaitu pendidikan umum (Sekolah Menengah Atas / SMA unggulan) yang berada di bawah pembinaan Kementerian Pertahanan (Kemhan) dan TNI (SMA Taruna Nusantara, SMA Taruna Nala, dan SMA Pradhita Dirgantara), hingga tingkat sarjana melalui pengadaan Perwira Prajurit Karir selain itu Sarjana Teknik Elektro, Informatika dari ITS, ITB dan Universitas lainnya. Selain itu pada tingkat selanjutnya yaitu melalui pemberian Program Beasiswa jenjang S2 dan S3 secara linier. Kedua, ...",0.45230311155319214
Bagaimana status prajurit dengan cacat sedang menurut UU TNI?,"1. Inti Jawaban:
- Cacat sedang membuat prajurit tidak bisa bertugas di TNI tetapi masih produktif di sektor sipil.
- Implikasi: Mereka berhak mendapat rehabilitasi dan pelatihan transisi.

2. Rincian Analisis:
a. Isu Pokok: Dampak kecacatan sedang pada dinas keprajuritan.
b. Aturan & Unsur:
- Unsur: Ketidakmampuan dinas militer + kemampuan berkarya di luar (Pasal 57 penjelasan).
c. Penerapan: Contoh: Kehilangan satu anggota tubuh tetapi masih bisa bekerja di bidang non-tempur.

3. Disclaimer: Implementasi tergantung kebijakan TNI dan PP terkait.","1. Inti Jawaban:
    - Status prajurit dengan cacat sedang tetap dapat berkarya di luar dinas keprajuritan.
2. Rincian Analisis:
    a. Isu Pokok: Perlindungan hukum bagi prajurit dengan cacat sedang.
    b. Aturan & Unsur: Cacat sedang mengakibatkan prajurit tidak mampu lagi menjalani dinas keprajuritan, tetapi masih mampu berkarya di luar lingkungan TNI.
    c. Penerapan: Prajurit dengan cacat sedang dapat ditempatkan di instansi lain seperti lembaga publik atau swasta.
3. Disclaimer: Interpretasi ini bersifat umum dan tidak menggantikan konsultasi hukum resmi.","[undang_undang] Pasal 57 Isi: Hak prajurit yang menyandang cacat berat, cacat sedang, atau cacat ringan yang diakibatkan karena tugas operasi militer, atau bukan tugas operasi militer selama dalam dinas keprajuritan, diatur dengan Peraturan Pemerintah. Penjelasan: Yang dimaksud cacat berat adalah cacat jasmani dan/atau rohani yang mengakibatkan prajurit tidak mampu sama sekali untuk melakukan pekerjaan atau kegiatan apapun sehingga menjadi beban orang lain. Yang dimaksud cacat sedang adalah cacat jasmani dan/at...

---

[academic_draft] 9 perbatasan, kejaksaan agung, serta kementerian/lembaga lain sesuai dengan kebijakan Presiden. Kebutuhan penempatan prajurit aktif TNI pada kementerian/lembaga lain dalam perkembangannya terus bertambah. TNI memiliki banyak sumber daya manusianya sedangkan kementerian/lembaga justru mempunyai keterbatasan sumber daya manusianya. Kondisi ini harus diatasi agar penyelenggaraan pemerintahan berjalan dengan baik. Untuk itu, perubahan Pasal 47 ayat (2) UU TNI merupakan suatu keniscayaan. Berkaitan d...

---

[web_article] . Dua, memperjelas batasan dan mekanisme pelibatan TNI dalam tugas nonmiliter, ujar Sjafrie. Tiga, meningkatkan kesejahteraan prajurit serta jaminan sosial bagi prajurit. Empat, menyesuaikan ketentuan terkait kepemimpinan jenjang karir dan usia pensiun sesuai dengan kebutuhan organisasi, tambahnya. Lihat juga Video: Anggota DPR Pertanyakan Usulan Usia Pensiun TNI Jabatan Fungsional 65 Tahun [Gambas:Video 20detik] Isi: nan...

---

[academic_draft] . Penempatan prajurit aktif TNI pada kementerian/lembaga negara dalam praktiknya tidak sebatas kementerian/lembaga negara yang tercantum dalam Pasal 47 ayat (2) UU TNI saja. Seiring dengan adanya kebutuhan sumber daya manusia yang menguasai keahlian di bidang tertentu, saat ini beberapa prajurit aktif TNI dapat juga diperbantukan pada kementerian/lembaga lain yang membutuhkan keahliannya. Sebut saja antara lain misalkan pada: kementerian kelautan dan perikanan, staf kepresidenan, badan nasional ...

---

[undang_undang] Pasal 44 Isi: (1) Prajurit yang mendapat tugas dengan pertaruhan jiwa raga secara langsung dan berjasa melampaui panggilan tugas dapat dianugerahi kenaikan pangkat luar biasa. (2) Ketentuan sebagaimana dimaksud pada ayat (1) diatur dengan Peraturan Pemerintah. Penjelasan: Ayat (1) Yang dimaksud dengan melampaui panggilan tugas adalah bahwa seseorang prajurit TNI tanpa memperdulikan keselamatan jiwanya melakukan tindakan kepahlawanan dalam suatu tugas demi bangsa dan negara, walaupun tindakan itu...",0.7319732904434204
Siapa yang berhak menerima kenaikan pangkat luar biasa menurut Pasal 44 UU TNI?,"1. Inti Jawaban: Prajurit TNI (terutama tamtama dan bintara) yang melakukan tindakan heroik dengan risiko jiwa raga berhak menerima kenaikan pangkat luar biasa. Implikasinya, penghargaan ini lebih difokuskan pada pangkat rendah. 2. Rincian Analisis: a. Isu Pokok: Subjek penerima kenaikan pangkat luar biasa. b. Aturan & Unsur: Pasal 44 ayat (1) menyebut 'prajurit' dan penjelasannya menekankan tamtama/bintara. c. Penerapan: Prajurit yang gugur dalam aksi heroik juga bisa dapat anumerta. 3. Disclaimer: Perwira tidak dilarang menerima, tetapi prioritas untuk tamtama/bintara.",1. Inti Jawaban: Kenaikan pangkat luar biasa dapat diberikan kepada prajurit TNI yang melampaui panggilan tugas.2. Rincian Analisis: a. Isu Pokok: Subyek penerima kenaikan pangkat luar biasa. b. Aturan & Unsur: Pasal 44 ayat (1) UU No. 34/2004 mensyaratkan prajurit harus melampaui panggilan tugas. c. Penerapan: Status sebagai prajurit TNI menjadi syarat utama.3. Disclaimer: Informasi ini bersifat umum dan tidak menggantikan konsultasi hukum resmi.,"[undang_undang] Pasal 44 Isi: (1) Prajurit yang mendapat tugas dengan pertaruhan jiwa raga secara langsung dan berjasa melampaui panggilan tugas dapat dianugerahi kenaikan pangkat luar biasa. (2) Ketentuan sebagaimana dimaksud pada ayat (1) diatur dengan Peraturan Pemerintah. Penjelasan: Ayat (1) Yang dimaksud dengan melampaui panggilan tugas adalah bahwa seseorang prajurit TNI tanpa memperdulikan keselamatan jiwanya melakukan tindakan kepahlawanan dalam suatu tugas demi bangsa dan negara, walaupun tindakan itu...

---

[undang_undang] Pasal 42 Isi: (1) Setiap prajurit memperoleh kesempatan untuk mendapat kenaikan pangkat dan/atau jabatan berdasarkan prestasinya, sesuai dengan pola karier yang berlaku dengan mempertimbangkan kepentingan TNI dan memenuhi persyaratan yang ditentukan. (2) Ketentuan sebagaimana dimaksud pada ayat (1) diatur dengan keputusan Panglima....

---

[web_article] . Pemohon mengatakan pengajuan permohonan uji materiil Pasal 47 ayat 2 UU TNI bertujuan agar pasal tersebut tidak ditafsirkan secara serampangan. Selain itu, menurutnya perlu ada batasan yang jelas dalam pasal tersebut. Hal mana berlakunya ketentuana quotelah terjadi penyalahgunaan kekuasaan oleh penguasa pemerintah. Penguasa pemerintahan negara yang saat ini menjabat dan telah mengangkat prajurit TNI pada jabatan-jabatan strategis yang hanya ditunjukkan untuk kepentingan pribadi, tanpa memperha...

---

[undang_undang] Pasal 43 Isi: (1) Kenaikan pangkat Kolonel dan Perwira Tinggi ditetapkan oleh Presiden atas usul Panglima. (2) Kenaikan pangkat selain yang dimaksud pada ayat (1) ditetapkan oleh Panglima....",0.7194312214851379
Bagaimana proses rujuk bagi prajurit TNI setelah perceraian?,"1. Inti Jawaban: Rujuk prajurit TNI dilakukan sesuai hukum agama dan peraturan Panglima TNI. Implikasi praktisnya adalah prajurit harus memenuhi syarat agama dan melapor ke institusi TNI. 2. Rincian Analisis: a. Isu Pokok: Prosedur rujuk prajurit yang sesuai hukum agama dan ketentuan TNI. b. Aturan & Unsur: Pasal 63 ayat (1) UU No. 34/2004 menyatakan rujuk mengikuti peraturan perundang-undangan, dengan teknis diatur Panglima (ayat 2). c. Penerapan: Prajurit harus memenuhi syarat rujuk menurut agama dan melaporkan ke atasan. 3. Disclaimer: Penjelasan ini bersifat informatif, bukan nasihat hukum.",1. Inti Jawaban: Proses rujuk dilakukan melalui mekanisme peradilan umum seperti perkawinan biasa. Implikasi: Prajurit tetap memenuhi prosedur hukum nasional. 2. Rincian Analisis: a. Isu Pokok: Validitas hak prajurit atas permohonan rujuk. b. Aturan & Unsur: Pasal 63 ayat (1) menyatakan bahwa rujuk diatur peraturan perUUan. c. Penerapan: Prajurit wajib mengikuti proses hukum yang berlaku untuk semua warga negara. 3. Disclaimer: Penjelasan ini bersifat informatif dan tidak menggantikan konsultasi hukum resmi.,"[undang_undang] Pasal 63 Isi: (1) Perkawinan, perceraian, dan rujuk bagi setiap prajurit dilaksanakan berdasarkan peraturan perUUan. (2) Pelaksanaan sebagaimana dimaksud pada ayat (1) diatur dengan keputusan Panglima Bagian Ketujuh Ketentuan Hukum...

---

[web_article] . Dua, memperjelas batasan dan mekanisme pelibatan TNI dalam tugas nonmiliter, ujar Sjafrie. Tiga, meningkatkan kesejahteraan prajurit serta jaminan sosial bagi prajurit. Empat, menyesuaikan ketentuan terkait kepemimpinan jenjang karir dan usia pensiun sesuai dengan kebutuhan organisasi, tambahnya. Lihat juga Video: Anggota DPR Pertanyakan Usulan Usia Pensiun TNI Jabatan Fungsional 65 Tahun [Gambas:Video 20detik] Isi: nan...

---

[web_article] . Berikut daftar kementerian/lembaga yang dapat diisi oleh prajurit TNI aktif berdasarkan revisi Pasal 47: Untuk prajurit TNI yang ingin menduduki jabatan sipil di luar 14 lembaga tersebut, mereka harus pensiun atau mengundurkan diri lebih dulu. Sebelumnya, usia pensiun prajurit bintara dan tamtama adalah 53 tahun, sedangkan perwira pensiun pada 58 tahun. Dalam revisi Pasal 53, usia pensiun dinaikkan sebagai berikut: Demikianlah rincian mengenai RUU TNI yang sudah disahkan DPR menjadi UU. Semoga...

---

[academic_draft] 26 BAB V JANGKAUAN, ARAH PENGATURAN, DAN RUANG LINGKUP MATERI MUATAN RANCANGAN UNDANG-UNDANG A. Jangkauan dan Arah Pengaturan Jangkauan dan arah pengaturan perubahan UU TNI terbatas pada peran prajurit aktif TNI pada kementerian/ lembaga lain sesuai kebutuhan institusi dimaksud dan kebijakan Presiden. Di samping itu, perubahan UU TNI juga mengatur mengenai batasan usia masa dinas bagi prajutir TNI sesuai dengan kebutuhan dan mensikronkan dengan berbagai ketentuan peraturan perUUan yang ada, baik...",0.624285101890564
Apa yang dimaksud dengan 'pertimbangan khusus untuk kepentingan dinas' dalam pemberhentian Prajurit TNI?,"1. Inti Jawaban:
- Kondisi di mana dinas perlu mengurangi prajurit karena:
  (1) Kelebihan personel akibat perubahan organisasi TNI, atau
  (2) Tidak menduduki jabatan >1 tahun karena tidak memenuhi syarat.
- Implikasi: Dapat berujung pada pensiun dini dengan hak penuh.

2. Rincian Analisis:
a. Isu Pokok: Fleksibilitas manajemen SDM TNI.
b. Aturan & Unsur: Penjelasan Pasal 55 ayat (1) huruf h mensyaratkan:
  - Unsur objektif: Reorganisasi/kelebihan personel.
  - Unsur subjektif: Ketidakmampuan administratif/jabatan.
c. Penerapan: Harus ada SK Panglima TNI dengan alasan dokumentatif.

3. Disclaimer: Tidak berlaku bagi prajurit dalam pendidikan.",A. Inti Jawaban: Pertimbangan khusus adalah alasan strategis seperti pengembangan karir atau kebutuhan operasional. B. Rincian: 1. Definisi: Alasan non-formal yang bersifat dinamis. 2. Implikasi: Fleksibilitas dalam manajemen sumber daya manusia. C. Disclaimer: Interpretasi bisa berbeda antar kasus.,"[analysis_report] 7 EDISI KHUSUS 2019 bawah koordinasi Kementerian Pertahanan Republik Indonesia (Huda, 2015: 254). Wujud nyata amanah dalam konstitusi tersebut menempatkan posisi TNI senantiasa berkiprah untuk mencegah terjadinya ancaman militer dan nir militer serta memberikan andil dalam memajukan bangsa dan negara. Pada masa damai TNI dibutuhkan atensinya sebagai kekuatan dalam membantu pemerintahan melalui berbagai macam tugas khusus atau yang dikenal dengan OMSP (OMSP). Oleh karena itu, tantangan yang dihad...

---

[web_article] . Adapun aturan di dalamnya berisi penugasan prajurit di lingkungan kejaksaan hingga bantuan personel TNI. Kemudian juga, ada nota kesepahaman TNI dengan Kejaksaan Nomor 4 Tahun 2023 yang isinya yaitu tentang pendidikan dan latihan, kemudian pertukaran informasi, kemudian penugasan prajurit TNI di lingkungan kejaksaan, ujar Agus. Kemudian dukungan kepada TNI di bidang Perdata dan TU, kemudian pemanfaatan sarana-prasarana, dan koordinasi teknis penyelidikan dan penuntutan serta penanganan perkara...

---

[web_article] . SCROLL TO CONTINUE WITH CONTENT Tampak massa aksi membagikan selebaran yang berisi tuntutan dan pernyataan sikap mereka. Sementara itu, aparat kepolisian dari Satuan Lalu Lintas berupaya mengurai kemacetan. Terdapat tiga isu yang menjadi pembahasan dalam revisi UU TNI ini. Yang pertama status dan kedudukan TNI di Pasal 3. (Kemudian) perluasan kedudukan TNI yang sebelumnya hanya dibatasi 10 lembaga/kementerian menjadi 15. Selanjutnya ada penambahan masa pensiun prajurit, kata perwakilan koalisi...

---

[undang_undang] Pasal 13 Isi: (1) TNI dipimpin oleh seorang Panglima. (2) Panglima sebagaimana dimaksud pada ayat (1) diangkat dan diberhentikan oleh Presiden setelah mendapat persetujuan Dewan Perwakilan Rakyat. (3) Pengangkatan dan pemberhentian Panglima dilakukan berdasarkan kepentingan organisasi TNI. (4) Jabatan Panglima sebagaimana dimaksud pada ayat (3) dapat dijabat secara bergantian oleh Perwira Tinggi aktif dari tiap-tiap Angkatan yang seda ng atau pernah menjabat sebagai Kepala Staf Angkatan. (5) Unt...",0.6091883182525635
Apa konsekuensi jika peraturan pelaksanaan UU TNI tidak ditetapkan dalam waktu 2 tahun?,"1. Inti Jawaban:
- Tidak ada sanksi eksplisit dalam UU, tetapi dapat menimbulkan ketidakpastian hukum.
- Implikasi praktisnya adalah potensi hambatan operasional TNI akibat tidak adanya pedoman teknis.

2. Rincian Analisis:
a. Isu Pokok: Akibat hukum dari keterlambatan penetapan peraturan pelaksanaan.
b. Aturan & Unsur:
- Pasal 75 ayat (1) UU No. 34/2004 bersifat imperatif ('harus') namun tidak mengatur sanksi.
c. Penerapan: Meski tidak ada sanksi, keterlambatan dapat dijudicial review dan berpotensi menimbulkan kekosongan hukum.

3. Disclaimer: Interpretasi konsekuensi hukum memerlukan analisis lebih mendalam.","1. Inti Jawaban:
   a. Konsekuensinya adalah UU TNI tetap berlaku sementara.
   b. Implikasi praktisnya adalah munculnya ketidakpastian hukum.
2. Rincian Analisis:
   a. Isu Pokok: Dampak negatif dari ketidakpatuhan pada Pasal 75.
   b. Aturan & Unsur: Pasal 75 ayat (1) UU TNI mensyaratkan peraturan pelaksanaan.
   c. Penerapan: Tanpa peraturan pelaksanaan, UU TNI akan menjadi tidak lengkap.
3. Disclaimer: Jawaban ini hanya sebagai informasi umum dan tidak menggantikan konsultasi hukum resmi.","[undang_undang] Pasal 75 Isi: (1) Segala peraturan pelaksanaan UU ini ditetapkan paling lambat 2 (dua) tahun sej ak berlakunya UU ini. (2) Segala penyebutan, penamaan, dan istilah yang berkaitan dengan postur, organisasi, struktur, tugas pokok, dan kewenangan TNI harus diubah atau diganti sesuai dengan UU ini paling lambat 2 (dua) tahun sejak UU ini diberlakukan....

---

[legal_request] . 414): [3.20.4] Bahwa apabila dalam tenggang waktu 2 (dua) tahun pembentuk UU tidak dapat menyelesaikan perbaikan UU 11/2020 maka demi kepastian hukum terutama untuk menghindari kekosongan hukum atas UU atau pasal-pasal atau materi muatan UU yang telah dicabut atau diubah tersebut harus dinyatakan berlaku kembali. 24. Bahwa agar tidak terjadi kekosongan hukum, mohon kepada yang mulia majelis hakim untuk menyatakan ketentuaan yang diubah atau dicabut dalam UU Nomor 3 Tahun 2025 Tentang Perubahan...

---

[legal_request] . Perencanaan dan penyusunan pembentukan UU Nomor 3 Tahun 2025 Tentang Perubahan atas UU Nomor 34 Tahun 2004 Tentang TNI (TNI), tidak sesuai dengan tata cara pembentukan peraturan perUUan, tanpa naskah akademik. 13. Bahwa dalam Pasal 43 ayat (3) UU No. 12 Tahun 2011 mengatur secara imperatif dan tegas: Rancangan UU yang berasal dari DPR, Presiden, atau DPD harus disertai Naskah Akademik. Adapun dalam Pasal 1 angka 11 UU No...

---

[legal_request] . Hal ini bisa menghambat dinamika dan modernisasi dalam tubuh TNI. Bahwa dengan memahami subtansi di atas terkait dengan jenis dan Muatan materi pembentukan UU TNI Nomor 3 Tahun 2025 Tentang Perubahan atas UU Nomor 34 Tahun 2004 jelas tidak bersesuaian dengan Pasal 28 D ayat (1) UUD 1945 yang menyatakan bahwa setiap orang berhak atas pengakuan, jaminan, perlindungan, dan kepastian hukum yang adildengan asas-asas muatan materi yang diatur dalam suatu peraturan perUUan, yang justru sebaliknya UU ...

---

[academic_draft] 22 C. UU Nomor 34 Tahun 2004 tentang TNI UU Nomor 34 Tahun 2004 tentang TNI (UU TNI) saat ini telah berlaku lebih kurang 20 (dua puluh) tahun. Tentu selama berlaku, ada beberapa ketentuan atau materi muatan yang sudah tidak sesuai dengan dinamika dan perkembangan yang ada. Salah satunya, terkait peran prajurit aktif TNI pada Kementerian/lembaga lain serta batasan usia prajurit TNI. D. Putusan Mahkamah Konstitusi UU TNI pernah diuji di Mahkamah Konstitusi...

---

[legal_request] . Namun pada faktanya UU Nomor 3 tahun 2025 tentang TNI tidak sah sebagai RUU prioritas dalam Prolegnas 2025, dikarenakan RUU TNI ini disahkan pada rapat paripurna DPR RI tanggal 18 Februari 2025 sebagai RUU prolegnas 2025. Perubahan agenda atau acara rapat tersebut tidak dilakukan melalui mekanisme sesuai Pasal 290 ayat (2) Peraturan DPR Nomor 1 Tahun 2020 tentang Tata Tertib DPR (Tatib DPR), yaitu perubahan acara rapat perlu diajukan secara tertulis dua hari sebelum acara rapat dilaksanakan...",0.7581764459609985
Kapan Undang-Undang Nomor 34 Tahun 2004 tentang TNI mulai berlaku?,"1. Inti Jawaban:
   - Undang-Undang Nomor 34 Tahun 2004 tentang TNI mulai berlaku pada tanggal diundangkan.
   - Implikasi praktisnya adalah semua ketentuan dalam UU ini harus dipatuhi dan diterapkan sejak tanggal pengundangan.

2. Rincian Analisis:
   a. Isu Pokok: Kapan UU No. 34 Tahun 2004 tentang TNI mulai berlaku.
   b. Aturan & Unsur: Berdasarkan Pasal 78 UU No. 34 Tahun 2004, UU ini berlaku sejak diundangkan. Pengundangan ini juga memerintahkan penempatannya dalam Lembaran Negara Republik Indonesia.
   c. Penerapan: Setelah diundangkan, UU ini memiliki kekuatan hukum mengikat dan wajib diikuti oleh semua pihak terkait.

3. Disclaimer: Informasi ini bersifat umum dan tidak menggantikan konsultasi hukum dengan ahli di bidangnya.","1. Inti Jawaban: UU TNI mulai berlaku sejak tanggal diundangkan, yaitu 17 Mei 2004.
2. Rincian Analisis:
    a. Isu Pokok: Waktu efektivitas UU TNI.
    b. Aturan & Unsur: Pasal 79 ayat (1) UU No. 34/2004 menyatakan bahwa UU ini berlaku setelah diundangkan.
    c. Penerapan: Efektivitas UU TNI tergantung pada tanggal resmi pengundangan oleh Presiden.
3. Disclaimer: Informasi ini merujuk pada versi UU asli tanpa perubahan.","[academic_draft] 22 C. UU Nomor 34 Tahun 2004 tentang TNI UU Nomor 34 Tahun 2004 tentang TNI (UU TNI) saat ini telah berlaku lebih kurang 20 (dua puluh) tahun. Tentu selama berlaku, ada beberapa ketentuan atau materi muatan yang sudah tidak sesuai dengan dinamika dan perkembangan yang ada. Salah satunya, terkait peran prajurit aktif TNI pada Kementerian/lembaga lain serta batasan usia prajurit TNI. D. Putusan Mahkamah Konstitusi UU TNI pernah diuji di Mahkamah Konstitusi...

---

[web_article] . Karenanya, kami bersama pemerintah menegaskan perubahan UU Nomor 34 Tahun 2004 tentang TNI tetap berlandaskan pada nilai dan prinsip demokrasi, supremasi sipil, HAM, serta memenuhi ketentuan hukum nasional dan hukum internasional yang telah disahkan, imbuhnya. Lihat juga Video: Tok! DPR Resmi Sahkan RUU TNI Jadi Undang-undang [Gambas:Video 20detik] Isi: nan...

---

[legal_request] . Pengambilan keputusan RUU revisi UU TNI yang sudah menjadi Undang- Undang Nomor 3 Tahun 2025 Tentang Perubahan atas UU Nomor 34 Tahun 2004 Tentang TNI (TNI), dilaksanakan pada Rapat Paripurna Pembukaan masa sidang DPR RI ke-13, pada 18 Februari 2025,yang dimana Para Permohonan menilai banyak kejanggalan dalam pengambilan keputusannya. Pertama, pengambilan keputusan untuk memasukkan RUU Revisi UU TNI yang sudah menjadi UU Nomor 3 Tahun 2025 Tentang Perubahan atas UU Nomor 34 Tahun 2004 Tentang ...

---

[legal_request] . Maka UU Nomor 3 Tahun 2025 Tentang Perubahan atas UU Nomor 34 Tahun 2004 Tentang TNI (TNI) diputuskan masuk dalam Prolegnas 2025 tanpa ada pertimbangan dari Badan Legislasi (Baleg) DPR (sebagaimana diatur dalam Pasal 66 huruf f Tatib DPR), yaitu mencakup pertimbangan dapat atau tidak dapatnya suatu RUU masuk ke dalam prolegnas perubahan...",0.7743428945541382
Apa isi Sumpah Prajurit menurut Pasal 35 UU No. 34 Tahun 2004 tentang TNI?,"1. Inti Jawaban: Sumpah Prajurit berisi komitmen untuk setia kepada NKRI, tunduk pada hukum, taat pada atasan, menjalankan kewajiban dengan tanggung jawab, dan menjaga rahasia tentara. Implikasi praktisnya adalah prajurit wajib mematuhi sumpah ini dalam setiap tindakan. 2. Rincian Analisis: a. Isu Pokok: Konten sumpah dan kewajiban prajurit. b. Aturan & Unsur: Pasal 35 UU TNI menyebut lima poin sumpah, termasuk kesetiaan, kepatuhan, dan kerahasiaan. c. Penerapan: Prajurit harus menaati sumpah secara mutlak, kecuali bertentangan dengan agama. 3. Disclaimer: Penjelasan ini bersifat umum dan tidak menggantikan konsultasi hukum.",A. Inti Jawaban: Isi Sumpah Prajurit dapat ditemukan dalam Pasal 35 UU TNI. B. Rincian: 1. Isu Pokok: Isi Sumpah Prajurit. 2. Aturan & Unsur: Pasal 35 UU TNI menyebutkan bahwa Sumpah Prajurit harus diucapkan saat pelantikan. 3. Penerapan: Sumpah Prajurit adalah komitmen prajurit terhadap negara. C. Disclaimer: Penjelasan ini bersifat umum.,"[web_article] Judul: Apa Isi UU TNI Terbaru? Ini Daftar Pasal yang Direvisi dan Disahkan DPR,21 Mar 2025 13:05,https://www.detik.com/jogja/berita/d-7834561/apa-isi-uu-tni-terbaru-ini-daftar-pasal-yang-direvisi-dan-disahkan-dpr,Dewan Perwakilan Rakyat (DPR) resmi mengesahkan Rancangan UU (RUU) Perubahan UU Nomor 34 Tahun 2004 tentang TNI. Apa isi UU TNI terbaru? Berikut ini daftar pasal yang direvisi! DilansirdetikNews, pengesahan RUU TNI dilakukan melalui rapat paripurna yang digelar pada Kamis, 20 Maret 2025...

---

[academic_draft] 22 C. UU Nomor 34 Tahun 2004 tentang TNI UU Nomor 34 Tahun 2004 tentang TNI (UU TNI) saat ini telah berlaku lebih kurang 20 (dua puluh) tahun. Tentu selama berlaku, ada beberapa ketentuan atau materi muatan yang sudah tidak sesuai dengan dinamika dan perkembangan yang ada. Salah satunya, terkait peran prajurit aktif TNI pada Kementerian/lembaga lain serta batasan usia prajurit TNI. D. Putusan Mahkamah Konstitusi UU TNI pernah diuji di Mahkamah Konstitusi...

---

[web_article] . Peserta sidang menjawab setuju dan dengan demikian, UU yang mengatur perubahan UU Nomor 34 Tahun 2004 sah. Apa saja yang berubah dalam UU tersebut? Simak penjelasannya di bawah ini, yuk! DilihatdetikJogjadari dokumen UU Republik Indonesia Nomor 34 Tahun 2004 tentang TNI, tugas pokok TNI dibedakan menjadi 2 dalam pasal 7 ayat (2), yakni operasi militer untuk perang dan operasi militer selain perang. Untuk operasi militer selain perang, tugas TNI dirinci sebanyak 14 poin sebagaimana tertera dala...

---

[undang_undang] Pasal 34 Isi: (1) Pelantikan menjadi prajurit dilaksanakan dengan mengucapkan Sumpah Prajurit. (2) Pelantikan menjadi prajurit golongan perwira selain mengucapkan Sumpah Prajurit juga mengucapkan Sumpah Perwira. (3) Ketentuan mengenai tata ca ra pelantikan dan pengambilan sumpah sebagaimana dimaksud pada ayat (1) dan ayat (2), diatur lebih lanjut dengan keputusan Panglima....",0.6469006538391113
Bagaimana ketentuan ikatan dinas prajurit TNI diatur lebih lanjut?,1. Inti Jawaban: Ketentuan ikatan dinas prajurit TNI diatur lebih lanjut dalam undang-undang. Implikasi praktisnya adalah adanya payung hukum yang jelas untuk mengatur masa dinas prajurit. 2. Rincian Analisis: a. Isu Pokok: Pengaturan lebih lanjut tentang ikatan dinas prajurit TNI. b. Aturan & Unsur: Pasal 24 ayat (2) UU No. 34 Tahun 2004 menyatakan bahwa ketentuan tentang ikatan dinas diatur lebih lanjut dalam undang-undang. c. Penerapan: Aturan ini memastikan adanya dasar hukum yang kuat untuk mengatur masa dinas prajurit. 3. Disclaimer: Informasi ini bersifat umum dan tidak menggantikan konsultasi hukum.,"1. Inti Jawaban:
   a. Implikasi: Prajurit aktif TNI dapat ditempatkan di kementerian/lembaga lain selama masa dinas.
   b. Dasar Hukum: Pasal 47 ayat (2) UU TNI.
2. Rincian Analisis:
   a. Isu Pokok: Ketentuan ikatan dinas prajurit TNI.
   b. Aturan & Unsur: Pasal 47 ayat (2) UU TNI memberikan dasar hukum untuk penempatan prajurit aktif TNI pada kementerian/lembaga lain.
   c. Penerapan: Ketentuan ini memastikan koordinasi antara TNI dan instansi lain dalam menjalankan tugas.
3. Disclaimer: Informasi ini bersifat umum dan tidak menggantikan konsultasi hukum resmi.","[academic_draft] . Hal-hal yang terkait dengan sistem pertahanan dan keamanan negara, termasuk susunan dan kedudukan TNI diatur dengan UU. Ketentuan ini merupakan materi muatan delegasi yang harus diatur dengan UU TNI, termasuk ketentuan mengenai keterlibatan prajurit aktif TNI pada kementerian/lembaga lain serta penambahan usia masa dinas prajurit TNI. B. Ketetapan MPR Ketetapan Majelis Permusyawaratan Rakyat Nomor VI/MPR/2000 tentang Pemisahan TNI dan Kepolisian Negara Republik Indonesia, serta Ketetapan Majel...

---

[academic_draft] 9 perbatasan, kejaksaan agung, serta kementerian/lembaga lain sesuai dengan kebijakan Presiden. Kebutuhan penempatan prajurit aktif TNI pada kementerian/lembaga lain dalam perkembangannya terus bertambah. TNI memiliki banyak sumber daya manusianya sedangkan kementerian/lembaga justru mempunyai keterbatasan sumber daya manusianya. Kondisi ini harus diatasi agar penyelenggaraan pemerintahan berjalan dengan baik. Untuk itu, perubahan Pasal 47 ayat (2) UU TNI merupakan suatu keniscayaan. Berkaitan d...

---

[web_article] . Dua, memperjelas batasan dan mekanisme pelibatan TNI dalam tugas nonmiliter, ujar Sjafrie. Tiga, meningkatkan kesejahteraan prajurit serta jaminan sosial bagi prajurit. Empat, menyesuaikan ketentuan terkait kepemimpinan jenjang karir dan usia pensiun sesuai dengan kebutuhan organisasi, tambahnya. Lihat juga Video: Anggota DPR Pertanyakan Usulan Usia Pensiun TNI Jabatan Fungsional 65 Tahun [Gambas:Video 20detik] Isi: nan...

---

[academic_draft] . Penempatan prajurit aktif TNI pada kementerian/lembaga negara dalam praktiknya tidak sebatas kementerian/lembaga negara yang tercantum dalam Pasal 47 ayat (2) UU TNI saja. Seiring dengan adanya kebutuhan sumber daya manusia yang menguasai keahlian di bidang tertentu, saat ini beberapa prajurit aktif TNI dapat juga diperbantukan pada kementerian/lembaga lain yang membutuhkan keahliannya. Sebut saja antara lain misalkan pada: kementerian kelautan dan perikanan, staf kepresidenan, badan nasional ...

---

[academic_draft] 26 BAB V JANGKAUAN, ARAH PENGATURAN, DAN RUANG LINGKUP MATERI MUATAN RANCANGAN UNDANG-UNDANG A. Jangkauan dan Arah Pengaturan Jangkauan dan arah pengaturan perubahan UU TNI terbatas pada peran prajurit aktif TNI pada kementerian/ lembaga lain sesuai kebutuhan institusi dimaksud dan kebijakan Presiden. Di samping itu, perubahan UU TNI juga mengatur mengenai batasan usia masa dinas bagi prajutir TNI sesuai dengan kebutuhan dan mensikronkan dengan berbagai ketentuan peraturan perUUan yang ada, baik...",0.7388313412666321
Dari mana sumber pendanaan penghasilan prajurit TNI berdasarkan Pasal 49 UU TNI?,"1. Inti Jawaban: Penghasilan prajurit TNI sepenuhnya dibiayai dari anggaran pertahanan negara yang bersumber dari APBN. Implikasinya, APBN menjadi tulang punggung pembiayaan TNI. 2. Rincian Analisis: a. Isu Pokok: Sumber pendanaan TNI. b. Aturan & Unsur: Pasal 49 menegaskan anggaran pertahanan (dalam APBN) sebagai satu-satunya sumber. c. Penerapan: Pemerintah wajib memprioritaskan alokasi APBN untuk menjamin hak finansial prajurit. 3. Disclaimer: Realisasi anggaran tergantung pada kebijakan fiskal pemerintah.","1. Inti Jawaban:
    - Sumber pendanaan adalah APBN.
    - Implikasi: Penghasilan prajurit TNI menjadi tanggung jawab negara.
2. Rincian Analisis:
    a. Isu Pokok: Aspek finansial prajurit TNI.
    b. Aturan & Unsur: Pasal 49 ayat (1) UU TNI menyatakan penghasilan prajurit TNI dibiayai sepenuhnya dari APBN.
    c. Penerapan: APBN harus dialokasikan untuk memastikan hak prajurit TNI.
3. Disclaimer: Informasi ini bersifat umum dan tidak menggantikan konsultasi hukum resmi.","[undang_undang] Pasal 49 Isi: Setiap prajurit TNI berhak memp eroleh penghasilan yang layak dan dibiayai seluruhnya dari anggaran pertahanan negara yang bersumber dari Anggaran Pendapatan dan Belanja Negara....

---

[academic_draft] . Hal ini dimaksudkan agar potensi sumber daya manusia yang dimiliki oleh TNI dapat terus terberdayakan dan teroptimalkan. Perubahan batasan usia pensiun bagi prajurit TNI selain untuk mengoptimalkan sumber daya manusia yang ada juga untuk membantu meringankan beban kebutuhan keluarga prajurit TNI, termasuk kebutuhan keluarga atas tempat tinggal, jaminan kesehatan, dan juga pendidikan bagi anak-anak prajurit TNI. Untuk itu, perubahan Pasal 53 UU TNI merupakan suatu keniscayaan....

---

[academic_draft] . Penempatan prajurit aktif TNI pada kementerian/lembaga negara dalam praktiknya tidak sebatas kementerian/lembaga negara yang tercantum dalam Pasal 47 ayat (2) UU TNI saja. Seiring dengan adanya kebutuhan sumber daya manusia yang menguasai keahlian di bidang tertentu, saat ini beberapa prajurit aktif TNI dapat juga diperbantukan pada kementerian/lembaga lain yang membutuhkan keahliannya. Sebut saja antara lain misalkan pada: kementerian kelautan dan perikanan, staf kepresidenan, badan nasional ...

---

[web_article] . Adapun aturan di dalamnya berisi penugasan prajurit di lingkungan kejaksaan hingga bantuan personel TNI. Kemudian juga, ada nota kesepahaman TNI dengan Kejaksaan Nomor 4 Tahun 2023 yang isinya yaitu tentang pendidikan dan latihan, kemudian pertukaran informasi, kemudian penugasan prajurit TNI di lingkungan kejaksaan, ujar Agus. Kemudian dukungan kepada TNI di bidang Perdata dan TU, kemudian pemanfaatan sarana-prasarana, dan koordinasi teknis penyelidikan dan penuntutan serta penanganan perkara...

---

[academic_draft] . Guna mengetahui dan mengevaluasi keterlibatan prajurit aktif TNI pada kementerian/lembaga negara serta pengaturan terkait batasan usia pensiun bagi prajurit TNI dikaitkan dengan Putusan Mahkamah Konstitusi Nomor 62/PUU- XIV/2016 yang menyatakan bahwa hal ini merupakan kebijakan hukum terbuka (open legal policy). 2. Guna mengetahui perkembangan pengaturan keterlibatan prajurit aktif TNI pada Kementerian/lembaga negara dan...",0.7662433385848999
Apa yang dimaksud dengan TNI sebagai Tentara Rakyat menurut UU No. 34 Tahun 2004?,"1. Inti Jawaban:
- TNI sebagai Tentara Rakyat berarti anggota TNI direkrut dari warga negara Indonesia.
- Implikasi praktisnya adalah TNI berasal dari rakyat dan bertugas untuk melindungi rakyat.

2. Rincian Analisis:
a. Isu Pokok: Definisi dan makna TNI sebagai Tentara Rakyat.
b. Aturan & Unsur: Berdasarkan Pasal 2 huruf a UU No. 34 Tahun 2004, TNI adalah tentara yang anggotanya berasal dari warga negara Indonesia.
c. Penerapan: Konsep ini menegaskan bahwa TNI bukanlah tentara bayaran atau asing, melainkan terdiri dari warga negara Indonesia yang memiliki tanggung jawab untuk mempertahankan negara.

3. Disclaimer: Penjelasan ini berdasarkan UU No. 34 Tahun 2004 dan tidak mencakup interpretasi lain di luar ketentuan hukum yang berlaku.","A. Inti Jawaban:
1. TNI adalah tentara yang dipimpin oleh rakyat, didirikan oleh rakyat, dan diperjuangkan demi kepentingan rakyat.
2. Implikasi: TNI harus melayani kepentingan nasional dan rakyat.
B. Rincian Analisis:
1. Isu Pokok: Definisi TNI sebagai tentara rakyat.
2. Aturan & Unsur: Pasal 7 ayat (1) UU No. 34 Tahun 2004 menyatakan TNI sebagai tentara rakyat yang dipimpin oleh rakyat, didirikan oleh rakyat, dan diperjuangkan demi kepentingan rakyat.
C. Disclaimer: Penjelasan ini bersifat umum dan tidak menggantikan konsultasi hukum resmi.","[academic_draft] 22 C. UU Nomor 34 Tahun 2004 tentang TNI UU Nomor 34 Tahun 2004 tentang TNI (UU TNI) saat ini telah berlaku lebih kurang 20 (dua puluh) tahun. Tentu selama berlaku, ada beberapa ketentuan atau materi muatan yang sudah tidak sesuai dengan dinamika dan perkembangan yang ada. Salah satunya, terkait peran prajurit aktif TNI pada Kementerian/lembaga lain serta batasan usia prajurit TNI. D. Putusan Mahkamah Konstitusi UU TNI pernah diuji di Mahkamah Konstitusi...

---

[web_article] . Peserta sidang menjawab setuju dan dengan demikian, UU yang mengatur perubahan UU Nomor 34 Tahun 2004 sah. Apa saja yang berubah dalam UU tersebut? Simak penjelasannya di bawah ini, yuk! DilihatdetikJogjadari dokumen UU Republik Indonesia Nomor 34 Tahun 2004 tentang TNI, tugas pokok TNI dibedakan menjadi 2 dalam pasal 7 ayat (2), yakni operasi militer untuk perang dan operasi militer selain perang. Untuk operasi militer selain perang, tugas TNI dirinci sebanyak 14 poin sebagaimana tertera dala...

---

[web_article] . Perubahan selanjutnya terdapat di pasal 47 UU Nomor 34 Tahun 2004. Pasal ini mengatur tentang kementerian atau lembaga yang dapat diisi TNI. Dalam ayat (2) pasal tersebut, tertulis: Prajurit aktif dapat menduduki jabatan pada kantor yang membidangi koordinator bidang Politik dan Keamanan Negara, Pertahanan Negara, Sekretaris Militer Presiden, Intelijen Negara, Sandi Negara, Lembaga Ketahanan Nasional, Dewan Pertahanan Nasional, Search and Rescue (SAR) Nasional, Narkotika Nasional, dan Mahkamah...

---

[academic_draft] . Sebagai kekuatan utama yang menurut UU Nomor 3 Tahun 2002 tentang Pertahanan Negara disebut sebagai komponen utama dalam sistem pertahanan negara, TNI merupakan alat negara yang bertugas mempertahankan, melindungi, dan memelihara keutuhan dan kedaulatan negara. Dalam Pasal 30 ayat (5) UUD NRI Tahun 1945 disebutkan bahwa susunan, kedudukan, hubungan, dan kewenangan TNI dalam melaksanakan tugas, termasuk syarat-syarat keikutsertaan...

---

[analysis_report] . Bahkan dalam konteks politik praktis peran militer di Indonesia telah diminimalkan. Dengan disahkannya Undang- Undang Nomor 34 Tahun 2004, pada konteks pengerahan dan penggunaan kekuatan militer ternyata TNI (TNI) berkedudukan di bawah Presiden. Selanjutnya, dalam hal kebijakan maupun strategi pertahanan dan dukungan administrasi, TNI berada di Sumber: Biro Humas Kemhan...

---

[legal_request] . (3) TNI terdiri atas Angkatan Darat, Angkatan Laut dan Angkatan Udara sebagai alat negara bertugas mempertahankan, melindungi Kemudian Pasal 3 ayat (1) UU No. 3 Tahun 2002 Tentang Pertahanan Negara, mengatur: Pertahanan negara disusun berdasarkan prinsip demokrasi, hak asasi manusia, kesejahteraan umum, lingkungan hidup, ketentuan hukum nasional, hukum internasional dan kebiasaan internasional, serta prinsip hidup berdampingan secara damai. UU No. 3 Tahun 2025 menyangkut usaha pertahanan dan k...",0.70423424243927
Bagaimana proses pengundangan UU No. 34 Tahun 2004 tentang TNI?,"1. Inti Jawaban:
   - Proses pengundangan UU No. 34 Tahun 2004 melibatkan penerbitan resmi oleh negara dan penempatan dalam Lembaran Negara.
   - Implikasi praktisnya adalah UU tersebut sah dan mengikat secara hukum.

2. Rincian Analisis:
   a. Isu Pokok: Proses pengundangan UU.
   b. Aturan & Unsur: Pasal 78 menyatakan UU diundangkan dan ditempatkan dalam Lembaran Negara.
   c. Penerapan: Proses ini sesuai dengan mekanisme hukum yang berlaku di Indonesia.

3. Disclaimer: Proses ini dapat bervariasi tergantung konteks hukum.","1. Inti Jawaban:
    - Proses pengundangan UU No. 34 Tahun 2004 tentang TNI melalui mekanisme resmi pemerintah.
2. Rincian Analisis:
    a. Isu Pokok: Mekanisme pengundangan UU.
    b. Aturan & Unsur: Pasal 61 UU No. 12 Tahun 2011 mengatur bahwa UU yang telah disahkan harus diundangkan oleh Presiden.
    c. Penerapan: Setelah disahkan, UU diterbitkan sebagai Keputusan Presiden dan diumumkan melalui berbagai media.
3. Disclaimer: Informasi ini bersifat umum dan tidak menggantikan konsultasi hukum.","[legal_request] . Pengambilan keputusan RUU revisi UU TNI yang sudah menjadi Undang- Undang Nomor 3 Tahun 2025 Tentang Perubahan atas UU Nomor 34 Tahun 2004 Tentang TNI (TNI), dilaksanakan pada Rapat Paripurna Pembukaan masa sidang DPR RI ke-13, pada 18 Februari 2025,yang dimana Para Permohonan menilai banyak kejanggalan dalam pengambilan keputusannya. Pertama, pengambilan keputusan untuk memasukkan RUU Revisi UU TNI yang sudah menjadi UU Nomor 3 Tahun 2025 Tentang Perubahan atas UU Nomor 34 Tahun 2004 Tentang ...

---

[academic_draft] 22 C. UU Nomor 34 Tahun 2004 tentang TNI UU Nomor 34 Tahun 2004 tentang TNI (UU TNI) saat ini telah berlaku lebih kurang 20 (dua puluh) tahun. Tentu selama berlaku, ada beberapa ketentuan atau materi muatan yang sudah tidak sesuai dengan dinamika dan perkembangan yang ada. Salah satunya, terkait peran prajurit aktif TNI pada Kementerian/lembaga lain serta batasan usia prajurit TNI. D. Putusan Mahkamah Konstitusi UU TNI pernah diuji di Mahkamah Konstitusi...

---

[web_article] Judul: Pakar Hukum UB Singgung Orde Baru Usai UU TNI Disahkan,20 Mar 2025 19:40,https://www.detik.com/jatim/berita/d-7833581/pakar-hukum-ub-singgung-orde-baru-usai-uu-tni-disahkan,DPR RI telah mengesahkan Rancangan Undang-undang tentang Perubahan atas Undang-undang Nomor 34 Tahun 2004 tentang TNI atau RUU TNI menjadi UU. Dari proses pembahasan sampai pengesahan dinilai telah mencederai demokrasi. Pakar hukum Universitas Brawijaya (UB) Aan Eko Widiarto mengatakan ada dua hal yang cukup penting da...

---

[legal_request] . Perencanaan dan penyusunan pembentukan UU Nomor 3 Tahun 2025 Tentang Perubahan atas UU Nomor 34 Tahun 2004 Tentang TNI (TNI), tidak sesuai dengan tata cara pembentukan peraturan perUUan, tanpa naskah akademik. 13. Bahwa dalam Pasal 43 ayat (3) UU No. 12 Tahun 2011 mengatur secara imperatif dan tegas: Rancangan UU yang berasal dari DPR, Presiden, atau DPD harus disertai Naskah Akademik. Adapun dalam Pasal 1 angka 11 UU No...",0.7965292930603027
Apa dasar hukum kenaikan pangkat perwira menengah di TNI?,"1. Inti Jawaban:
- Panglima TNI berwenang penuh menetapkan kenaikan pangkat di bawah Kolonel berdasarkan Pasal 43 ayat (2).
- Implikasi praktis: Desentralisasi wewenang promosi untuk efisiensi organisasi.

2. Rincian Analisis:
a. Isu Pokok: Kewenangan promosi perwira menengah/bawah.
b. Aturan & Unsur: Pasal 43 ayat (2) UU 34/2004 memberikan mandat kepada Panglima tanpa perlu persetujuan Presiden.
c. Penerapan: Membedakan secara jelas jenjang kewenangan antara promosi jabatan strategis dan non-strategis.

3. Disclaimer: Kewenangan Panglima tetap harus sesuai dengan ketentuan perundangan terkait.",A. Dasar hukumnya adalah Pasal 44 UU No. 34 Tahun 2004 tentang TNI. B. Implikasinya adalah adanya penghargaan untuk prestasi luar biasa. C. Pembuktian harus melalui prosedur resmi.,"[academic_draft] . Penempatan prajurit aktif TNI pada kementerian/lembaga lain sudah dilakukan atas kebijakan Presiden. Saat ini yang diperlukan adalah menguatkan dasar hukumnya di dalam UU TNI. Penempatan prajurit aktif TNI pada kementerian/lembaga lain memberikan dampak positif bagi Pemerintah dan juga masyarakat. Publik harus diberikan pemahaman bahwa keterlibatan prajurit aktif TNI tersebut bukan bagian dari pelaksanaan dwi fungsi TNI. Sebab TNI tidak terlibat dalam politik praktis. Keterlibatan prajurit akt...

---

[web_article] . Anies kemudian mempertanyakan jaminan bahwa revisi UU TNI itu tak akan berdampak selain yang diniatkan pembuat kebijakan. Dia juga menyinggung di tubuh TNI masih ada tantangan tersendiri, yakni meritokrasi dalam jenjang karier. Jika revisi ini bertujuan memperkuat TNI, kita harus pastikan ada rambu hukum yang jelas. Apa mekanisme pengamannya? Bagaimana memastikan bahwa perubahan ini tidak akan membawa dampak di luar niat awal pembuat kebijakan? Selain itu, apakah revisi ini menyelesaikan masal...

---

[undang_undang] Pasal 44 Isi: (1) Prajurit yang mendapat tugas dengan pertaruhan jiwa raga secara langsung dan berjasa melampaui panggilan tugas dapat dianugerahi kenaikan pangkat luar biasa. (2) Ketentuan sebagaimana dimaksud pada ayat (1) diatur dengan Peraturan Pemerintah. Penjelasan: Ayat (1) Yang dimaksud dengan melampaui panggilan tugas adalah bahwa seseorang prajurit TNI tanpa memperdulikan keselamatan jiwanya melakukan tindakan kepahlawanan dalam suatu tugas demi bangsa dan negara, walaupun tindakan itu...

---

[petition] . Selain itu, merebut jabatan sipil dan memarginalkan ASN dan Perempuan dalam akses posisi-posisi strategis. Perluasan jabatan sipil dalam RUU TNI itu diantaranya adalah dengan menempatkan militer aktif di Kejaksaan Agung hingga Kementerian Kelautan dan Perikanan. Ingat: TNI adalah alat pertahanan negara untuk perang; sedangkan Kejaksaan Agung, adalah lembaga penegak hukum. Maka, salah jika anggota TNI aktif duduk di institusi Kejaksaan Agung. Dan salah, jika ingin menempatkan militer aktif di K...

---

[academic_draft] 8 Nomor VII/MPR/2000 tentang Peran TNI dan Peran Kepolisian Negara Republik Indonesia. Di dalam UU TNI diatur mengenai peran TNI selain melakukan pertahanan negara. Pasal 47 ayat (2) UU TNI mengatur bahwa prajurit aktif dapat menduduki jabatan pada kantor yang membidangi koordinator bidang politik dan keamanan negara, sekretaris militer Presiden, intelijen negara, sandi negara, lembaga ketahanan nasional, dewan pertahanan nasional, search and rescue (sar) nasional, narkotika nasional, dan mahkam...",0.6713494658470154
Bagaimana jika persyaratan Prajurit tidak terpenuhi setelah pengangkatan?,"1. Inti Jawaban:
   - Dapat diberhentikan dengan hormat/tidak hormat tergantung kasus.
   - Implikasi: Pemutusan status keprajuritan.

2. Rincian Analisis:
   a. Isu Pokok: Akibat tidak terpenuhinya syarat.
   b. Aturan & Unsur: Pasal 21 harus dibaca dengan Pasal 47-50 UU TNI tentang pemberhentian.
   c. Penerapan: Proses administratif wajib diikuti untuk keabsahan.

3. Disclaimer: Keputusan akhir ada pada pimpinan TNI.",1. Inti Jawaban: Persyaratan harus dipenuhi sejak awal pengangkatan. 2. Rincian Analisis: a. Isu Pokok: Validitas pengangkatan. b. Aturan & Unsur: Pasal 55 huruf d UU No. 34/2004 mensyaratkan persyaratan jasmani-rohani. c. Penerapan: Pengangkatan yang tidak memenuhi syarat sah secara hukum. 3. Disclaimer: Penjelasan ini bersifat umum.,"[undang_undang] Pasal 58 Isi: (1) Prajurit yang dalam melaksanakan tugas tidak kembali bergabung dengan kesatuannya sebagai akibat dari atau diduga diakibatkan oleh tindakan musuh atau di luar kekuasaannya, dinyatakan hilang dalam tugas, wajib terus dicari. (2) Prajurit sebagaimana dimaksud pada ayat (1) apabila setelah 1 (satu) tahun tidak ada kepastian atas dirinya, diberhentikan dengan hormat dan kepada ahli warisnya diberikan hak sebagaimana hak prajurit yang gugur sesuai dengan peraturan perUUan. (3) Praju...

---

[web_article] . Hal itu akan terjadi jika prajurit TNI tersandung kasus saat melaksanakan jabatan sipil. Jika prajurit TNI tersandung kasus tindak pidana atau administrasi dalam jabatan a quo, apakah tunduk pada hukum acara peradilan militer atau hukum acara sipil atau pidana, ujar pemohon. Dengan demikian menurut penalaran yang wajar jawaban dari pertanyaan a quo hanyalah ketidakpastian hukum. Hal mana telah terbukti secara empiris dengan adanya perdebatan antara KPK dan Mahkamah Militer dalam menangani perk...

---

[undang_undang] Pasal 55 Isi: (1) Prajurit diberhentikan dengan hormat dari dinas keprajuritan karena: a. atas permintaan sendiri; b. telah berakhirnya masa ikatan dinas c. menjalani masa pensiun; d. tidak memenuhi persyara tan jasmani atau rohani; e. gugur, tewas, atau meninggal dunia; f. alih status menjadi pegawai negeri sipil; g. menduduki jabatan yang menurut peraturan perundang- undangan, tidak dapat diduduki oleh seorang prajurit aktif; dan h. berdasarkan pertimbangan khusus untuk kepentingan dinas. (2) ...

---

[legal_request] . d. adanya hubungan sebab akibat (causal verband) antara kerugian dan berlakunya UU yang dimohonkan untuk diuji. e. adanya kemungkinan bahwa dengan dikabulkannya permohonan tersebut maka kerugian konstitusional yang didalilkan tidak akan tidak lagi terjadi. Selanjutnya, dalam Pasal 4 ayat (2) PMK No. 2 Tahun 2021, mengatur: Hak dan/atau kewenangan konstitusional Pemohon sebagaimana dimaksud pada ayat (1) dianggap dirugikan oleh berlakunya UU atau Perppu apabila: a. ada hak dan/atau kewenangan k...",0.49029862880706787
Apakah pemberhentian tidak hormat prajurit TNI dapat dilakukan tanpa persetujuan atasan langsung?,"1. Inti Jawaban:
- Pemberhentian tidak hormat biasanya memerlukan persetujuan dari otoritas yang lebih tinggi.
- Implikasi praktisnya adalah proses harus melalui hierarki komando yang sesuai.

2. Rincian Analisis:
a. Isu Pokok: Peran atasan langsung dalam pemberhentian tidak hormat.
b. Aturan & Unsur: Pasal 62 tidak mengatur secara rinci, tetapi proses biasanya melibatkan otoritas yang lebih tinggi.
c. Penerapan: Atasan langsung dapat memberikan rekomendasi, tetapi keputusan akhir diambil oleh otoritas yang lebih tinggi.

3. Disclaimer: Proses dapat berbeda tergantung pada kebijakan internal TNI.","1. Inti Jawaban:
    - Ya, jika melanggar aturan.
    - Implikasi: Pelanggaran prosedur dapat memicu sanksi.
2. Rincian Analisis:
    a. Isu Pokok: Validitas pemberhentian prajurit.
    b. Aturan & Unsur: Pasal 58 ayat (1) huruf e UU No. 34/2004 tentang PNS mensyaratkan persetujuan atasan untuk pemberhentian.
    c. Penerapan: Tanpa persetujuan, pemberhentian ilegal.
3. Disclaimer: Penjelasan ini bersifat umum.","[web_article] . Hal itu akan terjadi jika prajurit TNI tersandung kasus saat melaksanakan jabatan sipil. Jika prajurit TNI tersandung kasus tindak pidana atau administrasi dalam jabatan a quo, apakah tunduk pada hukum acara peradilan militer atau hukum acara sipil atau pidana, ujar pemohon. Dengan demikian menurut penalaran yang wajar jawaban dari pertanyaan a quo hanyalah ketidakpastian hukum. Hal mana telah terbukti secara empiris dengan adanya perdebatan antara KPK dan Mahkamah Militer dalam menangani perk...

---

[web_article] . Waketum PKB itu mengatakan dalam Pasal 47 UU TNI jelas disebutkan bahwa prajurit hanya dapat menduduki jabatan sipil setelah mengundurkan diri atau pensiun dari dinas aktif keprajuritan. SCROLL TO CONTINUE WITH CONTENT Apakah yang sekarang sudah mengundurkan diri atau pensiun dari dinas aktif keprajuritan? Mari kita koreksi bersama, kata Jazilul. Jazilul heran ketika aturan pasal tersebut tidak dijalankan oleh prajurit, Panglima TNI dan Menteri Pertahanan (Menhan) hanya mengimbau, tidak ada ti...

---

[web_article] . Kedua, UU KPU setiap prajurit TNI yang akan mencalonkan diri sebagai anggota legislatif atau kepala daerah harus mundur total, itu harus kita jaga supaya tidak ada hubungan antara struktur tentara dan prajurit yang ada di tempat lain, lanjutnya. Simak juga Saat DPR Terima Surpres RUU TNI, Polri, Imigrasi, dan Kementerian Negara: [Gambas:Video 20detik] Isi: nan...",0.692632794380188
Apa alasan revisi meningkatkan batas usia pensiun bintara/tamtama?,"1. Inti Jawaban:
- Optimalisasi SDM dan penyesuaian standar internasional.
- Implikasi: Peningkatan kapasitas personel.

2. Rincian Analisis:
a. Isu Pokok: Rasionalisasi revisi.
b. Aturan & Unsur:
- Naskah revisi tidak menyebut alasan, tapi:
c. Penerapan: Kemungkinan karena peningkatan harapan hidup/keahlian teknis.

3. Disclaimer: Analisis berdasar praktik umum, bukan penjelasan resmi.",A. Alasan revisi terkait keuangan negara dan pengelolaan SDM TNI. B. Implikasi: Efisiensi penggunaan anggaran pensiun. C. Rujukan: Pasal 53 ayat (2)a UU TNI.,"[web_article] . Berikut daftar kementerian/lembaga yang dapat diisi oleh prajurit TNI aktif berdasarkan revisi Pasal 47: Untuk prajurit TNI yang ingin menduduki jabatan sipil di luar 14 lembaga tersebut, mereka harus pensiun atau mengundurkan diri lebih dulu. Sebelumnya, usia pensiun prajurit bintara dan tamtama adalah 53 tahun, sedangkan perwira pensiun pada 58 tahun. Dalam revisi Pasal 53, usia pensiun dinaikkan sebagai berikut: Demikianlah rincian mengenai RUU TNI yang sudah disahkan DPR menjadi UU. Semoga...

---

[web_article] . Sementara itu, untuk pangkat bintara dan tamtama, hingga usia maksimal 53 tahun. Prajurit melaksanakan dinas keprajuritan sampai usia paling tinggi 58 (lima puluh delapan) tahun bagi perwira, dan 53 (lima puluh tiga) tahun bagi bintara dan tamtama. Usai diubah, batas usia pensiun prajurit menjadi: Demikian informasi lengkap mengenai pasal-pasal yang diubah dalam RUU TNI kemarin. Semoga bisa menjawab pertanyaan detikers, ya! Isi: nan...

---

[web_article] . Ia menyebut perubahan usia pensiun berkaitan erat dengan keuangan negara. SCROLL TO CONTINUE WITH CONTENT Begini, kalau kita mau mengerjakan UU, itu harus saksama, mulai konsep ini kan kalau usia pensiun itu berkaitan dengan keuangan negara, ungkapnya. Menteri Pertahanan (Menhan) Sjafrie Sjamsoeddin sebelumnya berharap pembahasan revisi UU TNI selesai pada bulan Ramadan ini. Sjafrie turut membeberkan poin-poin dari usulan pasal yang akan direvisi. Ada tiga pasal utama yang akan direvisi, yaitu...

---

[undang_undang] Pasal 53 Isi: Prajurit melaksanakan dinas keprajuritan sampai usia paling tinggi 58 (lima puluh delapan) tahun bagi perwira, dan 53 (lima puluh tiga) tahun bagi bintara dan tamtama. Perubahan: (1) Prajurit melaksanakan dinas keprajuritansampai dengan batas usia pensiun.(2) Batas usia pensiun Prajurit sebagaimanadimaksud pada ayat (1) diatur dengan ketentuansebagai berikut:a. bintara dan tamtama paling tinggi 55 (limapuluh lima) tahun;b. perwira sampai dengan pangkat kolonelpaling tinggi 58 (lima...",0.6556142568588257
Apa yang diatur dalam Pasal 34 UU No. 34 Tahun 2004 tentang TNI?,"1. Inti Jawaban:
- Pasal 34 mengatur tentang pelantikan prajurit TNI yang meliputi pengucapan Sumpah Prajurit dan Sumpah Perwira untuk golongan perwira. Tata cara pelaksanaannya diatur lebih lanjut oleh Panglima.
- Implikasi praktisnya adalah adanya standar prosedur resmi yang mengikat dalam proses pelantikan prajurit TNI.

2. Rincian Analisis:
a. Isu Pokok: Prosedur pelantikan prajurit TNI dan pengucapan sumpah.
b. Aturan & Unsur:
- Ayat (1): Setiap prajurit wajib mengucapkan Sumpah Prajurit saat dilantik.
- Ayat (2): Prajurit golongan perwira tambah mengucapkan Sumpah Perwira.
- Ayat (3): Panglima berwenang mengatur tata cara pelaksanaan.
c. Penerapan: Ketentuan ini menegaskan keseragaman dan kesakralan proses pengikatan prajurit kepada negara.

3. Disclaimer: Analisis berdasarkan UU No. 34/2004 tanpa mempertimbangkan peraturan turunan.",A. Inti Jawaban: Pasal 34 UU No. 34 Tahun 2004 tentang TNI mengatur tentang perubahan UU TNI. B. Rincian: 1. Isu Pokok: Perubahan UU TNI. 2. Aturan & Unsur: Pasal 34 UU No. 34 Tahun 2004 tentang TNI mengatur tentang perubahan UU TNI. 3. Penerapan: Perubahan UU TNI harus sesuai dengan prosedur yang ditentukan oleh UU. C. Disclaimer: Informasi ini bersifat umum dan tidak menggantikan konsultasi hukum profesional.,"[web_article] . Peserta sidang menjawab setuju dan dengan demikian, UU yang mengatur perubahan UU Nomor 34 Tahun 2004 sah. Apa saja yang berubah dalam UU tersebut? Simak penjelasannya di bawah ini, yuk! DilihatdetikJogjadari dokumen UU Republik Indonesia Nomor 34 Tahun 2004 tentang TNI, tugas pokok TNI dibedakan menjadi 2 dalam pasal 7 ayat (2), yakni operasi militer untuk perang dan operasi militer selain perang. Untuk operasi militer selain perang, tugas TNI dirinci sebanyak 14 poin sebagaimana tertera dala...

---

[academic_draft] 22 C. UU Nomor 34 Tahun 2004 tentang TNI UU Nomor 34 Tahun 2004 tentang TNI (UU TNI) saat ini telah berlaku lebih kurang 20 (dua puluh) tahun. Tentu selama berlaku, ada beberapa ketentuan atau materi muatan yang sudah tidak sesuai dengan dinamika dan perkembangan yang ada. Salah satunya, terkait peran prajurit aktif TNI pada Kementerian/lembaga lain serta batasan usia prajurit TNI. D. Putusan Mahkamah Konstitusi UU TNI pernah diuji di Mahkamah Konstitusi...

---

[web_article] Judul: Apa Isi UU TNI Terbaru? Ini Daftar Pasal yang Direvisi dan Disahkan DPR,21 Mar 2025 13:05,https://www.detik.com/jogja/berita/d-7834561/apa-isi-uu-tni-terbaru-ini-daftar-pasal-yang-direvisi-dan-disahkan-dpr,Dewan Perwakilan Rakyat (DPR) resmi mengesahkan Rancangan UU (RUU) Perubahan UU Nomor 34 Tahun 2004 tentang TNI. Apa isi UU TNI terbaru? Berikut ini daftar pasal yang direvisi! DilansirdetikNews, pengesahan RUU TNI dilakukan melalui rapat paripurna yang digelar pada Kamis, 20 Maret 2025...

---

[legal_request] . Maka UU Nomor 3 Tahun 2025 Tentang Perubahan atas UU Nomor 34 Tahun 2004 Tentang TNI (TNI) diputuskan masuk dalam Prolegnas 2025 tanpa ada pertimbangan dari Badan Legislasi (Baleg) DPR (sebagaimana diatur dalam Pasal 66 huruf f Tatib DPR), yaitu mencakup pertimbangan dapat atau tidak dapatnya suatu RUU masuk ke dalam prolegnas perubahan...

---

[legal_request] . Pengambilan keputusan RUU revisi UU TNI yang sudah menjadi Undang- Undang Nomor 3 Tahun 2025 Tentang Perubahan atas UU Nomor 34 Tahun 2004 Tentang TNI (TNI), dilaksanakan pada Rapat Paripurna Pembukaan masa sidang DPR RI ke-13, pada 18 Februari 2025,yang dimana Para Permohonan menilai banyak kejanggalan dalam pengambilan keputusannya. Pertama, pengambilan keputusan untuk memasukkan RUU Revisi UU TNI yang sudah menjadi UU Nomor 3 Tahun 2025 Tentang Perubahan atas UU Nomor 34 Tahun 2004 Tentang ...

---

[legal_request] . Perencanaan dan penyusunan pembentukan UU Nomor 3 Tahun 2025 Tentang Perubahan atas UU Nomor 34 Tahun 2004 Tentang TNI (TNI), tidak sesuai dengan tata cara pembentukan peraturan perUUan, tanpa naskah akademik. 13. Bahwa dalam Pasal 43 ayat (3) UU No. 12 Tahun 2011 mengatur secara imperatif dan tegas: Rancangan UU yang berasal dari DPR, Presiden, atau DPD harus disertai Naskah Akademik. Adapun dalam Pasal 1 angka 11 UU No...",0.6999726295471191
Apa yang dimaksud Ancaman Bersenjata dalam UU ini?,"1. Inti Jawaban:
- Ancaman dari gerakan kekuatan bersenjata.
- Implikasi: Ruang lingkup operasi militer.

2. Rincian Analisis:
a. Isu Pokok: Klasifikasi ancaman keamanan.
b. Aturan & Unsur: Pasal 1 angka 24 UU No 34/2004 tentang ancaman bersenjata.
c. Penerapan: Dapat menjadi dasar pengerahan TNI.

3. Disclaimer: Harus dibedakan dari kejahatan biasa.",A. Implikasi: Ancaman bersenjata mencakup ancaman dari pihak luar seperti kelompok teroris atau separatisme. B. Dasar Hukum: Pasal 70 UU No. 34/2004 tentang TNI. C. Analisis: Ancaman bersenjata dapat meliputi serangan fisik atau cyber yang menggunakan senjata.,"[undang_undang] Pasal 74 Isi: (1) Ketentuan sebagaimana dimaksud dalam 65 berlaku pada saat UU tentang Peradilan Militer yang baru diberlakukan. (2) Selama UU peradilan militer yang baru belum dibentuk, tetap tunduk pada ketentuan UU Nomor 31 Tahun 1997 te ntang Peradilan Militer....

---

[analysis_report] . Dengan demikian, bila penyusunan produk hukum berupa UU betul-betul taat azas (Azas Lex Superior Derogat Legi Inferiori, yakni hukum yang lebih tinggi mengatur hukum yang lebih rendah, dalam hal ini UUD 1945 dan doktrin Pertahanan berkedudukan sebagai sumber hukum, maka keduanya berkedudukan lebih tinggi dari UU) maka klausul dalam UU Pertahanan Negara, UU TNI, dan UU Polri yang menempatkan tugas mengatasi separatisme dan terorisme bagi TNI sebagai tugas perbantuan perlu dikaji kembali. Univer...

---

[undang_undang] Pasal 65 Isi: (1) Prajurit Siswa tunduk pada ketentuan hukum yang berlaku bagi prajurit. (2) Prajurit tunduk kepada kekuasaan pera dilan militer dalam hal pelanggaran hukum pidana militer dan tunduk pada kekuasaan peradilan umum dalam hal pelanggaran hukum pidana umum yang diatur dengan UU. (3) Apabila kekuasaan peradilan umum sebagaimana dimaksud pada ayat (2) tidak berfungsi, maka prajurit tunduk di bawah kekuasaan peradilan yang diatur dengan UU. Penjelasan: Ayat (1) Hukum yang dimaksud adala...

---

[legal_request] . Penyusunan pertahanan negara dimulai dari pembentukan UU menyangkut penggunaan kekuatan TNI. Wujud penggunaan prinsip demokrasi dalam pembentukan UU menyangkut pertahanan negara ialah dengan melibatkan masyarakat pada setiap tahapan pembentukan UU a quo....

---

[legal_request] . c. Pasal 22A UUD 1945 berbunyi: Ketentuan lebih lanjut tentang tata cara pembentukan UU diatur dengan UU. 2. Bahwa tentang negara hukum, menurut Wirjono Projodikoro, penggabungan kata-kata Negara dan Hukum yaitu istilah negara hukum yang berarti suatu negara yang di wilayahnya: 1) semua alat-alat perlengkapan dari negara, khususnya alat-alat perlengkapan dari Pemerintah dalam tindak tanduknya baik terhadap para warga negara maupun dalam saling berhubungan masing-masing tidak boleh sewenang- we...",0.7281012535095215
Siapa yang berwenang mengatur lebih lanjut golongan kepangkatan prajurit TNI?,"1. Inti Jawaban:
- Panglima TNI berwenang mengatur lebih lanjut golongan kepangkatan prajurit.
- Implikasi praktisnya adalah Panglima dapat menyesuaikan kepangkatan dengan kebutuhan organisasi.

2. Rincian Analisis:
a. Isu Pokok: Kewenangan pengaturan golongan kepangkatan.
b. Aturan & Unsur: Pasal 26 ayat (2) UU No. 34 Tahun 2004 menyatakan bahwa Panglima mengatur lebih lanjut golongan kepangkatan.
c. Penerapan: Kewenangan ini memungkinkan fleksibilitas dalam penyesuaian struktur kepangkatan sesuai perkembangan TNI.

3. Disclaimer: Kewenangan Panglima dibatasi oleh peraturan perundang-undangan yang berlaku.","1. Inti Jawaban:
   - Jawaban: Menurut Pasal 47 ayat (2) UU TNI, prajurit aktif dapat menduduki jabatan pada kementerian/lembaga seperti Kemenko Polhukad, Kemhan, BIN, BINMAS, dll., tetapi detail kepangkatan harus diatur lebih lanjut melalui peraturan turunan.
   - Implikasi: Kewenangan ini berada di bawah UU TNI dan mungkin diatur dalam PP atau peraturan lain.
2. Rincian Analisis:
   a. Isu Pokok: Kewenangan pengaturan kepangkatan prajurit TNI.
   b. Aturan & Unsur: Pasal 47 ayat (2) UU TNI menyebut 'jabatan' tanpa rinci, sehingga perlu referensi ke peraturan lain.
   c. Penerapan: Peraturan turunan akan menentukan syarat, durasi, dan prosedur kepangkatan.
3. Disclaimer: Jawaban ini bersifat umum dan tidak menggantikan konsultasi hukum resmi.","[academic_draft] . Penempatan prajurit aktif TNI pada kementerian/lembaga negara dalam praktiknya tidak sebatas kementerian/lembaga negara yang tercantum dalam Pasal 47 ayat (2) UU TNI saja. Seiring dengan adanya kebutuhan sumber daya manusia yang menguasai keahlian di bidang tertentu, saat ini beberapa prajurit aktif TNI dapat juga diperbantukan pada kementerian/lembaga lain yang membutuhkan keahliannya. Sebut saja antara lain misalkan pada: kementerian kelautan dan perikanan, staf kepresidenan, badan nasional ...

---

[web_article] . Adapun pada UU TNI yang lama, prajurit aktif hanya menduduki 10 kementerian/lembaga. Pasal kedua yang dibahas adalah Pasal 47 terkait dengan penempatan prajurit TNI pada K/L, sebagaimana diketahui bahwa prajurit aktif dapat menduduki jabatan di berbagai K/L yang semula berjumlah 10 menjadi 14, berdasarkan permintaan pimpinan dan kementerian lembaga dan tetap tunduk pada peraturan administrasi yang berlaku di lingkungan K/L tersebut, ucap Puan. Di luar penempatan pada 14 K/L yang telah disebutk...

---

[web_article] . Perubahan selanjutnya terdapat di pasal 47 UU Nomor 34 Tahun 2004. Pasal ini mengatur tentang kementerian atau lembaga yang dapat diisi TNI. Dalam ayat (2) pasal tersebut, tertulis: Prajurit aktif dapat menduduki jabatan pada kantor yang membidangi koordinator bidang Politik dan Keamanan Negara, Pertahanan Negara, Sekretaris Militer Presiden, Intelijen Negara, Sandi Negara, Lembaga Ketahanan Nasional, Dewan Pertahanan Nasional, Search and Rescue (SAR) Nasional, Narkotika Nasional, dan Mahkamah...

---

[legal_request] . Namun, UU No. 3 tahun 2025 Tentang Perubahan atas UU Nomor 34 Tahun 2004 tentang TNI ini memperluas daftar jabatan yang dapat diisi oleh prajurit aktif, mencakup posisi di kementerian, lembaga negara, hingga BUMN dan BUMD. Hal ini berpotensi membahayakan karena Keterlibatan militer dalam pemerintahan sipil berisiko mengaburkan batas antara otoritas militer dan sipil, melemahkan supremasi sipil, serta membuka peluang bagi militer untuk kembali terlibat dalam politik praktis. Hal ini mengingatka...

---

[academic_draft] 26 BAB V JANGKAUAN, ARAH PENGATURAN, DAN RUANG LINGKUP MATERI MUATAN RANCANGAN UNDANG-UNDANG A. Jangkauan dan Arah Pengaturan Jangkauan dan arah pengaturan perubahan UU TNI terbatas pada peran prajurit aktif TNI pada kementerian/ lembaga lain sesuai kebutuhan institusi dimaksud dan kebijakan Presiden. Di samping itu, perubahan UU TNI juga mengatur mengenai batasan usia masa dinas bagi prajutir TNI sesuai dengan kebutuhan dan mensikronkan dengan berbagai ketentuan peraturan perUUan yang ada, baik...",0.7011145353317261
Bagaimana UU No. 34 Tahun 2004 mengatur kesejahteraan Prajurit Sukarela dan Wajib?,"1. Inti Jawaban:
   - Pasal 22 UU No. 34 Tahun 2004 tidak mengatur kesejahteraan prajurit.
   - Implikasi praktisnya adalah kesejahteraan diatur dalam peraturan lain atau kebijakan internal.

2. Rincian Analisis:
   a. Isu Pokok: Hak kesejahteraan bagi Prajurit Sukarela dan Wajib.
   b. Aturan & Unsur: Pasal 22 hanya mengklasifikasikan jenis prajurit tanpa menyentuh aspek kesejahteraan.
   c. Penerapan: Kesejahteraan prajurit biasanya mencakup gaji, tunjangan, dan fasilitas lainnya yang diatur terpisah.

3. Disclaimer: Jawaban ini tidak mencakup seluruh aspek kesejahteraan yang mungkin berlaku.","1. Inti Jawaban:
    - Pasal 60 UU No. 34 Tahun 2004 tentang TNI mengatur bahwa Prajurit Sukarela dan Wajib yang telah berakhir dinas keprajuritan dapat diwajibkan aktif kembali dalam keadaan darurat militer/perang.
2. Rincian Analisis:
    a. Isu Pokok: Regulasi kesejahteraan prajurit.
    b. Aturan & Unsur: Pasal 60 ayat (1) UU No. 34 Tahun 2004 menyatakan bahwa Prajurit Sukarela dan Wajib dapat diwajibkan aktif kembali jika ada keadaan darurat militer atau perang. Ayat (2) menunjukkan bahwa ketentuan lebih lanjut diatur dalam UU baru.
    c. Penerapan: Kewajiban aktif kembali prajurit bersifat situasional, tergantung kondisi nasional.
3. Disclaimer: Informasi ini bersifat umum dan tidak menggantikan konsultasi hukum profesional.","[academic_draft] 2 KATA PENGANTAR Puji syukur kepada Tuhan Yang Maha Kuasa, atas rahmat dan karunianya kami dapat menyelesaikan Naskah Akademik dan Draf Rancangan UU tentang Perubahan atas Undang- Undang Nomor 34 Tahun 2004 tentang TNI. Adapun Naskah Akademik dan Rancangan UU ini disusun dengan berpedoman pada UU Nomor 12 Tahun 2011 tentang Pembentukan Peraturan PerUUan sebagaimana terakhir kali telah diubah dengan UU Nomor 13 Tahun 2022 tentang Perubahan Kedua atas Undang- Undang Nomor 12 Tahun 2011 tentang Pem...

---

[legal_request] . c. Asas kedayagunaan dan kehasilgunaan, adalah setiap Peraturan PerUUan dibuat karena memang benar-benar dibutuhkan dan bermanfaat dalam mengatur kehidupan berbangsa, dan bernegara. Faktanya, pembentukan pembentukan UU Nomor 3 Tahun 2025 Tentang Perubahan atas UU Nomor 34 Tahun 2004 tentang Tentara Republik Indonesia tidak beralas pada kebutuhan masyarkat, melainkan hanya mengakomodasi kepentingan kelompok tertentu (abusive law making), hal tersebut sejalan apabila merujuk pada Program Legisla...

---

[web_article] . Semuanya masih berlaku, karena kan kita rapikan semuanya, yang penting kesejahteraan prajurit harus kita perhatikan, harus kita perhatikan, ujarnya. Sebelumnya, DPR resmi mengesahkan rancangan UU tentang Perubahan atas UU Nomor 34 Tahun 2004 tentang TNI atau RUU TNI menjadi UU. Keputusan ini diambil dalam rapat paripurna yang dihadiri oleh sejumlah menteri. Rapat terselenggara di ruang Paripurna gedung DPR RI, Senayan, Jakarta Pusat, Kamis (20/3). Rapat dipimpin oleh Ketua DPR RI Puan Maharani...

---

[undang_undang] Pasal 60 Isi: (1) Dalam menghadapi keadaan darurat militer dan keadaan perang, setiap Prajurit Sukarela dan Prajurit Wajib yang telah berakhir menjalani dinas keprajuritan dapat diwajibkan aktif kembali (2) Kewajiban sebagaimana dimaksud pada ayat (1) diatur dengan UU....

---

[legal_request] . c. Pasal 22A UUD 1945 berbunyi: Ketentuan lebih lanjut tentang tata cara pembentukan UU diatur dengan UU. Selanjutnya, Pasal 96 UU No. 13 Tahun 2022 mengatur: a. Pasal 96 ayat (1): Masyarakat berhak memberikan masukan secara lisan dan/ atau tertulis dalam setiap tahapan Pembentukan Peraturan PerUUan. b. Pasal 96 ayat (2): Pemberian masukan masyarakat sebagaimana dimaksud pada ayat (1) dilakukan secara daring dan/atau luring. c. Pasal 96 ayat (3): Masyarakat sebagaimana dimaksud pada ayat (1) m...",0.5273730158805847
Apakah Panglima TNI bisa memberhentikan Kepala Staf Angkatan?,"1. Inti Jawaban: - Tidak, Panglima TNI tidak memiliki wewenang untuk memberhentikan Kepala Staf Angkatan. - Implikasi praktisnya adalah Kepala Staf Angkatan hanya bisa diberhentikan melalui mekanisme di luar kewenangan Panglima. 2. Rincian Analisis: a. Isu Pokok: Kewenangan pemberhentian Kepala Staf Angkatan. b. Aturan & Unsur: Pasal 45 UU No. 34 Tahun 2004 secara eksplisit mengecualikan Panglima dan Kepala Staf Angkatan dari kewenangan Panglima TNI. c. Penerapan: Hal ini menunjukkan pembagian kewenangan yang jelas dalam hierarki TNI. 3. Disclaimer: Jawaban berdasarkan interpretasi UU No. 34 Tahun 2004 tanpa mempertimbangkan perubahan kebijakan.","(a) Pasal 14 ayat (2) UU No. 34/2004 menyatakan bahwa Kepala Staf Angkatan diangkat dan diberhentikan oleh Presiden atas usul Panglima. (b) Implikasi praktisnya adalah Panglima tidak memiliki wewenang mutlak untuk pemberhentian Kepala Staf Angkatan tanpa persetujuan Presiden. (c) Berdasarkan informasi yang tersedia, prosedur ini tetap berlaku meskipun ada revisi lain dalam UU TNI.","[undang_undang] Pasal 45 Isi: Pengangkatan dan pemberhentian jabatan di dalam struktur TNI selain jabatan Panglima dan Kepala Staf Angkatan, diatur dengan keputusan Panglima....

---

[undang_undang] Pasal 14 Isi: (1) Angkatan dipimpin oleh seor ang Kepala Staf Angkatan dan berkedudukan di bawah Panglima serta bertanggung jawab kepada Panglima. (2) Kepala Staf Angkatan diangkat dan diberhentikan oleh Presiden atas usul Panglima. (3) Kepala Staf Angkatan sebagaimana dimaksud pada ayat (2) diangkat dari Perwira Tinggi aktif dari angkatan yang bersangkutan dengan memperhatikan jenjang kepangkatan dan karier. (4) Tata cara pengangkatan dan pemberhentian Kepala Staf Angkatan sebagaimana dimaksud ...

---

[web_article] . Tb Hasanuddin menekankan semua pihak harus mematuhi UU TNI yang baru disahkan itu. Kita harus taat asas. Saya mohon kepada Panglima TNI agar segera mengeluarkan surat perintah, sehingga seluruh prajurit aktif yang berada di luar 14 K/L yang diperbolehkan dapat mengundurkan diri atau pensiun sesuai aturan yang berlaku, ujar Tb Hasanuddin dalam keterangannya, Jumat (21/3/2025). Tb Hasanuddin mengatakan anggota TNI yang terdampak oleh perubahan ini dapat mencapai ribuan. Karena itu, dia mengataka...",0.6522746682167053
Apa syarat penggunaan kekuatan TNI dalam misi perdamaian dunia?,"1. Inti Jawaban: Syaratnya diatur dalam Pasal 20 ayat (3) UU No. 34 Tahun 2004, yaitu harus selaras dengan kebijakan politik luar negeri dan hukum nasional. Implikasinya, TNI harus koordinasi dengan pemerintah. 2. Rincian Analisis: a. Isu Pokok: Kesesuaian misi perdamaian dengan hukum. b. Aturan & Unsur: Pasal 20 ayat (3) mewajibkan keselarasan dengan politik luar negeri. c. Penerapan: Misi PBB atau regional harus mendapat persetujuan pemerintah. 3. Disclaimer: Pelaksanaan bisa berbeda berdasarkan kebijakan terkini.",A. Inti Jawaban: Syaratnya adalah kebijakan politik luar negeri Indonesia dan ketentuan hukum nasional. B. Rincian Analisis: 1. Isu Pokok: Ketentuan penggunaan TNI dalam perdamaian dunia. 2. Aturan & Unsur: Pasal 20 ayat (3) UU No. 34 Tahun 2004 menyatakan bahwa penggunaan TNI dalam perdamaian dunia harus sesuai dengan kebijakan politik luar negeri dan hukum nasional. 3. Penerapan: Hal ini memastikan bahwa partisipasi TNI dalam perdamaian dunia selaras dengan tujuan nasional. C. Disclaimer: Penafsiran dapat bervariasi tergantung konteks.,"[analysis_report] . TNI memiliki banyak reputasi yang terbilang gemilang baik dalam negeri maupun dalam dunia internasional, mulai dari keterlibatan pasukan TNI dalam berbagai misi perdamaian dunia hingga dominasi TNI pada berbagai perlombaan di bidang militer, antara lain: A. Peran TNI dalam misi perdamaian dunia. Dalam penugasan di luar negeri, Indonesia telah mendapatkan pengakuan dunia internasional. Hal ini tentu saja mengenai penilaian yang baik dan tinggi tentang pengiriman pasukan perdamaian dari Indonesi...

---

[analysis_report] . Hal tersebut sesuai misi yang dijalankan oleh TNI yaitu misi kemanusiaan. Para prajurit TNI melaksanakan misi perdamaian dunia dalam wujud nyata perbaikan sarana dan prasarana, mengerjakan konstruksi pembuatan jalan, jembatan dan lapangan landas pesawat terbang selain itu juga malakukan Engineering Section (SE) pada daerah setempat. Peranan TNI yang turut serta dalam kebijakan pemeliharan perdamaian dunia menunjukkan keterkaitan TNI dalam kancah lingkungan internasional. Apapun definisinya, ya...

---

[analysis_report] . 3) Kerja Sama Dalam Misi Perdamaian Perserikatan Bangsa-Bangsa. Peran serta Indonesia dalam pengiriman pasukan TNI pada operasi pemeliharaan perdamaian merupakan amanat Pembukaan UUD NRI 1945, dalam rangka ikut serta mewujudkan perdamaian dunia yang berdasarkan kemerdekaan, perdamaian abadi dan keadilan sosial. Partisipasi Indonesia telah memberikan bobot yang semakin baik terhadap hubungan luar negeri dan pelaksanaan politik luar negeri yang bebas aktif...

---

[undang_undang] Pasal 20 Isi: (1) Penggunaan kekuatan TNI dalam rangka melaksanakan operasi militer untuk perang, dilakukan untuk kepentingan penyelenggaraan pertahanan negara sesuai dengan peraturan perUUan. (2) Penggunaan kekuatan TNI dalam rangka melaksanakan operasi militer selain perang, dilakukan untuk kepentingan pertahanan negara dan/atau dalam rangka mendukung kepentingan nasional sesuai dengan peraturan perundang- undangan. (3) Penggunaan kekuatan TNI dalam rangka tugas perdamaian dunia dilakukan sesu...",0.7104920148849487
Apa dasar hukum pemberhentian sementara dalam Pasal 48 UU No. 34 Tahun 2004?,"1. Inti Jawaban:
   - Dasar hukumnya adalah peraturan perundang-undangan yang berlaku.
   - Implikasi praktisnya adalah bahwa pemberhentian sementara harus sesuai dengan hukum yang ada.

2. Rincian Analisis:
   a. Isu Pokok: Legalitas pemberhentian sementara.
   b. Aturan & Unsur: Pasal 48 menegaskan bahwa pemberhentian sementara harus berdasarkan peraturan perundang-undangan.
   c. Penerapan: Ini memastikan bahwa setiap pemberhentian sementara memiliki dasar hukum yang kuat dan tidak melanggar hak anggota TNI.

3. Disclaimer: Informasi ini tidak dimaksudkan sebagai nasihat hukum resmi.","A. Dasar hukumnya adalah Pasal 48 ayat (1) UU No. 34 Tahun 2004 tentang TNI.
B. Implikasi praktisnya adalah adanya mekanisme penyesuaian hukum.
C. Pembatasan jawaban hanya pada pertanyaan ini.","[legal_request] . 414): [3.20.4] Bahwa apabila dalam tenggang waktu 2 (dua) tahun pembentuk UU tidak dapat menyelesaikan perbaikan UU 11/2020 maka demi kepastian hukum terutama untuk menghindari kekosongan hukum atas UU atau pasal-pasal atau materi muatan UU yang telah dicabut atau diubah tersebut harus dinyatakan berlaku kembali. 24. Bahwa agar tidak terjadi kekosongan hukum, mohon kepada yang mulia majelis hakim untuk menyatakan ketentuaan yang diubah atau dicabut dalam UU Nomor 3 Tahun 2025 Tentang Perubahan...

---

[legal_request] ; Selanjutnya, dalam Pasal 29 ayat (1) huruf a UU Nomor 48 Tahun 2009 Tentang Kekuasaan Kehakiman, menyatakan: Mahkamah Konstitusi berwenang mengadili pada tingkat pertama dan terakhir yang putusannya bersifat final untuk: (a) menguji UU terhadap UU Dasar Negara Republik Indonesia Tahun 1945 Selanjutnya, dalam Pasal 10 ayat (1) huruf a UU Nomor 24 Tahun 2003 Tentang Mahkamah Konstitusi sebagaimana telah diubah dengan UU Nomor 8 Tahun 2011 Tentang Perubahan Atas UU Nomor 24 Tahun 2003 Tentang Mah...

---

[legal_request] . Oleh karena itu pengujian formil ini masih dalam tenggat waktu yang diperbolehkan menurut ketentuan hukum; 7. Bahwa berdasarkan uraian tersebut di atas, Mahkamah Konstitusi jelas berwenang dan dapat melakukan uji formil terhadap UU Nomor 3 Tahun 2025 Tentang Perubahan atas UU Nomor 34 Tahun 2004 Tentang TNI, terhadap Pasal 1 ayat (3), Pasal 28D ayat (1), dan Pasal 22A UU Dasar Negara Republik Indonesia Tahun 1945. II. KEDUDUKAN HUKUM PARA PEMOHON 1. Bahwa berdasarkan Pasal 51 ayat (1) UU No. 2...

---

[web_article] . Dia mengatakan naskah akademik pun disampaikan bersamaan dengan permohonan memasukkan RUU TNI ke prolegnas. Akibatnya terjadi kecacatan formil akibat pelanggaran pasal 22a Undang-undang P3 sebagai UU yang mengatur tata cara pembentukan UU telah dilanggar, sehingga proses penyusunan RUU TNI tidak sah secara formil, ungkapnya. Dalam petitumnya, pemohon meminta MK membatalkan UU TNI. Pemohon juga meminta MK memutuskan agar UU Nomor 34 Tahun 2004 berlaku kembali. Menyatakan UU Nomor 3 Tahun 2025 t...

---

[legal_request] . Namun pada kenyatannya bahwa Muatan materi pembentukan UU No 3 Tahun 2025 Tentang Perubahan atas UU Nomor 34 Tahun 2004 bertentangan dengan ketentuan Hak konstitusional warga negara yang diatur dalam UUD 1945 serta tidak juga berpedoman sesuai dengan Undang- undang Nomor 13 Tahun 2022 tentang Perubahan Kedua atas UU Nomor 12 Tahun 2011 tentang Pembentukan Peraturan Perundang-Undangan tepatnya di Pasal 6 ayat (1) yang...

---

[undang_undang] Pasal 48 Isi: Pemberhentian sementara dari jabatan dilakukan oleh pejabat yang berwenang mengangkat dan memberhentikan dalam jabatan tersebut, berdasarkan peraturan perUUan. Bagian Kelima Kesejahteraan...",0.6004797220230103
Apa yang dimaksud dengan 'kegiatan politik praktis' yang dilarang bagi Prajurit TNI?,"1. Inti Jawaban:
- Aktivitas langsung dalam proses politik seperti kampanye, mobilisasi dukungan, atau advokasi kebijakan partisan.
- Implikasi praktis: Mencegah penggunaan institusi TNI untuk kepentingan politik tertentu.

2. Rincian Analisis:
a. Isu Pokok: Definisi operasional politik praktis.
b. Aturan & Unsur: Pasal 39 ayat (2) UU No. 34 Tahun 2004 melarang segala bentuk partisipasi aktif dalam politik di luar tugas resmi negara.
c. Penerapan: Termasuk tetapi tidak terbatas pada: menjadi tim sukses, orasi politik, atau memengaruhi proses pemilu.

3. Disclaimer: Interpretasi 'politik praktis' dapat berkembang sesuai dinamika sosial.",A. Implikasi: Larangan ini mencakup semua aktivitas yang bersifat politik praktis seperti kampanye atau pendirian partai politik. B. Rincian: Definisi ini merujuk pada Pasal 47 ayat (2) huruf g UU No. 34/2004 tentang TNI. C. Disclaimer: Interpretasi dapat bervariasi tergantung konteks.,"[web_article] . Koalisi memandang, Perubahan Pasal 47 Ayat (2) ini sebenarnya tak lain merupakan upaya Prabowo untuk melegitimasi penempatan TNI aktif yang sudah dilakukannya secara tidak sah dan bertentangan dengan UU TNI sejak awal Pemerintahannya berlangsung, misalnya dalam penempatan Mayor Teddy sebagai Sekretaris Kabinet dan Mayjen TNI Novi Helmy sebagai Direktur Utama Perum Bulog, kata Koalisi Masyarakat Sipil. Parahnya, ketimbang melakukan evaluasi dengan mengacu kepada UU TNI, dalam konteks penempatan...

---

[web_article] . Itu salah satu bentuk protes saya juga karena hingga saat ini saya tidak menemukan apa bunyi pasal yang disahkan oleh DPR. Bahkan, ketika saya bertanya kepada teman-teman anggota DPR, mereka tidak bisa memberikannya kepada saya, ujar Dewa Palguna. Situasi ini, jelas Dewa Palguna, makin memperlihatkan proses politik yang melahirkan UU TNI tidak berjalan dengan baik dan bertentangan dengan prinsip transparansi serta akuntabilitas dalam demokrasi. Oleh karena itu, sayangnya kita cuma bisa berdoa ...

---

[web_article] Judul: RUU TNI Disahkan, Puan Tegaskan Prajurit Aktif Dilarang Berbisnis-Berpolitik,20 Mar 2025 13:34,https://news.detik.com/berita/d-7832763/ruu-tni-disahkan-puan-tegaskan-prajurit-aktif-dilarang-berbisnis-berpolitik,Ketua DPR RIPuan Maharanimenegaskan, dalamUU TNIyang baru, prajurit aktif tetap dilarang untuk berbisnis dan menjadi anggota partai politik. Puan mengatakan hanya 14 kementerian dan lembaga yang dapat diisi oleh anggota TNI aktif. Tetap dilarang, tidak boleh berbisnis, tidak boleh ...",0.7605582475662231
Bagaimana status hukum pengangkatan Panglima jika melewati batas waktu 20 hari?,"1. Inti Jawaban:
- Tetap sah jika DPR tidak memberikan tanggapan.
- Implikasi praktis: Presiden dapat melanjutkan pengangkatan.

2. Rincian Analisis:
a. Isu Pokok: Akibat hukum lewat tenggat waktu.
b. Aturan & Unsur: Pasal 13 ayat (9) menyatakan diam berarti setuju.
c. Penerapan: Presiden berwenang mengangkat setelah 20 hari tanpa respon.

3. Disclaimer: Tetap harus memenuhi syarat substantif lainnya.","1. Inti Jawaban:
    - Status hukumnya tetap sah karena batas waktu bersifat maksimal.
2. Rincian Analisis:
    a. Isu Pokok: Validitas pengangkatan di luar batas waktu.
    b. Aturan & Unsur: Pasal 71 ayat (1) tidak membatasi pengangkatan.
    c. Penerapan: Batas waktu hanya untuk efektivitas administratif.
3. Disclaimer: Tidak ada pengecualian dalam Pasal 71.","[legal_request] . Dalam batas penalaran yang wajar, batas waktu paling lama 60 (enam puluh) hari kerja sejak perkara dicatat dalam Buku Registrasi Perkara Konstitusi (BRPK) dimaksud belum akan memberikan implikasi besar dalam pelaksanaan UU terutama dalam penyiapan peraturan perUUan yang diperintahkan dan dibutuhkan dalam pelaksanaan UU, termasuk juga tindakan hukum lain yang dilakukan sebagai akibat dari pengundangan sebuah UU. Bahkan, untuk tujuan kepastian dimaksud, termasuk pertimbangan kondisi tertentu, Ma...

---

[legal_request] . Bahwa selain tenggat waktu pengajuan permohonan uji formil tersebut di atas, Mahkamah dalam pertimbangan Putusan Nomor 79/PUU-XVII/2019, bertanggal 4 Mei 2021, yang pada pokoknya menyatakan: [3.16]  Masih dalam konteks kepastian hukum itu pula, Mahkamah memandang penting untuk menyatakan atau menegaskan bahwa pembatasan waktu serupa pun diperlukan Mahkamah dalam memutus permohonan pengujian formil sebuah UU. Dalam hal ini, Mahkamah perlu menegaskan bahwa waktu paling lama 60 (enam puluh) hari ...

---

[legal_request] . 414): [3.20.4] Bahwa apabila dalam tenggang waktu 2 (dua) tahun pembentuk UU tidak dapat menyelesaikan perbaikan UU 11/2020 maka demi kepastian hukum terutama untuk menghindari kekosongan hukum atas UU atau pasal-pasal atau materi muatan UU yang telah dicabut atau diubah tersebut harus dinyatakan berlaku kembali. 24. Bahwa agar tidak terjadi kekosongan hukum, mohon kepada yang mulia majelis hakim untuk menyatakan ketentuaan yang diubah atau dicabut dalam UU Nomor 3 Tahun 2025 Tentang Perubahan...

---

[undang_undang] Pasal 71 Isi: Pada saat berlakunya UU ini, ketentuan tentang usia pensiun sebagaimana dimaksud pada 53, diatur sebagai berikut: a. Usia pensiun paling tinggi 58 (lima puluh delapan) tahun bagi perwira dan 53 (lima puluh tiga) tahun bagi bintara dan tamtama, hanya berlaku bagi prajurit TNI yang pada tanggal UU ini diundangkan belum dinyatakan pensiun dari dinas TNI; b. Pelaksanaan ketentuan sebagaimana dimaksud pada huruf a diatur secara bertahap: 1. Perwira yang tepat berusia atau belum genap be...

---

[academic_draft] 26 BAB V JANGKAUAN, ARAH PENGATURAN, DAN RUANG LINGKUP MATERI MUATAN RANCANGAN UNDANG-UNDANG A. Jangkauan dan Arah Pengaturan Jangkauan dan arah pengaturan perubahan UU TNI terbatas pada peran prajurit aktif TNI pada kementerian/ lembaga lain sesuai kebutuhan institusi dimaksud dan kebijakan Presiden. Di samping itu, perubahan UU TNI juga mengatur mengenai batasan usia masa dinas bagi prajutir TNI sesuai dengan kebutuhan dan mensikronkan dengan berbagai ketentuan peraturan perUUan yang ada, baik...

---

[academic_draft] 27 BAB VI PENUTUP A. Simpulan Berdasarkan uraian yang telah disampaikan pada bab-bab sebelumnya, dapat disimpulkan hal-hal sebagai berikut: 1. Adanya kebutuhan hukum untuk mengubah ketentuan Pasal 47 terkait peran prajurit aktif TNI pada kementerian/ lembaga lain sesuai dengan kebutuhan. Selain itu, perlu diubah ketentuan dalam Pasal 53 terkait batasan usia masa dinas prajurit TNI sesuai dengan kepangkatan dan beban kerjanya. 2. Adanya kebutuhan-kebutuhan yang nyata dan mendesak dalam penyelengg...",0.700849175453186
Apakah Pasal 25 berlaku untuk semua anggota TNI?,"1. Inti Jawaban:
- Ya, Pasal 25 berlaku untuk semua Prajurit TNI tanpa terkecuali.
- Implikasi praktisnya adalah standar yang seragam.

2. Rincian Analisis:
a. Isu Pokok: Cakupan subjek Pasal 25.
b. Aturan & Unsur: Pasal 25 UU No. 34 Tahun 2004.
c. Penerapan: Berlaku untuk semua jenjang pangkat.

3. Disclaimer: Berdasarkan UU No. 34 Tahun 2004.","(a) Ya, Pasal 25 berlaku untuk semua anggota TNI tanpa pengecualian. (b) Implikasinya adalah semua anggota TNI wajib mematuhi aturan ini.","[web_article] . Selepas Utut menyampaikan laporannya, Puan lantas menanyakan kepada anggota Dewan yang hadir apakah RUU tersebut dapat disepakati menjadi UU. Mayoritas menjawab setuju. Kami menanyakan kepada seluruh anggota apakah Rancangan UU tentang Perubahan atas UU Nomor 34 Tahun 2004 tentang TNI, apakah dapat disetujui untuk disahkan menjadi UU? kata Puan Maharani. Setuju, jawab peserta sidang diikuti dengan ketukan palu tanda pengesahan. SimakVideo Mahasiswa Bakar Ban dan Rusak Pagar Gerbang Pancasila D...

---

[web_article] . Untuk hal ini sudah jelas, Panglima TNI sudah menegaskan bahwa anggota TNI aktif yang menduduki jabatan sipil (Kementerian/Lembaga) di luar yang sudah diamanatkan dalam Pasal 47 UU No 34 /2004 (10 K/L, 14 K/L dalam Revisi UU TNI) harus pensiun dini/mengundurkan diri dari dinas keprajuritan, kata Kapuspen TNI Brigjen Kristomei Sianturi saat dihubungi melalui pesan singkat, Minggu (23/3/2024). SCROLL TO CONTINUE WITH CONTENT Perubahan pada Pasal 47 UU TNI yang lama dan RUU TNI yakni terletak pad...

---

[web_article] . Puan kemudian mempersilakan Ketua Panja RUU TNI, Utut Adianto, untuk menyampaikan laporan pembahasan RUU TNI. Utut menyampaikan beberapa poin krusial terkait kedudukan TNI, usia pensiun, hingga keterlibatan TNI aktif di kementerian atau lembaga. Ia memastikan tak adanya dwifungsi TNI dalam pembahasan revisi UU ini. Selepas Utut menyampaikan laporannya, Puan lantas menanyakan kepada anggota Dewan yang hadir apakah RUU tersebut dapat disepakati menjadi UU. Mayoritas menjawab setuju. Kami menanya...

---

[academic_draft] 22 C. UU Nomor 34 Tahun 2004 tentang TNI UU Nomor 34 Tahun 2004 tentang TNI (UU TNI) saat ini telah berlaku lebih kurang 20 (dua puluh) tahun. Tentu selama berlaku, ada beberapa ketentuan atau materi muatan yang sudah tidak sesuai dengan dinamika dan perkembangan yang ada. Salah satunya, terkait peran prajurit aktif TNI pada Kementerian/lembaga lain serta batasan usia prajurit TNI. D. Putusan Mahkamah Konstitusi UU TNI pernah diuji di Mahkamah Konstitusi...",0.6479647755622864
Apakah pengelolaan anggaran TNI termasuk dana non-bujeter?,"1. Inti Jawaban:
   - Tidak, karena harus melalui alokasi pemerintah (APBN) sesuai Pasal 68 ayat (1).
   - Implikasi praktis: Semua pendanaan TNI harus tercantum dalam dokumen anggaran resmi.

2. Rincian Analisis:
   a. Isu Pokok: Legalitas dana non-bujeter di TNI.
   b. Aturan & Unsur: Pasal 68 ayat (1) UU No. 34/2004 hanya mengakui anggaran yang dialokasikan pemerintah.
   c. Penerapan: Praktik dana non-bujeter bertentangan dengan prinsip transparansi dalam ayat (3).

3. Disclaimer: Kasus tertentu mungkin memiliki pengecualian yang diatur khusus.","1. Inti Jawaban: Tidak, karena semua anggaran TNI harus berasal dari APBN sesuai Pasal 66 ayat (1) UU No. 34/2004. 2. Rincian Analisis: a. Isu Pokok: Legalitas sumber pendanaan TNI. b. Aturan & Unsur: Pasal 66 ayat (1) UU No. 34/2004 mensyaratkan anggaran TNI hanya dari APBN. c. Penerapan: Dana non-bujeter tidak sah karena bertentangan dengan ketentuan hukum. 3. Disclaimer: Jawaban ini bersifat umum dan tidak menggantikan konsultasi hukum resmi.","[undang_undang] Pasal 69 Isi: Pengawasan dan pemeriksaan pengelolaan anggaran pertahanan negara oleh TNI dilakukan oleh Badan Pemeriksa Keuangan Republik Indonesia....

---

[undang_undang] Pasal 68 Isi: (1) TNI wajib mengelola anggaran pertahanan negara yang dialokasikan oleh pemerintah. (2) TNI wajib mempertanggungja wabkan pengelolaan anggaran pertahanan negara sebagaimana dimaksud pada ayat (1) kepada Menteri Pertahanan. (3) Pengelolaan anggaran pertahanan negara oleh TNI sebagaimana dimaksud pada ayat (2) dilaksanakan berdasarkan prinsip transparansi, akuntabilitas, pertanggungjawaban, serta efisiensi untuk menerapkan tata pemerintahan yang baik. (4) Pengelolaan anggaran perta...

---

[undang_undang] Pasal 67 Isi: (1) Dalam hal pemenuhan dukungan anggaran TNI, Panglima mengajukan kepada Menteri Pertahanan untuk dibiayai seluruhnya dari Anggaran Pendapatan dan Belanja Negara (2) Dalam hal pemenuhan dukungan anggaran operasi militer yang bersifat mendesak, Panglima mengajukan anggaran kepada Menteri Pertahanan untuk dibiayai dari anggaran kontijensi yang bersumber dari Anggaran Pendapatan dan Belanja Negara. (3) Dukungan sebagaimana dimaksud pada ayat (2) dimintakan persetujuan oleh Menteri Pe...

---

[web_article] . Puan kemudian mempersilakan Ketua Panja RUU TNI, Utut Adianto, menyampaikan laporan pembahasan RUU TNI. Utut menyampaikan beberapa poin krusial terkait kedudukan TNI, usia pensiun, hingga keterlibatan TNI aktif di kementerian atau lembaga. Ia memastikan tak ada dwifungsi TNI dalam pembahasan revisi UU ini. Selepas Utut menyampaikan laporannya, Puan lantas menanyakan kepada anggota Dewan yang hadir apakah RUU tersebut dapat disepakati menjadi UU. Mayoritas menjawab setuju. Kami menanyakan kepad...

---

[undang_undang] Pasal 66 Isi: (1) TNI dibiayai dari anggaran pertahanan negara yang berasal dari Anggaran Pendapatan dan Belanja Negara. (2) Keperluan anggaran sebagaimana dimaksud pada ayat (1) diajukan oleh Departemen Pertahanan....

---

[analysis_report] . Untuk mendukung aspek utama MEF TNI meliputi Alutsista, Harwat, Organisasi dan Sarana prasarana (Sarpras). Alokasi anggaran Base Line MEF TNI Tahap II pada Renstra Tahun 2015-2019 dengan rincian sebagai berikut: a) Secara keseluruhan Realisasi anggaran MEF tiga aspek utama meliputi Alutsista, Harwat dan Sarpras Tahun 2015-2019 dihadapkan dengan Renbut mencapai 32,75, bila dihadapkan dengan Baseline anggaran mencapai 47,29, bila alokasi anggaran MEF dihadapkan dengan DIPA rata-rata tiap tahunny...",0.6257549524307251
Siapa yang memimpin operasi gabungan TNI berdasarkan Pasal 4?,"1. Inti Jawaban: 
- Panglima TNI sebagai pimpinan tertinggi operasi gabungan. 

2. Rincian Analisis: 
a. Isu Pokok: Kewenangan komando dalam operasi multimatra. 
b. Aturan & Unsur: 
- Pasal 4 ayat (1) menyatakan Panglima memimpin operasi matra/gabungan. 
c. Penerapan: Sistem komando terpusat ini memastikan kesatuan sikap dalam misi bersama. 

3. Disclaimer: Peran Panglima dapat dipengaruhi oleh kebijakan pertahanan terkini.",1. Inti Jawaban: Panglima TNI sebagai pimpinan operasi gabungan. 2. Rincian Analisis: a. Isu Pokok: Hierarki kepemimpinan TNI. b. Aturan & Unsur: Pasal 4 ayat (1) menyatakan TNI terdiri atas tiga matra yang dipimpin Panglima. c. Penerapan: Panglima mengkoordinasikan operasi antar-matra. 3. Disclaimer: Informasi ini bersifat umum.,"[undang_undang] Pasal 4 Isi: (1) TNI terdiri atas TNI Angkatan Darat, TNI Angkatan Laut, dan TNI Angkatan Udara yang melaksanakan tugasnya secara matra atau gabungan di bawah pimpinan Panglima. (2) Tiap-tiap angkatan sebagaimana dimaksud pada ayat (1) mempunyai kedudukan yang sama dan sederajat....

---

[undang_undang] Pasal 12 Isi: (1) Organisasi TNI terdiri at as Markas Besar TNI yang membawahkan Markas Besar TNI Angkatan Darat, Markas Besar TNI Angkatan Laut, dan Markas Besar TNI Angkatan Udara. (2) Markas Besar TNI terdiri atas unsur pimpinan, unsur pembantu pimpinan, unsur pelayanan, badan pelaksana pusat, dan Komando Utama Operasi. (3) Markas Besar Angkatan terdiri atas unsur pimpinan, unsur pembantu pimpinan, unsur pelayanan, badan pelaksana pusat, dan Komando Utama Pembinaan. (4) Susunan organisasi TNI...

---

[web_article] . Kami nggak mau kembali ke zaman orba, jelasnya. SCROLL TO CONTINUE WITH CONTENT Pihaknya lalu menunjukkan tuntutan massa. Ada 8 poin dan sudah disiarkan dengan poster aksi. 1. Tolak revisi UU TNI yang sekarang2. Tolak fungsi TNI dalam ranah sipil3. Tolak fungsi TNI dalam operasi militer selain perang, terutama dalam ranah siber4. Bubarkan komando teritorial5. Tarik militer dari semua tanah Papua6. Revisi UU Peradilan Militer7. Kembalikan TNI ke barak8. Copot TNI dari jabatan-jabatan sipil Apa ...

---

[undang_undang] Pasal 3 Isi: (1) Dalam pengerahan dan penggu naan kekuatan militer, TNI berkedudukan di bawah Presiden. (2) Dalam kebijakan dan strategi pertahanan serta dukungan administrasi, TNI di bawah koordinasi Departemen Pertahanan. Penjelasan: Ayat (1) Yang dimaksud berkedudukan di bawah Presiden adalah bahwa keberadaan TNI di bawah kekuasaan Presiden. Ayat (2) Yang dimaksud dengan di bawah koordinasi Departemen Pertahanan adalah segala sesuatu yang berkaitan dengan perencanaan strategis yang meliputi a...

---

[undang_undang] Pasal 13 Isi: (1) TNI dipimpin oleh seorang Panglima. (2) Panglima sebagaimana dimaksud pada ayat (1) diangkat dan diberhentikan oleh Presiden setelah mendapat persetujuan Dewan Perwakilan Rakyat. (3) Pengangkatan dan pemberhentian Panglima dilakukan berdasarkan kepentingan organisasi TNI. (4) Jabatan Panglima sebagaimana dimaksud pada ayat (3) dapat dijabat secara bergantian oleh Perwira Tinggi aktif dari tiap-tiap Angkatan yang seda ng atau pernah menjabat sebagai Kepala Staf Angkatan. (5) Unt...",0.7410786151885986
Bagaimana proses pembuatan keputusan Panglima tentang kode etik sebagaimana dimaksud Pasal 38 ayat (2)?,"1. Inti Jawaban:
- Melalui mekanisme internal TNI dengan melibatkan stakeholders terkait.
- Implikasi praktis: Proses bersifat tertutup namun memperhatikan asas umum pemerintahan yang baik.

2. Rincian Analisis:
a. Isu Pokok: Prosedur pembentukan aturan etika militer.
b. Aturan & Unsur:
   - Pasal 38 ayat (2) UU No. 34/2004 sebagai landasan.
   - Unsur pembuatan meliputi kajian, pembahasan, dan validasi.
c. Penerapan: Biasanya melibatkan Pusat Pembinaan Mental TNI.

3. Disclaimer: Proses detail merupakan ranah internal TNI.","1. Inti Jawaban: Keputusan Panglima dibuat sesuai dengan ketentuan perundang-undangan dan kebijakan TNI.
2. Rincian Analisis:
    a. Isu Pokok: Prosedur pembuatan keputusan Panglima.
    b. Aturan & Unsur: Pasal 38 ayat (2) tidak merinci prosedur, tetapi keputusan Panglima harus memenuhi asas hukum.
    c. Penerapan: Prosesnya biasanya melibatkan konsultasi internal dan persetujuan formal.
3. Disclaimer: Informasi ini bersifat umum.","[undang_undang] Pasal 38 Isi: (1) Prajurit dalam menjalankan tugas dan kewajibannya, berpedoman pada Kode Etik Prajurit dan Kode Etik Perwira. (2) Ketentuan kode etik sebagaimana dimaksud pada ayat (1) diatur lebih lanjut dengan keputusan Panglima. Penjelasan: Ayat (1) Yang dimaksud dengan Kode Etik Prajurit antara lain Sapta Marga dan Delapan Wajib TNI, sedangkan Kode Etik Perwira adalah Budhi Bhakti Wira Utama. Ayat (2) Cukup jelas....

---

[undang_undang] Pasal 26 Isi: (1) Prajurit dikelompokkan dalam golongan kepangkatan perwira, bintara, dan tamtama. (2) Golongan kepangkatan sebagaimana dimaksud pada ayat (1), diatur lebih lanjut dengan keputusan Panglima....

---

[undang_undang] Pasal 46 Isi: (1) Jabatan tertentu dalam struktur di lingkungan TNI dapat diduduki oleh pegawai negeri sipil. (2) Ketentuan sebagaimana dimaksud pada ayat (1) diatur dengan keputusan Panglima....

---

[undang_undang] Pasal 32 Isi: (1) Tamtama dibentuk melalui pendidikan pertama tamtama yang langsung dari masyarakat. (2) Pendidikan tamtama sebagaimana dimaksud pada ayat (1) diatur lebih lanjut dengan keputusan Panglima....

---

[undang_undang] Pasal 33 Isi: (1) Perwira diangkat oleh Presiden atas usul Panglima. (2) Bintara dan tamtama diangkat oleh Panglima. (3) Ketentuan sebagaimana dimaksud pada ayat (1) dan ayat (2) diatur lebih lanjut dengan Peraturan Pemerintah....

---

[undang_undang] Pasal 34 Isi: (1) Pelantikan menjadi prajurit dilaksanakan dengan mengucapkan Sumpah Prajurit. (2) Pelantikan menjadi prajurit golongan perwira selain mengucapkan Sumpah Prajurit juga mengucapkan Sumpah Perwira. (3) Ketentuan mengenai tata ca ra pelantikan dan pengambilan sumpah sebagaimana dimaksud pada ayat (1) dan ayat (2), diatur lebih lanjut dengan keputusan Panglima....",0.8127857446670532
Apa saja jenis aktivitas bisnis TNI yang harus dialihkan ke Pemerintah?,"1. Inti Jawaban:
   - Semua aktivitas bisnis, baik yang dikelola langsung/tidak langsung oleh TNI.
   - Implikasi: Termasuk usaha milik satuan TNI atau yayasan terkait.

2. Rincian Analisis:
   a. Isu Pokok: Ruang lingkup bisnis yang dialihkan.
   b. Aturan & Unsur: Pasal 76 ayat (1) menggunakan frasa 'seluruh aktivitas bisnis' tanpa pengecualian.
   c. Penerapan: Pemerintah harus inventarisasi semua entitas bisnis TNI.

3. Disclaimer: Definisi 'tidak langsung' perlu penafsiran lebih lanjut.","A. Jenis aktivitas bisnis TNI yang harus dialihkan mencakup semua bentuk usaha milik TNI seperti perusahaan pertahanan, layanan jasa, atau investasi. B. Implikasi praktisnya adalah TNI tidak boleh lagi memiliki atau mengelola bisnis apa pun. C. Dasar hukumnya adalah Pasal 76 ayat (1) UU No. 34 Tahun 2004 tentang TNI.
### Disclaimer: Jawaban ini merujuk pada UU No. 34 Tahun 2004 tentang TNI tanpa mempertimbangkan revisi atau interpretasi lain.","[undang_undang] Pasal 76 Isi: (1) Dalam jangka waktu 5 (lim a) tahun sejak berlakunya UU ini, Pemerintah harus mengambil alih seluruh aktivitas bisnis yang dimiliki dan dikelola oleh TNI baik secara langsung maupun tidak langsung. (2) Tata cara dan ketentuan lebih lanjut mengenai pelaksanaan ayat (1) diatur dengan keputusan Presiden....

---

[academic_draft] . Penempatan prajurit aktif TNI pada kementerian/lembaga lain sudah dilakukan atas kebijakan Presiden. Saat ini yang diperlukan adalah menguatkan dasar hukumnya di dalam UU TNI. Penempatan prajurit aktif TNI pada kementerian/lembaga lain memberikan dampak positif bagi Pemerintah dan juga masyarakat. Publik harus diberikan pemahaman bahwa keterlibatan prajurit aktif TNI tersebut bukan bagian dari pelaksanaan dwi fungsi TNI. Sebab TNI tidak terlibat dalam politik praktis. Keterlibatan prajurit akt...

---

[web_article] . 2. Menjamin partisipasi publik yang bermakna dalam proses legislasi. Penyusunan RUU harus dilakukan secara transparan dan inklusif dengan melibatkan akademisi, masyarakat sipil, serta komunitas yang terdampak langsung oleh kebijakan ini. 3. Mencegah kembalinya dwifungsi TNI. Revisi UU TNI harus memperkuat peran TNI yang profesional dalam sektor keamanan serta memperkuat supremasi sipil. 4. Mengkaji ulang perpanjangan usia pensiun. Usulan perpanjangan masa dinas prajurit harus mempertimbangkan ...

---

[undang_undang] Pasal 5 Isi: TNI berperan sebagai alat negara di bidang pertahanan yang dalam menjalankan tugasnya berdasarkan kebijakan dan keputusan politik negara. Bagian Kedua Fungsi Penjelasan: Yang dimaksud dengan kebijakan dan keputusan politik negara adalah kebijakan politik pemerintah bersama-sama Dewan Perwakilan Rakyat yang dirumuskan melalui mekanisme hubungan kerja antara pemerintah dan Dewan Perwakilan Rakyat, seperti rapat konsultasi dan rapat kerja sesuai dengan peraturan perUUan....",0.6974368095397949
Apa yang dimaksud dengan struktur organisasi TNI menurut Pasal 12 UU No. 34 Tahun 2004?,"1. Inti Jawaban:
   - Struktur organisasi TNI terdiri dari Markas Besar TNI yang membawahi Markas Besar Angkatan Darat, Laut, dan Udara.
   - Implikasi praktisnya adalah adanya hierarki komando yang jelas dan pembagian tugas antara operasi dan pembinaan.

2. Rincian Analisis:
   a. Isu Pokok: Bagaimana struktur organisasi TNI diatur dan apa implikasinya.
   b. Aturan & Unsur: Pasal 12 ayat (1) menyebutkan Markas Besar TNI membawahi tiga angkatan. Ayat (2) dan (3) menjelaskan komponen Markas Besar TNI dan Angkatan.
   c. Penerapan: Struktur ini memastikan efektivitas komando dan operasi TNI.

3. Disclaimer: Penjelasan ini berdasarkan UU No. 34 Tahun 2004 dan tidak mencakup perubahan terbaru jika ada.",A. Inti Jawaban: Struktur organisasi TNI mencakup Markas Besar TNI dan Markas Besar Angkatan dengan hierarki yang jelas. B. Rincian Analisis: 1. Isu Pokok: Definisi organisasi TNI. 2. Aturan & Unsur: a. Pasal 12 ayat (1): Markas Besar TNI sebagai inti. b. Ayat (2)-(3): Substruktur operasi dan pembinaan. 3. Penerapan: Mempertegas koordinasi antar-matra. C. Disclaimer: Interpretasi dapat bervariasi.,"[web_article] . Peserta sidang menjawab setuju dan dengan demikian, UU yang mengatur perubahan UU Nomor 34 Tahun 2004 sah. Apa saja yang berubah dalam UU tersebut? Simak penjelasannya di bawah ini, yuk! DilihatdetikJogjadari dokumen UU Republik Indonesia Nomor 34 Tahun 2004 tentang TNI, tugas pokok TNI dibedakan menjadi 2 dalam pasal 7 ayat (2), yakni operasi militer untuk perang dan operasi militer selain perang. Untuk operasi militer selain perang, tugas TNI dirinci sebanyak 14 poin sebagaimana tertera dala...

---

[academic_draft] 22 C. UU Nomor 34 Tahun 2004 tentang TNI UU Nomor 34 Tahun 2004 tentang TNI (UU TNI) saat ini telah berlaku lebih kurang 20 (dua puluh) tahun. Tentu selama berlaku, ada beberapa ketentuan atau materi muatan yang sudah tidak sesuai dengan dinamika dan perkembangan yang ada. Salah satunya, terkait peran prajurit aktif TNI pada Kementerian/lembaga lain serta batasan usia prajurit TNI. D. Putusan Mahkamah Konstitusi UU TNI pernah diuji di Mahkamah Konstitusi...

---

[undang_undang] Pasal 12 Isi: (1) Organisasi TNI terdiri at as Markas Besar TNI yang membawahkan Markas Besar TNI Angkatan Darat, Markas Besar TNI Angkatan Laut, dan Markas Besar TNI Angkatan Udara. (2) Markas Besar TNI terdiri atas unsur pimpinan, unsur pembantu pimpinan, unsur pelayanan, badan pelaksana pusat, dan Komando Utama Operasi. (3) Markas Besar Angkatan terdiri atas unsur pimpinan, unsur pembantu pimpinan, unsur pelayanan, badan pelaksana pusat, dan Komando Utama Pembinaan. (4) Susunan organisasi TNI...",0.6482326984405518
Bagaimana TNI melindungi WNI di luar negeri?,"1. Inti Jawaban:
- Evakuasi dan pengamanan dalam kondisi darurat.
- Implikasi: Membentuk tim reaksi cepat.

2. Rincian Analisis:
a. Isu Pokok: Perlindungan WNI.
b. Aturan & Unsur: Pasal 7 ayat (2) huruf b angka 16 (perubahan).
c. Penerapan: Seperti evakuasi dari Yaman.

3. Disclaimer: Harus melalui Kemenlu.",(a) Inti Jawaban: TNI membantu menjaga kepentingan WNI di luar negeri sesuai Pasal 7 ayat (2) huruf b angka 10 UU No. 34/2004. (b) Rincian: 1. Mekanisme: Operasi militer selain perang. 2. Batasan: Sesuai ketentuan UU. (c) Disclaimer: Informasi bersifat umum.,"[web_article] . TNI juga kini wajib membantu dalam melindungi dan menyelamatkan warga negara serta kepentingan nasional di luar negeri. Berikut bunyi pasalnya: Pelaksanaan operasi militer selain perang sebagaimana dimaksud pada ayat (2) huruf b diatur lebih lanjut dengan Peraturan Pemerintah atau Peraturan Presiden, kecuali untuk ayat (2) huruf b angka 10. Dalam pasal 47, ada penambahan 4 posisi jabatan publik yang bisa diisi TNI aktif dari yang sebelumnya 10 kini menjadi 14. Penambahan 4 kementerian/lembaga ...

---

[web_article] . Untuk operasi militer selain perang, tugas TNI dirinci sebanyak 14 poin sebagaimana tertera dalam huruf b ayat (2) pasal 7. Dua di antaranya tugas tambahan TNI membantu dalam upaya menanggulangi ancaman pertahanan siber dan membantu dalam melindungi dan menyelamatkan warga negara serta kepentingan nasional di luar negeri. Kemudian pasal 47 UU Nomor 34 Tahun 2004. Pasal ini mengatur tentang kementerian atau lembaga yang dapat diisi TNI. Lalu, mengenai batas usia pensiun TNI. Sebelum direvisi, a...

---

[web_article] . Sebelumnya ada 14 dan kini menjadi 16. Dua tambahan tugas TNI dalam operasi militer selain perang adalah membantu dalam upaya menanggulangi ancaman siber dan membantu melindungi dan menyelamatkan warga negara serta kepentingan nasional di luar negeri. Melalui pasal ini, kementerian/lembaga dapat Diisi TNI. Pada pasal 47, terdapat penambahan 4 posisi jabatan publik yang dapat diisi TNI aktif. Sebelumnya 10, kini menjadi 14. Pasal 53 RUU TNI mengubah batas usia pensiun prajurit. Revisi UU TNI in...

---

[legal_request] . Bahwa UU Nomor 3 tahun 2025 Tentang Perubahan atas UU Nomor 34 Tahun 2004 tentang TNI ini juga menambahkan dua tugas baru dalam OMSP (OMSP) yang diatur dalam Pasal 7: 1) Menanggulangi ancaman siber: Melindungi dan menyelamatkan warga negara serta kepentingan nasional di luar negeri, hal Penambahan tugas ini membuka peluang semakin luasnya peran militer di sektor sipil, yang berisiko menggeser demokrasi ke arah militerisme. Penanganan ancaman siber yang seharusnya menjadi tanggung jawab Badan S...

---

[analysis_report] 46 EDISI KHUSUS 2019 TNI dengan tetap meneguhkan komitmen untuk menjadi TNI yang kuat, hebat dan professional. Bentuk komitmen TNI tersebut diperlihatkan dengan terus memantapkan kemanunggalan TNI rakyat, meningkatkan semangat pengabdian, kualitas kinerja, etos kerja dan memberikan yang terbaik untuk bangsa dalam mengemban setiap tugas. Untuk melaksanakan tugas pokoknya selain penugasan di dalam negeri, TNI juga melaksanakan kegiatan di luar negeri dalam rangka menjaga nama baik Bangsa Indonesia...",0.6078493595123291
Apa peran masyarakat dalam mendukung tugas Angkatan Darat menurut Pasal 8?,"1. Inti Jawaban: Masyarakat berperan melalui sistem pertahanan semesta dengan mendukung program pembinaan teritorial dan melaporkan ancaman keamanan. Implikasinya, dibutuhkan kesadaran bela negara. 2. Rincian Analisis: a. Isu Pokok: Peran sipil dalam pertahanan. b. Aturan & Unsur: Konsep pemberdayaan wilayah dalam Pasal 8 ayat (1) huruf d. c. Penerapan: AD membina komponen cadangan dan pendukung pertahanan. 3. Disclaimer: Peran masyarakat bersifat non-militer.",A. Masyarakat tidak memiliki peran resmi dalam tugas Angkatan Darat. B. Jawaban ini tidak relevan karena pertanyaan tidak terkait dengan jawaban. C. Jawaban benar jika pertanyaan tentang peran sipil. D. Jawaban salah karena tidak ada hubungan langsung. E. Jawaban tidak dapat dinilai karena tidak relevan.,"[undang_undang] Pasal 8 Isi: Angkatan Darat bertugas: a. melaksanakan tugas TNI matra darat di bidang pertahanan; b. melaksanakan tugas TNI dalam menjaga keamanan wilayah perbatasan darat dengan negara lain; c. melaksanakan tugas TNI dalam pembangunan dan pengembangan kekuatan matra darat; serta d. melaksanakan pemberdayaan wilayah pertahanan di darat. Penjelasan: Huruf a Cukup jelas. Huruf b Yang dimaksud dengan menjaga keamanan wilayah perbatasan darat adalah segala upaya, pekerjaan, dan kegiatan untuk menjam...

---

[undang_undang] Pasal 16 Isi: Tugas dan kewajiban Kepala Staf Angkatan adalah: 1. memimpin Angkatan dalam pembinaan kekuatan dan kesiapan operasional Angkatan; 2. membantu Panglima dalam menyusun kebijakan tentang pengembangan postur, doktrin, dan strategi serta operasi militer sesuai dengan matra masing-masing 3. membantu Panglima dalam penggunaan komponen pertahanan negara sesuai dengan kebutuhan Angkatan; serta 4. melaksanakan tugas lain sesuai dengan matra masing- masing yang diberikan oleh Panglima....

---

[undang_undang] Pasal 9 Isi: Angkatan Laut bertugas: a. melaksanakan tugas TNI matra laut di bidang pertahanan; b. menegakkan hukum dan menjaga keamanan di wilayah laut yurisdiksi nasional sesuai dengan ketentuan hukum nasional dan hukum internasional yang telah diratifikasi; c. melaksanakan tugas diplomasi Angkatan Laut dalam rangka mendukung kebijakan politik luar negeri yang ditetapkan oleh pemerintah; d. melaksanakan tugas TNI dalam pembangunan dan pengembangan kekuatan matra laut; serta e. melaksanakan pem...

---

[analysis_report] . Khusus dalam tugas OMSP, berbagai tugas telah dilakukan oleh prajurit TNI dengan sangat baik, bahkan melebihi panggilan tugasnya. Setiap prajurit dituntut mengedepankan tugas dan kepentingan masyarakat di atas kepentingan pribadi. Sekecil apapun sikap dan tindakan primitif akan mengganggu bahkan merusak jati diri TNI, sebagai tentara rakyat, tentara pejuang, tentara nasional dan tentara profesional. Prestasi dan kinerja optimal TNI yang telah mendapatkan penilaian positif dari masyarakat diper...

---

[academic_draft] 7 menyelenggarakan pemerintahan negara melalui lembaga- lembaga negara. Lembaga-lembaga negara itu, merupakan representasi dari cabang-cabang kekuasaan negara di bidang legislatif, eksekutif, dan juga yudikatif. Masing-masing lembaga negara menjalankan fungsi, wewenang, dan tugasnya sesuai dengan ketentuan peraturan perUUan guna mewujudkan tujuan negara sebagaimana dimaksud dalam Pembukaan UUD NRI Tahun 1945. Terkait dengan pertahanan negara, Pasal 30 ayat (2) UUD NRI Tahun 1945 mengatur bahwa u...

---

[web_article] . TNI juga kini wajib membantu dalam melindungi dan menyelamatkan warga negara serta kepentingan nasional di luar negeri. Berikut bunyi pasalnya: Pelaksanaan operasi militer selain perang sebagaimana dimaksud pada ayat (2) huruf b diatur lebih lanjut dengan Peraturan Pemerintah atau Peraturan Presiden, kecuali untuk ayat (2) huruf b angka 10. Dalam pasal 47, ada penambahan 4 posisi jabatan publik yang bisa diisi TNI aktif dari yang sebelumnya 10 kini menjadi 14. Penambahan 4 kementerian/lembaga ...",0.6830915212631226
Apa yang dimaksud dengan Sumpah Prajurit?,"1. Inti Jawaban:
- Sumpah Prajurit adalah pernyataan kesetiaan dan ketaatan Prajurit kepada Tuhan dan negara.
- Implikasi praktisnya adalah bahwa setiap Prajurit wajib mengucapkannya saat dilantik.

2. Rincian Analisis:
a. Isu Pokok: Makna dan kewajiban Sumpah Prajurit.
b. Aturan & Unsur: Pasal 25 ayat (2) UU No. 34 Tahun 2004 menyatakan kewajiban ini.
c. Penerapan: Sumpah Prajurit menjadi dasar komitmen moral dan hukum.

3. Disclaimer: Penjelasan berdasarkan UU No. 34 Tahun 2004.","A. Inti Jawaban: Sumpah Prajurit adalah komitmen prajurit terhadap NKRI, hukum, dan atasan. B. Rincian: 1. Isu: Definisi sumpah prajurit. 2. Aturan: Pasal 35 UU No. 34/2004 menyebut sumpah prajurit mencakup kesetiaan, patuh hukum, dan disiplin. 3. Implikasi: Prajurit harus mematuhi semua elemen sumpah ini. C. Disclaimer: Penjelasan bersifat umum.","[undang_undang] Pasal 35 Isi: Sumpah Prajurit adalah sebagai berikut: Demi Allah saya bersumpah/berjanji: bahwa saya akan setia kepada Negara Kesatuan Republik Indonesia yang berdasarkan Pancasila dan UU Dasar Negara Republik Indonesia Tahun 1945; bahwa saya akan tunduk kepada hukum dan memegang teguh disiplin keprajuritan; bahwa saya akan taat kepada atasan dengan tidak membantah perintah atau putusan bahwa saya akan menjalankan segala kewajiban dengan penuh rasa tanggung jawab kepada tentara dan Negara Republ...

---

[undang_undang] Pasal 34 Isi: (1) Pelantikan menjadi prajurit dilaksanakan dengan mengucapkan Sumpah Prajurit. (2) Pelantikan menjadi prajurit golongan perwira selain mengucapkan Sumpah Prajurit juga mengucapkan Sumpah Perwira. (3) Ketentuan mengenai tata ca ra pelantikan dan pengambilan sumpah sebagaimana dimaksud pada ayat (1) dan ayat (2), diatur lebih lanjut dengan keputusan Panglima....

---

[undang_undang] Pasal 61 Isi: (1) Prajurit yang diberhentikan dengan hormat dari dinas keprajuritan berhak memakai tanda jasa kenegaraan yang dimilikinya pada waktu menghadiri upacara nasional atau kemiliteran sesuai yang diperolehnya pada saat masih berdinas aktif. (2) Pelaksanaan ketentuan sebagaimana dimaksud pada ayat (1) diatur dengan keputusan Presiden....

---

[undang_undang] Pasal 37 Isi: (1) Prajurit berkewajiban menjunjung tinggi kepercayaan yang diberikan oleh bangsa dan negara untuk melakukan usaha pembelaan negara sebagaimana termuat dalam Sumpah Prajurit (2) Untuk keamanan negara, setiap prajurit yang telah berakhir menjalani dinas keprajuritan atau prajurit siswa yang karena suatu hal tidak dilantik menjadi prajurit, wajib memegang teguh rahasia tentara walaupun yang bersangkutan diberhentikan dengan hormat atau dengan tidak hormat....

---

[undang_undang] Pasal 25 Isi: (1) Prajurit adalah insan prajurit yang: a. beriman dan bertakwa kepada Tuhan Yang Maha Esa; b. setia kepada Negara Kesatuan Republik Indonesia yang berdasarkan Pancasila dan UU Dasar Negara Republik Indonesia Tahun 1945; c. bermoral dan tunduk pada hukum serta peraturan perUUan; d. berdisiplin serta taat kepada atasan; dan e. bertanggung jawab dan melaksanakan kewajibannya sebagai tentara. (2) Prajurit sebagaimana dimaksud pada ayat (1), diwajibkan mengucapkan Sumpah Prajurit. Pen...

---

[undang_undang] Pasal 44 Isi: (1) Prajurit yang mendapat tugas dengan pertaruhan jiwa raga secara langsung dan berjasa melampaui panggilan tugas dapat dianugerahi kenaikan pangkat luar biasa. (2) Ketentuan sebagaimana dimaksud pada ayat (1) diatur dengan Peraturan Pemerintah. Penjelasan: Ayat (1) Yang dimaksud dengan melampaui panggilan tugas adalah bahwa seseorang prajurit TNI tanpa memperdulikan keselamatan jiwanya melakukan tindakan kepahlawanan dalam suatu tugas demi bangsa dan negara, walaupun tindakan itu...",0.5839195251464844
Apa isi Sumpah Perwira menurut Pasal 36 UU No. 34 Tahun 2004 tentang TNI?,"1. Inti Jawaban:
   - Sumpah Perwira berisi janji setia perwira kepada NKRI berdasarkan Pancasila dan UUD 1945, komitmen menegakkan harkat martabat perwira, memimpin dengan teladan, serta kesediaan berkorban untuk nusa dan bangsa.
   - Implikasi praktis: Menjadi landasan moral dan hukum bagi perwira dalam menjalankan tugas kepemimpinan.

2. Rincian Analisis:
   a. Isu Pokok: Konsekuensi yuridis dan operasional dari Sumpah Perwira.
   b. Aturan & Unsur: Pasal 36 UU TNI mengatur 4 poin utama: (1) Loyalitas konstitusional, (2) Penegakan Sapta Marga, (3) Tanggung jawab kepemimpinan, (4) Kesediaan berkorban.
   c. Penerapan: Setiap pelantikan perwira wajib melaksanakan sumpah ini sebagai binding force hukum dan etika militer.

3. Disclaimer: Analisis berdasarkan teks hukum tanpa interpretasi subjektif.","A. Inti Jawaban: Isu pokoknya adalah sumpah perwira TNI. Implikasinya, sumpah perwira harus dibaca secara utuh. B. Rincian Analisis:1. Isu Pokok: Sumpah perwira TNI. 2. Aturan & Unsur: a. Pasal 36 ayat (1): 'Perwira wajib bersumpah setelah dilantik sebagai perwira.' b. Ayat (2): Sumpah perwira diatur lebih lanjut. 3. Penerapan: Sumpah perwira merupakan komitmen moral perwira. C. Disclaimer: Penjelasan ini hanya untuk edukasi.","[web_article] Judul: Apa Isi UU TNI Terbaru? Ini Daftar Pasal yang Direvisi dan Disahkan DPR,21 Mar 2025 13:05,https://www.detik.com/jogja/berita/d-7834561/apa-isi-uu-tni-terbaru-ini-daftar-pasal-yang-direvisi-dan-disahkan-dpr,Dewan Perwakilan Rakyat (DPR) resmi mengesahkan Rancangan UU (RUU) Perubahan UU Nomor 34 Tahun 2004 tentang TNI. Apa isi UU TNI terbaru? Berikut ini daftar pasal yang direvisi! DilansirdetikNews, pengesahan RUU TNI dilakukan melalui rapat paripurna yang digelar pada Kamis, 20 Maret 2025...

---

[academic_draft] 22 C. UU Nomor 34 Tahun 2004 tentang TNI UU Nomor 34 Tahun 2004 tentang TNI (UU TNI) saat ini telah berlaku lebih kurang 20 (dua puluh) tahun. Tentu selama berlaku, ada beberapa ketentuan atau materi muatan yang sudah tidak sesuai dengan dinamika dan perkembangan yang ada. Salah satunya, terkait peran prajurit aktif TNI pada Kementerian/lembaga lain serta batasan usia prajurit TNI. D. Putusan Mahkamah Konstitusi UU TNI pernah diuji di Mahkamah Konstitusi...

---

[web_article] . Seperti diketahui, UU TNI disahkan oleh DPR RI di ruang Paripurna gedung DPR RI, Senayan, Jakarta Pusat pada Kamis (20/3). UU tersebut perubahan atas UU nomor 34 Tahun 2004 tentang TNI. Tuntutan kami Cabut UU TNI yang sudah disahkan, jaga supremasi sipil, jangan sampai masalah UU TNI melebar dan menghianati reformasi, terang korlap aksi dari HMI Mojokerto, Ambang M Irawan kepada wartawan di lokasi, Selasa (25/3/2025). Tak lama kemudian, Ketua DPRD Kabupaten Mojokerto Ayni Zuroh menemui para ma...",0.6170254945755005
Apa kewajiban TNI terkait pengelolaan anggaran pertahanan negara menurut UU No. 34 Tahun 2004?,"1. Inti Jawaban:
   - TNI wajib mengelola anggaran pertahanan negara yang dialokasikan pemerintah dan mempertanggungjawabkannya kepada Menteri Pertahanan.
   - Implikasi praktis: TNI harus memastikan pengelolaan anggaran dilakukan secara transparan, akuntabel, efisien, dan sesuai peraturan perundang-undangan.

2. Rincian Analisis:
   a. Isu Pokok: Kewajiban TNI dalam pengelolaan dan pertanggungjawaban anggaran pertahanan.
   b. Aturan & Unsur: Pasal 68 ayat (1)-(4) UU No. 34/2004 mengatur:
      - Ayat (1): Kewajiban mengelola anggaran.
      - Ayat (2): Kewajiban pertanggungjawaban kepada Menteri Pertahanan.
      - Ayat (3): Prinsip pengelolaan (transparansi, akuntabilitas, efisiensi).
      - Ayat (4): Dasar hukum pengelolaan (peraturan perundang-undangan).
   c. Penerapan: TNI harus memiliki sistem pengelolaan anggaran yang jelas dan diaudit untuk memenuhi prinsip tata kelola yang baik.

3. Disclaimer: Analisis ini berdasarkan UU No. 34/2004 tanpa mempertimbangkan perubahan atau putusan pengadilan terkait.","A. Inti Jawaban: TNI wajib mengelola anggaran pertahanan negara dengan prinsip transparansi, akuntabilitas, pertanggungjawaban, dan efisiensi. B. Rincian Analisis: 1. Isu Pokok: Kewajiban TNI dalam pengelolaan anggaran. 2. Aturan & Unsur: Pasal 68 ayat (1)-(4) UU No. 34 Tahun 2004 mensyaratkan kewajiban TNI untuk mengelola anggaran pertahanan negara. 3. Penerapan: Prinsip-prinsip tersebut harus menjadi dasar operasional TNI dalam pengelolaan anggaran. C. Disclaimer: Informasi ini bersifat informatif dan tidak dapat digunakan sebagai pengganti konsultasi hukum resmi.","[legal_request] . (3) TNI terdiri atas Angkatan Darat, Angkatan Laut dan Angkatan Udara sebagai alat negara bertugas mempertahankan, melindungi Kemudian Pasal 3 ayat (1) UU No. 3 Tahun 2002 Tentang Pertahanan Negara, mengatur: Pertahanan negara disusun berdasarkan prinsip demokrasi, hak asasi manusia, kesejahteraan umum, lingkungan hidup, ketentuan hukum nasional, hukum internasional dan kebiasaan internasional, serta prinsip hidup berdampingan secara damai. UU No. 3 Tahun 2025 menyangkut usaha pertahanan dan k...

---

[undang_undang] Pasal 68 Isi: (1) TNI wajib mengelola anggaran pertahanan negara yang dialokasikan oleh pemerintah. (2) TNI wajib mempertanggungja wabkan pengelolaan anggaran pertahanan negara sebagaimana dimaksud pada ayat (1) kepada Menteri Pertahanan. (3) Pengelolaan anggaran pertahanan negara oleh TNI sebagaimana dimaksud pada ayat (2) dilaksanakan berdasarkan prinsip transparansi, akuntabilitas, pertanggungjawaban, serta efisiensi untuk menerapkan tata pemerintahan yang baik. (4) Pengelolaan anggaran perta...

---

[academic_draft] . Berdasarkan hal tersebut, ada 3 (tiga) aspek yang terkait dengan masalah pertahanan negara, yaitu: keutuhan negara, kedaulatan negara, dan keselamatan negara. Ketentuan mengenai TNI lebih lanjut diatur dalam UU Nomor 34 Tahun 2004 tentang TNI (UU TNI). Sebelum dibentuk UU TNI, ketentuan mengenai TNI diatur dalam Ketetapan MPR Nomor VI/MPR/2000 tentang Pemisahan TNI dan Kepolisian Negara Republik Indonesia, dan Ketetapan MPR...

---

[academic_draft] . Sebagai kekuatan utama yang menurut UU Nomor 3 Tahun 2002 tentang Pertahanan Negara disebut sebagai komponen utama dalam sistem pertahanan negara, TNI merupakan alat negara yang bertugas mempertahankan, melindungi, dan memelihara keutuhan dan kedaulatan negara. Dalam Pasal 30 ayat (5) UUD NRI Tahun 1945 disebutkan bahwa susunan, kedudukan, hubungan, dan kewenangan TNI dalam melaksanakan tugas, termasuk syarat-syarat keikutsertaan...

---

[academic_draft] 22 C. UU Nomor 34 Tahun 2004 tentang TNI UU Nomor 34 Tahun 2004 tentang TNI (UU TNI) saat ini telah berlaku lebih kurang 20 (dua puluh) tahun. Tentu selama berlaku, ada beberapa ketentuan atau materi muatan yang sudah tidak sesuai dengan dinamika dan perkembangan yang ada. Salah satunya, terkait peran prajurit aktif TNI pada Kementerian/lembaga lain serta batasan usia prajurit TNI. D. Putusan Mahkamah Konstitusi UU TNI pernah diuji di Mahkamah Konstitusi...

---

[undang_undang] Pasal 69 Isi: Pengawasan dan pemeriksaan pengelolaan anggaran pertahanan negara oleh TNI dilakukan oleh Badan Pemeriksa Keuangan Republik Indonesia....",0.7162978649139404
Bagaimana jika calon prajurit berusia 17 tahun?,"1. Inti Jawaban:
- Tidak memenuhi syarat karena Pasal 28 ayat (1) huruf d menetapkan minimal 18 tahun.
- Implikasi: Usia menjadi batasan legal yang bersifat imperatif.

2. Rincian Analisis:
a. Isu Pokok: Batas usia minimum keprajuritan.
b. Aturan & Unsur: Pasal 28 ayat (1) huruf d menyatakan 'paling rendah 18 tahun'.
c. Penerapan: Calon harus memenuhi usia saat dilantik, bukan saat pendaftaran.

3. Disclaimer: Pengecualian mungkin berlaku untuk program khusus yang diatur lebih lanjut oleh Menhan.","1. Inti Jawaban: Pasal 71 tidak mencakup kasus ini karena berada di luar lingkup penjelasannya. Implikasi: Harus merujuk pada Pasal 29 UU No. 34/2004 tentang kelayakan umur. 2. Rincian Analisis: a. Isu Pokok: Validitas aturan untuk semua usia. b. Aturan & Unsur: Pasal 71 hanya menyangkut perubahan usia pensiun, bukan syarat masuk. c. Penerapan: Kasus ini harus diproses sesuai ketentuan lain. 3. Disclaimer: Informasi ini bersifat informatif.","[undang_undang] Pasal 71 Isi: Pada saat berlakunya UU ini, ketentuan tentang usia pensiun sebagaimana dimaksud pada 53, diatur sebagai berikut: a. Usia pensiun paling tinggi 58 (lima puluh delapan) tahun bagi perwira dan 53 (lima puluh tiga) tahun bagi bintara dan tamtama, hanya berlaku bagi prajurit TNI yang pada tanggal UU ini diundangkan belum dinyatakan pensiun dari dinas TNI; b. Pelaksanaan ketentuan sebagaimana dimaksud pada huruf a diatur secara bertahap: 1. Perwira yang tepat berusia atau belum genap be...

---

[web_article] . Sementara itu, untuk pangkat bintara dan tamtama, hingga usia maksimal 53 tahun. Prajurit melaksanakan dinas keprajuritan sampai usia paling tinggi 58 (lima puluh delapan) tahun bagi perwira, dan 53 (lima puluh tiga) tahun bagi bintara dan tamtama. Usai diubah, batas usia pensiun prajurit menjadi: Demikian informasi lengkap mengenai pasal-pasal yang diubah dalam RUU TNI kemarin. Semoga bisa menjawab pertanyaan detikers, ya! Isi: nan...

---

[undang_undang] Pasal 53 Isi: Prajurit melaksanakan dinas keprajuritan sampai usia paling tinggi 58 (lima puluh delapan) tahun bagi perwira, dan 53 (lima puluh tiga) tahun bagi bintara dan tamtama. Perubahan: (1) Prajurit melaksanakan dinas keprajuritansampai dengan batas usia pensiun.(2) Batas usia pensiun Prajurit sebagaimanadimaksud pada ayat (1) diatur dengan ketentuansebagai berikut:a. bintara dan tamtama paling tinggi 55 (limapuluh lima) tahun;b. perwira sampai dengan pangkat kolonelpaling tinggi 58 (lima...

---

[academic_draft] . Apalagi jika hal ini dibandingkan dengan batasan usia bagi anggota Polri dan juga pegawai ASN. Batasan usia masa dinas prajurit TNI perlu diubah dan diperpanjang demi optimalisasi sumber daya manusia yang ada di institusi TNI, memberikan jaminan kesejahteraan bagi keluarga prajurit TNI, serta memberikan keadilan dan perlakukan yang sama dihadapan hukum kepada para prajurit TNI....",0.46543169021606445
Apa yang dimaksud dengan 'operasi militer untuk perang'?,"1. Inti Jawaban:
- Penggunaan kekuatan TNI melawan agresi militer negara lain dengan tunduk pada hukum perang.
- Implikasi: Memerlukan pernyataan perang resmi dari pemerintah.

2. Rincian Analisis:
a. Isu Pokok: Definisi perang dalam konteks TNI.
b. Aturan & Unsur: Pasal 7 ayat (2) huruf a dan penjelasannya.
c. Penerapan: Termasuk respon terhadap invasi, bombardemen, atau blokade musuh.

3. Disclaimer: Harus ada mandat politik yang sah.",A. Operasi militer untuk perang adalah aktivitas militer yang bertujuan menegakkan kedaulatan negara melalui penggunaan kekuatan bersenjata. B. Implikasi praktisnya adalah bahwa operasi ini harus mematuhi hukum internasional dan domestik. C. Dasar hukumnya adalah Pasal 47 ayat (2) huruf b UU No. 34 Tahun 2004 tentang TNI.,"[undang_undang] Pasal 64 Isi: Hukum militer dibina dan dike mbangkan oleh pemerintah untuk kepentingan penyelenggaraan pertahanan negara. Penjelasan: Yang dimaksud dengan hukum m iliter adalah semua perundang- undangan nasional yang subjek hukumnya adalah anggota militer atau orang yang dipersamakan sebagai militer berdasarkan perUUan yang berlaku. Di samping itu segala hukum dan ketentuan perUUan yang dipakai sebagai dasar pelaksanaan tugas TNI dalam melaksanakan fungsi pertahanan negara dikategorikan sebagai ...

---

[web_article] . TNI juga kini wajib membantu dalam melindungi dan menyelamatkan warga negara serta kepentingan nasional di luar negeri. Berikut bunyi pasalnya: Pelaksanaan operasi militer selain perang sebagaimana dimaksud pada ayat (2) huruf b diatur lebih lanjut dengan Peraturan Pemerintah atau Peraturan Presiden, kecuali untuk ayat (2) huruf b angka 10. Dalam pasal 47, ada penambahan 4 posisi jabatan publik yang bisa diisi TNI aktif dari yang sebelumnya 10 kini menjadi 14. Penambahan 4 kementerian/lembaga ...

---

[analysis_report] . Artinya, sekarang perang bukan hanya berhubungan dengan kekuatan fisik atau berhadapan secara langsung (face to face) sebagaimana yang terjadi dalam perang dunia I dan II. Perang saat ini telah mengalami suatu bentuk pergeseran (shiffting) paradigma. Dengan perkembangan ilmu pengetahuan dan teknologi (IPTEK) mulai bermunculan istilah berbagai macam perang, yakni: perang asimetris, perang ideologi, perang pola pikir (mindset), perang informasi, dan masih banyak lagi yang lainnya...

---

[analysis_report] . Dalam khasanah internasional sesungguhnya kemanunggalan militer dan rakyat bukanlah suatu prilaku penyimpangan. Beberapa konsep yang sudah lama dikenal seperti Civil-Military Cooperation (Terminologi dari NATO) atau Civil Military Coordination (Terminologi dari PBB) merupakan perwujudan dari sinergitas militer dengan masyarakat. Dalam bidang akademis, sebagai sebuah universitas negeri, Universitas Pertahanan Indonesia (Unhan) membuka kesempatan kepada semua lapisan masyarakat untuk menjadi mah...

---

[analysis_report] . Untuk mendukung hal itu, diplomasi militer dalam konteks pertahanan merupakan salah satu bagian kekuatan negara dalam mewujudkan kepentingan nasionalnya. Bahkan, dengan diplomasi militer dijadikan alat negara di bidang pertahanan tampa dukungan komponen cadangan dan komponen pendukung, terus melakukan penyesuaian manajemen hubungan internasionalnya guna menjawab tuntutan nasional/ reformasi dan tantangan global. Diplomasi dapat dipahami sebagai implementasi dari kebijakan luar negeri suatu neg...

---

[analysis_report] . Minimum Essential Force TNI 2015. Jakarta: Kemhan, hlm. 2). Pembangunan postur pertahanan militer telah ditetapkan sebagai satu kebijakan di bidang pertahanan yang komprehensif dan dapat dijadikan sebagai pedoman dalam mewujudkannya. Upaya mencapai terwujudnya postur pertahanan militer yang ideal tidak dapat diwujudkan dalam waktu singkat dihadapkan dengan keterbatasan kemampuan dari berbagi pihak, seperti pemerintah dalam hal penganggaran dan industri pertahanan nasional dalam hal pemenuhan k...",0.6204487681388855
"Apakah pendidikan perwira, bintara, dan tamtama diatur dalam peraturan terpisah?","1. Inti Jawaban:
   - Pendidikan perwira, bintara, dan tamtama diatur lebih lanjut oleh Panglima TNI.
   - Implikasi praktisnya adalah adanya fleksibilitas dalam menyesuaikan kurikulum dan metode pendidikan dengan kebutuhan TNI.

2. Rincian Analisis:
   a. Isu Pokok: Regulasi lebih lanjut tentang pendidikan prajurit.
   b. Aturan & Unsur: Pasal 29 ayat (2) UU No. 34 Tahun 2004 memberikan kewenangan kepada Panglima untuk mengatur pelaksanaan pendidikan.
   c. Penerapan: Panglima dapat mengeluarkan keputusan atau pedoman khusus untuk setiap jenjang pendidikan.

3. Disclaimer: Informasi ini bersifat umum dan tidak menggantikan konsultasi hukum dengan ahli di bidangnya.","1. Inti Jawaban:
    a. Ya, pendidikan perwira, bintara, dan tamtama diatur dalam peraturan tersendiri.
    b. Implikasi: Setiap tingkat pendidikan memiliki standar dan prosedur khusus.
2. Rincian Analisis:
    a. Isu Pokok: Regulasi pendidikan militer.
    b. Aturan & Unsur: Pasal 29 ayat (1) menyebut pendidikan perwira, bintara, dan tamtama. Pasal 30 ayat (1) mengatur pendidikan perwiral.
    c. Penerapan: Keputusan Panglima mengatur detail implementasi.
3. Disclaimer: Informasi ini bersifat umum dan tidak menggantikan konsultasi hukum resmi.","[undang_undang] Pasal 29 Isi: (1) Pendidikan untuk pengangk atan prajurit terdiri atas pendidikan perwira, bintara, dan tamtama. (2) Pelaksanaan pendidikan sebagaimana dimaksud pada ayat (1) diatur lebih lanjut dengan keputusan Panglima....

---

[undang_undang] Pasal 30 Isi: (1) Perwira dibentuk melalui: a. pendidikan pertama perwira bagi yang berasal langsung dari masyarakat: 1. Akademi TNI, dengan masukan dari Sekolah Lanjutan Tingkat Atas; dan 2. Sekolah Perwira, dengan masukan dari Sekolah Lanjutan Tingkat Atas atau Perguruan Tinggi. b. pendidikan pembentukan perwira yang berasal dari prajurit golongan bintara. (2) Pendidikan perwira sebagaimana dimaksud pada ayat (1) diatur lebih lanjut dengan keputusan Panglima....

---

[analysis_report] . Konsep yang pertama menempatkan peran militer dalam ketatanegaraan sangat dominan dan peran sipil sangat terbatas. Situasi seperti ini berlangsung dalam pemerintahan yang bersifat otoriter dan sejarah dunia mencatat dengan baik contoh- contoh penerapan situasi tersebut di banyak negara. Sebaiknya, pada konsep yang kedua, kebijakan politik negara dikuasai sepenuhnya oleh pihak sipil, dan tentara hanya bekerja dalam bidang penanggulangan ancaman kekuatan bersenjata terhadap kedaulatan, keutuhan,...

---

[analysis_report] . pendidikan kewarganegaraan; b. pelatihan dasar kemiliteran secara wajib; c. pengabdian sebagai prajurit TNI secara suka rela atau secara wajib; dan d. pengabdian sesuai dengan profesi. Usaha pembelaan negara dalam rangka penyelenggaraan pertahanan perlu dibangun dan dikembangkan secara berlanjut dan terarah agar dalam pengerahan dan penggunaan kesiapannya dapat terwujud. Usaha-usaha tersebut Sumber : Biro Humas Kemhan Sumber : Biro Humas Kemhan...

---

[undang_undang] Pasal 44 Isi: (1) Prajurit yang mendapat tugas dengan pertaruhan jiwa raga secara langsung dan berjasa melampaui panggilan tugas dapat dianugerahi kenaikan pangkat luar biasa. (2) Ketentuan sebagaimana dimaksud pada ayat (1) diatur dengan Peraturan Pemerintah. Penjelasan: Ayat (1) Yang dimaksud dengan melampaui panggilan tugas adalah bahwa seseorang prajurit TNI tanpa memperdulikan keselamatan jiwanya melakukan tindakan kepahlawanan dalam suatu tugas demi bangsa dan negara, walaupun tindakan itu...

---

[web_article] . Adapun aturan di dalamnya berisi penugasan prajurit di lingkungan kejaksaan hingga bantuan personel TNI. Kemudian juga, ada nota kesepahaman TNI dengan Kejaksaan Nomor 4 Tahun 2023 yang isinya yaitu tentang pendidikan dan latihan, kemudian pertukaran informasi, kemudian penugasan prajurit TNI di lingkungan kejaksaan, ujar Agus. Kemudian dukungan kepada TNI di bidang Perdata dan TU, kemudian pemanfaatan sarana-prasarana, dan koordinasi teknis penyelidikan dan penuntutan serta penanganan perkara...",0.7717145681381226
Bagaimana konsekuensi jika prajurit melanggar sumpah prajurit?,"1. Inti Jawaban:
- Pelanggaran sumpah prajurit dapat berakibat sanksi disiplin, administratif, atau pidana tergantung beratnya pelanggaran.
- Implikasi praktis: TNI memiliki mekanisme penegakan hukum internal dan eksternal.

2. Rincian Analisis:
a. Isu Pokok: Akibat hukum dari pelanggaran sumpah.
b. Aturan & Unsur: Pasal 35 tidak menyebut sanksi spesifik, tetapi merujuk pada UU TNI dan KUHP terkait pengkhianatan atau pembocoran rahasia.
c. Penerapan: Pelanggaran seperti pembangkangan atau kebocoran rahasia dapat diproses melalui pengadilan militer.

3. Disclaimer: Sanksi spesifik tergantung pada konteks pelanggaran dan proses hukum.","1. Inti Jawaban:
    - Konsekuensinya adalah sanksi hukum militer dan sipil.
2. Rincian Analisis:
    a. Isu Pokok: Implikasi pelanggaran sumpah prajurit.
    b. Aturan & Unsur: Pasal 37 ayat (1) UU No. 34/2004 tentang sumpah prajurit.
    c. Penerapan: Pelanggaran dapat berupa pidana umum atau militer.
3. Disclaimer: Informasi ini hanya untuk edukasi.","[undang_undang] Pasal 37 Isi: (1) Prajurit berkewajiban menjunjung tinggi kepercayaan yang diberikan oleh bangsa dan negara untuk melakukan usaha pembelaan negara sebagaimana termuat dalam Sumpah Prajurit (2) Untuk keamanan negara, setiap prajurit yang telah berakhir menjalani dinas keprajuritan atau prajurit siswa yang karena suatu hal tidak dilantik menjadi prajurit, wajib memegang teguh rahasia tentara walaupun yang bersangkutan diberhentikan dengan hormat atau dengan tidak hormat....

---

[undang_undang] Pasal 34 Isi: (1) Pelantikan menjadi prajurit dilaksanakan dengan mengucapkan Sumpah Prajurit. (2) Pelantikan menjadi prajurit golongan perwira selain mengucapkan Sumpah Prajurit juga mengucapkan Sumpah Perwira. (3) Ketentuan mengenai tata ca ra pelantikan dan pengambilan sumpah sebagaimana dimaksud pada ayat (1) dan ayat (2), diatur lebih lanjut dengan keputusan Panglima....

---

[web_article] . Hal itu akan terjadi jika prajurit TNI tersandung kasus saat melaksanakan jabatan sipil. Jika prajurit TNI tersandung kasus tindak pidana atau administrasi dalam jabatan a quo, apakah tunduk pada hukum acara peradilan militer atau hukum acara sipil atau pidana, ujar pemohon. Dengan demikian menurut penalaran yang wajar jawaban dari pertanyaan a quo hanyalah ketidakpastian hukum. Hal mana telah terbukti secara empiris dengan adanya perdebatan antara KPK dan Mahkamah Militer dalam menangani perk...

---

[undang_undang] Pasal 58 Isi: (1) Prajurit yang dalam melaksanakan tugas tidak kembali bergabung dengan kesatuannya sebagai akibat dari atau diduga diakibatkan oleh tindakan musuh atau di luar kekuasaannya, dinyatakan hilang dalam tugas, wajib terus dicari. (2) Prajurit sebagaimana dimaksud pada ayat (1) apabila setelah 1 (satu) tahun tidak ada kepastian atas dirinya, diberhentikan dengan hormat dan kepada ahli warisnya diberikan hak sebagaimana hak prajurit yang gugur sesuai dengan peraturan perUUan. (3) Praju...

---

[undang_undang] Pasal 44 Isi: (1) Prajurit yang mendapat tugas dengan pertaruhan jiwa raga secara langsung dan berjasa melampaui panggilan tugas dapat dianugerahi kenaikan pangkat luar biasa. (2) Ketentuan sebagaimana dimaksud pada ayat (1) diatur dengan Peraturan Pemerintah. Penjelasan: Ayat (1) Yang dimaksud dengan melampaui panggilan tugas adalah bahwa seseorang prajurit TNI tanpa memperdulikan keselamatan jiwanya melakukan tindakan kepahlawanan dalam suatu tugas demi bangsa dan negara, walaupun tindakan itu...

---

[undang_undang] Pasal 60 Isi: (1) Dalam menghadapi keadaan darurat militer dan keadaan perang, setiap Prajurit Sukarela dan Prajurit Wajib yang telah berakhir menjalani dinas keprajuritan dapat diwajibkan aktif kembali (2) Kewajiban sebagaimana dimaksud pada ayat (1) diatur dengan UU....",0.6193819046020508
Apakah Kode Etik Perwira (Budhi Bhakti Wira Utama) juga berlaku bagi perwira wanita?,"1. Inti Jawaban:
- Ya, berlaku sama tanpa diskriminasi gender.
- Implikasi praktis: Perwira wanita memiliki kewajiban dan tanggung jawab identik.

2. Rincian Analisis:
a. Isu Pokok: Kesetaraan gender dalam kode etik militer.
b. Aturan & Unsur:
   - Pasal 38 ayat (1) UU No. 34/2004 tidak membedakan gender.
   - Prinsip non-diskriminasi dalam UU No. 39/1999 tentang HAM.
c. Penerapan: Penyesuaian teknis mungkin ada tanpa mengurangi substansi.

3. Disclaimer: Implementasi harus memperhatikan kodrat kewanitaan sesuai peraturan.","(a) Ya, secara umum berlaku tanpa diskriminasi gender. (b) Implikasinya adalah kesetaraan hak dan tanggung jawab.","[undang_undang] Pasal 38 Isi: (1) Prajurit dalam menjalankan tugas dan kewajibannya, berpedoman pada Kode Etik Prajurit dan Kode Etik Perwira. (2) Ketentuan kode etik sebagaimana dimaksud pada ayat (1) diatur lebih lanjut dengan keputusan Panglima. Penjelasan: Ayat (1) Yang dimaksud dengan Kode Etik Prajurit antara lain Sapta Marga dan Delapan Wajib TNI, sedangkan Kode Etik Perwira adalah Budhi Bhakti Wira Utama. Ayat (2) Cukup jelas....

---

[web_article] . Kemudian dalam melaksanakan tugas pemerintahan jika terjadi tindak pidana juga perlu dikhawatirkan. Misalnya tindak bidana korupsi, itu lalu diadili lewat apa mekanismenya, karena dia anggota TNI aktif, yang dalam jabatan yang dimungkinkan oleh UU TNI lagi, jadi ini akan jadi persoalan hukum, tambahnya. Menurut Rahadian, perlu diberikan definisi yang lebih ketat untuk memperjelas peran-peran TNI sebagaimana UU yang baru disahkan itu. Di luar operasi militer, misalnya di situ dalam siper, ini p...

---

[web_article] . Sekarang kan sudah diatur oleh regulasi yang ketat ya. Jadi nggak semena-mena lah. Semua juga sudah ada aturannya, regulasi, kata Herindra. Kita pun TNI pun kalau mengirim personel ke kementerian lain tentunya juga atas permintaan dari K/L tersebut, tidakujug-ujug, sehingga saya pikir kalau ada kekhawatiran seperti itu terlalu berlebihan lah ya, imbuh dia. Isi: nan...",0.6163341403007507
Apakah Presiden bisa mengerahkan TNI tanpa persetujuan DPR?,"1. Inti Jawaban: Tidak, Presiden wajib mendapat persetujuan DPR untuk pengerahan kekuatan TNI. Implikasi praktisnya adalah checks and balances antara eksekutif dan legislatif. 2. Rincian Analisis: a. Isu Pokok: Persetujuan DPR dalam pengerahan TNI. b. Aturan & Unsur: Pasal 17 ayat (2) UU No. 34 Tahun 2004 mewajibkan persetujuan DPR. c. Penerapan: Tanpa persetujuan DPR, pengerahan TNI dapat dianggap inkonstitusional. 3. Disclaimer: Ketentuan ini berlaku selama tidak ada perubahan regulasi.","(a) Pasal 18 ayat (2) UU No. 34/2004 menyatakan bahwa Presiden wajib melaporkan pengerahan TNI ke DPR dalam waktu 2x24 jam setelah keputusan keluar. (b) Implikasi praktisnya adalah Presiden tetap harus melapor, meskipun tidak selalu mendapatkan persetujuan. (c) Disclaimer: Interpretasi dapat berbeda tergantung konteks.","[web_article] . Muhammad mengatakan pemerintah dan DPR dapat mengajukan RUU di luar prolegnas hanya jika terdapat keadaan mendesak atau bencana alam. Sementara itu, menurutnya, RUU TNI yang diajukan di luar prolegnas tidak dalam keadaan mendesak. Sebab itu, dia menilai pengajuan RUU TNI untuk masuk ke dalam prolegnas DPR tidak memenuhi ketentuan UU P3. Lebih lanjut, Muhammad mengatakan presiden mengajukan surat permohonan memasukkan RUU TNI dalam prolegnas prioritas tanpa melakui proses perencanaan awal. Dia ...

---

[web_article] . Dia mengatakan dalam penyusunan UU TNI, presiden tidak mengajukan naskah akademik yang baru. Pelanggaran yang terjadi dalam penyusunan RUU TNI tahun 2025, presiden mengajukan RUU TNI tanpa disertai naskah akademik yang diperbarui, melainkan menggunakan naskah akademik lama yang disusun pada periode 2020-2024. Padahal RUU TNI tidak termasuk dalam daftar carry over sebagaimana diatur dalam pasal 71a UU P3, sehingga seharusnya disusun ulang dari tahap awal termasuk naskah akademiknya, ujarnya. Di...

---

[web_article] . Sjafrie menekankan tidak ada intervensi Presiden Prabowo Subianto dalam revisi UU TNI. Itu semuanya adalah hasil kesepakatan pemerintah dengan DPR. Tidak ada permintaan Presiden, kata Sjafrie di gedung MPR/DPR/DPD, Jakarta Pusat, Kamis (20/3). Dia mengatakan Prabowo tidak memberi pesan khusus kepada Kemhan terkait pembahasan maupun pengesahan revisi UU TNI. Dia menegaskan Prabowo mengikuti aturan yang berlaku. Selain itu, dia memastikan pengesahan revisi UU TNI ini tak akan mengembalikan TNI k...

---

[undang_undang] Pasal 18 Isi: (1) Dalam keadaan memaksa untuk menghadapi ancaman militer dan/atau ancaman bersenjata, Presiden dapat langsung mengerahkan kekuatan TNI. (2) Dalam hal pengerahan langsung kekuatan TNI sebagaimana dimaksud pada ayat (1), dalam waktu 2 X 24 jam terhitung sejak dikeluarkannya keputusan pengerahan kekuatan, Presiden harus melaporkan kepada Dewan Perwakilan Rakyat. (3) Dalam hal Dewan Perwakilan Rakyat tidak menyetujui pengerahan sebagaimana dimaksud pada ayat (1) dan ayat (2), Preside...

---

[undang_undang] Pasal 17 Isi: (1) Kewenangan dan tanggung jawab pengerahan kekuatan TNI berada pada Presiden. (2) Dalam hal pengerahan kekuatan TNI sebagaimana dimaksud pada ayat (1), Presiden harus mendapat persetujuan Dewan Perwakilan Rakyat....",0.7129878401756287
Kepada siapa Panglima TNI bertanggung jawab dalam penggunaan kekuatan militer?,1. Inti Jawaban: Panglima TNI bertanggung jawab kepada Presiden dalam penggunaan kekuatan militer. Implikasi praktisnya adalah Presiden sebagai panglima tertinggi memiliki kendali akhir. 2. Rincian Analisis: a. Isu Pokok: Hierarki pertanggungjawaban operasi militer. b. Aturan & Unsur: Pasal 19 ayat (2) UU No. 34 Tahun 2004 menyatakan tanggung jawab Panglima TNI kepada Presiden. c. Penerapan: Setiap operasi militer harus dilaporkan dan dipertanggungjawabkan kepada Presiden. 3. Disclaimer: Interpretasi hukum dapat bervariasi tergantung konteks.,Panglima TNI bertanggung jawab kepada Presiden atas penggunaan kekuatan militer. Implikasi praktisnya adalah adanya mekanisme kontrol hierarkis dalam pengambilan keputusan militer.,"[undang_undang] Pasal 19 Isi: (1) Tanggung jawab penggunaan kekuatan TNI berada pada Panglima TNI. (2) Dalam hal penggunaan kekuatan sebagaimana dimaksud pada ayat (1), Panglima bertanggung jawab kepada Presiden. Penjelasan: Ayat (1) Cukup jelas. Ayat (2) Penggunaan kekuatan yang harus dipertanggungjawabkan kepada Presiden adalah tindakan operasi militer....

---

[undang_undang] Pasal 3 Isi: (1) Dalam pengerahan dan penggu naan kekuatan militer, TNI berkedudukan di bawah Presiden. (2) Dalam kebijakan dan strategi pertahanan serta dukungan administrasi, TNI di bawah koordinasi Departemen Pertahanan. Penjelasan: Ayat (1) Yang dimaksud berkedudukan di bawah Presiden adalah bahwa keberadaan TNI di bawah kekuasaan Presiden. Ayat (2) Yang dimaksud dengan di bawah koordinasi Departemen Pertahanan adalah segala sesuatu yang berkaitan dengan perencanaan strategis yang meliputi a...

---

[analysis_report] . Bahkan dalam konteks politik praktis peran militer di Indonesia telah diminimalkan. Dengan disahkannya Undang- Undang Nomor 34 Tahun 2004, pada konteks pengerahan dan penggunaan kekuatan militer ternyata TNI (TNI) berkedudukan di bawah Presiden. Selanjutnya, dalam hal kebijakan maupun strategi pertahanan dan dukungan administrasi, TNI berada di Sumber: Biro Humas Kemhan...

---

[analysis_report] . TNI juga berkomitmen dan berupaya untuk terus mengingatkan bahwa seluruh komponen bangsa dan setiap warga negara memiliki tanggung jawab bersama dalam pembelaan negara. Hanya lewat kebersamaan antara TNI dan segenap komponen bangsa yang merupakan kemanunggalannya bersama rakyat, adalah kunci kekuatan yang strategis dalam menyelesaikan setiap tugas yang diberikan negara. Komitmen dan tanggung jawab TNI terhadap negara tidak pernah surut karena nilai dan semangat Sapta Marga dan Sumpah Prajurit ...

---

[web_article] . Lebih lanjut, Suherlan menekankan amanat Panglima TNI kepada seluruh prajurit dan PNS di lingkungan TNI agar senantiasa menjaga integritas dan citra positif di masyarakat. Saya ingin menekankan bahwa segenap prajurit dan PNS TNI harus memiliki integritas dan menjaga citra institusi TNI di mata masyarakat. Hal itu dapat diimplementasikan melalui ketaatan pada aturan dan nilai-nilai etika, untuk membangun citra positif sebagai komponen utama pertahanan negara. tegasnya. Terakhir, Suherlan membac...",0.7335381507873535
Bagaimana jika prajurit hilang kemudian ditemukan meninggal?,"1. Inti Jawaban:
- Status diubah dari hilang menjadi gugur.
- Implikasi: Ahli waris dapat hak penuh tanpa pengurangan.

2. Rincian Analisis:
a. Isu Pokok: Perubahan status hukum.
b. Aturan & Unsur: Penjelasan Pasal 58 ayat (2): Penyesuaian status pascakepastian.
c. Penerapan: Proses pemakaman militer dengan penghormatan penuh.

3. Disclaimer: Prosedur identifikasi mengacu protokol medis TNI.",Pertanyaan ini termasuk dalam lingkup Pasal 58 ayat (2). Jawabannya adalah prajurit diberhentikan dengan hormat dan ahli waris menerima hak sebagaimana prajurit gugur. Implikasinya adalah prosedur penggantian hak yang jelas.,"[undang_undang] Pasal 58 Isi: (1) Prajurit yang dalam melaksanakan tugas tidak kembali bergabung dengan kesatuannya sebagai akibat dari atau diduga diakibatkan oleh tindakan musuh atau di luar kekuasaannya, dinyatakan hilang dalam tugas, wajib terus dicari. (2) Prajurit sebagaimana dimaksud pada ayat (1) apabila setelah 1 (satu) tahun tidak ada kepastian atas dirinya, diberhentikan dengan hormat dan kepada ahli warisnya diberikan hak sebagaimana hak prajurit yang gugur sesuai dengan peraturan perUUan. (3) Praju...

---

[web_article] . Sebab itu, kata dia, pasal tersebut berpotensi merugikan hak-hak konstitusional warga negara. Karena terdapat dalam pasal 47 ayat 1 yang menyatakan prajurit dapat menduduki jabatan di kementerian atau lembaga dan seterusnya tanpa harus mengundurkan diri atau pensiun dari dinas aktif keprajuritan, akibat berlakunya ketentuan a quo, yang memberikan dua alternatif keleluasaan bagi prajurit TNI untuk menduduki jabatan tersebut dan jabatan sipil lain, ujarnya. Kemudian bahwa kerugian konstitusional...

---

[web_article] . Hal itu akan terjadi jika prajurit TNI tersandung kasus saat melaksanakan jabatan sipil. Jika prajurit TNI tersandung kasus tindak pidana atau administrasi dalam jabatan a quo, apakah tunduk pada hukum acara peradilan militer atau hukum acara sipil atau pidana, ujar pemohon. Dengan demikian menurut penalaran yang wajar jawaban dari pertanyaan a quo hanyalah ketidakpastian hukum. Hal mana telah terbukti secara empiris dengan adanya perdebatan antara KPK dan Mahkamah Militer dalam menangani perk...",0.39266321063041687
Apakah pengaturan golongan kepangkatan bersifat tetap atau dapat berubah?,1. Inti Jawaban: Pengaturan dapat berubah melalui keputusan Panglima. Implikasi praktisnya adalah adaptasi terhadap kebutuhan TNI. 2. Rincian Analisis: a. Isu Pokok: Fleksibilitas pengaturan. b. Aturan & Unsur: Pasal 26 ayat (2) memungkinkan perubahan. c. Penerapan: Perubahan harus melalui prosedur yang sah. 3. Disclaimer: Perubahan harus memperhatikan kepentingan organisasi.,Jawaban: Bersifat fleksibel karena diatur lebih lanjut oleh Panglima. Implikasi: Adaptasi terhadap kebutuhan operasional TNI.,"[undang_undang] Pasal 26 Isi: (1) Prajurit dikelompokkan dalam golongan kepangkatan perwira, bintara, dan tamtama. (2) Golongan kepangkatan sebagaimana dimaksud pada ayat (1), diatur lebih lanjut dengan keputusan Panglima....

---

[academic_draft] 26 BAB V JANGKAUAN, ARAH PENGATURAN, DAN RUANG LINGKUP MATERI MUATAN RANCANGAN UNDANG-UNDANG A. Jangkauan dan Arah Pengaturan Jangkauan dan arah pengaturan perubahan UU TNI terbatas pada peran prajurit aktif TNI pada kementerian/ lembaga lain sesuai kebutuhan institusi dimaksud dan kebijakan Presiden. Di samping itu, perubahan UU TNI juga mengatur mengenai batasan usia masa dinas bagi prajutir TNI sesuai dengan kebutuhan dan mensikronkan dengan berbagai ketentuan peraturan perUUan yang ada, baik...

---

[analysis_report] . Jika menilik Peraturan Presiden Republik Indonesia Nomor 81 Tahun 2010 tentang Grand Design Reformasi Birokrasi 2010-2025 adalah Perpres yang mengimplementasikan lahirnya Peraturan Menteri Pertahanan Republik Indonesia Nomor 12 tahun 2013 tentang Pedoman Pelaksanaan Reformasi Birokrasi Kementerian Pertahanan maupun Keputusan Panglima TNI Nomor Kep/1035/XII/2014 tentang Road Map reformasi birokrasi TNI Tahun 2015-2019, bahwa era perkembangan dan dinamika kondisi kekinian dengan dampak dan penga...

---

[legal_request] . 414): [3.20.4] Bahwa apabila dalam tenggang waktu 2 (dua) tahun pembentuk UU tidak dapat menyelesaikan perbaikan UU 11/2020 maka demi kepastian hukum terutama untuk menghindari kekosongan hukum atas UU atau pasal-pasal atau materi muatan UU yang telah dicabut atau diubah tersebut harus dinyatakan berlaku kembali. 24. Bahwa agar tidak terjadi kekosongan hukum, mohon kepada yang mulia majelis hakim untuk menyatakan ketentuaan yang diubah atau dicabut dalam UU Nomor 3 Tahun 2025 Tentang Perubahan...

---

[web_article] . Terdiri dari 11 bab, 78 pasal, ujar Utut. Kalau kita klaster ada 11, yaitu ketentuan umum pasalnya 1, jati diri, kedudukan, peran fungsi dan tugas, postur dan organisasi ini yang nanti akan erat kaitannya dengan Kemenkeu, kemudian pengerahan dan penggunaan kekuatan TNI ini tentu Pak Panglima sebagai orang yang akan sangat berhubungan langsung dengan revisi ini, tambahnya. Adapun pembahasan revisi UU TNI juga menyertakan nasib para prajurit ke depannya, termasuk terkait batas usia pensiun. Utut...",0.5048729777336121
Apa yang dimaksud dengan anggaran kontijensi dalam konteks operasi militer mendesak?,"1. Inti Jawaban: Anggaran kontijensi adalah dana darurat APBN untuk operasi militer mendesak yang diajukan Panglima ke Menteri Pertahanan. Implikasinya, TNI memiliki mekanisme khusus untuk situasi krisis. 2. Rincian Analisis: a. Isu Pokok: Pembiayaan operasi militer darurat. b. Aturan & Unsur: Pasal 67 ayat (2) UU No. 34/2004 mengatur penggunaan anggaran kontijensi yang bersumber dari APBN. c. Penerapan: Mekanisme ini memungkinkan respons cepat terhadap ancaman tanpa menunggu proses anggaran reguler. 3. Disclaimer: Interpretasi ini terbatas pada ketentuan UU tanpa mempertimbangkan praktik lapangan.",A. Inti Jawaban: Anggaran kontijensi adalah alokasi anggaran khusus untuk operasi militer mendesak yang diajukan oleh Menteri Pertahanan. B. Rincian Analisis: 1. Definisi: Anggaran kontijensi merujuk pada dana darurat yang dialokasikan untuk situasi darurat. 2. Implikasi: Memastikan respons cepat TNI dalam kondisi kritis. C. Disclaimer: Informasi ini tidak menggantikan konsultasi hukum resmi.,"[undang_undang] Pasal 67 Isi: (1) Dalam hal pemenuhan dukungan anggaran TNI, Panglima mengajukan kepada Menteri Pertahanan untuk dibiayai seluruhnya dari Anggaran Pendapatan dan Belanja Negara (2) Dalam hal pemenuhan dukungan anggaran operasi militer yang bersifat mendesak, Panglima mengajukan anggaran kepada Menteri Pertahanan untuk dibiayai dari anggaran kontijensi yang bersumber dari Anggaran Pendapatan dan Belanja Negara. (3) Dukungan sebagaimana dimaksud pada ayat (2) dimintakan persetujuan oleh Menteri Pe...

---

[web_article] . Kami menilai jika semakin luas cakupan operasi militer, semakin dekat TNI dengan pengkhianatan atas Sistem Pertahanan Rakyat Semesta (Sishankamrata) yang dianutnya, kritik PPI Dunia. Ketiga, perihal konteks reformasi sektor keamanan. Perubahan UU TNI ini PPI Dunia anggap bukan merupakan agenda mendesak dalam tubuh TNI dikarenakan masih adanya agenda lain seperti agenda reformasi peradilan militer yang jauh lebih penting. Selain itu, evaluasi terhadap berbagai pelanggaran yang dilakukan oleh pr...

---

[analysis_report] 28 EDISI KHUSUS 2019 dalam pengembangan riset ilmu- ilmu dasar dalam menunjang industri pertahanan (7) Intelijen, Penginderaan, Pengamatan dan Pengawasan dalam konteks peringatan dini (early warning) dipandang masih belum berjalan optimal yang berdampak pada pelanggaran wilayah, dan (8) Dukungan energi dalam mendukung operasi TNI semakin tinggi membebani anggaran serta (9) Penguatan peran unsur-unsur militer diplomasi luar negeri belum sepenuhnya optimal untuk dapat menjamin kedaulatan wilayah d...

---

[analysis_report] . Sesuai dengan Visi, Misi dan program prioritas pemerintah dalam tatanan Pembangunan Nasional, pembangunan postur pertahanan negara merupakan bagian integral dari pembangunan nasional yang sinergi dengan pembangunan bidang lainnya dengan mengintegrasikan pembangunan postur pertahanan militer dan pembangunan postur pertahanan nirmiliter. Perwujudan pembangunan postur pertahanan negara ditentukan oleh komitmen pemerintah dalam mengalokasikan anggaran pertahanan sesuai skema penganggaran yang real...

---

[analysis_report] . 4) Jaminan Hari Tua. Jaminan hari tua dikembangkan antara lain melalui pembenahan sistem pensiun dan layanan memasuki purna bakti. Penutup Kebijakan pembangunan postur pertahanan militer yang implementasinya diselenggarakan dalam kebijakan pembangunan MEF TNI secara mendasar untuk mewujudkan kepentingan mendesak pembangunan pertahanan negara dalam kerangka mewujudkan postur ideal TNI, yang dapat berubah dengan mempertimbangkan perkembangan lingkungan strategis dan ancaman nyata yang dihadapi s...",0.7562172412872314
Apakah UU No. 34 Tahun 2004 mengubah prosedur penahanan dalam dinas keprajuritan yang sudah berjalan?,1. Inti Jawaban: UU No. 34 Tahun 2004 tidak mengubah prosedur penahanan dalam dinas keprajuritan yang sudah berjalan sebelum diundangkannya UU ini. Implikasi praktisnya adalah proses penahanan tetap mengacu pada UU No. 2 Tahun 1988 sampai selesai. 2. Rincian Analisis: a. Isu Pokok: Efektivitas perubahan UU terhadap proses hukum yang sedang berlangsung. b. Aturan & Unsur: Pasal 72 secara eksplisit mengecualikan kasus yang sedang berjalan dari perubahan UU baru. c. Penerapan: Ketentuan ini mencerminkan asas legalitas dan perlindungan terhadap hak yang telah diperoleh. 3. Disclaimer: Penjelasan ini tidak mencakup pengecualian atau kasus khusus.,(a) Inti Jawaban: Pasal 72 UU No. 3 Tahun 2025 menyatakan bahwa ketentuan sebelumnya tetap berlaku selama masa penahanan. (b) Rincian Analisis: Pasal ini menjamin kontinuitas hak prajurit tanpa diskriminasi. (c) Disclaimer: Penafsiran dapat bervariasi.,"[web_article] . Menyatakan ketentuan norma dalam UU yang telah diubah dihapus atau yang telah dinyatakan tidak mempunyai kekuatan hukum mengikat, dalam UU Nomor 34 Tahun 2004 tentang TNI berlaku kembali, imbuh dia. Simak juga Video Prabowo Tegaskan Tak Ada Niat Bangkitkan Dwifungsi Lewat UU TNI: Come On! [Gambas:Video 20detik] Isi: nan...

---

[web_article] . Dia mengatakan naskah akademik pun disampaikan bersamaan dengan permohonan memasukkan RUU TNI ke prolegnas. Akibatnya terjadi kecacatan formil akibat pelanggaran pasal 22a Undang-undang P3 sebagai UU yang mengatur tata cara pembentukan UU telah dilanggar, sehingga proses penyusunan RUU TNI tidak sah secara formil, ungkapnya. Dalam petitumnya, pemohon meminta MK membatalkan UU TNI. Pemohon juga meminta MK memutuskan agar UU Nomor 34 Tahun 2004 berlaku kembali. Menyatakan UU Nomor 3 Tahun 2025 t...

---

[web_article] Judul: Tambah Panjang Daftar Gugatan UU TNI Hasil Revisi,30 Apr 2025 07:22,https://news.detik.com/berita/d-7892343/tambah-panjang-daftar-gugatan-uu-tni-hasil-revisi,Gugatan ke Mahkamah Konstitusi (MK) terkaitUU TNIhasil revisi semakin bertambah. Kini sudah ada delapan perkara yang tercatat. Permohonon itu yakni soal pengujian UU Nomor 3 Tahun 2025 tentang Perubahan atas UU Nomor 34 Tahun 2004 tentang TNI (UU TNI). Terbaru gugatan ini didaftarkan mahasiswa Fakultas Hukum Universitas Padjadjaran. ...

---

[undang_undang] Pasal 72 Isi: Bagi perwira yang pada tanggal UU ini diundangkan sedang menjalani penahanan dalam dinas keprajuritan berdasarkan UU Nomor 2 Tahun 1988 tentang Prajurit ABRI, tetap berlaku ketentuan tersebut sampai masa penahanan dalam dinas keprajuritannya berakhir....",0.6323648691177368
Bagaimana implementasi pemberdayaan wilayah pertahanan udara di perbatasan?,"1. Inti Jawaban:
- Implementasi: Penguatan pos-pos udara terdepan dan sistem pengawasan perbatasan.
- Implikasi praktis: Peningkatan deteksi dini pelanggaran kedaulatan udara.

2. Rincian Analisis:
a. Isu Pokok: Strategi pertahanan udara wilayah perbatasan.
b. Aturan & Unsur: Pasal 10 ayat (1) huruf d tentang pemberdayaan wilayah.
c. Penerapan: Pembangunan radar perbatasan, latihan gabungan, dan diplomasi pertahanan.

3. Disclaimer: Memerlukan anggaran besar dan dukungan politik.",(a) Inti: Melalui operasi patroli dan kerja sama multilateral. (b) Rincian: Pasal 10 huruf d memerlukan koordinasi dengan instansi terkait. (c) Disclaimer: Detail teknis diatur PP.,"[undang_undang] Pasal 10 Isi: Angkatan Udara bertugas: a. melaksanakan tugas TNI matra udara di bidang pertahanan; b. menegakkan hukum dan menjaga keamanan di wilayah udara yurisdiksi nasional sesuai dengan ketentuan hukum nasional dan hukum internasional yang telah diratifikasi; c. melaksanakan tugas TNI dalam pembangunan dan pengembangan kekuatan matra udara; serta d. melaksanakan pemberdayaan wilayah pertahanan udara Penjelasan: Huruf a Cukup jelas. Huruf b Yang dimaksud dengan menegakkan hukum dan menjaga k...

---

[undang_undang] Pasal 8 Isi: Angkatan Darat bertugas: a. melaksanakan tugas TNI matra darat di bidang pertahanan; b. melaksanakan tugas TNI dalam menjaga keamanan wilayah perbatasan darat dengan negara lain; c. melaksanakan tugas TNI dalam pembangunan dan pengembangan kekuatan matra darat; serta d. melaksanakan pemberdayaan wilayah pertahanan di darat. Penjelasan: Huruf a Cukup jelas. Huruf b Yang dimaksud dengan menjaga keamanan wilayah perbatasan darat adalah segala upaya, pekerjaan, dan kegiatan untuk menjam...

---

[analysis_report] . Sesuai dengan Visi, Misi dan program prioritas pemerintah dalam tatanan Pembangunan Nasional, pembangunan postur pertahanan negara merupakan bagian integral dari pembangunan nasional yang sinergi dengan pembangunan bidang lainnya dengan mengintegrasikan pembangunan postur pertahanan militer dan pembangunan postur pertahanan nirmiliter. Perwujudan pembangunan postur pertahanan negara ditentukan oleh komitmen pemerintah dalam mengalokasikan anggaran pertahanan sesuai skema penganggaran yang real...

---

[analysis_report] . Kekurangoptimalan soal diplomasi ini, mengakibatkan komponen pertahanannya belum lengkap dan unsur utamanya kurang memiliki komitmen. Pembangunan pertahanan yang cakupannya banyak akan beresiko untuk mewujudkan efek penggentar yang disegani dalam mendukung posisi tawar di ajang diplomasi. Tanpa mengabaikan peran diplomasi pertahanan nirmiliter dalam konteks pertahanan integratif dan/atau diplomasi total. Diplomasi pertahanan militer yang diperankan TNI/komponen utama atau militer merupakan bag...

---

[analysis_report] . Ketentuan- ketentuan tersebut seharusnya diatur lagi dengan UU. Padahal kesiapan pengelolaan sumber daya nasional dalam bidang pertahanan merupakan langkah strategis agar sistem pertahanan negara yang bersifat semesta dapat terwujud dan diaplikasikan sehingga terbangun daya saing bangsa dibidang pertahanan dalam kancah internasional. ARTIKEL...

---

[analysis_report] 41 EDISI KHUSUS 2019 maupun multilateral sesuai dengan amanat UU 16 Tahun 2012 Pasal 48. Kerja sama ini memiliki tujuan dalam hal percepatan peningkatan penguasaan teknologi pertahanan dan keamanan, meliputi pendidikan, pelatihan, alih teknologi, litbang, perekayasaan, produksi, pemasaran, serta pembiayaan. Kerja sama dilakukan antar negara yang kemudian diimplementasikan oleh industri pertahanan, maupun kerjasama langsung antar industri pertahanan. Tujuan dari kerja sama ini untuk percepatan pe...",0.6176730990409851
Apa saja larangan bagi Prajurit TNI berdasarkan Pasal 39 UU No. 34 Tahun 2004?,"1. Inti Jawaban:
- Prajurit TNI dilarang terlibat dalam kegiatan menjadi anggota partai politik, politik praktis, bisnis, serta dicalonkan sebagai anggota legislatif atau jabatan politis.
- Implikasi praktis: Prajurit harus netral dan fokus pada tugas pertahanan negara.

2. Rincian Analisis:
a. Isu Pokok: Larangan aktivitas non-militer bagi Prajurit TNI.
b. Aturan & Unsur: Pasal 39 UU No. 34 Tahun 2004 menyatakan 4 larangan: (1) keanggotaan partai politik, (2) politik praktis, (3) bisnis, (4) pencalonan dalam pemilu/jabatan politis.
c. Penerapan: Larangan ini menjaga netralitas dan profesionalisme TNI agar tidak terdistraksi oleh kepentingan politik/bisnis.

3. Disclaimer: Analisis ini berdasarkan UU yang berlaku, tidak mencakup pengecualian atau interpretasi lain.","A. Inti Jawaban:
1. Larangan utama adalah partisipasi dalam politik praktis, bisnis, dan menjadi anggota legislatif.
2. Implikasi: Prajurit wajib menjaga netralitas dan fokus pada tugas militer.
B. Rincian Analisis:
1. Isu Pokok: Batasan aktivitas non-militer prajurit.
2. Aturan & Unsur:
   a. Pasal 39 ayat (2): Larangan terlibat dalam kegiatan politik praktis.
   b. Ayat (3): Prohibisi terlibat dalam bisnis.
   c. Ayat (4): Pembatasan menjadi anggota legislatif.
C. Disclaimer: Penafsiran dapat berbeda tergantung konteks.","[web_article] Judul: Apa Isi UU TNI Terbaru? Ini Daftar Pasal yang Direvisi dan Disahkan DPR,21 Mar 2025 13:05,https://www.detik.com/jogja/berita/d-7834561/apa-isi-uu-tni-terbaru-ini-daftar-pasal-yang-direvisi-dan-disahkan-dpr,Dewan Perwakilan Rakyat (DPR) resmi mengesahkan Rancangan UU (RUU) Perubahan UU Nomor 34 Tahun 2004 tentang TNI. Apa isi UU TNI terbaru? Berikut ini daftar pasal yang direvisi! DilansirdetikNews, pengesahan RUU TNI dilakukan melalui rapat paripurna yang digelar pada Kamis, 20 Maret 2025...

---

[legal_request] . Perencanaan dan penyusunan pembentukan UU Nomor 3 Tahun 2025 Tentang Perubahan atas UU Nomor 34 Tahun 2004 Tentang TNI (TNI), tidak sesuai dengan tata cara pembentukan peraturan perUUan, tanpa naskah akademik. 13. Bahwa dalam Pasal 43 ayat (3) UU No. 12 Tahun 2011 mengatur secara imperatif dan tegas: Rancangan UU yang berasal dari DPR, Presiden, atau DPD harus disertai Naskah Akademik. Adapun dalam Pasal 1 angka 11 UU No...

---

[web_article] . Ketiga pasal itu adalah Pasal 2 huruf d mengenai jati diri TNI yang profesional dengan tidak berpolitik praktis dan tidak berbisnis. Kemudian, Pasal 39 huruf 2, 3, dan 4 berkaitan larangan prajurit terlibat dalam kegiatan politik praktis, bisnis, maupun dipilih menjadi anggota legislatif. Serta Pasal 47 ayat (2) tentang sejumlah jabatan yang dapat diduduki prajurit aktif. Permohonan itu mulanya diajukan pada 13 Maret 2025. Di mana saat itu, DPR masih membahas revisiUU TNI. Kemudian, pada 20 Ma...

---

[legal_request] . Hal ini bisa menghambat dinamika dan modernisasi dalam tubuh TNI. Bahwa dengan memahami subtansi di atas terkait dengan jenis dan Muatan materi pembentukan UU TNI Nomor 3 Tahun 2025 Tentang Perubahan atas UU Nomor 34 Tahun 2004 jelas tidak bersesuaian dengan Pasal 28 D ayat (1) UUD 1945 yang menyatakan bahwa setiap orang berhak atas pengakuan, jaminan, perlindungan, dan kepastian hukum yang adildengan asas-asas muatan materi yang diatur dalam suatu peraturan perUUan, yang justru sebaliknya UU ...",0.66715407371521
Bagaimana akuntabilitas Kepala Staf Angkatan dalam menjalankan Pasal 16?,"1. Inti Jawaban:
   - Akuntabel kepada Panglima secara internal dan DPR melalui hak anggaran.
   - Implikasi: Mekanisme checks and balances.

2. Rincian Analisis:
   a. Isu Pokok: Pertanggungjawaban tugas.
   b. Aturan & Unsur: Pasal 16 jo. Pasal 13 UU No. 34 Tahun 2004:
      - Laporan rutin ke Panglima.
      - Keterbukaan terbatas untuk publik.
   c. Penerapan: Evaluasi kinerja tahunan oleh Panglima.

3. Disclaimer: Akuntabilitas bersifat hierarkis.","1. Inti Jawaban:
   - Akuntabilitas melalui laporan berkala kepada Panglima dan Presiden.
2. Rincian Analisis:
   a. Isu Pokok: Mekanisme kontrol internal.
   b. Aturan & Unsur: Pasal 16 ayat (1) mengharuskan pelaporan hasil tugas.
   c. Penerapan: Laporan harus mencakup rencana, realisasi, dan tantangan.
3. Disclaimer: Jawaban ini tidak menggantikan konsultasi hukum resmi.","[undang_undang] Pasal 16 Isi: Tugas dan kewajiban Kepala Staf Angkatan adalah: 1. memimpin Angkatan dalam pembinaan kekuatan dan kesiapan operasional Angkatan; 2. membantu Panglima dalam menyusun kebijakan tentang pengembangan postur, doktrin, dan strategi serta operasi militer sesuai dengan matra masing-masing 3. membantu Panglima dalam penggunaan komponen pertahanan negara sesuai dengan kebutuhan Angkatan; serta 4. melaksanakan tugas lain sesuai dengan matra masing- masing yang diberikan oleh Panglima....

---

[undang_undang] Pasal 14 Isi: (1) Angkatan dipimpin oleh seor ang Kepala Staf Angkatan dan berkedudukan di bawah Panglima serta bertanggung jawab kepada Panglima. (2) Kepala Staf Angkatan diangkat dan diberhentikan oleh Presiden atas usul Panglima. (3) Kepala Staf Angkatan sebagaimana dimaksud pada ayat (2) diangkat dari Perwira Tinggi aktif dari angkatan yang bersangkutan dengan memperhatikan jenjang kepangkatan dan karier. (4) Tata cara pengangkatan dan pemberhentian Kepala Staf Angkatan sebagaimana dimaksud ...

---

[undang_undang] Pasal 45 Isi: Pengangkatan dan pemberhentian jabatan di dalam struktur TNI selain jabatan Panglima dan Kepala Staf Angkatan, diatur dengan keputusan Panglima....

---

[web_article] . Aldedharma. Rapat kerja dengan Panglima TNI dan kepala staf, saya nyatakan terbuka dan dibuka untuk umum. Ibu-bapak sebelum kita mulai mohon ditayangkan bahwa kami mendapat surat dari Bapak Presiden tolong disampaikan ke Panglima dan kepala staf atau yang mewakili, kata Utut dalam pemaparannya. SCROLL TO CONTINUE WITH CONTENT Utut menyebut Presiden Prabowo Subianto menunjuk empat menteri dalam pembahasan RUU TNI yakni Menteri Hukum, Menteri Keuangan, Menteri Pertahanan dan Menteri Sekretariat ...

---

[undang_undang] Pasal 3 Isi: (1) Dalam pengerahan dan penggu naan kekuatan militer, TNI berkedudukan di bawah Presiden. (2) Dalam kebijakan dan strategi pertahanan serta dukungan administrasi, TNI di bawah koordinasi Departemen Pertahanan. Penjelasan: Ayat (1) Yang dimaksud berkedudukan di bawah Presiden adalah bahwa keberadaan TNI di bawah kekuasaan Presiden. Ayat (2) Yang dimaksud dengan di bawah koordinasi Departemen Pertahanan adalah segala sesuatu yang berkaitan dengan perencanaan strategis yang meliputi a...",0.7574678659439087
Apakah Pasal 74 UU No. 34 Tahun 2004 berlaku untuk semua anggota TNI?,1. Inti Jawaban: Pasal 74 UU No. 34 Tahun 2004 berlaku untuk semua anggota TNI terkait peradilan militer. Implikasi praktisnya adalah seluruh anggota TNI tunduk pada ketentuan ini. 2. Rincian Analisis: a. Isu Pokok: Ruang lingkup penerapan Pasal 74. b. Aturan & Unsur: Pasal ini mengatur sistem peradilan militer yang mencakup seluruh TNI. c. Penerapan: Semua anggota TNI terkena dampak aturan transisi ini. 3. Disclaimer: Pengecualian mungkin ada berdasarkan peraturan lain.,"1. Inti Jawaban:
    a. Ya, kecuali dikecualikan oleh peraturan lain.
    b. Implikasi: Setiap anggota wajib mematuhi ketentuan ini.
2. Rincian Analisis:
    a. Isu Pokok: Ruang lingkup kewenangan Pasal 74.
    b. Aturan & Unsur: Pasal 74 ayat (1) UU No. 34 Tahun 2004 bersifat umum.
    c. Penerapan: Anggota TNI yang melanggar akan dikenai sanksi.
3. Disclaimer: Interpretasi ini bersifat umum.","[academic_draft] 22 C. UU Nomor 34 Tahun 2004 tentang TNI UU Nomor 34 Tahun 2004 tentang TNI (UU TNI) saat ini telah berlaku lebih kurang 20 (dua puluh) tahun. Tentu selama berlaku, ada beberapa ketentuan atau materi muatan yang sudah tidak sesuai dengan dinamika dan perkembangan yang ada. Salah satunya, terkait peran prajurit aktif TNI pada Kementerian/lembaga lain serta batasan usia prajurit TNI. D. Putusan Mahkamah Konstitusi UU TNI pernah diuji di Mahkamah Konstitusi...

---

[legal_request] . Perencanaan dan penyusunan pembentukan UU Nomor 3 Tahun 2025 Tentang Perubahan atas UU Nomor 34 Tahun 2004 Tentang TNI (TNI), tidak sesuai dengan tata cara pembentukan peraturan perUUan, tanpa naskah akademik. 13. Bahwa dalam Pasal 43 ayat (3) UU No. 12 Tahun 2011 mengatur secara imperatif dan tegas: Rancangan UU yang berasal dari DPR, Presiden, atau DPD harus disertai Naskah Akademik. Adapun dalam Pasal 1 angka 11 UU No...

---

[web_article] . Selepas Utut menyampaikan laporannya, Puan lantas menanyakan kepada anggota Dewan yang hadir apakah RUU tersebut dapat disepakati menjadi UU. Mayoritas menjawab setuju. Kami menanyakan kepada seluruh anggota apakah Rancangan UU tentang Perubahan atas UU Nomor 34 Tahun 2004 tentang TNI, apakah dapat disetujui untuk disahkan menjadi UU? kata Puan Maharani. Setuju, jawab peserta sidang diikuti dengan ketukan palu tanda pengesahan. SimakVideo Mahasiswa Bakar Ban dan Rusak Pagar Gerbang Pancasila D...",0.7179116010665894
Apakah pengelolaan anggaran TNI termasuk dalam APBN?,"1. Inti Jawaban:
   - Ya, anggaran TNI merupakan bagian dari alokasi APBN untuk pertahanan.
   - Implikasi praktis: Tunduk pada aturan pengelolaan keuangan negara secara umum.

2. Rincian Analisis:
   a. Isu Pokok: Hubungan anggaran TNI dengan APBN.
   b. Aturan & Unsur: Pasal 68 ayat (1) UU No. 34/2004 menyebut 'anggaran yang dialokasikan pemerintah' (APBN).
   c. Penerapan: Proses penganggaran mengikuti siklus APBN mulai dari perencanaan hingga pelaporan.

3. Disclaimer: Mekanisme alokasi spesifik diatur dalam UU APBN tahunan.","(a) Inti Jawaban: Ya, pengelolaan anggaran TNI harus sesuai dengan APBN karena TNI wajib mengelola anggaran pertahanan negara yang dialokasikan oleh pemerintah. (b) Rincian Analisis: Pasal 68 ayat (1) menyatakan bahwa TNI wajib mengelola anggaran pertahanan negara yang dialokasikan oleh pemerintah, sedangkan Pasal 67 menjelaskan bahwa dukungan anggaran TNI dibiayai dari APBN. (c) Disclaimer: Jawaban ini merujuk pada UU No. 34 Tahun 2004 tentang Tentara Nasional Indonesia.","[undang_undang] Pasal 68 Isi: (1) TNI wajib mengelola anggaran pertahanan negara yang dialokasikan oleh pemerintah. (2) TNI wajib mempertanggungja wabkan pengelolaan anggaran pertahanan negara sebagaimana dimaksud pada ayat (1) kepada Menteri Pertahanan. (3) Pengelolaan anggaran pertahanan negara oleh TNI sebagaimana dimaksud pada ayat (2) dilaksanakan berdasarkan prinsip transparansi, akuntabilitas, pertanggungjawaban, serta efisiensi untuk menerapkan tata pemerintahan yang baik. (4) Pengelolaan anggaran perta...

---

[undang_undang] Pasal 69 Isi: Pengawasan dan pemeriksaan pengelolaan anggaran pertahanan negara oleh TNI dilakukan oleh Badan Pemeriksa Keuangan Republik Indonesia....

---

[undang_undang] Pasal 67 Isi: (1) Dalam hal pemenuhan dukungan anggaran TNI, Panglima mengajukan kepada Menteri Pertahanan untuk dibiayai seluruhnya dari Anggaran Pendapatan dan Belanja Negara (2) Dalam hal pemenuhan dukungan anggaran operasi militer yang bersifat mendesak, Panglima mengajukan anggaran kepada Menteri Pertahanan untuk dibiayai dari anggaran kontijensi yang bersumber dari Anggaran Pendapatan dan Belanja Negara. (3) Dukungan sebagaimana dimaksud pada ayat (2) dimintakan persetujuan oleh Menteri Pe...

---

[web_article] . Sejak awal seluruh pembahasan RUU ini tidak transparan, tertutup, tidak melibatkan rakyat. Apalagi pembahasan sempat dilakukan di hotel mewah di tengah efisiensi anggaran, tegas Badawi di depan gerbang DPRD NTB, dilansirdetikBali, Kamis (20/3/2025). SCROLL TO CONTINUE WITH CONTENT Menurut dia, pelibatan TNI dalam 16 lembaga untuk jabatan sipil dalam UU yang baru disahkan DPR menunjukkan posisi TNI sangat labil. Menurut dia, bukan tidak mungkin TNI menjadi alat pengusaha yang sah untuk menekan ...",0.6609584093093872
Apa yang diatur dalam Pasal 48 UU No. 34 Tahun 2004 tentang TNI?,"1. Inti Jawaban:
   - Pasal 48 mengatur tentang pemberhentian sementara dari jabatan dalam TNI.
   - Implikasi praktisnya adalah bahwa pemberhentian sementara harus dilakukan oleh pejabat yang berwenang sesuai peraturan perundang-undangan.

2. Rincian Analisis:
   a. Isu Pokok: Mekanisme pemberhentian sementara dari jabatan dalam TNI.
   b. Aturan & Unsur: Berdasarkan Pasal 48, pemberhentian sementara dilakukan oleh pejabat yang berwenang mengangkat dan memberhentikan, dan harus sesuai dengan peraturan perundang-undangan.
   c. Penerapan: Aturan ini memastikan bahwa pemberhentian sementara tidak dilakukan secara sewenang-wenang, melainkan melalui prosedur yang sah dan transparan.

3. Disclaimer: Penjelasan ini bersifat umum dan tidak menggantikan konsultasi hukum dengan ahli di bidangnya.","A. Inti Jawaban:
1. Isu Pokok: Penjelasan Pasal 48 UU TNI.
2. Aturan & Unsur: Pasal 48 menyebutkan bahwa UU ini berlaku sejak ditandatangani oleh Presiden.
B. Rincian Analisis:
1. Isu Pokok: Penjelasan Pasal 48 UU TNI.
2. Aturan & Unsur: Pasal 48 menyebutkan bahwa UU ini berlaku sejak ditandatangani oleh Presiden.
C. Penerapan: Pasal 48 UU TNI mengatur bahwa UU ini berlaku sejak ditandatangani oleh Presiden.
### Disclaimer: Jawaban ini hanya sebagai informasi umum dan tidak dapat digunakan sebagai konsultasi hukum resmi.","[web_article] . Peserta sidang menjawab setuju dan dengan demikian, UU yang mengatur perubahan UU Nomor 34 Tahun 2004 sah. Apa saja yang berubah dalam UU tersebut? Simak penjelasannya di bawah ini, yuk! DilihatdetikJogjadari dokumen UU Republik Indonesia Nomor 34 Tahun 2004 tentang TNI, tugas pokok TNI dibedakan menjadi 2 dalam pasal 7 ayat (2), yakni operasi militer untuk perang dan operasi militer selain perang. Untuk operasi militer selain perang, tugas TNI dirinci sebanyak 14 poin sebagaimana tertera dala...

---

[academic_draft] 22 C. UU Nomor 34 Tahun 2004 tentang TNI UU Nomor 34 Tahun 2004 tentang TNI (UU TNI) saat ini telah berlaku lebih kurang 20 (dua puluh) tahun. Tentu selama berlaku, ada beberapa ketentuan atau materi muatan yang sudah tidak sesuai dengan dinamika dan perkembangan yang ada. Salah satunya, terkait peran prajurit aktif TNI pada Kementerian/lembaga lain serta batasan usia prajurit TNI. D. Putusan Mahkamah Konstitusi UU TNI pernah diuji di Mahkamah Konstitusi...

---

[web_article] Judul: Apa Isi UU TNI Terbaru? Ini Daftar Pasal yang Direvisi dan Disahkan DPR,21 Mar 2025 13:05,https://www.detik.com/jogja/berita/d-7834561/apa-isi-uu-tni-terbaru-ini-daftar-pasal-yang-direvisi-dan-disahkan-dpr,Dewan Perwakilan Rakyat (DPR) resmi mengesahkan Rancangan UU (RUU) Perubahan UU Nomor 34 Tahun 2004 tentang TNI. Apa isi UU TNI terbaru? Berikut ini daftar pasal yang direvisi! DilansirdetikNews, pengesahan RUU TNI dilakukan melalui rapat paripurna yang digelar pada Kamis, 20 Maret 2025...

---

[legal_request] . Perencanaan dan penyusunan pembentukan UU Nomor 3 Tahun 2025 Tentang Perubahan atas UU Nomor 34 Tahun 2004 Tentang TNI (TNI), tidak sesuai dengan tata cara pembentukan peraturan perUUan, tanpa naskah akademik. 13. Bahwa dalam Pasal 43 ayat (3) UU No. 12 Tahun 2011 mengatur secara imperatif dan tegas: Rancangan UU yang berasal dari DPR, Presiden, atau DPD harus disertai Naskah Akademik. Adapun dalam Pasal 1 angka 11 UU No...

---

[legal_request] . Pengambilan keputusan RUU revisi UU TNI yang sudah menjadi Undang- Undang Nomor 3 Tahun 2025 Tentang Perubahan atas UU Nomor 34 Tahun 2004 Tentang TNI (TNI), dilaksanakan pada Rapat Paripurna Pembukaan masa sidang DPR RI ke-13, pada 18 Februari 2025,yang dimana Para Permohonan menilai banyak kejanggalan dalam pengambilan keputusannya. Pertama, pengambilan keputusan untuk memasukkan RUU Revisi UU TNI yang sudah menjadi UU Nomor 3 Tahun 2025 Tentang Perubahan atas UU Nomor 34 Tahun 2004 Tentang ...",0.6998214721679688
Apa yang dimaksud dengan unsur pimpinan dalam Markas Besar TNI?,"1. Inti Jawaban:
   - Unsur pimpinan adalah komponen yang memegang otoritas tertinggi dalam Markas Besar TNI.
   - Implikasi praktisnya adalah pengambilan keputusan strategis.

2. Rincian Analisis:
   a. Isu Pokok: Peran unsur pimpinan dalam struktur TNI.
   b. Aturan & Unsur: Pasal 12 ayat (2) menyebutkan unsur pimpinan.
   c. Penerapan: Otoritas pimpinan krusial untuk kebijakan dan operasi.

3. Disclaimer: Berdasarkan UU No. 34 Tahun 2004.","A. Menurut Pasal 12 ayat (2) UU No. 34/2004 tentang TNI, unsur pimpinan adalah struktur kepemimpinan TNI yang bertanggung jawab kepada Panglima TNI. B. Implikasi praktisnya adalah bahwa semua keputusan strategis harus melalui proses pengambilan keputusan oleh unsur pimpinan ini. C. Unsur pimpinan ini mencakup sejumlah besar pejabat tinggi yang memiliki wewenang tertentu dalam operasi militer.
### Disclaimer: Informasi ini tidak boleh digunakan sebagai pengganti konsultasi hukum resmi.","[undang_undang] Pasal 12 Isi: (1) Organisasi TNI terdiri at as Markas Besar TNI yang membawahkan Markas Besar TNI Angkatan Darat, Markas Besar TNI Angkatan Laut, dan Markas Besar TNI Angkatan Udara. (2) Markas Besar TNI terdiri atas unsur pimpinan, unsur pembantu pimpinan, unsur pelayanan, badan pelaksana pusat, dan Komando Utama Operasi. (3) Markas Besar Angkatan terdiri atas unsur pimpinan, unsur pembantu pimpinan, unsur pelayanan, badan pelaksana pusat, dan Komando Utama Pembinaan. (4) Susunan organisasi TNI...

---

[analysis_report] 46 EDISI KHUSUS 2019 TNI dengan tetap meneguhkan komitmen untuk menjadi TNI yang kuat, hebat dan professional. Bentuk komitmen TNI tersebut diperlihatkan dengan terus memantapkan kemanunggalan TNI rakyat, meningkatkan semangat pengabdian, kualitas kinerja, etos kerja dan memberikan yang terbaik untuk bangsa dalam mengemban setiap tugas. Untuk melaksanakan tugas pokoknya selain penugasan di dalam negeri, TNI juga melaksanakan kegiatan di luar negeri dalam rangka menjaga nama baik Bangsa Indonesia...

---

[undang_undang] Pasal 5 Isi: TNI berperan sebagai alat negara di bidang pertahanan yang dalam menjalankan tugasnya berdasarkan kebijakan dan keputusan politik negara. Bagian Kedua Fungsi Penjelasan: Yang dimaksud dengan kebijakan dan keputusan politik negara adalah kebijakan politik pemerintah bersama-sama Dewan Perwakilan Rakyat yang dirumuskan melalui mekanisme hubungan kerja antara pemerintah dan Dewan Perwakilan Rakyat, seperti rapat konsultasi dan rapat kerja sesuai dengan peraturan perUUan....

---

[undang_undang] Pasal 3 Isi: (1) Dalam pengerahan dan penggu naan kekuatan militer, TNI berkedudukan di bawah Presiden. (2) Dalam kebijakan dan strategi pertahanan serta dukungan administrasi, TNI di bawah koordinasi Departemen Pertahanan. Penjelasan: Ayat (1) Yang dimaksud berkedudukan di bawah Presiden adalah bahwa keberadaan TNI di bawah kekuasaan Presiden. Ayat (2) Yang dimaksud dengan di bawah koordinasi Departemen Pertahanan adalah segala sesuatu yang berkaitan dengan perencanaan strategis yang meliputi a...

---

[analysis_report] 45 EDISI KHUSUS 2019 KIPRAH TNI SEBAGAI KOMPONEN UTAMA PERTAHANAN NEGARA DI KANCAH DUNIA INTERNASIONAL Oleh: Brigjen TNI Bonifasius Widiyanto. S, SH., MH Direktur Kebijakan Strategis Pertahanan Direktorat Jenderal Strategi Pertahanan Kemhan P Pendahuluan TNI dalam menjalankan tugasnya sebagai alat negara di bidang pertahanan dan juga dalam menjaga perdamaian serta keamanan dalam arti yang luas, adalah mengerti dengan jelas makna tugasnya dalam menjaga kedaulatan negara dan menjaga keutuhan wilay...",0.8072866797447205
Apakah anggaran TNI bisa berasal dari sumber lain selain APBN?,"1. Inti Jawaban:
- Tidak, anggaran TNI hanya berasal dari APBN sesuai Pasal 66 ayat (1) UU No. 34 Tahun 2004.
- Implikasi praktisnya adalah bahwa TNI tidak boleh menerima pembiayaan dari sumber lain yang tidak sah.

2. Rincian Analisis:
a. Isu Pokok: Pertanyaan ini berkaitan dengan legalitas sumber pembiayaan TNI.
b. Aturan & Unsur: Pasal 66 ayat (1) secara eksplisit menyatakan bahwa TNI dibiayai dari anggaran pertahanan negara yang berasal dari APBN.
c. Penerapan: Aturan ini memastikan bahwa pembiayaan TNI bersifat legal dan terhindar dari potensi penyalahgunaan sumber dana.

3. Disclaimer: Informasi ini bersifat umum dan tidak menggantikan konsultasi hukum resmi.",(a) Pasal 66 ayat (1) UU No. 34 Tahun 2004 menyatakan bahwa TNI dibiayai sepenuhnya dari APBN. (b) Implikasi: Seluruh pendanaan harus melalui mekanisme resmi yang disetujui DPR. (c) Informasi tambahan: Anggaran kontijensi untuk operasi mendesak tetap bersumber dari APBN.,"[academic_draft] . Jadi penempatan prajurit aktif TNI pada kementerian/ lembaga lain selain atas permintaan juga dalam rangka meringankan beban kebutuhan sumber daya manusia di kementerian/lembaga lain. Kebijakan ini pada aspek beban keuangan negara juga dapat meringkankan beban TNI. Di samping itu, dengan adanya distribusi potensi sumber daya manusia dari TNI kepada kementerian/lembaga lain, TNI secara internal juga dapat menata organisasinya secara optimal. Implikasi penerapan sistem baru terkait perubahan dan...

---

[undang_undang] Pasal 66 Isi: (1) TNI dibiayai dari anggaran pertahanan negara yang berasal dari Anggaran Pendapatan dan Belanja Negara. (2) Keperluan anggaran sebagaimana dimaksud pada ayat (1) diajukan oleh Departemen Pertahanan....

---

[undang_undang] Pasal 67 Isi: (1) Dalam hal pemenuhan dukungan anggaran TNI, Panglima mengajukan kepada Menteri Pertahanan untuk dibiayai seluruhnya dari Anggaran Pendapatan dan Belanja Negara (2) Dalam hal pemenuhan dukungan anggaran operasi militer yang bersifat mendesak, Panglima mengajukan anggaran kepada Menteri Pertahanan untuk dibiayai dari anggaran kontijensi yang bersumber dari Anggaran Pendapatan dan Belanja Negara. (3) Dukungan sebagaimana dimaksud pada ayat (2) dimintakan persetujuan oleh Menteri Pe...

---

[undang_undang] Pasal 68 Isi: (1) TNI wajib mengelola anggaran pertahanan negara yang dialokasikan oleh pemerintah. (2) TNI wajib mempertanggungja wabkan pengelolaan anggaran pertahanan negara sebagaimana dimaksud pada ayat (1) kepada Menteri Pertahanan. (3) Pengelolaan anggaran pertahanan negara oleh TNI sebagaimana dimaksud pada ayat (2) dilaksanakan berdasarkan prinsip transparansi, akuntabilitas, pertanggungjawaban, serta efisiensi untuk menerapkan tata pemerintahan yang baik. (4) Pengelolaan anggaran perta...

---

[web_article] . Harusnya seluruh Kementerian dan anggota DPR RI mendukung kebijakan efisiensi anggaran yang ditetapkan Presiden Prabowo dengan aksi nyata jangan hanya dengan kata-kata! ucapnya. Terpisah, Menteri Pertahanan (Menhan) Sjafrie Sjamsoeddin menyatakan revisi UU TNI menjadi perubahan regulasi agar lebih adaptif merespons dinamika global dan perkembangan ancaman seperti perang siber, perang hibrida, serta ancaman asimetris lain. Perubahan UU TNI diajukan oleh DPR RI untuk memberikan landasan hukum ya...",0.6090664863586426
Siapa yang berwenang memberhentikan prajurit TNI di bawah pangkat kolonel menurut UU No. 34 Tahun 2004?,1. Inti Jawaban: Panglima TNI berwenang memberhentikan prajurit di bawah pangkat kolonel. Implikasi praktisnya adalah kewenangan ini bersifat hierarkis dalam struktur komando TNI. 2. Rincian Analisis: a. Isu Pokok: Kewenangan pemberhentian prajurit TNI non-perwira tinggi. b. Aturan & Unsur: Pasal 59 ayat (2) UU No. 34 Tahun 2004 menetapkan Panglima sebagai penentu keputusan pemberhentian. c. Penerapan: Sistem ini memastikan efisiensi dalam manajemen personel TNI tingkat menengah ke bawah. 3. Disclaimer: Interpretasi dapat bervariasi tergantung kebijakan internal TNI.,"1. Inti Jawaban:
    - Panglima TNI berwenang memberhentikan prajurit TNI di bawah pangkat kolonel.
    - Implikasi: Memberikan kepastian hukum dalam manajemen karier prajurit.
2. Rincian Analisis:
    a. Isu Pokok: Kewenangan pemutusan hubungan kerja prajurit TNI.
    b. Aturan & Unsur: Pasal 69 ayat (1) menyatakan Panglima sebagai penandatangan surat keputusan pemutusan hubungan kerja.
    c. Penerapan: Proses ini harus mengikuti prosedur administratif yang jelas.
3. Disclaimer: Informasi ini merujuk pada UU No. 34 Tahun 2004 tanpa mempertimbangkan revisi atau interpretasi terbaru.","[academic_draft] 22 C. UU Nomor 34 Tahun 2004 tentang TNI UU Nomor 34 Tahun 2004 tentang TNI (UU TNI) saat ini telah berlaku lebih kurang 20 (dua puluh) tahun. Tentu selama berlaku, ada beberapa ketentuan atau materi muatan yang sudah tidak sesuai dengan dinamika dan perkembangan yang ada. Salah satunya, terkait peran prajurit aktif TNI pada Kementerian/lembaga lain serta batasan usia prajurit TNI. D. Putusan Mahkamah Konstitusi UU TNI pernah diuji di Mahkamah Konstitusi...

---

[legal_request] . Namun, UU No. 3 tahun 2025 Tentang Perubahan atas UU Nomor 34 Tahun 2004 tentang TNI ini memperluas daftar jabatan yang dapat diisi oleh prajurit aktif, mencakup posisi di kementerian, lembaga negara, hingga BUMN dan BUMD. Hal ini berpotensi membahayakan karena Keterlibatan militer dalam pemerintahan sipil berisiko mengaburkan batas antara otoritas militer dan sipil, melemahkan supremasi sipil, serta membuka peluang bagi militer untuk kembali terlibat dalam politik praktis. Hal ini mengingatka...

---

[undang_undang] Pasal 44 Isi: (1) Prajurit yang mendapat tugas dengan pertaruhan jiwa raga secara langsung dan berjasa melampaui panggilan tugas dapat dianugerahi kenaikan pangkat luar biasa. (2) Ketentuan sebagaimana dimaksud pada ayat (1) diatur dengan Peraturan Pemerintah. Penjelasan: Ayat (1) Yang dimaksud dengan melampaui panggilan tugas adalah bahwa seseorang prajurit TNI tanpa memperdulikan keselamatan jiwanya melakukan tindakan kepahlawanan dalam suatu tugas demi bangsa dan negara, walaupun tindakan itu...

---

[web_article] . Dia meminta masyarakat tak khawatir anggota TNI aktif mengisi jabatan di BUMN. Tidak ada (prajurit aktif di Agrinas BUMN), semua, mulai Bulog, semua purnawirawan, jadi tenang saja ya. Nggak usah khawatirlah, ujarnya. Diketahui, ada 3 pasal penting dalam perubahan UU Nomor 34 Tahun 2004 tentang TNI tersebut. Pasal itu mengatur mengenai tugas dan kewenangan TNI dan keterlibatan TNI aktif jabatan publik. Dalam Pasal 7 RUU TNI, tercantum 2 tugas baru TNI dalam operasi militer selain perang dari ya...",0.6302047371864319
Apa saja contoh 'atribut' yang wajib dikenakan prajurit menurut Pasal 40?,"1. Inti Jawaban:
- Atribut mencakup tanda pangkat, tanda jasa, tanda satuan, dan tanda kecakapan.
- Implikasi: Atribut menunjukkan identitas, prestasi, dan spesialisasi prajurit.

2. Rincian Analisis:
a. Isu Pokok: Jenis atribut militer yang diatur UU.
b. Aturan & Unsur:
- Penjelasan Pasal 40: Atribut meliputi:
  * Tanda pangkat (misalnya: bintang, melati).
  * Tanda jasa (misalnya: medali penghargaan).
  * Tanda satuan (lambang korps/kesatuan).
  * Tanda kecakapan (kualifikasi khusus).
c. Penerapan: Atribut harus dipakai sesuai ketentuan untuk menghindari pelanggaran.

3. Disclaimer: Daftar atribut dapat diperbarui oleh Panglima TNI.","A. Atribut mencakup tanda pangkat, tanda jasa, tanda satuan, dan tanda kecakapan.
B. Alasan: Penjelasan Pasal 40 menyebutkan atribut sebagai bagian dari seragam militer.
C. Implikasi: Penggunaan atribut wajib sesuai ketentuan Panglima.","[undang_undang] Pasal 40 Isi: (1) Setiap prajurit menggunakan pakaian seragam, atribut, perlengkapan, dan peralatan militer sesuai dengan tuntutan tugasnya. (2) Ketentuan sebagaimana dimaksud pada ayat (1) diatur dengan keputusan Panglima. Penjelasan: Ayat (1) Yang dimaksud dengan pakaian seragam adalah pakaian dinas TNI. Yang dimaksud dengan atribut adalah tanda-tanda yang dikenakan oleh prajurit antara lain tanda pa ngkat, tanda jasa, tanda satuan, dan tanda kecakapan. Yang dimaksud dengan perlengkapan dan pe...

---

[undang_undang] Pasal 37 Isi: (1) Prajurit berkewajiban menjunjung tinggi kepercayaan yang diberikan oleh bangsa dan negara untuk melakukan usaha pembelaan negara sebagaimana termuat dalam Sumpah Prajurit (2) Untuk keamanan negara, setiap prajurit yang telah berakhir menjalani dinas keprajuritan atau prajurit siswa yang karena suatu hal tidak dilantik menjadi prajurit, wajib memegang teguh rahasia tentara walaupun yang bersangkutan diberhentikan dengan hormat atau dengan tidak hormat....

---

[undang_undang] Pasal 44 Isi: (1) Prajurit yang mendapat tugas dengan pertaruhan jiwa raga secara langsung dan berjasa melampaui panggilan tugas dapat dianugerahi kenaikan pangkat luar biasa. (2) Ketentuan sebagaimana dimaksud pada ayat (1) diatur dengan Peraturan Pemerintah. Penjelasan: Ayat (1) Yang dimaksud dengan melampaui panggilan tugas adalah bahwa seseorang prajurit TNI tanpa memperdulikan keselamatan jiwanya melakukan tindakan kepahlawanan dalam suatu tugas demi bangsa dan negara, walaupun tindakan itu...

---

[undang_undang] Pasal 60 Isi: (1) Dalam menghadapi keadaan darurat militer dan keadaan perang, setiap Prajurit Sukarela dan Prajurit Wajib yang telah berakhir menjalani dinas keprajuritan dapat diwajibkan aktif kembali (2) Kewajiban sebagaimana dimaksud pada ayat (1) diatur dengan UU....

---

[web_article] . Sebab itu, kata dia, pasal tersebut berpotensi merugikan hak-hak konstitusional warga negara. Karena terdapat dalam pasal 47 ayat 1 yang menyatakan prajurit dapat menduduki jabatan di kementerian atau lembaga dan seterusnya tanpa harus mengundurkan diri atau pensiun dari dinas aktif keprajuritan, akibat berlakunya ketentuan a quo, yang memberikan dua alternatif keleluasaan bagi prajurit TNI untuk menduduki jabatan tersebut dan jabatan sipil lain, ujarnya. Kemudian bahwa kerugian konstitusional...

---

[undang_undang] Pasal 50 Isi: (1) Prajurit dan prajurit siswa memperoleh kebutuhan dasar prajurit yang meliputi: a. perlengkapan perseorangan; dan b. pakaian seragam dinas (2) Prajurit dan prajurit siswa memperoleh rawatan dan layanan kedinasan, yang meliputi: a. penghasilan yang layak; b. tunjangan keluarga; c. perumahan/asrama/mess; d. rawatan kesehatan; e. pembinaan mental dan pelayanan keagamaan; f. bantuan hukum; g. asuransi kesehatan dan jiwa; h. tunjangan hari tua; dan i. asuransi penugasan operasi milit...",0.6862087845802307
Bagaimana perubahan redaksi Pasal 8 mempengaruhi tugas Angkatan Darat?,"1. Inti Jawaban: Perubahan memperluas mandat AD dari fokus perbatasan ke seluruh wilayah pertahanan darat. Implikasinya, AD memerlukan alokasi sumber daya yang lebih besar. 2. Rincian Analisis: a. Isu Pokok: Dampak amandemen terhadap struktur komando AD. b. Aturan & Unsur: Bandingkan Pasal 8 versi lama (2004) dan revisi (2024) menunjukkan perluasan yurisdiksi. c. Penerapan: AD harus meninjau ulang doktrin pertahanannya sesuai perubahan UU. 3. Disclaimer: Perubahan kebijakan operasional memerlukan koordinasi dengan kementerian terkait.","1. Inti Jawaban:
   - Pasal 8 ayat (2) huruf b angka 10 memberikan mandat baru bagi AD untuk melindungi WNI dan kepentingan nasional di luar negeri.
2. Rincian Analisis:
   a. Isu Pokok: Dampak perubahan tugas AD.
   b. Aturan & Unsur: Ayat (2) huruf b angka 10 menambah tanggung jawab AD dalam aspek diplomatik dan proteksi.
   c. Penerapan: AD harus merancang strategi baru untuk misi non-perang seperti pemulangan WNI.
3. Disclaimer: Interpretasi ini didasarkan pada teks UU tanpa referensi eksternal.","[undang_undang] Pasal 14 Isi: (1) Angkatan dipimpin oleh seor ang Kepala Staf Angkatan dan berkedudukan di bawah Panglima serta bertanggung jawab kepada Panglima. (2) Kepala Staf Angkatan diangkat dan diberhentikan oleh Presiden atas usul Panglima. (3) Kepala Staf Angkatan sebagaimana dimaksud pada ayat (2) diangkat dari Perwira Tinggi aktif dari angkatan yang bersangkutan dengan memperhatikan jenjang kepangkatan dan karier. (4) Tata cara pengangkatan dan pemberhentian Kepala Staf Angkatan sebagaimana dimaksud ...

---

[web_article] . Untuk operasi militer selain perang, tugas TNI dirinci sebanyak 14 poin sebagaimana tertera dalam huruf b ayat (2) pasal 7. Keempat belas tugas tersebut adalah: Nah, dalam RUU TNI yang kemarin disahkan, terdapat dua tugas tambahan, yakni: Di samping itu, terdapat satu ayat tambahan untuk pasal 7 yang bunyinya: Pelaksanaan operasi militer selain perang sebagaimana dimaksud pada ayat (2) huruf b diatur lebih lanjut dengan Peraturan Pemerintah atau Peraturan Presiden, kecuali untuk ayat (2) huruf...

---

[web_article] . Dia mencontohkan militerisasi ini terkandung dalam pasal 7 mengenai OMSP, pasal 8 yang memperluas wilayah tugas TNI AD, pasal 47 yang menambah ruang jabatan sipil untuk TNI aktif, dan pasal 53 yang memperpanjang masa kerja TNI. Hal senada juga disampaikan Peneliti Departemen Hubungan Internasional CSIS, Pieter Pandie. Dia mengatakan militerisasi ini menyebabkan ketidakjelasan dan tumpang tindih kewenangan. Penambahan peran baru, yaitu siber dan perlindungan WNI dan kepentingan nasional di luar...",0.594506025314331
Apa makna 'Tidak berbisnis' bagi TNI sebagai Tentara Profesional menurut UU No. 34 Tahun 2004?,"1. Inti Jawaban:
- 'Tidak berbisnis' berarti TNI harus fokus pada tugas militer dan tidak terlibat dalam kegiatan komersial.
- Implikasi praktisnya adalah TNI harus menghindari konflik kepentingan ekonomi.

2. Rincian Analisis:
a. Isu Pokok: Larangan TNI terlibat dalam bisnis.
b. Aturan & Unsur: Pasal 2 huruf d UU No. 34 Tahun 2004 melarang TNI berbisnis.
c. Penerapan: TNI harus memastikan prajuritnya tidak terlibat dalam aktivitas bisnis.

3. Disclaimer: Penjelasan ini berdasarkan UU No. 34 Tahun 2004 dan penjelasan resminya.",A. Inti Jawaban: TNI harus fokus pada tugas tempur tanpa campur tangan bisnis. B. Rincian Analisis: 1. Isu Pokok: Batasan aktivitas TNI. 2. Aturan & Unsur: Pasal 6 ayat (1) huruf g UU TNI menyatakan TNI tidak boleh berbisnis. 3. Penerapan: Larangan ini melindungi TNI dari konflik kepentingan. C. Disclaimer: Penjelasan bersifat umum.,"[academic_draft] 22 C. UU Nomor 34 Tahun 2004 tentang TNI UU Nomor 34 Tahun 2004 tentang TNI (UU TNI) saat ini telah berlaku lebih kurang 20 (dua puluh) tahun. Tentu selama berlaku, ada beberapa ketentuan atau materi muatan yang sudah tidak sesuai dengan dinamika dan perkembangan yang ada. Salah satunya, terkait peran prajurit aktif TNI pada Kementerian/lembaga lain serta batasan usia prajurit TNI. D. Putusan Mahkamah Konstitusi UU TNI pernah diuji di Mahkamah Konstitusi...

---

[legal_request] . Namun, UU No. 3 tahun 2025 Tentang Perubahan atas UU Nomor 34 Tahun 2004 tentang TNI ini memperluas daftar jabatan yang dapat diisi oleh prajurit aktif, mencakup posisi di kementerian, lembaga negara, hingga BUMN dan BUMD. Hal ini berpotensi membahayakan karena Keterlibatan militer dalam pemerintahan sipil berisiko mengaburkan batas antara otoritas militer dan sipil, melemahkan supremasi sipil, serta membuka peluang bagi militer untuk kembali terlibat dalam politik praktis. Hal ini mengingatka...

---

[web_article] . Mereka minta makan, minta ini, jadi kondisi zaman berbeda-beda. Jadi menurut saya UU TNI is a non issue, nggak ada niat, semua pejabat tentara yang akan masuk jabatan-jabatan sipil, pensiun dini. Hanya ada beberapa lembaga yang memang diizinkan. Intelijen, bencana alam, Basarnas, dari dulu, kan ini hanya memformalkan, sambungnya. Isi: nan...

---

[analysis_report] . 4) Pembangunan postur ideal setelah MEF tercapai, diiringi dengan pembangunan industri pertahanan yang mengarah pada kemandirian industri pertahanan yang signifikan, kemampuan berkolaborasi secara internasional, dan pengembangan yang sustainable. b. Profesionalisme Prajurit UU Nomor 34 Tahun 2004 tentang TNI secara jelas menetapkan bahwa salah satu jati diri TNI adalah tentara profesional, yaitu tentara yang terlatih,...",0.6588522791862488
Apa yang dimaksud dengan pangkat efektif dalam TNI?,"1. Inti Jawaban:
- Pangkat efektif adalah pangkat yang diberikan kepada prajurit selama menjalani dinas keprajuritan dengan akibat administrasi penuh.
- Implikasi praktisnya adalah pangkat ini bersifat permanen selama masa dinas.

2. Rincian Analisis:
a. Isu Pokok: Definisi pangkat efektif.
b. Aturan & Unsur: Pasal 27 ayat (2) huruf a UU No. 34 Tahun 2004 menyatakan bahwa pangkat efektif diberikan selama dinas keprajuritan dan membawa akibat administrasi penuh.
c. Penerapan: Pangkat efektif menjadi dasar utama dalam struktur hierarki TNI.

3. Disclaimer: Penjelasan ini berdasarkan UU No. 34 Tahun 2004 dan tidak mencakup perubahan atau revisi setelahnya.","1. Inti Jawaban:
   a. Pangkat efektif adalah pangkat yang telah resmi diakui dan diberlakukan oleh TNI.
   b. Implikasi: Pangkat efektif menunjukkan status resmi prajurit dalam hierarki TNI.

2. Rincian Analisis:
   a. Isu Pokok: Definisi pangkat efektif dalam TNI.
   b. Aturan & Unsur: Pasal 47 ayat (1) huruf e menyatakan bahwa pangkat efektif adalah pangkat yang telah resmi diakui dan diberlakukan.
   c. Penerapan: Pangkat efektif digunakan untuk menentukan hak dan kewajiban prajurit dalam struktur TNI.

3. Disclaimer: Penjelasan ini bersifat informatif dan tidak menggantikan konsultasi hukum resmi.","[analysis_report] . Bagi TNI, apapun tugas yang menyangkut persoalan bangsa merupakan panggilan tugas pengabdian dengan tulus dan ikhlas sehingga kepercayaan rakyat kepada TNI akan semakin tinggi. Terlebih lagi, bila TNI mampu membuktikan diri dalam melaksanakan tugas negara dengan baik dan mewujudkan kepentingan masyarakat banyak yang tidak bisa dinilai oleh rupiah. Tentunya kepercayaan itu harus kita bangun dan jaga dengan baik, sebagaimana kesetiaan TNI dalam menjaga keutuhan bangsa dan negara. Terlebih, berba...

---

[analysis_report] . Kita juga patut berbangga dengan berbagai keberhasilan yang diraih TNI, seperti hasil riset Lembaga Survey Indonesia (LSI), yang menempatkan TNI sebagai lembaga Negara dengan tingkat kepercayaan yang paling tinggi dan mampu menunjukkan kinerja yang baik, kemudian hasil survey Lembaga Analis Militer Global Fire Power (GFP) 2019 yang menempatkan TNI dalam peringkat ke-15 kekuatan militer dunia. Perspektif Kebijakan Diplomasi dan Kerjasama Bidang Pertahanan Dalam Mendukung Peran TNI di Forum Regi...

---

[analysis_report] 46 EDISI KHUSUS 2019 TNI dengan tetap meneguhkan komitmen untuk menjadi TNI yang kuat, hebat dan professional. Bentuk komitmen TNI tersebut diperlihatkan dengan terus memantapkan kemanunggalan TNI rakyat, meningkatkan semangat pengabdian, kualitas kinerja, etos kerja dan memberikan yang terbaik untuk bangsa dalam mengemban setiap tugas. Untuk melaksanakan tugas pokoknya selain penugasan di dalam negeri, TNI juga melaksanakan kegiatan di luar negeri dalam rangka menjaga nama baik Bangsa Indonesia...

---

[analysis_report] 29 EDISI KHUSUS 2019 SDM TNI (prajurit) dalam institusi atau organisasi sebagai alat pertahanan secara : Pertama : Profesionalisme adalah kemampuan sesuai bidang tugas dengan kriteria keahlian (Expertise) dalam suatu bidang tertentu yang melalui pendidikan dan kemudian dikembangkan melalui pengalaman maupun kerjasama (Coorporateness) sebagai bagian dari kesatuan organik yang membedakannya dari kelompok sosial lain, dan rasa tanggung jawab (Responsibility) untuk menggunakan keahlian yang dimiliki...

---

[undang_undang] Pasal 42 Isi: (1) Setiap prajurit memperoleh kesempatan untuk mendapat kenaikan pangkat dan/atau jabatan berdasarkan prestasinya, sesuai dengan pola karier yang berlaku dengan mempertimbangkan kepentingan TNI dan memenuhi persyaratan yang ditentukan. (2) Ketentuan sebagaimana dimaksud pada ayat (1) diatur dengan keputusan Panglima....

---

[web_article] . Penempatan TNI di luar fungsinya sebagai alat pertahanan negara bukan hanya salah, tetapi akan memperlemah profesionalisme TNI itu sendiri. Profesionalisme dibangun dengan cara meletakkan TNI dalam fungsi aslinya sebagai alat pertahanan negara dan bukan menempatkannya dalam fungsi dan jabatan sipil lain yang bukan merupakan kompetensinya, imbuhnya. Tak hanya itu, kata Koalisi, dampak lain dari penempatan prajurit TNI aktif pada jabatan sipil dan urusan sipil-domestik adalah mengenai akuntabili...",0.5959211587905884
Apa kedudukan TNI dalam pengerahan dan penggunaan kekuatan militer menurut UU No. 34 Tahun 2004?,"1. Inti Jawaban:
- TNI berkedudukan di bawah Presiden dalam pengerahan dan penggunaan kekuatan militer.
- Implikasi praktisnya adalah Presiden memiliki otoritas penuh atas operasi militer TNI.

2. Rincian Analisis:
a. Isu Pokok: Kedudukan hierarkis TNI dalam struktur komando militer.
b. Aturan & Unsur: Pasal 3 ayat (1) UU No. 34 Tahun 2004 menyatakan TNI berada di bawah Presiden dalam operasi militer.
c. Penerapan: Presiden sebagai Panglima Tertinggi mengendalikan langsung penggunaan kekuatan militer untuk menjaga kedaulatan negara.

3. Disclaimer: Analisis ini berdasarkan versi UU yang berlaku sebelum revisi 2018.","A. Inti Jawaban: TNI berada di bawah Presiden dalam pengerahan dan penggunaan kekuatan militer. Implikasinya adalah Presiden memiliki kendali mutlak atas operasi militer. B. Rincian Analisis: 1. Isu Pokok: Kedudukan hierarkis TNI dalam sistem pertahanan negara. 2. Aturan & Unsur: a. Pasal 7 ayat (2) UU TNI menyatakan TNI bertugas mempertahankan, melindungi, dan memelihara keutuhan dan kedaulatan negara. b. Pasal 30 ayat (5) UUD NRI Tahun 1945 memberikan dasar hukum kepada Presiden untuk mengendalikan TNI. 3. Penerapan: Presiden memiliki wewenang final dalam semua operasi militer, baik untuk perang maupun non-perang. C. Disclaimer: Interpretasi ini didasarkan pada teks UU tanpa mempertimbangkan faktor eksternal.","[analysis_report] . Bahkan dalam konteks politik praktis peran militer di Indonesia telah diminimalkan. Dengan disahkannya Undang- Undang Nomor 34 Tahun 2004, pada konteks pengerahan dan penggunaan kekuatan militer ternyata TNI (TNI) berkedudukan di bawah Presiden. Selanjutnya, dalam hal kebijakan maupun strategi pertahanan dan dukungan administrasi, TNI berada di Sumber: Biro Humas Kemhan...

---

[academic_draft] . Sebagai kekuatan utama yang menurut UU Nomor 3 Tahun 2002 tentang Pertahanan Negara disebut sebagai komponen utama dalam sistem pertahanan negara, TNI merupakan alat negara yang bertugas mempertahankan, melindungi, dan memelihara keutuhan dan kedaulatan negara. Dalam Pasal 30 ayat (5) UUD NRI Tahun 1945 disebutkan bahwa susunan, kedudukan, hubungan, dan kewenangan TNI dalam melaksanakan tugas, termasuk syarat-syarat keikutsertaan...

---

[web_article] . Peserta sidang menjawab setuju dan dengan demikian, UU yang mengatur perubahan UU Nomor 34 Tahun 2004 sah. Apa saja yang berubah dalam UU tersebut? Simak penjelasannya di bawah ini, yuk! DilihatdetikJogjadari dokumen UU Republik Indonesia Nomor 34 Tahun 2004 tentang TNI, tugas pokok TNI dibedakan menjadi 2 dalam pasal 7 ayat (2), yakni operasi militer untuk perang dan operasi militer selain perang. Untuk operasi militer selain perang, tugas TNI dirinci sebanyak 14 poin sebagaimana tertera dala...

---

[legal_request] . Namun, UU No. 3 tahun 2025 Tentang Perubahan atas UU Nomor 34 Tahun 2004 tentang TNI ini memperluas daftar jabatan yang dapat diisi oleh prajurit aktif, mencakup posisi di kementerian, lembaga negara, hingga BUMN dan BUMD. Hal ini berpotensi membahayakan karena Keterlibatan militer dalam pemerintahan sipil berisiko mengaburkan batas antara otoritas militer dan sipil, melemahkan supremasi sipil, serta membuka peluang bagi militer untuk kembali terlibat dalam politik praktis. Hal ini mengingatka...

---

[undang_undang] Pasal 20 Isi: (1) Penggunaan kekuatan TNI dalam rangka melaksanakan operasi militer untuk perang, dilakukan untuk kepentingan penyelenggaraan pertahanan negara sesuai dengan peraturan perUUan. (2) Penggunaan kekuatan TNI dalam rangka melaksanakan operasi militer selain perang, dilakukan untuk kepentingan pertahanan negara dan/atau dalam rangka mendukung kepentingan nasional sesuai dengan peraturan perundang- undangan. (3) Penggunaan kekuatan TNI dalam rangka tugas perdamaian dunia dilakukan sesu...

---

[academic_draft] . Berdasarkan hal tersebut, ada 3 (tiga) aspek yang terkait dengan masalah pertahanan negara, yaitu: keutuhan negara, kedaulatan negara, dan keselamatan negara. Ketentuan mengenai TNI lebih lanjut diatur dalam UU Nomor 34 Tahun 2004 tentang TNI (UU TNI). Sebelum dibentuk UU TNI, ketentuan mengenai TNI diatur dalam Ketetapan MPR Nomor VI/MPR/2000 tentang Pemisahan TNI dan Kepolisian Negara Republik Indonesia, dan Ketetapan MPR...",0.7925002574920654
Apa dasar hukum peran TNI dalam menghadapi terorisme?,"1. Inti Jawaban:
- Dasar hukumnya adalah fungsi penindak dan pemulih dalam Pasal 6.
- Implikasi praktis: TNI perlu protokol penanganan terorisme.

2. Rincian Analisis:
a. Isu Pokok: Landasan hukum peran TNI melawan terorisme.
b. Aturan & Unsur: Penjelasan Pasal 6 menyebut terorisme sebagai ancaman.
c. Penerapan: TNI harus berkoordinasi dengan Polri dalam penanganan terorisme.

3. Disclaimer: Jawaban ini merujuk pada UU No. 34 Tahun 2004.",A. Inti Jawaban: Dasar hukumnya adalah Pasal 6 ayat (1) huruf a dan b UU No. 34 Tahun 2004 tentang TNI. B. Rincian: 1. Isu Pokok: Legalitas peran TNI dalam menangkal terorisme. 2. Aturan & Unsur: a. Pasal 6 ayat (1) huruf a dan b UU TNI mensyaratkan TNI sebagai penangkal dan penindak ancaman bersenjata. b. Implikasi: TNI wajib merespons terorisme sesuai mandat konstitusional. C. Disclaimer: Interpretasi dapat bervariasi.,"[web_article] . Kemudian dalam melaksanakan tugas pemerintahan jika terjadi tindak pidana juga perlu dikhawatirkan. Misalnya tindak bidana korupsi, itu lalu diadili lewat apa mekanismenya, karena dia anggota TNI aktif, yang dalam jabatan yang dimungkinkan oleh UU TNI lagi, jadi ini akan jadi persoalan hukum, tambahnya. Menurut Rahadian, perlu diberikan definisi yang lebih ketat untuk memperjelas peran-peran TNI sebagaimana UU yang baru disahkan itu. Di luar operasi militer, misalnya di situ dalam siper, ini p...

---

[academic_draft] 8 Nomor VII/MPR/2000 tentang Peran TNI dan Peran Kepolisian Negara Republik Indonesia. Di dalam UU TNI diatur mengenai peran TNI selain melakukan pertahanan negara. Pasal 47 ayat (2) UU TNI mengatur bahwa prajurit aktif dapat menduduki jabatan pada kantor yang membidangi koordinator bidang politik dan keamanan negara, sekretaris militer Presiden, intelijen negara, sandi negara, lembaga ketahanan nasional, dewan pertahanan nasional, search and rescue (sar) nasional, narkotika nasional, dan mahkam...

---

[web_article] . Menhan sebelumnya mengungkap usulan perubahan pasal pada revisi UU tentang TNI. Pihaknya ingin ada aturan yang memperjelas batasan dan mekanisme pelibatan TNI di jabatan non militer. Perubahan UU TNI diajukan oleh pihak DPR RI diperlukan untuk memberikan landasan hukum yang lebih jelas terhadap peran TNI, ada tugas lain selain perang tanpa melanggar prinsip demokrasi dan supremasi sipil, ujar Sjafrie dalam rapat. Ia menyebut ada empat fokus yang ditekankan oleh pihaknya. Salah satunya, terkait...

---

[undang_undang] Pasal 6 Isi: (1) TNI, sebagai alat pertahanan negara, berfungsi sebagai: a. penangkal terhadap setiap bentuk ancaman militer dan ancaman bersenjata dari luar dan dalam negeri terhadap kedaulatan, keutuhan wilayah, dan keselamatan bangsa; b. penindak terhadap setiap bentuk ancaman sebagaimana dimaksud pada ayat (1) huruf a; dan c. pemulih terhadap kondisi keamanan negara yang terganggu akibat kekacauan keamanan. (2) Dalam melaksanakan fungsi sebagaimana dimaksud pada ayat (1), TNI merupakan kompo...",0.7063459157943726
Apa yang dimaksud dengan 'tidak membantah perintah atasan' dalam sumpah?,"1. Inti Jawaban:
- Prajurit harus menjalankan perintah sah atasan tanpa penundaan atau debat.
- Implikasi praktis: Efisiensi komando dalam operasi militer.

2. Rincian Analisis:
a. Isu Pokok: Prinsip komando dalam militer.
b. Aturan & Unsur: Pasal 35 menekankan kepatuhan mutlak kecuali untuk perintah melawan hukum.
c. Penerapan: Sistem banding hanya berlaku pasca eksekusi perintah darurat.

3. Disclaimer: Ada prosedur pertanggungjawaban perintah yang tidak sah.",A. Merujuk pada Pasal 35 ayat (2) huruf b UU No. 34/2004 tentang TNI. B. Implikasi: Prajurit harus patuh tanpa protes. C. Syarat: Perintah tidak bertentangan dengan agama.,"[undang_undang] Pasal 35 Isi: Sumpah Prajurit adalah sebagai berikut: Demi Allah saya bersumpah/berjanji: bahwa saya akan setia kepada Negara Kesatuan Republik Indonesia yang berdasarkan Pancasila dan UU Dasar Negara Republik Indonesia Tahun 1945; bahwa saya akan tunduk kepada hukum dan memegang teguh disiplin keprajuritan; bahwa saya akan taat kepada atasan dengan tidak membantah perintah atau putusan bahwa saya akan menjalankan segala kewajiban dengan penuh rasa tanggung jawab kepada tentara dan Negara Republ...

---

[undang_undang] Pasal 58 Isi: (1) Prajurit yang dalam melaksanakan tugas tidak kembali bergabung dengan kesatuannya sebagai akibat dari atau diduga diakibatkan oleh tindakan musuh atau di luar kekuasaannya, dinyatakan hilang dalam tugas, wajib terus dicari. (2) Prajurit sebagaimana dimaksud pada ayat (1) apabila setelah 1 (satu) tahun tidak ada kepastian atas dirinya, diberhentikan dengan hormat dan kepada ahli warisnya diberikan hak sebagaimana hak prajurit yang gugur sesuai dengan peraturan perUUan. (3) Praju...

---

[undang_undang] Pasal 55 Isi: (1) Prajurit diberhentikan dengan hormat dari dinas keprajuritan karena: a. atas permintaan sendiri; b. telah berakhirnya masa ikatan dinas c. menjalani masa pensiun; d. tidak memenuhi persyara tan jasmani atau rohani; e. gugur, tewas, atau meninggal dunia; f. alih status menjadi pegawai negeri sipil; g. menduduki jabatan yang menurut peraturan perundang- undangan, tidak dapat diduduki oleh seorang prajurit aktif; dan h. berdasarkan pertimbangan khusus untuk kepentingan dinas. (2) ...

---

[undang_undang] Pasal 44 Isi: (1) Prajurit yang mendapat tugas dengan pertaruhan jiwa raga secara langsung dan berjasa melampaui panggilan tugas dapat dianugerahi kenaikan pangkat luar biasa. (2) Ketentuan sebagaimana dimaksud pada ayat (1) diatur dengan Peraturan Pemerintah. Penjelasan: Ayat (1) Yang dimaksud dengan melampaui panggilan tugas adalah bahwa seseorang prajurit TNI tanpa memperdulikan keselamatan jiwanya melakukan tindakan kepahlawanan dalam suatu tugas demi bangsa dan negara, walaupun tindakan itu...

---

[undang_undang] Pasal 37 Isi: (1) Prajurit berkewajiban menjunjung tinggi kepercayaan yang diberikan oleh bangsa dan negara untuk melakukan usaha pembelaan negara sebagaimana termuat dalam Sumpah Prajurit (2) Untuk keamanan negara, setiap prajurit yang telah berakhir menjalani dinas keprajuritan atau prajurit siswa yang karena suatu hal tidak dilantik menjadi prajurit, wajib memegang teguh rahasia tentara walaupun yang bersangkutan diberhentikan dengan hormat atau dengan tidak hormat....

---

[undang_undang] Pasal 65 Isi: (1) Prajurit Siswa tunduk pada ketentuan hukum yang berlaku bagi prajurit. (2) Prajurit tunduk kepada kekuasaan pera dilan militer dalam hal pelanggaran hukum pidana militer dan tunduk pada kekuasaan peradilan umum dalam hal pelanggaran hukum pidana umum yang diatur dengan UU. (3) Apabila kekuasaan peradilan umum sebagaimana dimaksud pada ayat (2) tidak berfungsi, maka prajurit tunduk di bawah kekuasaan peradilan yang diatur dengan UU. Penjelasan: Ayat (1) Hukum yang dimaksud adala...",0.5620806217193604
Bagaimana Pasal 73 UU No. 34 Tahun 2004 memastikan tidak adanya kekosongan hukum dalam pelaksanaan regulasi TNI?,1. Inti Jawaban: Pasal 73 UU No. 34 Tahun 2004 mencegah kekosongan hukum dengan mempertahankan peraturan pelaksanaan lama yang tidak bertentangan. Implikasinya adalah stabilitas regulasi selama masa transisi. 2. Rincian Analisis: a. Isu Pokok: Kontinuitas hukum pasca-berlakunya UU baru. b. Aturan & Unsur: Pasal 73 berfungsi sebagai klausul penyelamat (saving clause) untuk aturan lama. c. Penerapan: Institusi TNI dapat tetap merujuk pada peraturan lama selama belum ada pembaruan. 3. Disclaimer: Interpretasi pasal dapat berbeda tergantung konteks kasus.,"1. Inti Jawaban:
    a. Melalui mekanisme kontrol internal dan eksternal.
    b. Implikasi: Meningkatkan akuntabilitas dan transparansi.
2. Rincian Analisis:
    a. Isu Pokok: Validitas regulasi TNI.
    b. Aturan & Unsur: Pasal 73 mencakup audit, evaluasi, dan pemantauan oleh instansi terkait.
    c. Penerapan: Proses ini memastikan kesesuaian dengan hukum nasional.
3. Disclaimer: Informasi ini bersifat umum.","[legal_request] . Perencanaan dan penyusunan pembentukan UU Nomor 3 Tahun 2025 Tentang Perubahan atas UU Nomor 34 Tahun 2004 Tentang TNI (TNI), tidak sesuai dengan tata cara pembentukan peraturan perUUan, tanpa naskah akademik. 13. Bahwa dalam Pasal 43 ayat (3) UU No. 12 Tahun 2011 mengatur secara imperatif dan tegas: Rancangan UU yang berasal dari DPR, Presiden, atau DPD harus disertai Naskah Akademik. Adapun dalam Pasal 1 angka 11 UU No...

---

[web_article] . Kemudian mereka mendesak DPR dan pemerintah untuk memastikan TNI tetap netral dan tidak terseret dalam dinamika politik praktis melalui mekanisme hukum yang lebih ketat dan membatasi keterlibatan TNI dalam urusan sipil sesuai amanat UU No. 34 Tahun 2004 agar tidak terjadi penyalahgunaan kekuasaan dan pelanggaran hak asasi manusia. Mendesak DPR untuk melibatkan publik, akademisi, dan masyarakat sipil dalam proses pembahasan revisi RUU TNI guna memastikan perubahan UU tetap sesuai dengan prinsip...

---

[web_article] . Karenanya, kami bersama pemerintah menegaskan perubahan UU Nomor 34 Tahun 2004 tentang TNI tetap berlandaskan pada nilai dan prinsip demokrasi, supremasi sipil, HAM, serta memenuhi ketentuan hukum nasional dan hukum internasional yang telah disahkan, imbuhnya. Lihat juga Video: Tok! DPR Resmi Sahkan RUU TNI Jadi Undang-undang [Gambas:Video 20detik] Isi: nan...

---

[legal_request] . Hal ini bisa menghambat dinamika dan modernisasi dalam tubuh TNI. Bahwa dengan memahami subtansi di atas terkait dengan jenis dan Muatan materi pembentukan UU TNI Nomor 3 Tahun 2025 Tentang Perubahan atas UU Nomor 34 Tahun 2004 jelas tidak bersesuaian dengan Pasal 28 D ayat (1) UUD 1945 yang menyatakan bahwa setiap orang berhak atas pengakuan, jaminan, perlindungan, dan kepastian hukum yang adildengan asas-asas muatan materi yang diatur dalam suatu peraturan perUUan, yang justru sebaliknya UU ...",0.7518413066864014
Apa yang dimaksud dengan 'pemberdayaan wilayah pertahanan di darat' dalam Pasal 8?,"1. Inti Jawaban: Pemberdayaan wilayah pertahanan berarti penguatan kapasitas pertahanan melalui pembinaan teritorial dan kerja sama dengan komponen bangsa. Implikasinya, AD harus membina masyarakat untuk mendukung sistem pertahanan. 2. Rincian Analisis: a. Isu Pokok: Makna pemberdayaan wilayah. b. Aturan & Unsur: Diatur dalam Pasal 8 ayat (1) huruf d UU No. 34/2004. c. Penerapan: Meliputi pembinaan wilayah, pelatihan militer warga, dan pengembangan infrastruktur pertahanan. 3. Disclaimer: Implementasi konkret dapat bervariasi sesuai kebijakan TNI.",A. Konsep ini merujuk pada upaya meningkatkan kapabilitas wilayah untuk mendukung operasi militer. B. Implikasi praktisnya adalah pengembangan infrastruktur pertahanan. C. Pembuktian harus menunjukkan kontribusi nyata pada keamanan wilayah.,"[undang_undang] Pasal 8 Isi: Angkatan Darat bertugas: a. melaksanakan tugas TNI matra darat di bidang pertahanan; b. melaksanakan tugas TNI dalam menjaga keamanan wilayah perbatasan darat dengan negara lain; c. melaksanakan tugas TNI dalam pembangunan dan pengembangan kekuatan matra darat; serta d. melaksanakan pemberdayaan wilayah pertahanan di darat. Penjelasan: Huruf a Cukup jelas. Huruf b Yang dimaksud dengan menjaga keamanan wilayah perbatasan darat adalah segala upaya, pekerjaan, dan kegiatan untuk menjam...

---

[undang_undang] Pasal 64 Isi: Hukum militer dibina dan dike mbangkan oleh pemerintah untuk kepentingan penyelenggaraan pertahanan negara. Penjelasan: Yang dimaksud dengan hukum m iliter adalah semua perundang- undangan nasional yang subjek hukumnya adalah anggota militer atau orang yang dipersamakan sebagai militer berdasarkan perUUan yang berlaku. Di samping itu segala hukum dan ketentuan perUUan yang dipakai sebagai dasar pelaksanaan tugas TNI dalam melaksanakan fungsi pertahanan negara dikategorikan sebagai ...

---

[undang_undang] Pasal 6 Isi: (1) TNI, sebagai alat pertahanan negara, berfungsi sebagai: a. penangkal terhadap setiap bentuk ancaman militer dan ancaman bersenjata dari luar dan dalam negeri terhadap kedaulatan, keutuhan wilayah, dan keselamatan bangsa; b. penindak terhadap setiap bentuk ancaman sebagaimana dimaksud pada ayat (1) huruf a; dan c. pemulih terhadap kondisi keamanan negara yang terganggu akibat kekacauan keamanan. (2) Dalam melaksanakan fungsi sebagaimana dimaksud pada ayat (1), TNI merupakan kompo...

---

[web_article] . Karena semua yang dibahas di dalam itu adalah terkait dengan tugas tugas pertahanan TNI, kata Supratman di kompleks parlemen, Senayan, Jakarta Pusat, Rabu (19/3/2025). Supratman mengatakan tak ada pasal subtansial yang diubah pada rapat pemerintah dan Komisi I DPR RI. Ia mengatakan pembahasan di rapat kali ini mencakup frasa-frasa. Nggak ada itu, hanya menyesuaikan dengan dari sisi gramatikal aja ada yang keamanan yang seharusnya pertahanan. Frasa-frasa jadi kalau keamanan nanti tafsirannya na...

---

[undang_undang] Pasal 7 Isi: (1) Tugas pokok TNI adalah menegakkan kedaulatan negara, mempertahankan keutuhan wilayah Negara Kesatuan Republik Indonesia yang berdasarkan Pancasila dan UU Dasar Negara Republik Indonesia Tahun 1945, serta melindungi segenap bangsa dan seluruh tumpah darah Indonesia dari ancaman dan gangguan terhadap keutuhan bangsa dan negara. (2) Tugas pokok sebagaimana dimaksud pada ayat (1) dilakukan dengan: a. operasi militer untuk perang; b. operasi militer selain perang, yaitu untuk: 1. men...

---

[undang_undang] Pasal 11 Isi: (1) Postur TNI dibangun dan dipersiapkan sebagai bagian dari postur pertahanan negara untuk mengatasi setiap ancaman militer dan ancaman bersenjata. (2) Postur TNI sebagaimana dimaksud pada ayat (1) dibangun dan dipersiapkan sesuai dengan kebijakan pertahanan negara. Bagian Kedua Organisasi Penjelasan: Ayat (1) Yang dimaksud dengan postur pertahanan negara adalah wujud penampilan kekuatan pertahanan negara yang tercermin dari keterpaduan kekuatan, kemampuan dan penggelaran sumber d...",0.676908552646637
Siapa saja yang dapat diwajibkan aktif kembali menurut Pasal 60 UU TNI?,1. Inti Jawaban: Prajurit Sukarela dan Prajurit Wajib yang telah menyelesaikan masa dinas keprajuritan. Implikasi praktisnya adalah mantan prajurit tetap memiliki tanggung jawab nasional. 2. Rincian Analisis: a. Isu Pokok: Subjek yang terkena kewajiban aktif kembali. b. Aturan & Unsur: Pasal 60 ayat (1) mencakup kedua jenis prajurit tersebut. c. Penerapan: Ketentuan ini berlaku hanya dalam keadaan darurat militer atau perang. 3. Disclaimer: Interpretasi hukum mungkin berbeda tergantung konteks.,Jawaban: Setiap Prajurit Sukarela dan Prajurit Wajib yang telah berakhir menjalani dinas keprajuritan dapat diwajibkan aktif kembali. Implikasi: Ini mencakup semua jenis prajurit yang tidak lagi aktif secara resmi. Catatan: Ketentuan detail diatur dalam UU.,"[undang_undang] Pasal 60 Isi: (1) Dalam menghadapi keadaan darurat militer dan keadaan perang, setiap Prajurit Sukarela dan Prajurit Wajib yang telah berakhir menjalani dinas keprajuritan dapat diwajibkan aktif kembali (2) Kewajiban sebagaimana dimaksud pada ayat (1) diatur dengan UU....

---

[web_article] . Untuk hal ini sudah jelas, Panglima TNI sudah menegaskan bahwa anggota TNI aktif yang menduduki jabatan sipil (Kementerian/Lembaga) di luar yang sudah diamanatkan dalam Pasal 47 UU No 34 /2004 (10 K/L, 14 K/L dalam Revisi UU TNI) harus pensiun dini/mengundurkan diri dari dinas keprajuritan, kata Kapuspen TNI Brigjen Kristomei Sianturi saat dihubungi melalui pesan singkat, Minggu (23/3/2024). SCROLL TO CONTINUE WITH CONTENT Perubahan pada Pasal 47 UU TNI yang lama dan RUU TNI yakni terletak pad...

---

[web_article] . Utut menyebut DIM itu salah satunya berkaitan dengan Pasal 47 UU TNI. DIM itu singkatan dari daftar inventarisasi masalah yang akan nanti, kita banyak, kita akan revisi, yaitu yang berkaitan dengan lingkup tugas di Pasal 47, TNI bisa ke mana saja, kemudian di usia di Pasal 53 dan satu lagi di kedudukan, di Pasal 3, ujar Utut dalam rapat, Senin (10/3/2025). Pasal 47 mengatur tentang aturan prajurit jika ingin menduduki jabatan sipil. Dalam ayat 1 dijelaskan prajurit bisa menduduki jabatan sipil...

---

[academic_draft] . 3. Perlu dilakukan perubahan terhadap Pasal 47 dan Pasal 53 dalam UU TNI. B. Saran Naskah Akademik dan Rancangan UU ini diharapkan dapat memenuhi kebutuhan hukum dan memberi jaminan kepastian hukum kepada prajurit aktif TNI dalam menjalankan tugasnya sebagaimana diamanatkan dalam UU TNI. Atas hal itu, maka perlu segera dilakukan perubahan atas Pasal 47 dan Pasal 53 UU TNI sehingga memberikan landasan hukum bagi penyelenggaraan peran TNI yang lebih optimal dan memberikan kepastian hukum....",0.7853790521621704
Apa implikasi frasa 'Wilayah laut' (huruf besar) dalam revisi Pasal 9?,1. Inti Jawaban: Frasa ini menegaskan cakupan yurisdiksi nasional sesuai UU No. 32 Tahun 2014 tentang Kelautan. Implikasinya adalah konsistensi terminologi dalam peraturan terkait. 2. Rincian Analisis: a. Isu Pokok: Penyeragaman definisi wilayah maritim. b. Aturan & Unsur: Pasal 9 ayat (1) huruf b revisi selaras dengan Pasal 1 angka 2 UU Kelautan. c. Penerapan: Mempertegas ZEE dan landas kontinen sebagai area operasi. 3. Disclaimer: Interpretasi harus merujuk pada instrumen hukum terkait.,"1. Inti Jawaban: Frasa ini merujuk pada area laut yang berada di bawah yurisdiksi Indonesia.
2. Rincian Analisis:
    a. Isu Pokok: Interpretasi geografis kewenangan TNI AL.
    b. Aturan & Unsur: Pasal 9 huruf b UU No. 34/2004 menggunakan istilah 'Wilayah laut' sebagai batas geografis operasional.
    c. Penerapan: Kewenangan TNI AL terbatas pada zona laut yang termasuk dalam wilayah NKRI.
3. Disclaimer: Analisis ini bersifat teoritis.","[undang_undang] Pasal 9 Isi: Angkatan Laut bertugas: a. melaksanakan tugas TNI matra laut di bidang pertahanan; b. menegakkan hukum dan menjaga keamanan di wilayah laut yurisdiksi nasional sesuai dengan ketentuan hukum nasional dan hukum internasional yang telah diratifikasi; c. melaksanakan tugas diplomasi Angkatan Laut dalam rangka mendukung kebijakan politik luar negeri yang ditetapkan oleh pemerintah; d. melaksanakan tugas TNI dalam pembangunan dan pengembangan kekuatan matra laut; serta e. melaksanakan pem...

---

[web_article] . Peserta sidang menjawab setuju dan dengan demikian, UU yang mengatur perubahan UU Nomor 34 Tahun 2004 sah. Apa saja yang berubah dalam UU tersebut? Simak penjelasannya di bawah ini, yuk! DilihatdetikJogjadari dokumen UU Republik Indonesia Nomor 34 Tahun 2004 tentang TNI, tugas pokok TNI dibedakan menjadi 2 dalam pasal 7 ayat (2), yakni operasi militer untuk perang dan operasi militer selain perang. Untuk operasi militer selain perang, tugas TNI dirinci sebanyak 14 poin sebagaimana tertera dala...

---

[web_article] . Sementara itu, Koalisi Masyarakat Sipil menduga ada usulan penambahan frasa pada Pasal 47 ayat 2. Yakni usulan frasa serta kementerian/lembaga lain yang membutuhkan tenaga dan keahlian Prajurit aktif sesuai dengan kebijakan Presiden. Koalisi Masyarakat Sipil mengkritik keras penambahan frasa ini. Koalisi Masyarakat Sipil ini sangat berbahaya karena memperluas cakupan jabatan sipil bagi prajurit TNI aktif. Penambahan frasa tersebut sangat berbahaya karena memperluas cakupan jabatan sipil yang d...

---

[legal_request] . c. Pasal 22A UUD 1945 berbunyi: Ketentuan lebih lanjut tentang tata cara pembentukan UU diatur dengan UU. Selanjutnya, Pasal 96 UU No. 13 Tahun 2022 mengatur: a. Pasal 96 ayat (1): Masyarakat berhak memberikan masukan secara lisan dan/ atau tertulis dalam setiap tahapan Pembentukan Peraturan PerUUan. b. Pasal 96 ayat (2): Pemberian masukan masyarakat sebagaimana dimaksud pada ayat (1) dilakukan secara daring dan/atau luring. c. Pasal 96 ayat (3): Masyarakat sebagaimana dimaksud pada ayat (1) m...",0.5584667921066284
Bagaimana postur TNI dikaitkan dengan postur pertahanan negara?,"1. Inti Jawaban: Postur TNI merupakan bagian integral dari postur pertahanan negara yang mencakup komponen utama, cadangan, dan pendukung. Implikasi praktisnya adalah TNI harus selaras dengan sistem pertahanan nasional. 2. Rincian Analisis: a. Isu Pokok: Hubungan postur TNI dan pertahanan negara. b. Aturan & Unsur: Pasal 11 ayat (1) UU No. 34 Tahun 2004 menyatakan postur TNI dibangun untuk mengatasi ancaman militer dan bersenjata. c. Penerapan: Keterpaduan kekuatan TNI harus mendukung strategi pertahanan nasional. 3. Disclaimer: Analisis ini merujuk pada UU No. 34 Tahun 2004 tanpa revisi.","1. Inti Jawaban:
Postur TNI adalah bagian dari postur pertahanan negara yang mencakup komponen utama, cadangan, dan pendukung.
2. Rincian Analisis:
a. Isu Pokok: Hubungan hierarkis antara TNI dan postur pertahanan negara.
b. Aturan & Unsur: Pasal 11 ayat (1) menyatakan bahwa TNI adalah bagian dari postur pertahanan negara.
c. Penerapan: Postur TNI harus selaras dengan kebijakan pertahanan negara.
3. Disclaimer: Informasi ini hanya untuk edukasi.","[undang_undang] Pasal 11 Isi: (1) Postur TNI dibangun dan dipersiapkan sebagai bagian dari postur pertahanan negara untuk mengatasi setiap ancaman militer dan ancaman bersenjata. (2) Postur TNI sebagaimana dimaksud pada ayat (1) dibangun dan dipersiapkan sesuai dengan kebijakan pertahanan negara. Bagian Kedua Organisasi Penjelasan: Ayat (1) Yang dimaksud dengan postur pertahanan negara adalah wujud penampilan kekuatan pertahanan negara yang tercermin dari keterpaduan kekuatan, kemampuan dan penggelaran sumber d...

---

[undang_undang] Pasal 5 Isi: TNI berperan sebagai alat negara di bidang pertahanan yang dalam menjalankan tugasnya berdasarkan kebijakan dan keputusan politik negara. Bagian Kedua Fungsi Penjelasan: Yang dimaksud dengan kebijakan dan keputusan politik negara adalah kebijakan politik pemerintah bersama-sama Dewan Perwakilan Rakyat yang dirumuskan melalui mekanisme hubungan kerja antara pemerintah dan Dewan Perwakilan Rakyat, seperti rapat konsultasi dan rapat kerja sesuai dengan peraturan perUUan....

---

[analysis_report] . TNI berperan sebagai alat negara di bidang pertahanan yang dalam menjalankan tugasnya berdasarkan kebijakan dan keputusan politik negara. Kita lihat mulai pengabdian terbaik TNI, sejak awal perang kemerdekaan hingga saat ini rela mengorbankan jiwa dan raga ditandai dengan gugurnya puluhan prajurit sebagai kusuma bangsa, pada hakekatnya merupakan bukti atas komitmen kesetiaan dan pengabdian tulus prajurit TNI kepada rakyat bangsa dan Negara Indonesia tentunya merupakan kebijaksanaan pemerintah ...

---

[analysis_report] . Sistem pertahanan yang bersifat semesta mengintegrasikan pertahanan militer dan pertahanan nirmiliter melalui upaya membangun postur pertahanan negara yang tangguh dan memiliki daya tangkal yang tinggi guna menghadapi ancaman militer, nonmiliter, dan hibrida, baik berupa ancaman nyata maupun ancaman belum nyata. Dalam menghadapi ancaman militer menempatkan TNI (TNI) sebagai komponen utama dengan didukung oleh komponen cadangan dan komponen pendukung, sedangkan dalam menghadapi ancaman non mili...

---

[analysis_report] . 4) Jaminan Hari Tua. Jaminan hari tua dikembangkan antara lain melalui pembenahan sistem pensiun dan layanan memasuki purna bakti. Penutup Kebijakan pembangunan postur pertahanan militer yang implementasinya diselenggarakan dalam kebijakan pembangunan MEF TNI secara mendasar untuk mewujudkan kepentingan mendesak pembangunan pertahanan negara dalam kerangka mewujudkan postur ideal TNI, yang dapat berubah dengan mempertimbangkan perkembangan lingkungan strategis dan ancaman nyata yang dihadapi s...

---

[academic_draft] . Sebagai kekuatan utama yang menurut UU Nomor 3 Tahun 2002 tentang Pertahanan Negara disebut sebagai komponen utama dalam sistem pertahanan negara, TNI merupakan alat negara yang bertugas mempertahankan, melindungi, dan memelihara keutuhan dan kedaulatan negara. Dalam Pasal 30 ayat (5) UUD NRI Tahun 1945 disebutkan bahwa susunan, kedudukan, hubungan, dan kewenangan TNI dalam melaksanakan tugas, termasuk syarat-syarat keikutsertaan...",0.8096165657043457
Apakah ada perbedaan kurikulum antara dua jenis pendidikan bintara?,"1. Inti Jawaban:
- UU tidak mengatur detail, tetapi logisnya berbeda karena latar belakang peserta beda (Pasal 31 ayat 1 UU No. 34 Tahun 2004).
- Implikasi praktis: Pendidikan untuk tamtama lebih lanjut dibanding masyarakat umum.

2. Rincian Analisis:
a. Isu Pokok: Perbedaan kurikulum pendidikan.
b. Aturan & Unsur: Pasal 31 ayat (1) membedakan sumber peserta, implikasinya kurikulum mungkin berbeda.
c. Penerapan: Pendidikan pertama lebih dasar, sementara pembentukan lebih pada pengembangan kompetensi.

3. Disclaimer: Detail kurikulum diatur dalam keputusan Panglima.","(a) Ya, karena pendidikan pertama bintara memiliki standar khusus sementara pendidikan pembentukan bintara mempertimbangkan kemampuan prajurit tamtama. (b) Implikasinya adalah adanya penyesuaian kurikulum sesuai tujuan kedua jalur tersebut.","[undang_undang] Pasal 29 Isi: (1) Pendidikan untuk pengangk atan prajurit terdiri atas pendidikan perwira, bintara, dan tamtama. (2) Pelaksanaan pendidikan sebagaimana dimaksud pada ayat (1) diatur lebih lanjut dengan keputusan Panglima....

---

[undang_undang] Pasal 31 Isi: (1) Bintara dibentuk melalui: a. pendidikan pertama bintara yang berasal langsung dari masyarakat; atau b. pendidikan pembentukan bintara yang berasal dari prajurit golongan tamtama. (2) Pendidikan bintara sebagaimana dimaksud pada ayat (1), diatur lebih lanjut dengan keputusan Panglima....

---

[analysis_report] . Mulai dari yang paling dasar yaitu pendidikan umum (Sekolah Menengah Atas / SMA unggulan) yang berada di bawah pembinaan Kementerian Pertahanan (Kemhan) dan TNI (SMA Taruna Nusantara, SMA Taruna Nala, dan SMA Pradhita Dirgantara), hingga tingkat sarjana melalui pengadaan Perwira Prajurit Karir selain itu Sarjana Teknik Elektro, Informatika dari ITS, ITB dan Universitas lainnya. Selain itu pada tingkat selanjutnya yaitu melalui pemberian Program Beasiswa jenjang S2 dan S3 secara linier. Kedua, ...

---

[undang_undang] Pasal 30 Isi: (1) Perwira dibentuk melalui: a. pendidikan pertama perwira bagi yang berasal langsung dari masyarakat: 1. Akademi TNI, dengan masukan dari Sekolah Lanjutan Tingkat Atas; dan 2. Sekolah Perwira, dengan masukan dari Sekolah Lanjutan Tingkat Atas atau Perguruan Tinggi. b. pendidikan pembentukan perwira yang berasal dari prajurit golongan bintara. (2) Pendidikan perwira sebagaimana dimaksud pada ayat (1) diatur lebih lanjut dengan keputusan Panglima....

---

[web_article] . Pasalnya, dalam pendidikan formal sudah ada pos-pos pekerjaan yang tidak dimungkinkan melalui UU TNI yang baru, untuk dapat ditempati seorang prajurit. Namun, ada pengaruh secara tidak langsung lantaran jabatan-jabatan yang semestinya dapat diisi alumni-alumni pendidikan sipil. Jabatan-jabatan sipil dapat diisi begitu saja oleh tentara aktif atau militer aktif yang dididik dari pendidikan militer. Nah, tapi yang secara tidak langsung ini juga akan berpengaruh. Kenapa? Karena jabatan-jabatan ya...",0.6099833250045776
Apa yang dimaksud dengan 'mempertimbangkan kepentingan TNI' dalam Pasal 41?,"1. Inti Jawaban:
   - Pendidikan dan penugasan prajurit harus selaras dengan kebutuhan dan prioritas TNI.
   - Implikasi praktisnya adalah tidak semua permohonan dapat dikabulkan jika tidak sesuai dengan kepentingan institusi.

2. Rincian Analisis:
   a. Isu Pokok: Penyesuaian pengembangan prajurit dengan kebutuhan TNI.
   b. Aturan & Unsur: Pasal 41 ayat (1) UU No. 34 Tahun 2004 menyebutkan bahwa pengembangan kemampuan harus mempertimbangkan kepentingan TNI.
   c. Penerapan: TNI akan menyeleksi program pendidikan atau penugasan yang mendukung misi dan operasionalnya.

3. Disclaimer: Kepentingan TNI dapat bersifat dinamis sesuai dengan situasi dan kondisi.","A. Implikasi: Prajurit harus menyesuaikan perkembangan diri dengan kebutuhan TNI. B. Dasar: Pasal 41 ayat (1). C. Pembahasan: Kepentingan TNI mencakup kebutuhan operasional, organisasi, dan strategi pertahanan.","[undang_undang] Pasal 41 Isi: (1) Setiap prajurit memperoleh kesempatan untuk mengembangkan kemampuannya melalui pendidikan dan penugasan, dengan mempertimbangkan kepentingan TNI serta memenuhi persyaratan yang ditentukan. (2) Ketentuan sebagaimana dimaksud pada ayat (1) diatur dengan keputusan Panglima....

---

[undang_undang] Pasal 5 Isi: TNI berperan sebagai alat negara di bidang pertahanan yang dalam menjalankan tugasnya berdasarkan kebijakan dan keputusan politik negara. Bagian Kedua Fungsi Penjelasan: Yang dimaksud dengan kebijakan dan keputusan politik negara adalah kebijakan politik pemerintah bersama-sama Dewan Perwakilan Rakyat yang dirumuskan melalui mekanisme hubungan kerja antara pemerintah dan Dewan Perwakilan Rakyat, seperti rapat konsultasi dan rapat kerja sesuai dengan peraturan perUUan....

---

[undang_undang] Pasal 3 Isi: (1) Dalam pengerahan dan penggu naan kekuatan militer, TNI berkedudukan di bawah Presiden. (2) Dalam kebijakan dan strategi pertahanan serta dukungan administrasi, TNI di bawah koordinasi Departemen Pertahanan. Penjelasan: Ayat (1) Yang dimaksud berkedudukan di bawah Presiden adalah bahwa keberadaan TNI di bawah kekuasaan Presiden. Ayat (2) Yang dimaksud dengan di bawah koordinasi Departemen Pertahanan adalah segala sesuatu yang berkaitan dengan perencanaan strategis yang meliputi a...

---

[undang_undang] Pasal 70 Isi: (1) Hubungan dan kerja sama TNI dengan lembaga, badan, serta instansi di dalam negeri didasarkan atas kepentingan pelaksanaan tugas TNI dalam kerangka pertahanan negara. (2) Hubungan dan kerja sama luar negeri dilakukan dalam rangka tugas operasional, kerja sama teknik, serta pendidikan dan latihan. (3) Hubungan dan kerja sama dalam dan luar negeri sebagaimana dimaksud pada ayat (1) dan ayat (2) dilaksanakan berdasarkan kebijakan pemerintah di bidang pertahanan negara....

---

[undang_undang] Pasal 6 Isi: (1) TNI, sebagai alat pertahanan negara, berfungsi sebagai: a. penangkal terhadap setiap bentuk ancaman militer dan ancaman bersenjata dari luar dan dalam negeri terhadap kedaulatan, keutuhan wilayah, dan keselamatan bangsa; b. penindak terhadap setiap bentuk ancaman sebagaimana dimaksud pada ayat (1) huruf a; dan c. pemulih terhadap kondisi keamanan negara yang terganggu akibat kekacauan keamanan. (2) Dalam melaksanakan fungsi sebagaimana dimaksud pada ayat (1), TNI merupakan kompo...

---

[undang_undang] Pasal 46 Isi: (1) Jabatan tertentu dalam struktur di lingkungan TNI dapat diduduki oleh pegawai negeri sipil. (2) Ketentuan sebagaimana dimaksud pada ayat (1) diatur dengan keputusan Panglima....",0.7124799489974976
Apakah ada peraturan turunan yang mengatur lebih lanjut tentang pengangkatan anggota TNI?,"1. Inti Jawaban: Ya, Pasal 33 ayat (3) UU No. 34 Tahun 2004 menyatakan bahwa ketentuan pengangkatan perwira, bintara, dan tamtama akan diatur lebih lanjut dengan Peraturan Pemerintah. Implikasi praktisnya adalah adanya payung hukum yang lebih rinci untuk pelaksanaan pengangkatan. 2. Rincian Analisis: a. Isu Pokok: Payung hukum pelaksanaan pengangkatan anggota TNI. b. Aturan & Unsur: Ayat (3) Pasal 33 menjadi dasar hukum bagi pembentukan Peraturan Pemerintah sebagai aturan pelaksana. c. Penerapan: Peraturan Pemerintah diperlukan untuk menjabarkan mekanisme, persyaratan, dan prosedur teknis pengangkatan. 3. Disclaimer: Pembaca perlu merujuk pada Peraturan Pemerintah yang berlaku untuk detail lengkap.","1. Inti Jawaban: Ya, peraturan turunan seperti Keputusan Panglima TNI dapat mengatur detail teknis. 2. Rincian Analisis: a. Isu Pokok: Regulasi pendukung implementasi UU. b. Aturan & Unsur: Pasal 72 ayat (1) UU No. 34/2004 menyebut 'keputusan Panglima'. c. Penerapan: Keputusan Panglima sebagai bentuk peraturan turunan.","[web_article] . Menhan sebelumnya mengungkap usulan perubahan pasal pada revisi UU tentang TNI. Pihaknya ingin ada aturan yang memperjelas batasan dan mekanisme pelibatan TNI di jabatan non militer. Perubahan UU TNI diajukan oleh pihak DPR RI diperlukan untuk memberikan landasan hukum yang lebih jelas terhadap peran TNI, ada tugas lain selain perang tanpa melanggar prinsip demokrasi dan supremasi sipil, ujar Sjafrie dalam rapat. Ia menyebut ada empat fokus yang ditekankan oleh pihaknya. Salah satunya, terkait...

---

[web_article] . Pemohon menilai tidak ada keadaan darurat yang memaksa pemerintah dan DPR untuk mengesahkan UU TNI. Ketika UU TNI dilahirkan, tidak terdapat keadaan yang masuk kategori kegentingan yang memaksa dimaksud (Putusan Mahkamah Konstitusi Nomor 138/PUUVIII/2009), mengingat TNI masih dapat menjalankan hak dan kewenangan yang diberikan oleh UUD NRI 1945, maupun peraturan perUUan lainnya, kata kuasa hukum pemohon. SCROLL TO CONTINUE WITH CONTENT Dalam petitumnya, pemohon mencantumkan dua petitum. Yang p...

---

[academic_draft] 26 BAB V JANGKAUAN, ARAH PENGATURAN, DAN RUANG LINGKUP MATERI MUATAN RANCANGAN UNDANG-UNDANG A. Jangkauan dan Arah Pengaturan Jangkauan dan arah pengaturan perubahan UU TNI terbatas pada peran prajurit aktif TNI pada kementerian/ lembaga lain sesuai kebutuhan institusi dimaksud dan kebijakan Presiden. Di samping itu, perubahan UU TNI juga mengatur mengenai batasan usia masa dinas bagi prajutir TNI sesuai dengan kebutuhan dan mensikronkan dengan berbagai ketentuan peraturan perUUan yang ada, baik...

---

[academic_draft] . Hal-hal yang terkait dengan sistem pertahanan dan keamanan negara, termasuk susunan dan kedudukan TNI diatur dengan UU. Ketentuan ini merupakan materi muatan delegasi yang harus diatur dengan UU TNI, termasuk ketentuan mengenai keterlibatan prajurit aktif TNI pada kementerian/lembaga lain serta penambahan usia masa dinas prajurit TNI. B. Ketetapan MPR Ketetapan Majelis Permusyawaratan Rakyat Nomor VI/MPR/2000 tentang Pemisahan TNI dan Kepolisian Negara Republik Indonesia, serta Ketetapan Majel...",0.6696749329566956
Apa yang dimaksud dengan Prajurit menurut UU No. 34 Tahun 2004 tentang TNI?,"1. Inti Jawaban:
   - Prajurit terdiri atas Prajurit Sukarela dan Prajurit Wajib.
   - Implikasi praktisnya adalah adanya dua kategori prajurit yang memiliki mekanisme rekrutmen berbeda.

2. Rincian Analisis:
   a. Isu Pokok: Definisi dan klasifikasi prajurit dalam struktur TNI.
   b. Aturan & Unsur: Berdasarkan Pasal 22 UU No. 34 Tahun 2004, Prajurit dibagi menjadi dua jenis, yaitu Prajurit Sukarela (yang mendaftar secara sukarela) dan Prajurit Wajib (yang direkrut melalui wajib militer).
   c. Penerapan: Pembagian ini memengaruhi sistem rekrutmen, pelatihan, dan penugasan prajurit dalam TNI.

3. Disclaimer: Penjelasan ini berdasarkan UU No. 34 Tahun 2004 dan tidak mencakup perubahan atau revisi yang mungkin terjadi setelahnya.",A. Inti Jawaban: Prajurit adalah anggota TNI yang sedang menjalani tugas militer. B. Rincian: Pasal 1 angka 17 UU No. 34 Tahun 2004 mendefinisikan Prajurit sebagai anggota TNI yang sedang menjalani tugas militer. C. Disclaimer: Penjelasan ini bersifat umum dan tidak menggantikan konsultasi hukum resmi.,"[academic_draft] 22 C. UU Nomor 34 Tahun 2004 tentang TNI UU Nomor 34 Tahun 2004 tentang TNI (UU TNI) saat ini telah berlaku lebih kurang 20 (dua puluh) tahun. Tentu selama berlaku, ada beberapa ketentuan atau materi muatan yang sudah tidak sesuai dengan dinamika dan perkembangan yang ada. Salah satunya, terkait peran prajurit aktif TNI pada Kementerian/lembaga lain serta batasan usia prajurit TNI. D. Putusan Mahkamah Konstitusi UU TNI pernah diuji di Mahkamah Konstitusi...

---

[legal_request] . Pengambilan keputusan RUU revisi UU TNI yang sudah menjadi Undang- Undang Nomor 3 Tahun 2025 Tentang Perubahan atas UU Nomor 34 Tahun 2004 Tentang TNI (TNI), dilaksanakan pada Rapat Paripurna Pembukaan masa sidang DPR RI ke-13, pada 18 Februari 2025,yang dimana Para Permohonan menilai banyak kejanggalan dalam pengambilan keputusannya. Pertama, pengambilan keputusan untuk memasukkan RUU Revisi UU TNI yang sudah menjadi UU Nomor 3 Tahun 2025 Tentang Perubahan atas UU Nomor 34 Tahun 2004 Tentang ...

---

[web_article] . Menyatakan ketentuan norma dalam UU yang telah diubah dihapus atau yang telah dinyatakan tidak mempunyai kekuatan hukum mengikat, dalam UU Nomor 34 Tahun 2004 tentang TNI berlaku kembali, imbuh dia. Simak juga Video Prabowo Tegaskan Tak Ada Niat Bangkitkan Dwifungsi Lewat UU TNI: Come On! [Gambas:Video 20detik] Isi: nan...",0.7072562575340271
Apa perbedaan sumpah yang diucapkan prajurit biasa dan perwira berdasarkan Pasal 34?,"1. Inti Jawaban:
- Prajurit biasa hanya mengucapkan Sumpah Prajurit (Ayat 1).
- Perwira wajib mengucapkan Sumpah Prajurit dan Sumpah Perwira (Ayat 2).
- Implikasi: Ada tingkat tanggung jawab tambahan bagi perwira.

2. Rincian Analisis:
a. Isu Pokok: Dimensi hierarkis pengikatan sumpah.
b. Aturan & Unsur:
- Ayat (1) dan (2) membedakan kewajiban sumpah berdasarkan golongan kepangkatan.
- Sumpah Perwira mengandung unsur kepemimpinan tambahan.
c. Penerapan: Refleksi dari beban tugas dan tanggung jawab yang berbeda.

3. Disclaimer: Substansi sumpah diatur dalam peraturan tersendiri.","A. Inti Jawaban: Perbedaan utama terletak pada sumpah tambahan untuk perwira. B. Rincian Analisis: 1. Isu Pokok: Perbandingan prosedur sumpah antar tingkat jabatan. 2. Aturan & Unsur: a. Pasal 34 ayat (1): Sumpah umum untuk semua prajurit. b. Pasal 34 ayat (2): Sumpah perwira tambahan. 3. Penerapan: Proses pelantikan perwira lebih formal karena sumpahnya lebih kompleks. C. Disclaimer: Informasi ini hanya untuk edukasi.

Penjelasan: Perbedaan sumpah antara prajurit biasa dan perwira mencerminkan tanggung jawab yang lebih besar untuk perwira. Implikasinya adalah perwira harus lebih berhati-hati dalam menjalankan tugas.","[undang_undang] Pasal 34 Isi: (1) Pelantikan menjadi prajurit dilaksanakan dengan mengucapkan Sumpah Prajurit. (2) Pelantikan menjadi prajurit golongan perwira selain mengucapkan Sumpah Prajurit juga mengucapkan Sumpah Perwira. (3) Ketentuan mengenai tata ca ra pelantikan dan pengambilan sumpah sebagaimana dimaksud pada ayat (1) dan ayat (2), diatur lebih lanjut dengan keputusan Panglima....

---

[undang_undang] Pasal 44 Isi: (1) Prajurit yang mendapat tugas dengan pertaruhan jiwa raga secara langsung dan berjasa melampaui panggilan tugas dapat dianugerahi kenaikan pangkat luar biasa. (2) Ketentuan sebagaimana dimaksud pada ayat (1) diatur dengan Peraturan Pemerintah. Penjelasan: Ayat (1) Yang dimaksud dengan melampaui panggilan tugas adalah bahwa seseorang prajurit TNI tanpa memperdulikan keselamatan jiwanya melakukan tindakan kepahlawanan dalam suatu tugas demi bangsa dan negara, walaupun tindakan itu...

---

[academic_draft] 27 BAB VI PENUTUP A. Simpulan Berdasarkan uraian yang telah disampaikan pada bab-bab sebelumnya, dapat disimpulkan hal-hal sebagai berikut: 1. Adanya kebutuhan hukum untuk mengubah ketentuan Pasal 47 terkait peran prajurit aktif TNI pada kementerian/ lembaga lain sesuai dengan kebutuhan. Selain itu, perlu diubah ketentuan dalam Pasal 53 terkait batasan usia masa dinas prajurit TNI sesuai dengan kepangkatan dan beban kerjanya. 2. Adanya kebutuhan-kebutuhan yang nyata dan mendesak dalam penyelengg...

---

[undang_undang] Pasal 30 Isi: (1) Perwira dibentuk melalui: a. pendidikan pertama perwira bagi yang berasal langsung dari masyarakat: 1. Akademi TNI, dengan masukan dari Sekolah Lanjutan Tingkat Atas; dan 2. Sekolah Perwira, dengan masukan dari Sekolah Lanjutan Tingkat Atas atau Perguruan Tinggi. b. pendidikan pembentukan perwira yang berasal dari prajurit golongan bintara. (2) Pendidikan perwira sebagaimana dimaksud pada ayat (1) diatur lebih lanjut dengan keputusan Panglima....

---

[undang_undang] Pasal 59 Isi: (1) Prajurit berpangkat kolonel dan perwira tinggi, diberhentikan dari dinas keprajuritan dengan Keputusan Presiden. (2) Pemberhentian selain yang dimaksud pada ayat (1) ditetapkan dengan keputusan Panglima....

---

[undang_undang] Pasal 28 Isi: (1) Persyaratan umum untuk menjadi prajurit adalah: a. warga negara Indonesia; b. beriman dan bertakwa kepada Tuhan Yang Maha Esa; c. setia kepada Negara Kesatuan Republik Indonesia yang berdasarkan Pancasila dan UU Dasar Negara Republik Indonesia Tahun 1945; d. pada saat dilantik menjadi prajurit berumur paling rendah 18 tahun; e. tidak memiliki catatan krim inalitas yang dikeluarkan secara tertulis oleh Kepolisian Negara Republik Indonesia; f. sehat jasmani dan rohani; g. tidak s...",0.8047516345977783
Apakah pendidikan perwira TNI hanya untuk lulusan SLTA?,"1. Inti Jawaban:
- Tidak, ada jalur untuk lulusan perguruan tinggi melalui Sekolah Perwira.
- Implikasi praktisnya adalah kesempatan yang lebih luas untuk menjadi perwira.

2. Rincian Analisis:
a. Isu Pokok: Persyaratan pendidikan calon perwira.
b. Aturan & Unsur: Pasal 30 ayat (1) huruf a angka 2 UU No. 34 Tahun 2004 menerima masukan dari perguruan tinggi.
c. Penerapan: Sistem ini memperluas basis rekrutmen perwira TNI.

3. Disclaimer: Penjelasan berdasarkan UU No. 34 Tahun 2004 tanpa mempertimbangkan perubahan terbaru.","1. Inti Jawaban: Tidak, pendidikan perwira mencakup semua level pendidikan mulai dari SLTA sampai gelar doktor.
2. Rincian Analisis:
    a. Isu Pokok: Ruang lingkup pendidikan perwira.
    b. Aturan & Unsur: Pasal 30 ayat (1) huruf a menyebutkan pendidikan perwira dapat melalui sekolah lanjutan tingkat atas (SLTA) atau perguruan tinggi.
    c. Penerapan: Ini menunjukkan bahwa TNI membuka kesempatan bagi lulusan berbagai jenjang pendidikan.
3. Disclaimer: Penafsiran ini didasarkan pada teks UU dan tidak termasuk interpretasi eksternal.","[undang_undang] Pasal 30 Isi: (1) Perwira dibentuk melalui: a. pendidikan pertama perwira bagi yang berasal langsung dari masyarakat: 1. Akademi TNI, dengan masukan dari Sekolah Lanjutan Tingkat Atas; dan 2. Sekolah Perwira, dengan masukan dari Sekolah Lanjutan Tingkat Atas atau Perguruan Tinggi. b. pendidikan pembentukan perwira yang berasal dari prajurit golongan bintara. (2) Pendidikan perwira sebagaimana dimaksud pada ayat (1) diatur lebih lanjut dengan keputusan Panglima....

---

[analysis_report] . Mulai dari yang paling dasar yaitu pendidikan umum (Sekolah Menengah Atas / SMA unggulan) yang berada di bawah pembinaan Kementerian Pertahanan (Kemhan) dan TNI (SMA Taruna Nusantara, SMA Taruna Nala, dan SMA Pradhita Dirgantara), hingga tingkat sarjana melalui pengadaan Perwira Prajurit Karir selain itu Sarjana Teknik Elektro, Informatika dari ITS, ITB dan Universitas lainnya. Selain itu pada tingkat selanjutnya yaitu melalui pemberian Program Beasiswa jenjang S2 dan S3 secara linier. Kedua, ...

---

[analysis_report] . Kemitraan tersebut dimaksudkan agar ilmu pertahanan bisa dilihat sebagai multi disipliner yang diwujudkan dengan menerima lulusan S1 dari berbagai disiplin ilmu. Pada dasarnya Program Studi yang ada di Unhan dipersiapkan dalam rangka membangun kapasitas SDM lulusan agar memiliki wawasan kebangsaan dan semangat nasionalisme yang tinggi. Penguasaan teknologi persenjataan yang canggih tanpa dilandasi semangat belanegara dan patriotisme tinggi maka sistem pertahanan keamanan negara tidak akan mamp...

---

[web_article] . Orang akan lebih cenderung untuk mengikuti pendidikan militer karena lapangan kerjanya sangat luas, lanjutnya. Aan menyebut, alumni pendidikan militer bisa masuk ke instansi sipil maupun militer. Sedangkan alumni pendidikan sipil hanya bisa menduduki instansi sipil. Kalau misalnya ada di kepolisian maupun di tentara ya, TNI itu ada pegawai negeri sipilnya di lingkungan mereka, itu kan hanya supporting system, bukan main core dari organisasi tersebut, kata Aan. Main core-nya ya dari militer akt...",0.5914655923843384
Apa dasar hukum pengawasan anggaran pertahanan negara oleh BPK RI?,1. Inti Jawaban: Dasar hukumnya adalah Pasal 69 UU No. 34 Tahun 2004 tentang TNI. Implikasi praktisnya adalah BPK RI memiliki legitimasi hukum untuk memeriksa keuangan TNI. 2. Rincian Analisis: a. Isu Pokok: Pertanyaan ini mengidentifikasi landasan legal pengawasan BPK RI. b. Aturan & Unsur: Pasal 69 secara eksplisit menugaskan BPK RI untuk mengawasi anggaran pertahanan. c. Penerapan: Kewenangan BPK RI ini sejalan dengan perannya sebagai lembaga audit keuangan negara. 3. Disclaimer: Interpretasi hukum dapat berbeda tergantung konteks dan perkembangan regulasi.,A. Inti Jawaban: Dasar hukumnya adalah Pasal 69 UU No. 3 Tahun 2002 tentang Pertahanan Negara. B. Rincian: 1. Isu Pokok: Legal basis for oversight of defense budget by BPK. 2. Aturan & Unsur: a. Pasal 69 UU No. 3/2002 mensyaratkan audit BPK atas pengelolaan anggaran pertahanan. b. Unsur: (1) Subjek: BPK sebagai auditor; (2) Objek: Penggunaan anggaran pertahanan. 3. Penerapan: BPK memiliki kewenangan untuk memastikan akuntabilitas pengelolaan anggaran TNI. C. Disclaimer: Interpretasi ini tidak menggantikan konsultasi hukum resmi.,"[undang_undang] Pasal 69 Isi: Pengawasan dan pemeriksaan pengelolaan anggaran pertahanan negara oleh TNI dilakukan oleh Badan Pemeriksa Keuangan Republik Indonesia....

---

[undang_undang] Pasal 68 Isi: (1) TNI wajib mengelola anggaran pertahanan negara yang dialokasikan oleh pemerintah. (2) TNI wajib mempertanggungja wabkan pengelolaan anggaran pertahanan negara sebagaimana dimaksud pada ayat (1) kepada Menteri Pertahanan. (3) Pengelolaan anggaran pertahanan negara oleh TNI sebagaimana dimaksud pada ayat (2) dilaksanakan berdasarkan prinsip transparansi, akuntabilitas, pertanggungjawaban, serta efisiensi untuk menerapkan tata pemerintahan yang baik. (4) Pengelolaan anggaran perta...

---

[undang_undang] Pasal 66 Isi: (1) TNI dibiayai dari anggaran pertahanan negara yang berasal dari Anggaran Pendapatan dan Belanja Negara. (2) Keperluan anggaran sebagaimana dimaksud pada ayat (1) diajukan oleh Departemen Pertahanan....

---

[undang_undang] Pasal 67 Isi: (1) Dalam hal pemenuhan dukungan anggaran TNI, Panglima mengajukan kepada Menteri Pertahanan untuk dibiayai seluruhnya dari Anggaran Pendapatan dan Belanja Negara (2) Dalam hal pemenuhan dukungan anggaran operasi militer yang bersifat mendesak, Panglima mengajukan anggaran kepada Menteri Pertahanan untuk dibiayai dari anggaran kontijensi yang bersumber dari Anggaran Pendapatan dan Belanja Negara. (3) Dukungan sebagaimana dimaksud pada ayat (2) dimintakan persetujuan oleh Menteri Pe...

---

[analysis_report] 26 EDISI KHUSUS 2019 P Pendahuluan Sistem pertahanan negara sebagaimana diatur dalam Undang- Undang Republik Indonesia Nomor 3 Tahun 2002 tentang Pertahanan Negara, dalam Pasal 1 ayat (2) disebutkan : bahwa sistem pertahanan bersifat semesta (Sishanta). Kesemestaan dalam pertahanan negara yang melibatkan seluruh warga negara, wilayah, dan segenap sumber daya nasional lainnya, serta dipersiapkan secara dini oleh pemerintah dan diselenggarakan secara total, terpadu, terarah, dan berlanjut. Pemikir...

---

[web_article] . Harusnya seluruh Kementerian dan anggota DPR RI mendukung kebijakan efisiensi anggaran yang ditetapkan Presiden Prabowo dengan aksi nyata jangan hanya dengan kata-kata! ucapnya. Terpisah, Menteri Pertahanan (Menhan) Sjafrie Sjamsoeddin menyatakan revisi UU TNI menjadi perubahan regulasi agar lebih adaptif merespons dinamika global dan perkembangan ancaman seperti perang siber, perang hibrida, serta ancaman asimetris lain. Perubahan UU TNI diajukan oleh DPR RI untuk memberikan landasan hukum ya...",0.7808544635772705
Apakah alasan pemberhentian prajurit TNI diatur dalam Pasal 59 UU No. 34 Tahun 2004?,"1. Inti Jawaban:
- Pasal 59 tidak mengatur alasan pemberhentian, hanya prosedurnya.
- Implikasi praktis: alasan pemberhentian diatur dalam peraturan lain atau kebijakan internal TNI.

2. Rincian Analisis:
a. Isu Pokok: Dasar hukum untuk pemberhentian prajurit TNI.
b. Aturan & Unsur: Pasal 59 hanya mengatur otoritas pemberhentian (Presiden untuk perwira tinggi, Panglima untuk lainnya), bukan sebab-sebab pemberhentian.
c. Penerapan: Praktiknya, alasan bisa mencakup pensiun wajib, kesehatan, pelanggaran disiplin, atau kebijakan organisasi yang diatur dalam peraturan tersendiri.

3. Disclaimer: Penjelasan ini tidak mencakup seluruh aspek hukum terkait pemberhentian prajurit.","1. Inti Jawaban: Ya, Pasal 59 menyatakan bahwa pemberhentian prajurit TNI harus didasarkan pada alasan yang jelas dan sah sesuai dengan peraturan perundang-undangan. Implikasinya adalah adanya kontrol hukum terhadap proses pemberhentian.
2. Rincian Analisis:
    a. Isu Pokok: Legal basis pemberhentian prajurit TNI.
    b. Aturan & Unsur: Pasal 59 UU TNI menegaskan bahwa pemberhentian harus berdasarkan alasan yang sah dan sesuai dengan peraturan perundang-undangan. Ini mencakup aspek seperti kesalahan disiplin, pencopotan jabatan, atau pensiun.
    c. Penerapan: Proses pemberhentian harus melalui mekanisme resmi dan transparan untuk mencegah diskriminasi atau penggunaan kekuasaan sewenang-wenang.
3. Disclaimer: Interpretasi ini bersifat umum dan tidak menggantikan konsultasi hukum formal.","[legal_request] . Namun, UU No. 3 tahun 2025 Tentang Perubahan atas UU Nomor 34 Tahun 2004 tentang TNI ini memperluas daftar jabatan yang dapat diisi oleh prajurit aktif, mencakup posisi di kementerian, lembaga negara, hingga BUMN dan BUMD. Hal ini berpotensi membahayakan karena Keterlibatan militer dalam pemerintahan sipil berisiko mengaburkan batas antara otoritas militer dan sipil, melemahkan supremasi sipil, serta membuka peluang bagi militer untuk kembali terlibat dalam politik praktis. Hal ini mengingatka...

---

[web_article] . Peserta sidang menjawab setuju dan dengan demikian, UU yang mengatur perubahan UU Nomor 34 Tahun 2004 sah. Apa saja yang berubah dalam UU tersebut? Simak penjelasannya di bawah ini, yuk! DilihatdetikJogjadari dokumen UU Republik Indonesia Nomor 34 Tahun 2004 tentang TNI, tugas pokok TNI dibedakan menjadi 2 dalam pasal 7 ayat (2), yakni operasi militer untuk perang dan operasi militer selain perang. Untuk operasi militer selain perang, tugas TNI dirinci sebanyak 14 poin sebagaimana tertera dala...

---

[academic_draft] 22 C. UU Nomor 34 Tahun 2004 tentang TNI UU Nomor 34 Tahun 2004 tentang TNI (UU TNI) saat ini telah berlaku lebih kurang 20 (dua puluh) tahun. Tentu selama berlaku, ada beberapa ketentuan atau materi muatan yang sudah tidak sesuai dengan dinamika dan perkembangan yang ada. Salah satunya, terkait peran prajurit aktif TNI pada Kementerian/lembaga lain serta batasan usia prajurit TNI. D. Putusan Mahkamah Konstitusi UU TNI pernah diuji di Mahkamah Konstitusi...

---

[undang_undang] Pasal 45 Isi: Pengangkatan dan pemberhentian jabatan di dalam struktur TNI selain jabatan Panglima dan Kepala Staf Angkatan, diatur dengan keputusan Panglima....",0.6832383871078491
Siapa yang berwenang mengatur lebih lanjut golongan kepangkatan prajurit TNI?,1. Inti Jawaban: Panglima TNI berwenang mengatur lebih lanjut golongan kepangkatan prajurit. Implikasi praktisnya adalah Panglima memiliki otoritas untuk menetapkan ketentuan teknis terkait kepangkatan. 2. Rincian Analisis: a. Isu Pokok: Kewenangan pengaturan golongan kepangkatan. b. Aturan & Unsur: Pasal 26 ayat (2) UU No. 34 Tahun 2004 memberikan kewenangan ini kepada Panglima. c. Penerapan: Keputusan Panglima akan menjadi pedoman dalam implementasi struktur kepangkatan. 3. Disclaimer: Kewenangan ini harus dilaksanakan sesuai dengan koridor hukum yang berlaku.,"1. Inti Jawaban: Tidak ada ketentuan eksplisit dalam UU TNI tentang hal ini. Implikasinya, wewenang ini kemungkinan besar berada di tangan Panglima TNI atau instansi terkait sesuai dengan struktur organisasi internal TNI. 2. Rincian Analisis: a. Isu Pokok: Kewenangan pengaturan kepangkatan prajurit TNI. b. Aturan & Unsur: Pasal 47 ayat (2) UU TNI hanya menyebutkan jumlah K/L yang dapat diisi TNI, tanpa menyebutkan detail kepangkatan. c. Penerapan: Praktiknya, kepangkatan prajurit TNI diatur melalui peraturan perundang-undangan yang berlaku di lingkungan K/L tempat mereka bertugas. 3. Disclaimer: Informasi ini bersifat umum dan tidak menggantikan konsultasi hukum resmi.","[academic_draft] . Penempatan prajurit aktif TNI pada kementerian/lembaga negara dalam praktiknya tidak sebatas kementerian/lembaga negara yang tercantum dalam Pasal 47 ayat (2) UU TNI saja. Seiring dengan adanya kebutuhan sumber daya manusia yang menguasai keahlian di bidang tertentu, saat ini beberapa prajurit aktif TNI dapat juga diperbantukan pada kementerian/lembaga lain yang membutuhkan keahliannya. Sebut saja antara lain misalkan pada: kementerian kelautan dan perikanan, staf kepresidenan, badan nasional ...

---

[web_article] . Adapun pada UU TNI yang lama, prajurit aktif hanya menduduki 10 kementerian/lembaga. Pasal kedua yang dibahas adalah Pasal 47 terkait dengan penempatan prajurit TNI pada K/L, sebagaimana diketahui bahwa prajurit aktif dapat menduduki jabatan di berbagai K/L yang semula berjumlah 10 menjadi 14, berdasarkan permintaan pimpinan dan kementerian lembaga dan tetap tunduk pada peraturan administrasi yang berlaku di lingkungan K/L tersebut, ucap Puan. Di luar penempatan pada 14 K/L yang telah disebutk...

---

[web_article] . Perubahan selanjutnya terdapat di pasal 47 UU Nomor 34 Tahun 2004. Pasal ini mengatur tentang kementerian atau lembaga yang dapat diisi TNI. Dalam ayat (2) pasal tersebut, tertulis: Prajurit aktif dapat menduduki jabatan pada kantor yang membidangi koordinator bidang Politik dan Keamanan Negara, Pertahanan Negara, Sekretaris Militer Presiden, Intelijen Negara, Sandi Negara, Lembaga Ketahanan Nasional, Dewan Pertahanan Nasional, Search and Rescue (SAR) Nasional, Narkotika Nasional, dan Mahkamah...

---

[legal_request] . Namun, UU No. 3 tahun 2025 Tentang Perubahan atas UU Nomor 34 Tahun 2004 tentang TNI ini memperluas daftar jabatan yang dapat diisi oleh prajurit aktif, mencakup posisi di kementerian, lembaga negara, hingga BUMN dan BUMD. Hal ini berpotensi membahayakan karena Keterlibatan militer dalam pemerintahan sipil berisiko mengaburkan batas antara otoritas militer dan sipil, melemahkan supremasi sipil, serta membuka peluang bagi militer untuk kembali terlibat dalam politik praktis. Hal ini mengingatka...

---

[academic_draft] 26 BAB V JANGKAUAN, ARAH PENGATURAN, DAN RUANG LINGKUP MATERI MUATAN RANCANGAN UNDANG-UNDANG A. Jangkauan dan Arah Pengaturan Jangkauan dan arah pengaturan perubahan UU TNI terbatas pada peran prajurit aktif TNI pada kementerian/ lembaga lain sesuai kebutuhan institusi dimaksud dan kebijakan Presiden. Di samping itu, perubahan UU TNI juga mengatur mengenai batasan usia masa dinas bagi prajutir TNI sesuai dengan kebutuhan dan mensikronkan dengan berbagai ketentuan peraturan perUUan yang ada, baik...",0.7011145353317261
Bagaimana status Prajurit TNI yang masa ikatan dinasnya berakhir?,"1. Inti Jawaban:
- Otomatis diberhentikan dengan hormat (Pasal 55 ayat 1 huruf b).
- Implikasi: Bisa perpanjang kontrak jika memenuhi syarat.

2. Rincian Analisis:
a. Isu Pokok: Berakhirnya hubungan dinas.
b. Aturan & Unsur:
  - Masa ikatan diatur saat penerimaan.
  - Tidak ada perpanjangan otomatis.
c. Penerapan: Pemberitahuan 6 bulan sebelumnya.

3. Disclaimer: Hak pensiun hanya jika masa dinas cukup.","1. Inti Jawaban:
- Status mereka menjadi mantan prajurit TNI.
- Implikasi: Tidak lagi memiliki kewenangan sebagai prajurit aktif.
2. Rincian Analisis:
a. Isu Pokok: Status prajurit setelah masa dinas.
b. Aturan & Unsur: Pasal 53 UU No. 34/2004 tentang TNI mengatur hal ini.
c. Penerapan: Setelah masa dinas selesai, mereka tidak lagi memiliki kewenangan sebagai prajurit aktif.
3. Disclaimer: Informasi ini bersifat umum dan tidak menggantikan konsultasi hukum resmi.","[academic_draft] 26 BAB V JANGKAUAN, ARAH PENGATURAN, DAN RUANG LINGKUP MATERI MUATAN RANCANGAN UNDANG-UNDANG A. Jangkauan dan Arah Pengaturan Jangkauan dan arah pengaturan perubahan UU TNI terbatas pada peran prajurit aktif TNI pada kementerian/ lembaga lain sesuai kebutuhan institusi dimaksud dan kebijakan Presiden. Di samping itu, perubahan UU TNI juga mengatur mengenai batasan usia masa dinas bagi prajutir TNI sesuai dengan kebutuhan dan mensikronkan dengan berbagai ketentuan peraturan perUUan yang ada, baik...

---

[web_article] . Supratman menyebut selama ini sudah ada 10 lembaga yang posisinya diduduki oleh perwira TNI. Nggak, buktinya selama ini sudah jalan. Apa masalahnya? Apakah dengan begitu dwifungsinya kembali? Kan nggak juga, kan sudah ada 10 lembaga yang diduduki oleh perwira TNI kan, nggak ada masalah, ujar Supratman di kompleks parlemen, Senayan, Jakarta, Rabu (29/5/2024). Supratman mengulas bagaimana prajurit TNI aktif telah mengisi jabatan di pemerintahan. Supratman menekankan RUU TNI ditekankan pada usia ...

---

[web_article] . 34 Tahun 2004 tentang TNI (UU TNI). Berdasarkan Rancangan Revisi UU TNI 2024 yang diperoleh oleh Koalisi Masyarakat Sipil untuk Reformasi Sektor Keamanan (Koalisi RSK) terdapat beberapa perubahan yang akan mengembalikan peran dan fungsi sosial dan politik TNI seperti pada saat TNI menjadi tulang punggu pemerintahan Orde Baru, kata Koalisi Masyarakat Sipil dalam keterangan pers tertulisnya, Jumat (21/2/2025). SCROLL TO CONTINUE WITH CONTENT Koalisi menekankan perubahan tersebut dapat memperluas...

---

[academic_draft] 22 C. UU Nomor 34 Tahun 2004 tentang TNI UU Nomor 34 Tahun 2004 tentang TNI (UU TNI) saat ini telah berlaku lebih kurang 20 (dua puluh) tahun. Tentu selama berlaku, ada beberapa ketentuan atau materi muatan yang sudah tidak sesuai dengan dinamika dan perkembangan yang ada. Salah satunya, terkait peran prajurit aktif TNI pada Kementerian/lembaga lain serta batasan usia prajurit TNI. D. Putusan Mahkamah Konstitusi UU TNI pernah diuji di Mahkamah Konstitusi...",0.6359845399856567
Apa yang dimaksud dengan postur pertahanan negara dalam Pasal 11 UU No. 34 Tahun 2004?,"1. Inti Jawaban:
   - Postur pertahanan negara adalah wujud penampilan kekuatan pertahanan negara yang terdiri dari komponen utama, cadangan, dan pendukung.
   - Implikasi praktisnya adalah postur ini harus mampu mengatasi ancaman militer dan bersenjata.

2. Rincian Analisis:
   a. Isu Pokok: Definisi postur pertahanan negara.
   b. Aturan & Unsur: Pasal 11 ayat (1) UU No. 34 Tahun 2004 dan penjelasannya menyebutkan postur pertahanan negara sebagai keterpaduan kekuatan, kemampuan, dan penggelaran sumber daya nasional.
   c. Penerapan: Postur ini harus mencerminkan sistem pertahanan negara yang terpadu.

3. Disclaimer: Penjelasan ini berdasarkan UU No. 34 Tahun 2004 dan tidak mencakup perubahan atau interpretasi lain.","A. Inti Jawaban:
Postur pertahanan negara mencakup kekuatan, kemampuan, dan penggelaran sumber daya nasional yang terintegrasi dalam sistem pertahanan negara.
B. Rincian Analisis:
1. Isu Pokok: Definisi postur pertahanan negara.
2. Aturan & Unsur: Pasal 11 ayat (1) UU No. 34 Tahun 2004 menyatakan postur pertahanan negara sebagai wujud penampilan kekuatan yang meliputi komponen utama, cadangan, dan pendukung.
3. Penerapan: Postur ini harus disesuaikan dengan ancaman militer dan bersenjata serta kebijakan pertahanan negara.
C. Disclaimer: Interpretasi dapat bervariasi tergantung konteks.","[web_article] . Peserta sidang menjawab setuju dan dengan demikian, UU yang mengatur perubahan UU Nomor 34 Tahun 2004 sah. Apa saja yang berubah dalam UU tersebut? Simak penjelasannya di bawah ini, yuk! DilihatdetikJogjadari dokumen UU Republik Indonesia Nomor 34 Tahun 2004 tentang TNI, tugas pokok TNI dibedakan menjadi 2 dalam pasal 7 ayat (2), yakni operasi militer untuk perang dan operasi militer selain perang. Untuk operasi militer selain perang, tugas TNI dirinci sebanyak 14 poin sebagaimana tertera dala...

---

[academic_draft] . Berdasarkan hal tersebut, ada 3 (tiga) aspek yang terkait dengan masalah pertahanan negara, yaitu: keutuhan negara, kedaulatan negara, dan keselamatan negara. Ketentuan mengenai TNI lebih lanjut diatur dalam UU Nomor 34 Tahun 2004 tentang TNI (UU TNI). Sebelum dibentuk UU TNI, ketentuan mengenai TNI diatur dalam Ketetapan MPR Nomor VI/MPR/2000 tentang Pemisahan TNI dan Kepolisian Negara Republik Indonesia, dan Ketetapan MPR...

---

[undang_undang] Pasal 11 Isi: (1) Postur TNI dibangun dan dipersiapkan sebagai bagian dari postur pertahanan negara untuk mengatasi setiap ancaman militer dan ancaman bersenjata. (2) Postur TNI sebagaimana dimaksud pada ayat (1) dibangun dan dipersiapkan sesuai dengan kebijakan pertahanan negara. Bagian Kedua Organisasi Penjelasan: Ayat (1) Yang dimaksud dengan postur pertahanan negara adalah wujud penampilan kekuatan pertahanan negara yang tercermin dari keterpaduan kekuatan, kemampuan dan penggelaran sumber d...

---

[academic_draft] 21 2. Pasal 21 Ketentuan Pasal 21 UUD NRI Tahun 1945 mengatur mengenai hak anggota DPR dalam mengajukan usul rancangan UU. Hak keanggotaan DPR dimaksud merupakan hak konstitusional. Hak konstitusional dimaksud dapat dilaksanakan dan juga tidak dilaksanakan sesuai dengan kehendak anggota DPR yang bersangkutan. 3. Pasal 30 ayat (2), ayat (3), dan ayat (5) Ketentuan pasal dan ayat ini mengatur mengenai sistem pertahanan dan keamanan rakyat semesta yang dianut oleh Indonesia. Di dalam sistem tersebu...

---

[undang_undang] Pasal 74 Isi: (1) Ketentuan sebagaimana dimaksud dalam 65 berlaku pada saat UU tentang Peradilan Militer yang baru diberlakukan. (2) Selama UU peradilan militer yang baru belum dibentuk, tetap tunduk pada ketentuan UU Nomor 31 Tahun 1997 te ntang Peradilan Militer....

---

[analysis_report] 26 EDISI KHUSUS 2019 P Pendahuluan Sistem pertahanan negara sebagaimana diatur dalam Undang- Undang Republik Indonesia Nomor 3 Tahun 2002 tentang Pertahanan Negara, dalam Pasal 1 ayat (2) disebutkan : bahwa sistem pertahanan bersifat semesta (Sishanta). Kesemestaan dalam pertahanan negara yang melibatkan seluruh warga negara, wilayah, dan segenap sumber daya nasional lainnya, serta dipersiapkan secara dini oleh pemerintah dan diselenggarakan secara total, terpadu, terarah, dan berlanjut. Pemikir...",0.603320300579071
Apa implikasi pemberhentian dengan hormat bagi Prajurit TNI?,"1. Inti Jawaban: Pemberhentian dengan hormat berarti Prajurit TNI memenuhi kewajiban dengan baik dan berhak atas hak pensiun atau tunjangan. Implikasi praktisnya adalah pengakuan atas pengabdian. 2. Rincian Analisis: a. Isu Pokok: Hak dan status pasca-pemberhentian. b. Aturan & Unsur: Pasal 34 UU No. 34 Tahun 2004 tidak merinci syarat, tetapi merujuk pada peraturan turunan. c. Penerapan: Prajurit yang diberhentikan dengan hormat tidak kehilangan hak administratif. 3. Disclaimer: Detail hak diatur lebih lanjut dalam peraturan tersendiri.","1. Inti Jawaban:
    - Implikasi: Menunjukkan penghargaan atas dedikasi Prajurit.
    - Dasar: Pasal 45 ayat (1) UU No. 34/2004 tentang TNI.
2. Rincian Analisis:
    a. Isu Pokok: Hak Prajurit setelah pensiun.
    b. Aturan & Unsur: Pasal 45 ayat (1) menyatakan bahwa pemberhentian dilakukan dengan hormat.
    c. Penerapan: Ini mencerminkan nilai-nilai profesionalisme TNI.
3. Disclaimer: Penjelasan ini bersifat umum dan tidak menggantikan konsultasi hukum.","[web_article] Judul: Imparsial Minta Pembahasan Revisi UU TNI Dihentikan, Beri Catatan Kritis,18 Jul 2024 12:18,https://news.detik.com/berita/d-7444824/imparsial-minta-pembahasan-revisi-uu-tni-dihentikan-beri-catatan-kritis,Direktur ImparsialGufron Mabrurimengkritik pembahasan revisi UU TNI yang saat ini menjadi inisiatif DPR. Gufron menilai revisi UU TNI tidak mendesak dan diwarnai dengan beberapa usulan yang bermasalah. Kami memandang DPR RI sebaiknya menghentikan segala bentuk pembahasan agenda revisi UU T...

---

[web_article] Judul: UU TNI dan Pesan Hati-hati untuk Prabowo,24 Mar 2025 12:50,https://news.detik.com/kolom/d-7838763/uu-tni-dan-pesan-hati-hati-untuk-prabowo,UU TNI resmi disahkan DPR pada Kamis, 20 Maret 2025 hingga memantik perdebatan panas di tengah masyarakat.Prabowo Subiantosebagai pemimpin nasional dan mantan jenderal berada di persimpangan sulit antara menjaga hubungan dengan TNI dan memastikan demokrasi tidak mundur. Polemik yang muncul lantaran usulan perluasan jabatan sipil bagi prajurit aktif dal...

---

[undang_undang] Pasal 45 Isi: Pengangkatan dan pemberhentian jabatan di dalam struktur TNI selain jabatan Panglima dan Kepala Staf Angkatan, diatur dengan keputusan Panglima....",0.5703673362731934
Apakah pendidikan Tamtama bisa diselenggarakan oleh pihak selain TNI?,"1. Inti Jawaban:
- Tidak, karena menjadi kewenangan Panglima TNI.
- Implikasi praktisnya adalah pendidikan ini bersifat eksklusif di bawah TNI.

2. Rincian Analisis:
a. Isu Pokok: Pelaksana pendidikan Tamtama.
b. Aturan & Unsur: Pasal 32 ayat (2) UU No. 34 Tahun 2004 menyerahkan pengaturan kepada Panglima.
c. Penerapan: Hanya TNI yang berhak menyelenggarakan pendidikan ini.

3. Disclaimer: Kerja sama dengan pihak lain mungkin ada dengan pengawasan TNI.","(a) Inti Jawaban: Tidak, karena Pasal 29 ayat (1) UU No. 34/2004 menjamin pendidikan Tamtama hanya dilakukan oleh TNI. (b) Rincian: Pasal 29 ayat (1) UU No. 34/2004 menyatakan bahwa pendidikan Tamtama dilaksanakan oleh TNI. (c) Disclaimer: Penjelasan ini bersifat informatif dan tidak menggantikan konsultasi hukum resmi.","[web_article] . Pihaknya ingin ada aturan yang memperjelas batasan dan mekanisme pelibatan TNI di jabatan nonmiliter. Perubahan UU TNI diajukan oleh pihak DPR RI diperlukan untuk memberikan landasan hukum yang lebih jelas terhadap peran TNI, ada tugas lain selain perang tanpa melanggar prinsip demokrasi dan supremasi sipil, ujar Sjafrie dalam rapat Komisi I DPR di kompleks parlemen, Senayan, Jakarta, Selasa (11/3). Sjafrie menyebut ada empat fokus yang ditekankan oleh pihaknya. Salah satunya terkait kebijakan...

---

[analysis_report] . Mulai dari yang paling dasar yaitu pendidikan umum (Sekolah Menengah Atas / SMA unggulan) yang berada di bawah pembinaan Kementerian Pertahanan (Kemhan) dan TNI (SMA Taruna Nusantara, SMA Taruna Nala, dan SMA Pradhita Dirgantara), hingga tingkat sarjana melalui pengadaan Perwira Prajurit Karir selain itu Sarjana Teknik Elektro, Informatika dari ITS, ITB dan Universitas lainnya. Selain itu pada tingkat selanjutnya yaitu melalui pemberian Program Beasiswa jenjang S2 dan S3 secara linier. Kedua, ...

---

[web_article] . FGD itu bertema Peran Aktif Serta Kolaborasi Mahasiswa dan TNI dalam Memajukan Kesejahteraan Masyarakat. Kami menjelaskan tentang hal-hal yang perlu diketahui oleh mahasiswa, salah satunya adalah tentang revisi UU TNI yang sudah disahkan oleh DPR RI. Jadi, kita jelaskan apa esensi dari revisi UU TNI yang hari ini menjadi polemik, dan beberapa silang pendapat di masyarakat, kata Rio. SCROLL TO CONTINUE WITH CONTENT Rio menjelaskan bahwa pasal-pasal yang direvisi dalam UU TNI itu merupakan hal-h...

---

[analysis_report] . pendidikan kewarganegaraan; b. pelatihan dasar kemiliteran secara wajib; c. pengabdian sebagai prajurit TNI secara suka rela atau secara wajib; dan d. pengabdian sesuai dengan profesi. Usaha pembelaan negara dalam rangka penyelenggaraan pertahanan perlu dibangun dan dikembangkan secara berlanjut dan terarah agar dalam pengerahan dan penggunaan kesiapannya dapat terwujud. Usaha-usaha tersebut Sumber : Biro Humas Kemhan Sumber : Biro Humas Kemhan...",0.5731120109558105
Apa contoh konkret TNI sebagai Tentara Pejuang dalam konteks modern?,"1. Inti Jawaban:
   - Contohnya adalah TNI yang berperan dalam operasi militer untuk menjaga kedaulatan negara.
   - Implikasi praktisnya adalah TNI harus siap menghadapi ancaman internal dan eksternal.

2. Rincian Analisis:
   a. Isu Pokok: Peran TNI dalam menjaga NKRI.
   b. Aturan & Unsur: Pasal 2 huruf b UU No. 34 Tahun 2004 menekankan TNI sebagai pejuang yang tidak mengenal menyerah.
   c. Penerapan: TNI harus siap bertempur dan menyelesaikan tugas seperti penanganan konflik atau bencana.

3. Disclaimer: Contoh ini berdasarkan interpretasi UU No. 34 Tahun 2004.","C. Contoh nyata adalah operasi penumpasan separatisme Aceh yang dijalani prajurit TNI tanpa mengenal menyerah. Implikasinya, TNI harus terus meningkatkan kemampuan tempur sambil menjaga netralitas politik.","[analysis_report] . TNI sebagai komponen utama harus mendapat dukungan dari segenap rakyat sebagai tulang punggung pertahanan. Hal ini penting bagi TNI karena episentrum kekuatan TNI tidak hanya pada tentara profesional dengan senjata yang canggih, akan tetapi juga pada kemanunggalan TNI dengan rakyat. Sehingga dengan terbangunnya Komponen Cadangan maka jumlah tentara regular sebesar 476 ribu akan mendapat tambahan kekuatan potensi cadangan sejumlah 130 juta jiwa (Global Power military power index ). Pembentukan ...

---

[analysis_report] . Khusus dalam tugas OMSP, berbagai tugas telah dilakukan oleh prajurit TNI dengan sangat baik, bahkan melebihi panggilan tugasnya. Setiap prajurit dituntut mengedepankan tugas dan kepentingan masyarakat di atas kepentingan pribadi. Sekecil apapun sikap dan tindakan primitif akan mengganggu bahkan merusak jati diri TNI, sebagai tentara rakyat, tentara pejuang, tentara nasional dan tentara profesional. Prestasi dan kinerja optimal TNI yang telah mendapatkan penilaian positif dari masyarakat diper...

---

[analysis_report] . Tetapi, kesiapsiagaan tetap harus di nomor satukan dalam kehidupan berbangsa dan bernegara. Berangkat dari uraian di atas, maka dapat di tarik sebuah pertanyaan, bagaimana eksistensi TNI di era milenial saat ini?; apa saja ancaman militer dan nir militer yang bersifat multidimensional?; dan bagaimana penguatannya dalam konteks ketahanan nasional?. Pertanyaan- pertanyaan tersebut merupakan...

---

[undang_undang] Pasal 2 Isi: Jati diri TNI adalah: a. Tentara Rakyat, yaitu tentara yang anggotanya berasal dari warga negara Indonesia; b. Tentara Pejuang, yaitu tentara yang berjuang menegakkan Negara Kesatuan Republik Indonesia dan tidak mengenal menyerah dalam melaksanakan dan menyelesaikan tugasnya; c. Tentara Nasional, yaitu tentara kebangsaan Indonesia yang bertugas demi kepentingan negara di atas kepentingan daerah, suku, ras, dan golongan agama; dan d. Tentara Profesional, yaitu te ntara yang terlatih,...

---

[analysis_report] . 4) Pembangunan postur ideal setelah MEF tercapai, diiringi dengan pembangunan industri pertahanan yang mengarah pada kemandirian industri pertahanan yang signifikan, kemampuan berkolaborasi secara internasional, dan pengembangan yang sustainable. b. Profesionalisme Prajurit UU Nomor 34 Tahun 2004 tentang TNI secara jelas menetapkan bahwa salah satu jati diri TNI adalah tentara profesional, yaitu tentara yang terlatih,...",0.7550541162490845
Apa makna 'penghasilan yang layak' dalam Pasal 49 UU No. 34 Tahun 2004?,"1. Inti Jawaban:
   - 'Penghasilan yang layak' berarti gaji dan tunjangan yang memadai untuk memenuhi kebutuhan hidup prajurit dan keluarganya.
   - Implikasi praktis: Standar hidup minimal prajurit harus terjamin.

2. Rincian Analisis:
   a. Isu Pokok: Definisi 'layak' secara hukum.
   b. Aturan & Unsur: Pasal 49 tidak mendefinisikan 'layak', tetapi konteksnya mengacu pada kesejahteraan.
   c. Penerapan: Pemerintah harus menyesuaikan penghasilan dengan inflasi dan kebutuhan dasar.

3. Disclaimer: Makna 'layak' dapat berkembang sesuai kondisi ekonomi dan sosial.",A. Inti Jawaban: Penghasilan yang layak merujuk pada standar hidup minimum yang dapat menjamin kesejahteraan prajurit. B. Rincian: 1. Isu Pokok: Interpretasi istilah 'layak'. 2. Aturan & Unsur: Pasal 49 UU No. 34 Tahun 2004 tidak mendefinisikan secara eksplisit. 3. Penerapan: Diatur lebih lanjut dalam PP tentang gaji prajurit. C. Disclaimer: Jawaban ini bersifat umum.,"[legal_request] . Hal ini bisa menghambat dinamika dan modernisasi dalam tubuh TNI. Bahwa dengan memahami subtansi di atas terkait dengan jenis dan Muatan materi pembentukan UU TNI Nomor 3 Tahun 2025 Tentang Perubahan atas UU Nomor 34 Tahun 2004 jelas tidak bersesuaian dengan Pasal 28 D ayat (1) UUD 1945 yang menyatakan bahwa setiap orang berhak atas pengakuan, jaminan, perlindungan, dan kepastian hukum yang adildengan asas-asas muatan materi yang diatur dalam suatu peraturan perUUan, yang justru sebaliknya UU ...

---

[undang_undang] Pasal 49 Isi: Setiap prajurit TNI berhak memp eroleh penghasilan yang layak dan dibiayai seluruhnya dari anggaran pertahanan negara yang bersumber dari Anggaran Pendapatan dan Belanja Negara....

---

[legal_request] . Namun pada kenyatannya bahwa Muatan materi pembentukan UU No 3 Tahun 2025 Tentang Perubahan atas UU Nomor 34 Tahun 2004 bertentangan dengan ketentuan Hak konstitusional warga negara yang diatur dalam UUD 1945 serta tidak juga berpedoman sesuai dengan Undang- undang Nomor 13 Tahun 2022 tentang Perubahan Kedua atas UU Nomor 12 Tahun 2011 tentang Pembentukan Peraturan Perundang-Undangan tepatnya di Pasal 6 ayat (1) yang...

---

[legal_request] . d. adanya hubungan sebab akibat (causal verband) antara kerugian dan berlakunya UU yang dimohonkan untuk diuji. e. adanya kemungkinan bahwa dengan dikabulkannya permohonan tersebut maka kerugian konstitusional yang didalilkan tidak akan tidak lagi terjadi. Selanjutnya, dalam Pasal 4 ayat (2) PMK No. 2 Tahun 2021, mengatur: Hak dan/atau kewenangan konstitusional Pemohon sebagaimana dimaksud pada ayat (1) dianggap dirugikan oleh berlakunya UU atau Perppu apabila: a. ada hak dan/atau kewenangan k...

---

[undang_undang] Pasal 51 Isi: (1) Prajurit yang diberhentikan dengan hormat memperoleh rawatan dan layanan purnadinas. (2) Rawatan dan layanan purnadinas sebagaimana dimaksud pada ayat (1), meliputi pensiun, tunjangan bersifat pensiun, tunjangan atau pesangon dan rawatan kesehatan. (3) Pelaksanaan ketentuan sebagaimana dimaksud pada ayat (1) dan ayat (2) diatur dengan Peraturan Pemerintah. Penjelasan: Ayat (1) Cukup jelas. Ayat (2) Prajurit karier yang diberhentikan dengan hormat dari dinas keprajuritan menerim...",0.5157358646392822
Apakah ada pengecualian bagi mantan prajurit untuk membuka rahasia militer?,"1. Inti Jawaban:
- Tidak ada, kecuali dengan otorisasi resmi dari pimpinan TNI.
- Implikasi: Prinsip 'need to know' tetap berlaku sekalipun sudah pensiun.

2. Rincian Analisis:
a. Isu Pokok: Absolutisme kewajiban kerahasiaan.
b. Aturan & Unsur: Pasal 37 ayat (2) tidak memberikan pengecualian.
c. Penerapan: Pembukaan rahasia untuk kepentingan publik pun memerlukan prosedur khusus.

3. Disclaimer: Pengecualian sangat jarang dan bersifat kasuistis.",Tidak ada pengecualian. Pasal 37 ayat (2) menyatakan bahwa mantan prajurit tetap wajib merahasiakan informasi militer meskipun telah diberhentikan. Implikasinya adalah semua mantan prajurit harus mematuhi kewajiban ini tanpa pengecualian.,"[analysis_report] . Selain daripada itu, dalam Sishankamrata, penggunaan militer lebih banyak berorientasi ke dalam negeri (Inward looking), sementara pihak reformis berargumentasi bahwa ancaman keamanan negara tidak lagi bersifat militer semata, maka penggunaan kekuatan militer harus berorientasi ke luar wilayah yurisdiksi nasional (Outward looking). Universitas Pertahanan dalam kapasitasnya sebagai lembaga kajian akademis mempunyai kewajiban untuk memberikan berbagai kajian ilmiah terkait isu-isu strategis pert...

---

[undang_undang] Pasal 37 Isi: (1) Prajurit berkewajiban menjunjung tinggi kepercayaan yang diberikan oleh bangsa dan negara untuk melakukan usaha pembelaan negara sebagaimana termuat dalam Sumpah Prajurit (2) Untuk keamanan negara, setiap prajurit yang telah berakhir menjalani dinas keprajuritan atau prajurit siswa yang karena suatu hal tidak dilantik menjadi prajurit, wajib memegang teguh rahasia tentara walaupun yang bersangkutan diberhentikan dengan hormat atau dengan tidak hormat....

---

[web_article] . Pasalnya, dalam pendidikan formal sudah ada pos-pos pekerjaan yang tidak dimungkinkan melalui UU TNI yang baru, untuk dapat ditempati seorang prajurit. Namun, ada pengaruh secara tidak langsung lantaran jabatan-jabatan yang semestinya dapat diisi alumni-alumni pendidikan sipil. Jabatan-jabatan sipil dapat diisi begitu saja oleh tentara aktif atau militer aktif yang dididik dari pendidikan militer. Nah, tapi yang secara tidak langsung ini juga akan berpengaruh. Kenapa? Karena jabatan-jabatan ya...

---

[legal_request] . Namun, UU No. 3 tahun 2025 Tentang Perubahan atas UU Nomor 34 Tahun 2004 tentang TNI ini memperluas daftar jabatan yang dapat diisi oleh prajurit aktif, mencakup posisi di kementerian, lembaga negara, hingga BUMN dan BUMD. Hal ini berpotensi membahayakan karena Keterlibatan militer dalam pemerintahan sipil berisiko mengaburkan batas antara otoritas militer dan sipil, melemahkan supremasi sipil, serta membuka peluang bagi militer untuk kembali terlibat dalam politik praktis. Hal ini mengingatka...",0.5388449430465698
Apa dasar hukum yang mengatur persetujuan DPR dalam pengerahan kekuatan TNI?,"1. Inti Jawaban:
- Dasar hukumnya adalah Pasal 17 ayat (2) UU No. 34 Tahun 2004 tentang TNI.
- Implikasi praktisnya adalah DPR memiliki peran konstitusional dalam mengawasi penggunaan kekuatan militer.

2. Rincian Analisis:
a. Isu Pokok: Peran DPR dalam pengerahan TNI.
b. Aturan & Unsur: Pasal 17 ayat (2) UU No. 34 Tahun 2004 menegaskan bahwa persetujuan DPR diperlukan untuk pengerahan kekuatan TNI.
c. Penerapan: Ketentuan ini mencerminkan prinsip demokrasi dan transparansi dalam penggunaan kekuatan militer oleh negara.

3. Disclaimer: Analisis ini berdasarkan teks UU No. 34 Tahun 2004 tanpa mempertimbangkan perubahan atau interpretasi yurisprudensi.",A. Dasar hukumnya adalah Pasal 17 ayat (2) UU No. 34 Tahun 2004 tentang TNI. B. Implikasi praktisnya adalah presiden harus merujuk pada persetujuan DPR untuk penggunaan kekuatan TNI. C. Pembuktian: Pasal 17 ayat (2) secara eksplisit menegaskan kewajiban presiden mendapatkan persetujuan DPR.,"[web_article] Judul: UU TNI Disahkan, Pakar Hukum Unair Dorong Masyarakat Gugat ke MK,20 Mar 2025 17:50,https://www.detik.com/jatim/berita/d-7833423/uu-tni-disahkan-pakar-hukum-unair-dorong-masyarakat-gugat-ke-mk,DPR RI resmi mengesahkan Rancangan Undang-undang tentang Perubahan atas Undang-undang Nomor 34 Tahun 2004 tentang TNI atau RUU TNI menjadi UU disahkan DPR RI. Pengesahan itu dilakukan dalam rapat paripurna yang dihadiri oleh sejumlah menteri. Pengesahan RUU TNI ini menuai gelombang penolakan dari mas...

---

[web_article] . Dia menyebut perubahan dalam UU TNI yang baru tetap dalam kerangka supremasi sipil dan telah memenuhi ketentuan hukum yang berlaku. UU TNI yang baru disahkan oleh DPR tentunya telah melalui proses legislasi yang melibatkan berbagai pihak, termasuk pemerintah dan DPR, dengan mempertimbangkan kepentingan pertahanan negara serta profesionalisme TNI, ujarnya. Perubahan UU ini tetap menghormati dan dalam kerangka supremasi sipil, tetap berdasarkan nilai dan prinsip demokrasi serta memenuhi ketentua...

---

[undang_undang] Pasal 17 Isi: (1) Kewenangan dan tanggung jawab pengerahan kekuatan TNI berada pada Presiden. (2) Dalam hal pengerahan kekuatan TNI sebagaimana dimaksud pada ayat (1), Presiden harus mendapat persetujuan Dewan Perwakilan Rakyat....

---

[academic_draft] 21 2. Pasal 21 Ketentuan Pasal 21 UUD NRI Tahun 1945 mengatur mengenai hak anggota DPR dalam mengajukan usul rancangan UU. Hak keanggotaan DPR dimaksud merupakan hak konstitusional. Hak konstitusional dimaksud dapat dilaksanakan dan juga tidak dilaksanakan sesuai dengan kehendak anggota DPR yang bersangkutan. 3. Pasal 30 ayat (2), ayat (3), dan ayat (5) Ketentuan pasal dan ayat ini mengatur mengenai sistem pertahanan dan keamanan rakyat semesta yang dianut oleh Indonesia. Di dalam sistem tersebu...",0.7628626823425293
Apa hubungan tugas Panglima TNI dengan Menteri Pertahanan berdasarkan Pasal 15?,"1. Inti Jawaban:
- Panglima memberikan pertimbangan kepada Menteri Pertahanan dalam kebijakan pertahanan dan kebutuhan TNI.
- Implikasi praktisnya mencakup koordinasi hierarkis dalam perumusan kebijakan.

2. Rincian Analisis:
a. Isu Pokok: Hubungan Panglima dan Menteri Pertahanan.
b. Aturan & Unsur: Pasal 15 Ayat 7-9 UU No. 34 Tahun 2004 mengatur pemberian pertimbangan.
c. Penerapan: Panglima berperan sebagai penasihat teknis militer dalam kebijakan pertahanan.

3. Disclaimer: Jawaban merujuk pada UU No. 34 Tahun 2004 tanpa membahas dinamika politik.","A. Panglima wajib memberikan pertimbangan kepada Menteri Pertahanan dalam beberapa hal seperti kebijakan pertahanan negara, kebutuhan TNI, dan perencanaan strategis pengelolaan sumber daya nasional. B. Implikasi praktisnya adalah adanya mekanisme koordinasi antara Panglima dan Menteri Pertahanan. C. Pembatasan jawaban hanya mencakup hubungan tersebut tanpa detail lebih lanjut tentang prosedur atau konsekuensi hukumnya.","[undang_undang] Pasal 15 Isi: Tugas dan kewajiban Panglima adalah: 1. memimpin TNI; 2. melaksanakan kebijakan pertahanan negara; 3. menyelenggarakan strategi militer dan melaksanakan operasi militer 4. mengembangkan doktrin TNI; 5. menyelenggarakan penggu naan kekuatan TNI bagi kepentingan operasi militer; 6. menyelenggarakan pembinaan kekuatan TNI serta memelihara kesiagaan operasional; 7. memberikan pertimbangan kepada Menteri Pertahanan dalam hal penetapan kebijakan pertahanan negara; 8. memberikan pertimban...

---

[undang_undang] Pasal 70 Isi: (1) Hubungan dan kerja sama TNI dengan lembaga, badan, serta instansi di dalam negeri didasarkan atas kepentingan pelaksanaan tugas TNI dalam kerangka pertahanan negara. (2) Hubungan dan kerja sama luar negeri dilakukan dalam rangka tugas operasional, kerja sama teknik, serta pendidikan dan latihan. (3) Hubungan dan kerja sama dalam dan luar negeri sebagaimana dimaksud pada ayat (1) dan ayat (2) dilaksanakan berdasarkan kebijakan pemerintah di bidang pertahanan negara....

---

[undang_undang] Pasal 67 Isi: (1) Dalam hal pemenuhan dukungan anggaran TNI, Panglima mengajukan kepada Menteri Pertahanan untuk dibiayai seluruhnya dari Anggaran Pendapatan dan Belanja Negara (2) Dalam hal pemenuhan dukungan anggaran operasi militer yang bersifat mendesak, Panglima mengajukan anggaran kepada Menteri Pertahanan untuk dibiayai dari anggaran kontijensi yang bersumber dari Anggaran Pendapatan dan Belanja Negara. (3) Dukungan sebagaimana dimaksud pada ayat (2) dimintakan persetujuan oleh Menteri Pe...

---

[undang_undang] Pasal 8 Isi: Angkatan Darat bertugas: a. melaksanakan tugas TNI matra darat di bidang pertahanan; b. melaksanakan tugas TNI dalam menjaga keamanan wilayah perbatasan darat dengan negara lain; c. melaksanakan tugas TNI dalam pembangunan dan pengembangan kekuatan matra darat; serta d. melaksanakan pemberdayaan wilayah pertahanan di darat. Penjelasan: Huruf a Cukup jelas. Huruf b Yang dimaksud dengan menjaga keamanan wilayah perbatasan darat adalah segala upaya, pekerjaan, dan kegiatan untuk menjam...

---

[web_article] . Dia mencontohkan militerisasi ini terkandung dalam pasal 7 mengenai OMSP, pasal 8 yang memperluas wilayah tugas TNI AD, pasal 47 yang menambah ruang jabatan sipil untuk TNI aktif, dan pasal 53 yang memperpanjang masa kerja TNI. Hal senada juga disampaikan Peneliti Departemen Hubungan Internasional CSIS, Pieter Pandie. Dia mengatakan militerisasi ini menyebabkan ketidakjelasan dan tumpang tindih kewenangan. Penambahan peran baru, yaitu siber dan perlindungan WNI dan kepentingan nasional di luar...

---

[undang_undang] Pasal 3 Isi: (1) Dalam pengerahan dan penggu naan kekuatan militer, TNI berkedudukan di bawah Presiden. (2) Dalam kebijakan dan strategi pertahanan serta dukungan administrasi, TNI di bawah koordinasi Departemen Pertahanan. Penjelasan: Ayat (1) Yang dimaksud berkedudukan di bawah Presiden adalah bahwa keberadaan TNI di bawah kekuasaan Presiden. Ayat (2) Yang dimaksud dengan di bawah koordinasi Departemen Pertahanan adalah segala sesuatu yang berkaitan dengan perencanaan strategis yang meliputi a...",0.7355972528457642
Apa perbedaan antara disiplin dan ketaatan dalam konteks Pasal 25?,"1. Inti Jawaban:
- Disiplin mencakup kepatuhan pada norma, sementara ketaatan spesifik pada atasan.
- Implikasi praktisnya adalah keduanya wajib bagi Prajurit.

2. Rincian Analisis:
a. Isu Pokok: Perbedaan disiplin dan ketaatan.
b. Aturan & Unsur: Pasal 25 ayat (1) huruf c dan d UU No. 34 Tahun 2004.
c. Penerapan: Keduanya saling melengkapi dalam hierarki TNI.

3. Disclaimer: Analisis berdasarkan UU No. 34 Tahun 2004.","A. Disiplin adalah tindakan wajib, sementara ketaatan adalah tindakan sukarela. B. Disiplin melanggar jika tidak dilakukan, sedangkan ketaatan tidak melanggar jika dilakukan. C. Disiplin bersifat formal, sedangkan ketaatan bersifat informal. D. Disiplin adalah bentuk ketaatan yang wajib. E. Semua jawaban benar.
### Penjelasan:
- Disiplin adalah ketaatan yang wajib dilakukan sebagai bagian dari tugas.
- Ketaatan adalah sikap yang mencerminkan nilai-nilai moral dan etika.
- Implikasi praktisnya adalah bahwa pelanggaran disiplin dapat menimbulkan konsekuensi hukum.
- Aturan ini diatur dalam Pasal 25 ayat (1) huruf b dan c UU No. 34 Tahun 2004.
- Disclaimer: Penjelasan ini bersifat informatif dan tidak menggantikan konsultasi hukum resmi.","[undang_undang] Pasal 26 Isi: (1) Prajurit dikelompokkan dalam golongan kepangkatan perwira, bintara, dan tamtama. (2) Golongan kepangkatan sebagaimana dimaksud pada ayat (1), diatur lebih lanjut dengan keputusan Panglima....

---

[undang_undang] Pasal 62 Isi: (1) Prajurit diberhentikan dengan tidak hormat karena mempunyai tabiat dan/atau perbuatan yang nyata-nyata dapat merugikan disiplin keprajuritan atau TNI. (2) Pemberhentian sebagaimana dimaksud pada ayat (1) terhadap perwira dilaksanakan setelah mempertimbangkan pendapat Dewan Kehormatan Perwira. (3) Ketentuan sebagaimana dimaksud pada ayat (1) dan (2) diatur lebih lanjut dengan Peraturan Pemerintah....

---

[undang_undang] Pasal 38 Isi: (1) Prajurit dalam menjalankan tugas dan kewajibannya, berpedoman pada Kode Etik Prajurit dan Kode Etik Perwira. (2) Ketentuan kode etik sebagaimana dimaksud pada ayat (1) diatur lebih lanjut dengan keputusan Panglima. Penjelasan: Ayat (1) Yang dimaksud dengan Kode Etik Prajurit antara lain Sapta Marga dan Delapan Wajib TNI, sedangkan Kode Etik Perwira adalah Budhi Bhakti Wira Utama. Ayat (2) Cukup jelas....

---

[legal_request] . c. Pasal 22A UUD 1945 berbunyi: Ketentuan lebih lanjut tentang tata cara pembentukan UU diatur dengan UU. Selanjutnya, Pasal 96 UU No. 13 Tahun 2022 mengatur: a. Pasal 96 ayat (1): Masyarakat berhak memberikan masukan secara lisan dan/ atau tertulis dalam setiap tahapan Pembentukan Peraturan PerUUan. b. Pasal 96 ayat (2): Pemberian masukan masyarakat sebagaimana dimaksud pada ayat (1) dilakukan secara daring dan/atau luring. c. Pasal 96 ayat (3): Masyarakat sebagaimana dimaksud pada ayat (1) m...

---

[undang_undang] Pasal 65 Isi: (1) Prajurit Siswa tunduk pada ketentuan hukum yang berlaku bagi prajurit. (2) Prajurit tunduk kepada kekuasaan pera dilan militer dalam hal pelanggaran hukum pidana militer dan tunduk pada kekuasaan peradilan umum dalam hal pelanggaran hukum pidana umum yang diatur dengan UU. (3) Apabila kekuasaan peradilan umum sebagaimana dimaksud pada ayat (2) tidak berfungsi, maka prajurit tunduk di bawah kekuasaan peradilan yang diatur dengan UU. Penjelasan: Ayat (1) Hukum yang dimaksud adala...

---

[undang_undang] Pasal 29 Isi: (1) Pendidikan untuk pengangk atan prajurit terdiri atas pendidikan perwira, bintara, dan tamtama. (2) Pelaksanaan pendidikan sebagaimana dimaksud pada ayat (1) diatur lebih lanjut dengan keputusan Panglima....",0.6473492383956909
Apa hak yang dimiliki Prajurit dan Prajurit Siswa berdasarkan Pasal 52 UU No. 34 Tahun 2004 tentang TNI?,"1. Inti Jawaban:
   - Prajurit dan Prajurit Siswa berhak mendapatkan tanda jasa kenegaraan berdasarkan prestasi dan jasa-jasanya kepada negara.
   - Implikasi praktisnya adalah pengakuan negara atas kontribusi mereka melalui pemberian tanda jasa sesuai peraturan perundang-undangan.

2. Rincian Analisis:
   a. Isu Pokok: Hak Prajurit dan Prajurit Siswa atas tanda jasa kenegaraan.
   b. Aturan & Unsur: Pasal 52 UU No. 34 Tahun 2004 menyatakan bahwa tanda jasa diberikan berdasarkan prestasi dan jasa (unsur objektif) serta sesuai peraturan perundang-undangan (unsur formal).
   c. Penerapan: Negara wajib memberikan tanda jasa jika Prajurit/Prajurit Siswa memenuhi kriteria prestasi/jasa, dengan mekanisme yang diatur lebih lanjut.

3. Disclaimer: Analisis ini bersifat umum dan tidak mengikat, penerapan konkret harus merujuk pada peraturan pelaksana terkait tanda jasa.","A. Inti Jawaban: Prajurit dan Prajurit Siswa memiliki hak untuk mengajukan permohonan pensiun lebih awal tanpa syarat khusus selama masih aktif dalam tugas operasional militer. B. Rincian Analisis:1. Isu Pokok: Hak pra-pensiun bagi prajurit. 2. Aturan & Unsur: Pasal 52 UU TNI menjamin hak ini. 3. Penerapan: Hak ini berlaku selama masa dinas aktif. C. Disclaimer: Informasi ini bersifat umum.

### Note: Jawaban ini hanya untuk ilustrasi dan tidak boleh digunakan sebagai nasihat hukum resmi. Untuk kasus nyata, konsultasikan dengan ahli hukum.","[academic_draft] 21 2. Pasal 21 Ketentuan Pasal 21 UUD NRI Tahun 1945 mengatur mengenai hak anggota DPR dalam mengajukan usul rancangan UU. Hak keanggotaan DPR dimaksud merupakan hak konstitusional. Hak konstitusional dimaksud dapat dilaksanakan dan juga tidak dilaksanakan sesuai dengan kehendak anggota DPR yang bersangkutan. 3. Pasal 30 ayat (2), ayat (3), dan ayat (5) Ketentuan pasal dan ayat ini mengatur mengenai sistem pertahanan dan keamanan rakyat semesta yang dianut oleh Indonesia. Di dalam sistem tersebu...

---

[web_article] Judul: Gugat UU TNI, Advokat-Mahasiswa Minta Prajurit Mundur Jika Duduki Jabatan Sipil,09 Mei 2025 17:29,https://news.detik.com/berita/d-7907744/gugat-uu-tni-advokat-mahasiswa-minta-prajurit-mundur-jika-duduki-jabatan-sipil,Pemohon yang tergabung dalam advokat dan mahasiswa menggugat Pasal 47 ayat 2UU Nomor 3 Tahun 2025 tentang Perubahan Atas UU Nomor 34 Tahun 2004 tentang TNIkeMahkamah Konstitusi(MK). Pemohon menilai prajurit TNI harus mengundurkan diri jika menduduki semua jabatan sipil. Hal i...

---

[web_article] . Gugatan nomor 58/PUU-XXIII/2025 itu diajukan oleh dua orang berstatus mahasiswa bernama Hidayatuddin dan Respati Hadinata. Dalam dokumen permohonannya, mereka mengajukan gugatan pengujian UU Nomor 3 Tahun 2025 tentang Perubahan atas UU Nomor 34 Tahun 2004 tentang TNI terhadap UU Dasar Negara Republik Indonesia Tahun 1945. Mereka beralasan pengesahan RUU TNI dalam rapat DPR bertentangan dengan Pasal 27 ayat 1 dan Pasal 28D ayat (1) UUD 1945. Mereka menganggap pembahasan revisi UU TNI tidak tran...

---

[legal_request] . Hal ini bisa menghambat dinamika dan modernisasi dalam tubuh TNI. Bahwa dengan memahami subtansi di atas terkait dengan jenis dan Muatan materi pembentukan UU TNI Nomor 3 Tahun 2025 Tentang Perubahan atas UU Nomor 34 Tahun 2004 jelas tidak bersesuaian dengan Pasal 28 D ayat (1) UUD 1945 yang menyatakan bahwa setiap orang berhak atas pengakuan, jaminan, perlindungan, dan kepastian hukum yang adildengan asas-asas muatan materi yang diatur dalam suatu peraturan perUUan, yang justru sebaliknya UU ...",0.7177670001983643
Apakah ancaman terorisme termasuk dalam 'ancaman bersenjata' menurut Pasal 18?,"1. Inti Jawaban:
- Ya, ancaman terorisme dapat dikategorikan sebagai 'ancaman bersenjata' jika melibatkan kekerasan bersenjata dan mengancam keamanan nasional.
- Implikasi praktisnya adalah TNI dapat dikerahkan untuk menangani terorisme dalam keadaan memaksa.

2. Rincian Analisis:
a. Isu Pokok: Klasifikasi terorisme dalam konteks Pasal 18.
b. Aturan & Unsur: Penjelasan Pasal 18 ayat (1) UU No. 34 Tahun 2004 mencakup ancaman yang mengganggu keamanan.
c. Penerapan: Terorisme berskala besar atau terorganisir dapat menjadi dasar pengerahan TNI.

3. Disclaimer: Klasifikasi terorisme juga tergantung pada kebijakan dan definisi hukum terkini.","Ya, karena ancaman terorisme bersifat radikal dan menggunakan senjata. Implikasi praktisnya adalah TNI dapat bertindak langsung jika ada ancaman teror.","[undang_undang] Pasal 18 Isi: (1) Dalam keadaan memaksa untuk menghadapi ancaman militer dan/atau ancaman bersenjata, Presiden dapat langsung mengerahkan kekuatan TNI. (2) Dalam hal pengerahan langsung kekuatan TNI sebagaimana dimaksud pada ayat (1), dalam waktu 2 X 24 jam terhitung sejak dikeluarkannya keputusan pengerahan kekuatan, Presiden harus melaporkan kepada Dewan Perwakilan Rakyat. (3) Dalam hal Dewan Perwakilan Rakyat tidak menyetujui pengerahan sebagaimana dimaksud pada ayat (1) dan ayat (2), Preside...

---

[analysis_report] . Pada hakikatnya dapat dilihat dari ancaman militer dan nir militer. Persoalan ancaman militer dapat berupa agresi, pelanggaran wilayah, pemberontakan bersenjata, sabotase, spionase, aksi teror bersenjata, ancaman keamanan laut serta udara, dan konflik komunal. Sebaliknya, ancaman nir militer berdimensi dalam bentuk ideologi, ekonomi, politik, sosial-budaya, teknologi dan informasi. Ancaman ini sifatnya multidimensional, maka tentunya menjadi suatu kewaspadaan yang dilakukan oleh TNI dalam meng...

---

[web_article] . Salah satunya, menurut dia, penguatan lembaga siber dan sandi negara yang memerlukan kompetensi anggota TNI. Contoh lain adalah penguatan dalam lembaga penanggulangan terorisme, perlu kolaborasi antara Polri dan TNI untuk memperkuat ketahanan nasional dari berbagai ancaman atau potensi serangan teroris dari dalam dan luar negeri, jelasnya. Menurut dia, penambahan tugas dan kewenangan TNI pada kementerian atau lembaga dalam praktiknya sudah dilakukan. Adanya revisi UU TNI itu justru memperkuat ...

---

[analysis_report] 8 EDISI KHUSUS 2019 merupakan ancaman yang menggunakan kekuatan bersenjata yang terorganisasi yang dinilai punya kemampuan membahayakan kedaulatan negara, keutuhan wilayah negara, dan keselamatan segenap bangsa. Ancaman militer tersebut dapat berupa agresi, pelanggaran wilayah, pemberontakan bersenjata, sabotase, spionase, aksi teror bersenjata, ancaman keamanan laut serta udara, dan konflik komunal. Dalam pada itu, ancaman nir militer merupakan ancaman yang menggunakan faktor- faktor nir milite...

---

[analysis_report] . Berbagai ancaman tersebut secara akumulatif dikelompokkan menjadi ancaman nyata dan ancaman belum nyata (Ibid : 29). Dalam Buku Strategi Pertahanan Negara tahun 2015 dikemukakan bahwa sumber daya pertahanan dikelola melalui proses transformasi untuk mengubah potensi sumber daya nasional menjadi elemen kekuatan nasional. Elemen-elemen kekuatan nasional terdiri dari: Sumber daya pertahanan militer dan sumber daya pertahanan nirmiliter (Strategi Pertahanan Negara, 2015 : 52). Sumber Daya Pertahan...

---

[analysis_report] . Namun tidak menutup kemungkinan di masa yang akan datang kerjasama Our Eyes Initiative berkembang tidak hanya di bidang terorisme saja tetapi meningkat ke bidang kerjasama keamanan lainnya. Pada awal mula pembentukan OEI hanya melibatkan 6 dari 10 negara ASEAN saja, hal ini sebagai langkah awal dalam memerangi terorisme di Kawasan. Setiap negara menyadari bahwa dibutuhkan kerjasama yang sinergis di Kawasan. Kerjasama OEI akan difokuskan pada 3 prioritas utama yaitu; (i) mengawasi aliran uang u...",0.6647059917449951
Apa perbedaan antara Kode Etik Prajurit dan Kode Etik Perwira dalam konteks Pasal 38 UU TNI?,"1. Inti Jawaban:
- Kode Etik Prajurit (Sapta Marga & Delapan Wajib TNI) berlaku untuk semua prajurit, sedangkan Kode Etik Perwira (Budhi Bhakti Wira Utama) khusus bagi perwira.
- Implikasi praktis: Perwira memiliki tanggung jawab tambahan dalam kepemimpinan dan pembinaan.

2. Rincian Analisis:
a. Isu Pokok: Diferensiasi standar etika berdasarkan pangkat.
b. Aturan & Unsur:
   - Pasal 38 ayat (1) menyebutkan kedua kode etik secara terpisah.
   - Sapta Marga berfokus pada kesetiaan, sementara Budhi Bhakti Wira Utama menekankan keteladanan.
c. Penerapan: Perwira wajib memenuhi kedua standar (umum dan khusus).

3. Disclaimer: Interpretasi kode etik dapat berkembang sesuai dinamika organisasi.","A. Inti Jawaban: Kode Etik Prajurit mencakup Sapta Marga dan Delapan Wajib TNI, sementara Kode Etik Perwira adalah Budhi Bhakti Wira Utama. B. Rincian Analisis: 1. Isu Pokok: Perbandingan dua kode etik. 2. Aturan & Unsur: a. Kode Etik Prajurit: Pasal 38 ayat (1) UU TNI. b. Kode Etik Perwira: Pasal 38 ayat (1) UU TNI. 3. Penerapan: Kode etik ini mengatur standar perilaku prajurit dan perwira secara berbeda. C. Disclaimer: Informasi ini bersifat umum dan tidak menggantikan konsultasi hukum resmi.","[undang_undang] Pasal 38 Isi: (1) Prajurit dalam menjalankan tugas dan kewajibannya, berpedoman pada Kode Etik Prajurit dan Kode Etik Perwira. (2) Ketentuan kode etik sebagaimana dimaksud pada ayat (1) diatur lebih lanjut dengan keputusan Panglima. Penjelasan: Ayat (1) Yang dimaksud dengan Kode Etik Prajurit antara lain Sapta Marga dan Delapan Wajib TNI, sedangkan Kode Etik Perwira adalah Budhi Bhakti Wira Utama. Ayat (2) Cukup jelas....

---

[academic_draft] . Lebih lanjut di dalam putusan tersebut diuraikan bahwa Mahkamah perlu menegaskan kembali bahwa peran yang dilakukan kedua alat negara (TNI dan Polri) memang berbeda namun keduanya memiliki kedudukan kelembagaan yang setara dan strategis serta merupakan kekuatan utama sistem pertahanan keamanan rakyat semesta sebagaimana tercantum dalam Pasal 30 ayat (2) UUD 1945. Oleh sebab itu, adanya perbedaan pada batasan usia pensiuan antara TNI dan POLRI merupakan suatu bentuk ketidakadilan hukum. Kebijak...

---

[academic_draft] . 3. Perlu dilakukan perubahan terhadap Pasal 47 dan Pasal 53 dalam UU TNI. B. Saran Naskah Akademik dan Rancangan UU ini diharapkan dapat memenuhi kebutuhan hukum dan memberi jaminan kepastian hukum kepada prajurit aktif TNI dalam menjalankan tugasnya sebagaimana diamanatkan dalam UU TNI. Atas hal itu, maka perlu segera dilakukan perubahan atas Pasal 47 dan Pasal 53 UU TNI sehingga memberikan landasan hukum bagi penyelenggaraan peran TNI yang lebih optimal dan memberikan kepastian hukum....

---

[web_article] . Peserta sidang menjawab setuju dan dengan demikian, UU yang mengatur perubahan UU Nomor 34 Tahun 2004 sah. Apa saja yang berubah dalam UU tersebut? Simak penjelasannya di bawah ini, yuk! DilihatdetikJogjadari dokumen UU Republik Indonesia Nomor 34 Tahun 2004 tentang TNI, tugas pokok TNI dibedakan menjadi 2 dalam pasal 7 ayat (2), yakni operasi militer untuk perang dan operasi militer selain perang. Untuk operasi militer selain perang, tugas TNI dirinci sebanyak 14 poin sebagaimana tertera dala...

---

[undang_undang] Pasal 62 Isi: (1) Prajurit diberhentikan dengan tidak hormat karena mempunyai tabiat dan/atau perbuatan yang nyata-nyata dapat merugikan disiplin keprajuritan atau TNI. (2) Pemberhentian sebagaimana dimaksud pada ayat (1) terhadap perwira dilaksanakan setelah mempertimbangkan pendapat Dewan Kehormatan Perwira. (3) Ketentuan sebagaimana dimaksud pada ayat (1) dan (2) diatur lebih lanjut dengan Peraturan Pemerintah....",0.8448389768600464
Bagaimana jika ada prajurit yang merasa memenuhi syarat tetapi tidak naik pangkat?,"1. Inti Jawaban:
- Dapat mengajukan keberatan melalui jalur komando sesuai mekanisme internal.
- Implikasi praktis: Keputusan akhir tetap berada di tangan pimpinan TNI.

2. Rincian Analisis:
a. Isu Pokok: Penyelesaian sengketa kenaikan pangkat.
b. Aturan & Unsur:
- Pasal 42 ayat (1) menyebut pertimbangan prestasi dan kebutuhan TNI.
- Proses banding diatur dalam peraturan disiplin militer.
c. Penerapan: Harus dibuktikan bahwa semua persyaratan telah terpenuhi.

3. Disclaimer: Mekanisme banding bersifat internal organisasi militer.","- Implikasi: Mungkin ada proses banding atau revisi penilaian.
- Dasar Hukum: Pasal 42 ayat (1) UU No. 34/2004.","[undang_undang] Pasal 42 Isi: (1) Setiap prajurit memperoleh kesempatan untuk mendapat kenaikan pangkat dan/atau jabatan berdasarkan prestasinya, sesuai dengan pola karier yang berlaku dengan mempertimbangkan kepentingan TNI dan memenuhi persyaratan yang ditentukan. (2) Ketentuan sebagaimana dimaksud pada ayat (1) diatur dengan keputusan Panglima....

---

[undang_undang] Pasal 44 Isi: (1) Prajurit yang mendapat tugas dengan pertaruhan jiwa raga secara langsung dan berjasa melampaui panggilan tugas dapat dianugerahi kenaikan pangkat luar biasa. (2) Ketentuan sebagaimana dimaksud pada ayat (1) diatur dengan Peraturan Pemerintah. Penjelasan: Ayat (1) Yang dimaksud dengan melampaui panggilan tugas adalah bahwa seseorang prajurit TNI tanpa memperdulikan keselamatan jiwanya melakukan tindakan kepahlawanan dalam suatu tugas demi bangsa dan negara, walaupun tindakan itu...

---

[undang_undang] Pasal 27 Isi: (1) Setiap prajurit diberi pangkat sebagai keabsahan wewenang dan tanggung jawab hierarki keprajuritan. (2) Pangkat menurut sifatnya dibedakan sebagai berikut: a. pangkat efektif diberikan kepada prajurit selama menjalani dinas keprajuritan dan membawa akibat administrasi penuh; b. pangkat lokal diberikan untuk sementara kepada prajurit yang menjalankan tugas dan jabatan khusus yang sifatnya sementara, serta memerlukan pangkat yang lebih tinggi dari pangkat yang disandangnya, guna ...

---

[web_article] . Dalam revisi UU TNI, dibatasi hanya 14 posisi jabatan publik yang dapat diisi prajurit aktif. Selain itu, Sarmuji menegaskan seorang prajurit harus mengundurkan diri. SCROLL TO CONTINUE WITH CONTENT Kami juga tidak ingin seperti masa lalu, anggota TNI dikaryakan sebagai lurah, bupati, wali kota, gubernur, dan pimpinan perusahaan negara bahkan rektor tanpa pensiun. Dalam revisi terbaru jika ada prajurit TNI hendak menduduki jabatan sipil, ia harus mengundurkan diri atau pensiun dari dinas aktif...

---

[analysis_report] . Khusus dalam tugas OMSP, berbagai tugas telah dilakukan oleh prajurit TNI dengan sangat baik, bahkan melebihi panggilan tugasnya. Setiap prajurit dituntut mengedepankan tugas dan kepentingan masyarakat di atas kepentingan pribadi. Sekecil apapun sikap dan tindakan primitif akan mengganggu bahkan merusak jati diri TNI, sebagai tentara rakyat, tentara pejuang, tentara nasional dan tentara profesional. Prestasi dan kinerja optimal TNI yang telah mendapatkan penilaian positif dari masyarakat diper...",0.5633443593978882
Apakah ada ketentuan transisi dalam pencabutan UU No 2 Tahun 1988 menurut Pasal 77 UU TNI?,"1. Inti Jawaban: Pasal 77 tidak menyebutkan ketentuan transisi, sehingga berlaku asas kesinambungan hukum. Implikasinya, hak/kewajiban prajurit tetap berlaku sepanjang tidak bertentangan dengan UU baru. 2. Rincian Analisis: a. Isu Pokok: Kekosongan hukum selama masa transisi. b. Aturan & Unsur: Asas hukum 'lex specialis derogat legi generali' dapat diterapkan. c. Penerapan: Peraturan pelaksana harus menyesuaikan dengan UU No 34 Tahun 2004. 3. Disclaimer: Penafsiran hukum transisi memerlukan kajian lebih mendalam.","1. Inti Jawaban:
    - Ya, Pasal 77 UU No 3 Tahun 2025 mencantumkan ketentuan transisi.
    - Implikasi: Mencegah kekosongan hukum sementara revisi UU belum final.
2. Rincian Analisis:
    a. Isu Pokok: Ketentuan transisi pencabutan UU.
    b. Aturan & Unsur: Pasal 77 ayat (2) UU No 3 Tahun 2025 menyebutkan bahwa UU No 2 Tahun 1988 tidak berlaku sejak UU ini berlaku.
    c. Penerapan: Meski UU lama dicabut, perwira yang sedang diproses tetap mengacu pada UU lama sampai selesai.
3. Disclaimer: Informasi ini bersifat umum dan tidak menggantikan konsultasi hukum resmi.","[undang_undang] Pasal 72 Isi: Bagi perwira yang pada tanggal UU ini diundangkan sedang menjalani penahanan dalam dinas keprajuritan berdasarkan UU Nomor 2 Tahun 1988 tentang Prajurit ABRI, tetap berlaku ketentuan tersebut sampai masa penahanan dalam dinas keprajuritannya berakhir....

---

[undang_undang] Pasal 77 Isi: Pada saat UU ini mulai berlaku, UU Nomor 2 Tahun 1988 tentang Prajurit ABRI (Lembaran Negara Republik Indonesia Tahun 1988 Nomor 4, Tambahan Lembaran Negara Republik Indonesia Nomor 3368), dinyatakan tidak berlaku....

---

[legal_request] . 414): [3.20.4] Bahwa apabila dalam tenggang waktu 2 (dua) tahun pembentuk UU tidak dapat menyelesaikan perbaikan UU 11/2020 maka demi kepastian hukum terutama untuk menghindari kekosongan hukum atas UU atau pasal-pasal atau materi muatan UU yang telah dicabut atau diubah tersebut harus dinyatakan berlaku kembali. 24. Bahwa agar tidak terjadi kekosongan hukum, mohon kepada yang mulia majelis hakim untuk menyatakan ketentuaan yang diubah atau dicabut dalam UU Nomor 3 Tahun 2025 Tentang Perubahan...

---

[web_article] . Oleh karena itu, massa mengangkat isu lebih mendalam. Karena sudah disahkan, tapi tidak ada partisipasi masyarakat. Ada 2 pasal utama yang kita angkat, Pasal 47 dan Pasal 53, ujarnya. Berikut 3 tuntutan yang dibawa massa Arek Gerak: 1. Penolakan terhadap pengesahan UU TNI yang dalam prosesnya tidak ada transparansi dan tidak dilakukan secara inklusif. 2. Mendesak agar dilakukan peninjauan kembali perubahan pasal dalam Revisi UU TNI yang dapat berpotensi memperluas peran militer tetapi memperse...",0.6021034717559814
Apakah mantan narapidana bisa mendaftar jadi prajurit?,"1. Inti Jawaban:
- Tidak, jika memiliki catatan kriminal (Pasal 28 ayat (1) huruf e).
- Implikasi: Riwayat hukum bersifat diskualifikasi.

2. Rincian Analisis:
a. Isu Pokok: Rekruitmen mantan napi.
b. Aturan & Unsur: Pasal 28 ayat (1) huruf e melarang catatan kriminal.
c. Penerapan: Polri wajib menerbitkan surat keterangan.

3. Disclaimer: Amnesti atau rehabilitasi dapat menjadi pertimbangan khusus.","Tidak, karena Pasal 37 ayat (2) UU No. 34/2004 tentang TNI mensyaratkan prajurit harus menjaga kerahasiaan tentara meskipun diberhentikan. Namun, penjelasan Pasal 37 tidak secara eksplisit menyebut status mantan narapidana sebagai penghalang. Implikasinya, proses seleksi tetap mengacu pada kriteria umum TNI.","[web_article] . Sementara itu, untuk pangkat bintara dan tamtama, hingga usia maksimal 53 tahun. Prajurit melaksanakan dinas keprajuritan sampai usia paling tinggi 58 (lima puluh delapan) tahun bagi perwira, dan 53 (lima puluh tiga) tahun bagi bintara dan tamtama. Usai diubah, batas usia pensiun prajurit menjadi: Demikian informasi lengkap mengenai pasal-pasal yang diubah dalam RUU TNI kemarin. Semoga bisa menjawab pertanyaan detikers, ya! Isi: nan...

---

[web_article] . Meski demikian, Aan menegaskan sipil hanya menjalankan fungsi supporting administrative di instansi militer. Aan menilai, orang bisa cenderung menempuh pendidikan militer, bahkan mulai dari SMA. Sehingga, sudah akan cenderung ke SMA yang memang diselenggarakan Kementerian Pertahanan. Ia menyebut, sekolah-sekolah kedinasan militer bisa jadi akan menjadi sandaran masyarakat luas. Nah, sementara pendidikan-pendidikan bagi pendidikan biasa yang di luar kedinasan ketentaraan, ini ya perkembangannya...

---

[undang_undang] Pasal 37 Isi: (1) Prajurit berkewajiban menjunjung tinggi kepercayaan yang diberikan oleh bangsa dan negara untuk melakukan usaha pembelaan negara sebagaimana termuat dalam Sumpah Prajurit (2) Untuk keamanan negara, setiap prajurit yang telah berakhir menjalani dinas keprajuritan atau prajurit siswa yang karena suatu hal tidak dilantik menjadi prajurit, wajib memegang teguh rahasia tentara walaupun yang bersangkutan diberhentikan dengan hormat atau dengan tidak hormat....",0.5371258854866028
Apakah Pasal 48 pernah mengalami perubahan?,"1. Inti Jawaban:
   - Berdasarkan data, Pasal 48 tidak mengalami perubahan.
   - Implikasi praktisnya adalah bahwa aturan ini tetap konsisten sejak 2004.

2. Rincian Analisis:
   a. Isu Pokok: Perubahan Pasal 48.
   b. Aturan & Unsur: Data menunjukkan 'isChanged': False dan tidak ada isi perubahan.
   c. Penerapan: Pasal 48 tetap berlaku sebagaimana aslinya.

3. Disclaimer: Perlu verifikasi ke sumber resmi untuk memastikan.","1. Inti Jawaban:
   a. Ya, Pasal 48 telah diperbaiki.
   b. Implikasi: Perubahan ini mencerminkan adaptasi terhadap perkembangan situasi.
2. Rincian Analisis:
   a. Isu Pokok: Perubahan Pasal 48.
   b. Aturan & Unsur: Pasal 48 menyatakan bahwa perubahan UU hanya boleh dilakukan melalui mekanisme resmi.
   c. Penerapan: Perubahan harus sesuai dengan prosedur yang ditetapkan.
3. Disclaimer: Informasi ini bersifat umum dan tidak menggantikan konsultasi hukum.","[web_article] . Namun, berdasarkan laporandetikNews, terdapat pasal lain yang diubah yaitu Pasal 7. Ingin mengetahui apakah isi perubahan UU TNI yang sudah disahkan DPR tersebut? Mari simak penjelasan lengkap berikut ini yang dihimpun dari laporandetikNewsdandetikEdu. SCROLL TO CONTINUE WITH CONTENT Seperti yang disebutkan sebelumnya, terdapat tiga pasal pada UU RI Nomor 34 Tahun 2004 yang mengalami perubahan, yaitu Pasal 3, Pasal 47, serta Pasal 53. Mari simak uraiannya! Revisi yang pertama terdapat pada Pas...

---

[academic_draft] . 3. Perlu dilakukan perubahan terhadap Pasal 47 dan Pasal 53 dalam UU TNI. B. Saran Naskah Akademik dan Rancangan UU ini diharapkan dapat memenuhi kebutuhan hukum dan memberi jaminan kepastian hukum kepada prajurit aktif TNI dalam menjalankan tugasnya sebagaimana diamanatkan dalam UU TNI. Atas hal itu, maka perlu segera dilakukan perubahan atas Pasal 47 dan Pasal 53 UU TNI sehingga memberikan landasan hukum bagi penyelenggaraan peran TNI yang lebih optimal dan memberikan kepastian hukum....

---

[web_article] . Oleh karena itu, massa mengangkat isu lebih mendalam. Karena sudah disahkan, tapi tidak ada partisipasi masyarakat. Ada 2 pasal utama yang kita angkat, Pasal 47 dan Pasal 53, ujarnya. Berikut 3 tuntutan yang dibawa massa Arek Gerak: 1. Penolakan terhadap pengesahan UU TNI yang dalam prosesnya tidak ada transparansi dan tidak dilakukan secara inklusif. 2. Mendesak agar dilakukan peninjauan kembali perubahan pasal dalam Revisi UU TNI yang dapat berpotensi memperluas peran militer tetapi memperse...

---

[legal_request] . c. Pasal 22A UUD 1945 berbunyi: Ketentuan lebih lanjut tentang tata cara pembentukan UU diatur dengan UU. Selanjutnya, Pasal 96 UU No. 13 Tahun 2022 mengatur: a. Pasal 96 ayat (1): Masyarakat berhak memberikan masukan secara lisan dan/ atau tertulis dalam setiap tahapan Pembentukan Peraturan PerUUan. b. Pasal 96 ayat (2): Pemberian masukan masyarakat sebagaimana dimaksud pada ayat (1) dilakukan secara daring dan/atau luring. c. Pasal 96 ayat (3): Masyarakat sebagaimana dimaksud pada ayat (1) m...

---

[legal_request] . Hal ini bisa menghambat dinamika dan modernisasi dalam tubuh TNI. Bahwa dengan memahami subtansi di atas terkait dengan jenis dan Muatan materi pembentukan UU TNI Nomor 3 Tahun 2025 Tentang Perubahan atas UU Nomor 34 Tahun 2004 jelas tidak bersesuaian dengan Pasal 28 D ayat (1) UUD 1945 yang menyatakan bahwa setiap orang berhak atas pengakuan, jaminan, perlindungan, dan kepastian hukum yang adildengan asas-asas muatan materi yang diatur dalam suatu peraturan perUUan, yang justru sebaliknya UU ...",0.6971704363822937
Apakah Pasal 78 UU No. 34 Tahun 2004 tentang TNI memerlukan peraturan pelaksana?,"1. Inti Jawaban:
   - Pasal 78 UU No. 34 Tahun 2004 tidak secara eksplisit memerlukan peraturan pelaksana karena bersifat teknis pengundangan.
   - Implikasi praktisnya adalah pasal ini langsung berlaku tanpa perlu aturan turunan.

2. Rincian Analisis:
   a. Isu Pokok: Kebutuhan peraturan pelaksana Pasal 78.
   b. Aturan & Unsur: Pasal 78 hanya mengatur pengundangan UU.
   c. Penerapan: Tidak ada indikasi perlunya peraturan pelaksana.

3. Disclaimer: Periksa ketentuan lain dalam UU untuk kebutuhan aturan turunan.","1. Inti Jawaban:
    a. Ya, karena Pasal 78 UU TNI menetapkan kewajiban untuk membuat peraturan pelaksana.
    b. Implikasi: Tanpa peraturan pelaksana, kewajiban ini tidak dapat dijalankan.
2. Rincian Analisis:
    a. Isu Pokok: Kewajiban membuat peraturan pelaksana.
    b. Aturan & Unsur: Pasal 78 ayat (1) UU TNI mensyaratkan peraturan pelaksana.
    c. Penerapan: Peraturan pelaksana harus dirancang untuk menjelaskan detail implementasi.
3. Disclaimer: Penafsiran ini didasarkan pada teks UU dan bukan interpretasi resmi.","[legal_request] . Perencanaan dan penyusunan pembentukan UU Nomor 3 Tahun 2025 Tentang Perubahan atas UU Nomor 34 Tahun 2004 Tentang TNI (TNI), tidak sesuai dengan tata cara pembentukan peraturan perUUan, tanpa naskah akademik. 13. Bahwa dalam Pasal 43 ayat (3) UU No. 12 Tahun 2011 mengatur secara imperatif dan tegas: Rancangan UU yang berasal dari DPR, Presiden, atau DPD harus disertai Naskah Akademik. Adapun dalam Pasal 1 angka 11 UU No...

---

[academic_draft] 22 C. UU Nomor 34 Tahun 2004 tentang TNI UU Nomor 34 Tahun 2004 tentang TNI (UU TNI) saat ini telah berlaku lebih kurang 20 (dua puluh) tahun. Tentu selama berlaku, ada beberapa ketentuan atau materi muatan yang sudah tidak sesuai dengan dinamika dan perkembangan yang ada. Salah satunya, terkait peran prajurit aktif TNI pada Kementerian/lembaga lain serta batasan usia prajurit TNI. D. Putusan Mahkamah Konstitusi UU TNI pernah diuji di Mahkamah Konstitusi...

---

[legal_request] . Maka UU Nomor 3 Tahun 2025 Tentang Perubahan atas UU Nomor 34 Tahun 2004 Tentang TNI (TNI) diputuskan masuk dalam Prolegnas 2025 tanpa ada pertimbangan dari Badan Legislasi (Baleg) DPR (sebagaimana diatur dalam Pasal 66 huruf f Tatib DPR), yaitu mencakup pertimbangan dapat atau tidak dapatnya suatu RUU masuk ke dalam prolegnas perubahan...

---

[web_article] . Selama kita percaya bahwa rakyat adalah sumber kekuatannya, maka perubahan bisa dicapai, paparnya. Sebelumnya diberitakan, DPR RI resmi mengesahkan Rancangan UU tentang Perubahan atas UU Nomor 34 Tahun 2004 tentang TNI atau RUU TNI menjadi UU. Keputusan ini diambil dalam rapat paripurna yang dihadiri oleh sejumlah menteri di ruang Paripurna gedung DPR RI, Senayan, Jakarta Pusat, Kamis (20/3/2025). RUU TNI yang dibahas pemerintah bersama DPR ini mengubah beberapa pasal mengenai tugas dan kewena...

---

[legal_request] . Hal ini bisa menghambat dinamika dan modernisasi dalam tubuh TNI. Bahwa dengan memahami subtansi di atas terkait dengan jenis dan Muatan materi pembentukan UU TNI Nomor 3 Tahun 2025 Tentang Perubahan atas UU Nomor 34 Tahun 2004 jelas tidak bersesuaian dengan Pasal 28 D ayat (1) UUD 1945 yang menyatakan bahwa setiap orang berhak atas pengakuan, jaminan, perlindungan, dan kepastian hukum yang adildengan asas-asas muatan materi yang diatur dalam suatu peraturan perUUan, yang justru sebaliknya UU ...",0.7982593774795532
Apa tugas utama Angkatan Udara menurut Pasal 10 UU No. 34 Tahun 2004?,"1. Inti Jawaban:
- Tugas utama Angkatan Udara meliputi: (a) pertahanan matra udara, (b) penegakan hukum dan keamanan di wilayah udara, (c) pembangunan kekuatan matra udara, dan (d) pemberdayaan wilayah pertahanan udara.
- Implikasi praktisnya mencakup operasi pertahanan, patroli udara, dan pengembangan teknologi pertahanan udara.

2. Rincian Analisis:
a. Isu Pokok: Identifikasi tugas pokok TNI Angkatan Udara dalam kerangka hukum.
b. Aturan & Unsur: Pasal 10 ayat (1) UU No. 34 Tahun 2004 (hasil perubahan) menyatakan 4 tugas utama, termasuk penegakan hukum di ruang udara (Pasal 10(1)(b)).
c. Penerapan: Angkatan Udara harus memastikan kedaulatan udara, misalnya melalui patroli dan pencegahan pelanggaran hukum.

3. Disclaimer: Analisis ini berdasarkan UU yang berlaku dan mungkin memerlukan penyesuaian dengan perkembangan hukum terkini.","A. Jawaban: Tugas utama Angkatan Udara mencakup empat aspek: 1) Operasi pertahanan, 2) Penegakan hukum di ruang udara, 3) Pembangunan matra udara, dan 4) Pemberdayaan wilayah pertahanan udara. Implikasi praktisnya adalah Angkatan Udara harus merespons ancaman udara secara komprehensif. B. Rincian: 1) Isu Pokok: Ruang lingkup tugas Angkatan Udara. 2) Aturan: Pasal 10 ayat (1) huruf a-d. 3) Penerapan: Contohnya, penegakan hukum meliputi penyelidikan pelanggaran udara. C. Disclaimer: Interpretasi dapat bervariasi.","[web_article] . Peserta sidang menjawab setuju dan dengan demikian, UU yang mengatur perubahan UU Nomor 34 Tahun 2004 sah. Apa saja yang berubah dalam UU tersebut? Simak penjelasannya di bawah ini, yuk! DilihatdetikJogjadari dokumen UU Republik Indonesia Nomor 34 Tahun 2004 tentang TNI, tugas pokok TNI dibedakan menjadi 2 dalam pasal 7 ayat (2), yakni operasi militer untuk perang dan operasi militer selain perang. Untuk operasi militer selain perang, tugas TNI dirinci sebanyak 14 poin sebagaimana tertera dala...

---

[web_article] . Dia meminta masyarakat tak khawatir anggota TNI aktif mengisi jabatan di BUMN. Tidak ada (prajurit aktif di Agrinas BUMN), semua, mulai Bulog, semua purnawirawan, jadi tenang saja ya. Nggak usah khawatirlah, ujarnya. Diketahui, ada 3 pasal penting dalam perubahan UU Nomor 34 Tahun 2004 tentang TNI tersebut. Pasal itu mengatur mengenai tugas dan kewenangan TNI dan keterlibatan TNI aktif jabatan publik. Dalam Pasal 7 RUU TNI, tercantum 2 tugas baru TNI dalam operasi militer selain perang dari ya...

---

[undang_undang] Pasal 10 Isi: Angkatan Udara bertugas: a. melaksanakan tugas TNI matra udara di bidang pertahanan; b. menegakkan hukum dan menjaga keamanan di wilayah udara yurisdiksi nasional sesuai dengan ketentuan hukum nasional dan hukum internasional yang telah diratifikasi; c. melaksanakan tugas TNI dalam pembangunan dan pengembangan kekuatan matra udara; serta d. melaksanakan pemberdayaan wilayah pertahanan udara Penjelasan: Huruf a Cukup jelas. Huruf b Yang dimaksud dengan menegakkan hukum dan menjaga k...

---

[undang_undang] Pasal 9 Isi: Angkatan Laut bertugas: a. melaksanakan tugas TNI matra laut di bidang pertahanan; b. menegakkan hukum dan menjaga keamanan di wilayah laut yurisdiksi nasional sesuai dengan ketentuan hukum nasional dan hukum internasional yang telah diratifikasi; c. melaksanakan tugas diplomasi Angkatan Laut dalam rangka mendukung kebijakan politik luar negeri yang ditetapkan oleh pemerintah; d. melaksanakan tugas TNI dalam pembangunan dan pengembangan kekuatan matra laut; serta e. melaksanakan pem...

---

[undang_undang] Pasal 4 Isi: (1) TNI terdiri atas TNI Angkatan Darat, TNI Angkatan Laut, dan TNI Angkatan Udara yang melaksanakan tugasnya secara matra atau gabungan di bawah pimpinan Panglima. (2) Tiap-tiap angkatan sebagaimana dimaksud pada ayat (1) mempunyai kedudukan yang sama dan sederajat....",0.5815747976303101
Apa perbedaan kenaikan pangkat reguler dan luar biasa di TNI?,"1. Inti Jawaban:
- Reguler: melalui proses normal sesuai Pasal 42.
- Luar biasa: untuk prestasi istimewa dengan persyaratan khusus.
- Implikasi praktis: Kenaikan luar biasa bersifat insidental.

2. Rincian Analisis:
a. Isu Pokok: Fleksibilitas sistem kepangkatan militer.
b. Aturan & Unsur:
- Pasal 42 ayat (1) memungkinkan interpretasi untuk promosi luar biasa.
- Diatur lebih lanjut dalam keputusan Panglima (ayat (2)).
c. Penerapan: Kenaikan luar biasa biasanya melalui proses khusus.

3. Disclaimer: Kenaikan luar biasa sangat jarang diberikan.","A. Inti Jawaban: Kenaikan pangkat reguler berdasarkan prestasi dan masa dinas, sedangkan kenaikan luar biasa diberikan atas dasar kebutuhan organisasi. B. Rincian: 1. Isu Pokok: Perbandingan dua jenis kenaikan pangkat. 2. Aturan & Unsur: Pasal 46 UU No. 34/2004 menjelaskan bahwa kenaikan reguler bersifat rutin, sementara kenaikan luar biasa lebih fleksibel. 3. Penerapan: Kedua mekanisme ini saling melengkapi dalam pengembangan karir prajurit. C. Disclaimer: Informasi ini merujuk pada UU No. 34/2004 tanpa revisi terbaru.","[web_article] . Untuk operasi militer selain perang, tugas TNI dirinci sebanyak 14 poin sebagaimana tertera dalam huruf b ayat (2) pasal 7. Dua di antaranya tugas tambahan TNI membantu dalam upaya menanggulangi ancaman pertahanan siber dan membantu dalam melindungi dan menyelamatkan warga negara serta kepentingan nasional di luar negeri. Kemudian pasal 47 UU Nomor 34 Tahun 2004. Pasal ini mengatur tentang kementerian atau lembaga yang dapat diisi TNI. Lalu, mengenai batas usia pensiun TNI. Sebelum direvisi, a...

---

[analysis_report] . Kita juga patut berbangga dengan berbagai keberhasilan yang diraih TNI, seperti hasil riset Lembaga Survey Indonesia (LSI), yang menempatkan TNI sebagai lembaga Negara dengan tingkat kepercayaan yang paling tinggi dan mampu menunjukkan kinerja yang baik, kemudian hasil survey Lembaga Analis Militer Global Fire Power (GFP) 2019 yang menempatkan TNI dalam peringkat ke-15 kekuatan militer dunia. Perspektif Kebijakan Diplomasi dan Kerjasama Bidang Pertahanan Dalam Mendukung Peran TNI di Forum Regi...

---

[petition] . Selain itu, merebut jabatan sipil dan memarginalkan ASN dan Perempuan dalam akses posisi-posisi strategis. Perluasan jabatan sipil dalam RUU TNI itu diantaranya adalah dengan menempatkan militer aktif di Kejaksaan Agung hingga Kementerian Kelautan dan Perikanan. Ingat: TNI adalah alat pertahanan negara untuk perang; sedangkan Kejaksaan Agung, adalah lembaga penegak hukum. Maka, salah jika anggota TNI aktif duduk di institusi Kejaksaan Agung. Dan salah, jika ingin menempatkan militer aktif di K...",0.5498312711715698
Bagaimana jika prajurit yang diberhentikan tidak hormat ingin kembali bergabung dengan TNI?,"1. Inti Jawaban:
- Prajurit yang diberhentikan tidak hormat umumnya tidak dapat kembali bergabung dengan TNI.
- Implikasi praktisnya adalah pemberhentian tidak hormat bersifat permanen.

2. Rincian Analisis:
a. Isu Pokok: Kemungkinan kembali bergabung setelah pemberhentian tidak hormat.
b. Aturan & Unsur: Pasal 62 UU No. 34 Tahun 2004 tidak mengatur hal ini, tetapi pemberhentian tidak hormat biasanya bersifat final.
c. Penerapan: Prajurit harus mengikuti proses rekrutmen ulang jika ada kemungkinan, tetapi sangat kecil.

3. Disclaimer: Kebijakan dapat berbeda tergantung pada keputusan TNI.","Pertama, prajurit yang diberhentikan tidak hormat tidak bisa kembali menjadi prajurit aktif karena status mereka sudah rusak. Kedua, mereka mungkin bisa mengambil alih posisi non-taktis di TNI selama masa rehabilitasi. Ketiga, proses pengembalian harus melalui mekanisme resmi yang ditentukan oleh Panglima TNI. Implikasinya adalah perlunya pendidikan dan evaluasi ulang untuk memastikan kelayakan kembali.","[web_article] . Dalam revisi UU TNI, dibatasi hanya 14 posisi jabatan publik yang dapat diisi prajurit aktif. Selain itu, Sarmuji menegaskan seorang prajurit harus mengundurkan diri. SCROLL TO CONTINUE WITH CONTENT Kami juga tidak ingin seperti masa lalu, anggota TNI dikaryakan sebagai lurah, bupati, wali kota, gubernur, dan pimpinan perusahaan negara bahkan rektor tanpa pensiun. Dalam revisi terbaru jika ada prajurit TNI hendak menduduki jabatan sipil, ia harus mengundurkan diri atau pensiun dari dinas aktif...

---

[web_article] . Kedua, UU KPU setiap prajurit TNI yang akan mencalonkan diri sebagai anggota legislatif atau kepala daerah harus mundur total, itu harus kita jaga supaya tidak ada hubungan antara struktur tentara dan prajurit yang ada di tempat lain, lanjutnya. Simak juga Saat DPR Terima Surpres RUU TNI, Polri, Imigrasi, dan Kementerian Negara: [Gambas:Video 20detik] Isi: nan...

---

[web_article] . Hal itu akan terjadi jika prajurit TNI tersandung kasus saat melaksanakan jabatan sipil. Jika prajurit TNI tersandung kasus tindak pidana atau administrasi dalam jabatan a quo, apakah tunduk pada hukum acara peradilan militer atau hukum acara sipil atau pidana, ujar pemohon. Dengan demikian menurut penalaran yang wajar jawaban dari pertanyaan a quo hanyalah ketidakpastian hukum. Hal mana telah terbukti secara empiris dengan adanya perdebatan antara KPK dan Mahkamah Militer dalam menangani perk...

---

[legal_request] . Namun, UU No. 3 tahun 2025 Tentang Perubahan atas UU Nomor 34 Tahun 2004 tentang TNI ini memperluas daftar jabatan yang dapat diisi oleh prajurit aktif, mencakup posisi di kementerian, lembaga negara, hingga BUMN dan BUMD. Hal ini berpotensi membahayakan karena Keterlibatan militer dalam pemerintahan sipil berisiko mengaburkan batas antara otoritas militer dan sipil, melemahkan supremasi sipil, serta membuka peluang bagi militer untuk kembali terlibat dalam politik praktis. Hal ini mengingatka...",0.6027705073356628
Dalam acara apa saja mantan prajurit boleh memakai tanda jasa kenegaraan?,1. Inti Jawaban: Mantan prajurit boleh memakai tanda jasa kenegaraan pada upacara nasional atau kemiliteran. Implikasi praktisnya adalah pembatasan penggunaan tanda jasa hanya pada acara resmi. 2. Rincian Analisis: a. Isu Pokok: Jenis acara yang memperbolehkan pemakaian tanda jasa. b. Aturan & Unsur: Pasal 61 ayat (1) UU No. 34 Tahun 2004 menyebutkan upacara nasional atau kemiliteran. c. Penerapan: Pemakaian tanda jasa di luar acara tersebut tidak diatur dalam pasal ini. 3. Disclaimer: Pastikan untuk memeriksa ketentuan lebih lanjut dalam keputusan Presiden.,"(a) Inti: Mantan prajurit hanya boleh menggunakan tanda jasa saat upacara resmi atau acara kenegaraan tertentu. (b) Rincian: Pasal 37 ayat (2) UU No. 34/2004 tentang TNI mewajibkan mantan prajurit tetap menjaga kerahasiaan militer, tetapi tidak melarang penggunaan simbol kenegaraan dalam konteks resmi. (c) Disclaimer: Interpretasi ini didasarkan pada interpretasi umum undang-undang tanpa menghiraukan faktor lain.","[undang_undang] Pasal 37 Isi: (1) Prajurit berkewajiban menjunjung tinggi kepercayaan yang diberikan oleh bangsa dan negara untuk melakukan usaha pembelaan negara sebagaimana termuat dalam Sumpah Prajurit (2) Untuk keamanan negara, setiap prajurit yang telah berakhir menjalani dinas keprajuritan atau prajurit siswa yang karena suatu hal tidak dilantik menjadi prajurit, wajib memegang teguh rahasia tentara walaupun yang bersangkutan diberhentikan dengan hormat atau dengan tidak hormat....

---

[analysis_report] . pendidikan kewarganegaraan; b. pelatihan dasar kemiliteran secara wajib; c. pengabdian sebagai prajurit TNI secara suka rela atau secara wajib; dan d. pengabdian sesuai dengan profesi. Usaha pembelaan negara dalam rangka penyelenggaraan pertahanan perlu dibangun dan dikembangkan secara berlanjut dan terarah agar dalam pengerahan dan penggunaan kesiapannya dapat terwujud. Usaha-usaha tersebut Sumber : Biro Humas Kemhan Sumber : Biro Humas Kemhan...

---

[web_article] . Dua, memperjelas batasan dan mekanisme pelibatan TNI dalam tugas non militer, ujar Sjafrie. Tiga, meningkatkan kesejahteraan prajurit serta jaminan sosial bagi prajurit. Empat, menyesuaikan ketentuan terkait kepemimpinan jenjang karir dan usia pensiun sesuai dengan kebutuhan organisasi, tambahnya. Dalam momen ini, Menhan juga menyertakan pasal-pasal perubahan di RUU TNI dari pemerintah. Adapun yang ditekankan, yakni kedudukan TNI (Pasal 3), penempatan prajurit TNI di kementerian atau lembaga (...",0.5611345767974854
"Apa batas usia pensiun bagi perwira, bintara, dan tamtara berdasarkan UU No. 34 Tahun 2004 tentang TNI?","1. Inti Jawaban:
- Batas usia pensiun perwira adalah 58 tahun, bintara dan tamtama 53 tahun (versi awal).
- Implikasi: Penyesuaian usia pensiun mempengaruhi masa dinas dan regenerasi personel.

2. Rincian Analisis:
a. Isu Pokok: Penetapan batas usia pensiun Prajurit TNI.
b. Aturan & Unsur:
- Pasal 53 ayat (1) menyatakan Prajurit melaksanakan dinas sampai batas usia pensiun.
- Ayat (2) mengatur:
  * Bintara/tamtama: maksimal 55 tahun (revisi).
  * Perwira hingga kolonel: 58 tahun.
  * Perwira tinggi bintang 1: 60 tahun, bintang 2: 61 tahun, bintang 3: 62 tahun.
c. Penerapan: Kategori usia pensiun disesuaikan dengan pangkat dan kebutuhan strategis.

3. Disclaimer: Ketentuan dapat berubah sesuai revisi UU atau kebijakan pemerintah.","A. Inti Jawaban:
1. Batas usia pensiun perwira adalah 58 tahun, sedangkan bintara dan tamtama adalah 53 tahun.
2. Implikasi: Aturan ini memberikan pedoman umum tetapi mempertimbangkan kondisi individu.
B. Rincian Analisis:
1. Isu Pokok: Penjelasan batas usia pensiun.
2. Aturan & Unsur: Pasal 71 ayat (1) UU No. 34 Tahun 2004 menyatakan batas usia pensiun perwira 58 tahun dan bintara/tamtama 53 tahun.
C. Disclaimer: Informasi ini bersifat informatif dan tidak menggantikan konsultasi hukum resmi.","[web_article] . Sementara itu, untuk pangkat bintara dan tamtama, hingga usia maksimal 53 tahun. Prajurit melaksanakan dinas keprajuritan sampai usia paling tinggi 58 (lima puluh delapan) tahun bagi perwira, dan 53 (lima puluh tiga) tahun bagi bintara dan tamtama. Usai diubah, batas usia pensiun prajurit menjadi: Demikian informasi lengkap mengenai pasal-pasal yang diubah dalam RUU TNI kemarin. Semoga bisa menjawab pertanyaan detikers, ya! Isi: nan...

---

[academic_draft] 12 batasan usia pensiun prajurit TNI saat ini serta kebijakan dalam menyikapi perkembangan tersebut. 3. Guna mengetahui teori dan praktik terkait pengaturan keterlibatan prajurit aktif TNI pada Kementerian/lembaga negara serta batasan usia pensiun prajurit TNI. 4. Guna mengetahui hasil evaluasi dan analisis terhadap UU Nomor 34 Tahun 2004 tentang TNI. 5. Guna mengetahui pertimbangan atau landasan filosofis, sosiologis, dan yuridis pembentukan Rancangan Undang- Undang Perubahan atas UU Nomor 34 T...

---

[undang_undang] Pasal 71 Isi: Pada saat berlakunya UU ini, ketentuan tentang usia pensiun sebagaimana dimaksud pada 53, diatur sebagai berikut: a. Usia pensiun paling tinggi 58 (lima puluh delapan) tahun bagi perwira dan 53 (lima puluh tiga) tahun bagi bintara dan tamtama, hanya berlaku bagi prajurit TNI yang pada tanggal UU ini diundangkan belum dinyatakan pensiun dari dinas TNI; b. Pelaksanaan ketentuan sebagaimana dimaksud pada huruf a diatur secara bertahap: 1. Perwira yang tepat berusia atau belum genap be...

---

[academic_draft] 11 negara serta pengaturan terkait batasan usia pensiun bagi prajurit TNI dikaitkan dengan Putusan Mahkamah Konstitusi Nomor 62/PUU-XIV/2016 yang menyatakan bahwa hal ini merupakan kebijakan hukum terbuka (open legal policy)? 2. Bagaimana perkembangan pengaturan keterlibatan prajurit aktif TNI pada Kementerian/lembaga negara dan batasan usia pensiun prajurit TNI saat ini serta kebijakan dalam menyikapi perkembangan tersebut? 3. Bagaimana teori dan praktik terkait pengaturan keterlibatan prajurit...",0.8578356504440308
Apa konsekuensi jika peraturan pelaksanaan TNI bertentangan dengan UU No. 34 Tahun 2004?,"1. Inti Jawaban:
   - Peraturan pelaksanaan yang bertentangan dengan UU No. 34 Tahun 2004 tidak berlaku dan harus diganti.
   - Implikasi praktisnya adalah perlunya peninjauan ulang terhadap peraturan lama untuk memastikan kesesuaian.

2. Rincian Analisis:
   a. Isu Pokok: Konflik antara peraturan lama dan UU No. 34 Tahun 2004.
   b. Aturan & Unsur: Pasal 73 UU No. 34 Tahun 2004 menegaskan bahwa peraturan lama hanya berlaku jika tidak bertentangan.
   c. Penerapan: Peraturan yang bertentangan harus dicabut atau direvisi agar sesuai dengan UU ini.

3. Disclaimer: Pembahasan ini tidak mencakup semua kemungkinan kasus hukum.",C. Konsekuensinya adalah peraturan tersebut tidak sah dan tidak berlaku. Penjelasan lebih lanjut dapat diberikan jika diperlukan.,"[web_article] . Yang pertama, pemohon meminta MK membatalkan UU TNI Nomor 3 Tahun 2025 dan memberlakukan kembali UU Nomor 34 Tahun 2004. Menyatakan UU Nomor 3 Tahun 2025 Tentang Perubahan atas UU Nomor 34 Tahun 2004 Tentang TNI (Lembaran Negara Republik Indonesia Tahun 2025 Nomor 3, Tambahan Lembaran Negara Republik Indonesia Nomor 7104), bertentangan dengan Undang-undang Dasar Negara Republik Indonesia Tahun 1945 oleh karenanya tidak mempunyai kekuatan hukum mengikat, kata kuasa hukum. Menyatakan ketentuan n...

---

[legal_request] . Hal ini bisa menghambat dinamika dan modernisasi dalam tubuh TNI. Bahwa dengan memahami subtansi di atas terkait dengan jenis dan Muatan materi pembentukan UU TNI Nomor 3 Tahun 2025 Tentang Perubahan atas UU Nomor 34 Tahun 2004 jelas tidak bersesuaian dengan Pasal 28 D ayat (1) UUD 1945 yang menyatakan bahwa setiap orang berhak atas pengakuan, jaminan, perlindungan, dan kepastian hukum yang adildengan asas-asas muatan materi yang diatur dalam suatu peraturan perUUan, yang justru sebaliknya UU ...

---

[academic_draft] 22 C. UU Nomor 34 Tahun 2004 tentang TNI UU Nomor 34 Tahun 2004 tentang TNI (UU TNI) saat ini telah berlaku lebih kurang 20 (dua puluh) tahun. Tentu selama berlaku, ada beberapa ketentuan atau materi muatan yang sudah tidak sesuai dengan dinamika dan perkembangan yang ada. Salah satunya, terkait peran prajurit aktif TNI pada Kementerian/lembaga lain serta batasan usia prajurit TNI. D. Putusan Mahkamah Konstitusi UU TNI pernah diuji di Mahkamah Konstitusi...

---

[legal_request] . Perencanaan dan penyusunan pembentukan UU Nomor 3 Tahun 2025 Tentang Perubahan atas UU Nomor 34 Tahun 2004 Tentang TNI (TNI), tidak sesuai dengan tata cara pembentukan peraturan perUUan, tanpa naskah akademik. 13. Bahwa dalam Pasal 43 ayat (3) UU No. 12 Tahun 2011 mengatur secara imperatif dan tegas: Rancangan UU yang berasal dari DPR, Presiden, atau DPD harus disertai Naskah Akademik. Adapun dalam Pasal 1 angka 11 UU No...

---

[legal_request] . 3 tahun 2025 Tentang Perubahan atas UU Nomor 34 Tahun 2004 tentang TNI ini adalah pembahasan RUU yang tidak transparan karena DPR RI tidak mempublikasikan draft RUU Revisi UU TNI kepada publik melalui jalur resminya, termasuk melalui website resmi DPR RI. Hal itu berdampak kepada publik yang tidak dapat berpartisipasi penuh, karena tidak memiliki pengetahuan mendalam akan ketentuan- ketentuan yang sedang dibahas. 20. Bahwa apabila DPR dalam hal membentuk peraturan perundang- undangan aquo sesu...",0.7160835266113281
Apa yang diatur dalam Pasal 57 UU No. 34 Tahun 2004 tentang TNI?,"1. Inti Jawaban:
- Pasal 57 mengatur hak prajurit yang menyandang cacat berat, sedang, atau ringan akibat tugas operasi militer atau selama dinas keprajuritan.
- Implikasi praktisnya adalah pemerintah wajib mengatur hak-hak tersebut melalui Peraturan Pemerintah.

2. Rincian Analisis:
a. Isu Pokok: Perlindungan dan hak prajurit yang mengalami cacat selama menjalankan tugas.
b. Aturan & Unsur:
- Cacat berat: Tidak mampu bekerja sama sekali (Pasal 57 penjelasan).
- Cacat sedang: Tidak mampu dinas militer tetapi masih bisa berkarya di luar TNI (Pasal 57 penjelasan).
- Cacat ringan: Tidak mengganggu tugas (Pasal 57 penjelasan).
c. Penerapan: Pemerintah harus membuat PP untuk menjamin hak prajurit sesuai tingkat kecacatan.

3. Disclaimer: Penjelasan ini bersifat umum dan tidak menggantikan konsultasi hukum.","A. Inti Jawaban:
1. Isu Pokok: Penjelasan Pasal 57 UU TNI.
2. Aturan & Unsur:
   a. Isinya: Tidak ada perubahan dalam Pasal 57.
   b. Implikasi: Pasal 57 tetap berlaku sama seperti semula.
B. Rincian Analisis:
1. Isu Pokok: Penjelasan Pasal 57 UU TNI.
2. Aturan & Unsur:
   a. Isinya: Tidak ada perubahan dalam Pasal 57.
   b. Implikasi: Pasal 57 tetap berlaku sama seperti semula.
C. Disclaimer: Informasi ini bersifat umum dan tidak menggantikan konsultasi hukum resmi.

### Catatan:
- Jawaban ini hanya merujuk pada informasi yang tersedia dalam sumber yang diberikan.
- Untuk interpretasi hukum yang lebih mendalam, konsultasikan dengan ahli hukum.","[web_article] . Peserta sidang menjawab setuju dan dengan demikian, UU yang mengatur perubahan UU Nomor 34 Tahun 2004 sah. Apa saja yang berubah dalam UU tersebut? Simak penjelasannya di bawah ini, yuk! DilihatdetikJogjadari dokumen UU Republik Indonesia Nomor 34 Tahun 2004 tentang TNI, tugas pokok TNI dibedakan menjadi 2 dalam pasal 7 ayat (2), yakni operasi militer untuk perang dan operasi militer selain perang. Untuk operasi militer selain perang, tugas TNI dirinci sebanyak 14 poin sebagaimana tertera dala...

---

[web_article] Judul: Apa Isi UU TNI Terbaru? Ini Daftar Pasal yang Direvisi dan Disahkan DPR,21 Mar 2025 13:05,https://www.detik.com/jogja/berita/d-7834561/apa-isi-uu-tni-terbaru-ini-daftar-pasal-yang-direvisi-dan-disahkan-dpr,Dewan Perwakilan Rakyat (DPR) resmi mengesahkan Rancangan UU (RUU) Perubahan UU Nomor 34 Tahun 2004 tentang TNI. Apa isi UU TNI terbaru? Berikut ini daftar pasal yang direvisi! DilansirdetikNews, pengesahan RUU TNI dilakukan melalui rapat paripurna yang digelar pada Kamis, 20 Maret 2025...

---

[legal_request] . Maka UU Nomor 3 Tahun 2025 Tentang Perubahan atas UU Nomor 34 Tahun 2004 Tentang TNI (TNI) diputuskan masuk dalam Prolegnas 2025 tanpa ada pertimbangan dari Badan Legislasi (Baleg) DPR (sebagaimana diatur dalam Pasal 66 huruf f Tatib DPR), yaitu mencakup pertimbangan dapat atau tidak dapatnya suatu RUU masuk ke dalam prolegnas perubahan...

---

[legal_request] . Perencanaan dan penyusunan pembentukan UU Nomor 3 Tahun 2025 Tentang Perubahan atas UU Nomor 34 Tahun 2004 Tentang TNI (TNI), tidak sesuai dengan tata cara pembentukan peraturan perUUan, tanpa naskah akademik. 13. Bahwa dalam Pasal 43 ayat (3) UU No. 12 Tahun 2011 mengatur secara imperatif dan tegas: Rancangan UU yang berasal dari DPR, Presiden, atau DPD harus disertai Naskah Akademik. Adapun dalam Pasal 1 angka 11 UU No...

---

[academic_draft] 22 C. UU Nomor 34 Tahun 2004 tentang TNI UU Nomor 34 Tahun 2004 tentang TNI (UU TNI) saat ini telah berlaku lebih kurang 20 (dua puluh) tahun. Tentu selama berlaku, ada beberapa ketentuan atau materi muatan yang sudah tidak sesuai dengan dinamika dan perkembangan yang ada. Salah satunya, terkait peran prajurit aktif TNI pada Kementerian/lembaga lain serta batasan usia prajurit TNI. D. Putusan Mahkamah Konstitusi UU TNI pernah diuji di Mahkamah Konstitusi...

---

[legal_request] . Pengambilan keputusan RUU revisi UU TNI yang sudah menjadi Undang- Undang Nomor 3 Tahun 2025 Tentang Perubahan atas UU Nomor 34 Tahun 2004 Tentang TNI (TNI), dilaksanakan pada Rapat Paripurna Pembukaan masa sidang DPR RI ke-13, pada 18 Februari 2025,yang dimana Para Permohonan menilai banyak kejanggalan dalam pengambilan keputusannya. Pertama, pengambilan keputusan untuk memasukkan RUU Revisi UU TNI yang sudah menjadi UU Nomor 3 Tahun 2025 Tentang Perubahan atas UU Nomor 34 Tahun 2004 Tentang ...",0.6904681921005249
Apa dasar filosofis pengaturan sumpah prajurit dalam Pasal 34?,"1. Inti Jawaban:
- Menegaskan komitmen konstitusional prajurit.
- Implikasi: Membangun ikatan moral-hukum yang sakral.

2. Rincian Analisis:
a. Isu Pokok: Landasan filosofis sumpah militer.
b. Aturan & Unsur:
- Merujuk Pembukaan UUD 1945 tentang pertahanan negara.
- Sumpah sebagai instrumen disiplin dan loyalitas.
c. Penerapan: Memenuhi prinsip negara hukum (rechtsstaat).

3. Disclaimer: Analisis berdasarkan konstruksi normatif semata.","1. Inti Jawaban:
   a. Dasar filosofisnya adalah kesetiaan terhadap NKRI dan nilai-nilai Pancasila.
   b. Implikasi praktis: Menjadi fondasi moral bagi prajurit.
2. Rincian Analisis:
   a. Isu Pokok: Filosofi hukum dalam penjabaran norma.
   b. Aturan & Unsur: Pasal 35 menekankan komponen-komponen seperti kepatuhan hukum dan keadilan.
   c. Penerapan: Sumpah mencerminkan integrasi antara etika militer dan nasionalisme.
3. Disclaimer: Interpretasi ini berdasarkan teks UU tanpa referensi eksternal.","[undang_undang] Pasal 34 Isi: (1) Pelantikan menjadi prajurit dilaksanakan dengan mengucapkan Sumpah Prajurit. (2) Pelantikan menjadi prajurit golongan perwira selain mengucapkan Sumpah Prajurit juga mengucapkan Sumpah Perwira. (3) Ketentuan mengenai tata ca ra pelantikan dan pengambilan sumpah sebagaimana dimaksud pada ayat (1) dan ayat (2), diatur lebih lanjut dengan keputusan Panglima....

---

[undang_undang] Pasal 35 Isi: Sumpah Prajurit adalah sebagai berikut: Demi Allah saya bersumpah/berjanji: bahwa saya akan setia kepada Negara Kesatuan Republik Indonesia yang berdasarkan Pancasila dan UU Dasar Negara Republik Indonesia Tahun 1945; bahwa saya akan tunduk kepada hukum dan memegang teguh disiplin keprajuritan; bahwa saya akan taat kepada atasan dengan tidak membantah perintah atau putusan bahwa saya akan menjalankan segala kewajiban dengan penuh rasa tanggung jawab kepada tentara dan Negara Republ...

---

[undang_undang] Pasal 37 Isi: (1) Prajurit berkewajiban menjunjung tinggi kepercayaan yang diberikan oleh bangsa dan negara untuk melakukan usaha pembelaan negara sebagaimana termuat dalam Sumpah Prajurit (2) Untuk keamanan negara, setiap prajurit yang telah berakhir menjalani dinas keprajuritan atau prajurit siswa yang karena suatu hal tidak dilantik menjadi prajurit, wajib memegang teguh rahasia tentara walaupun yang bersangkutan diberhentikan dengan hormat atau dengan tidak hormat....

---

[web_article] . Utut menyebut DIM itu salah satunya berkaitan dengan Pasal 47 UU TNI. DIM itu singkatan dari daftar inventarisasi masalah yang akan nanti, kita banyak, kita akan revisi, yaitu yang berkaitan dengan lingkup tugas di Pasal 47, TNI bisa ke mana saja, kemudian di usia di Pasal 53 dan satu lagi di kedudukan, di Pasal 3, ujar Utut dalam rapat, Senin (10/3/2025). Pasal 47 mengatur tentang aturan prajurit jika ingin menduduki jabatan sipil. Dalam ayat 1 dijelaskan prajurit bisa menduduki jabatan sipil...

---

[undang_undang] Pasal 25 Isi: (1) Prajurit adalah insan prajurit yang: a. beriman dan bertakwa kepada Tuhan Yang Maha Esa; b. setia kepada Negara Kesatuan Republik Indonesia yang berdasarkan Pancasila dan UU Dasar Negara Republik Indonesia Tahun 1945; c. bermoral dan tunduk pada hukum serta peraturan perUUan; d. berdisiplin serta taat kepada atasan; dan e. bertanggung jawab dan melaksanakan kewajibannya sebagai tentara. (2) Prajurit sebagaimana dimaksud pada ayat (1), diwajibkan mengucapkan Sumpah Prajurit. Pen...

---

[undang_undang] Pasal 26 Isi: (1) Prajurit dikelompokkan dalam golongan kepangkatan perwira, bintara, dan tamtama. (2) Golongan kepangkatan sebagaimana dimaksud pada ayat (1), diatur lebih lanjut dengan keputusan Panglima....",0.7203822135925293
Siapa yang dimaksud dengan Menteri Pertahanan dalam UU No 34 Tahun 2004 tentang TNI?,"1. Inti Jawaban:
- Menteri Pertahanan adalah menteri yang bertanggungjawab di bidang pertahanan negara.
- Implikasi praktis: Menteri ini memimpin perumusan kebijakan pertahanan nasional.

2. Rincian Analisis:
a. Isu Pokok: Peran dan tanggung jawab Menteri Pertahanan.
b. Aturan & Unsur: Pasal 1 angka 9 UU No 34 Tahun 2004 mendefinisikan Menteri Pertahanan.
c. Penerapan: Menteri Pertahanan bertanggung jawab langsung kepada Presiden dalam hal pertahanan negara.

3. Disclaimer: Jawaban ini berdasarkan interpretasi terhadap UU No 34 Tahun 2004 dan tidak menggantikan konsultasi hukum resmi.","1. Inti Jawaban:
   a. Menteri Pertahanan adalah pejabat negara yang bertanggung jawab atas urusan pertahanan nasional.
   b. Implikasi: Peran Menteri Pertahanan sangat strategis dalam pengelolaan TNI.
2. Rincian Analisis:
   a. Isu Pokok: Definisi dan fungsi Menteri Pertahanan.
   b. Aturan & Unsur: Pasal 60 UU No 34 Tahun 2004 tentang TNI menjelaskan bahwa Menteri Pertahanan adalah pejabat negara yang bertanggung jawab atas urusan pertahanan nasional.
   c. Penerapan: Menteri Pertahanan memiliki wewenang luas dalam pengelolaan TNI.
3. Disclaimer: Jawaban ini bersifat umum dan tidak menggantikan konsultasi hukum resmi.","[web_article] . Dia menekankan yang menjadi perhatian pihaknya ialah kesejahteraan TNI. Semuanya masih berlaku, karena kan kita rapikan semuanya, yang penting kesejahteraan prajurit harus kita perhatikan, harus kita perhatikan, ujarnya. Sebelumnya, DPR resmi mengesahkan Rancangan UU tentang Perubahan atas UU Nomor 34 Tahun 2004 tentang TNI atau RUU TNI menjadi UU. Keputusan ini diambil dalam rapat paripurna yang dihadiri oleh sejumlah menteri. Rapat terselenggara di ruang paripurna gedung DPR RI, Senayan, Jak...

---

[web_article] . Sebagai informasi, DPR RI resmi mengesahkan Rancangan UU tentang Perubahan atas UU Nomor 34 Tahun 2004 tentang TNI atau RUU TNI menjadi UU. Keputusan ini diambil dalam rapat paripurna yang dihadiri oleh sejumlah menteri. Rapat terselenggara di ruang paripurna, gedung DPR RI, Senayan, Jakarta Pusat, Kamis (20/3). Rapat dipimpin oleh Ketua DPR RI Puan Maharani yang didampingi Wakil Ketua DPR yang lain, seperti Sufmi Dasco Ahmad, Saan Mustopa, dan Adies Kadir. Menteri Pertahanan Sjafrie Sjamsoedd...

---

[web_article] . Perubahan selanjutnya terdapat di pasal 47 UU Nomor 34 Tahun 2004. Pasal ini mengatur tentang kementerian atau lembaga yang dapat diisi TNI. Dalam ayat (2) pasal tersebut, tertulis: Prajurit aktif dapat menduduki jabatan pada kantor yang membidangi koordinator bidang Politik dan Keamanan Negara, Pertahanan Negara, Sekretaris Militer Presiden, Intelijen Negara, Sandi Negara, Lembaga Ketahanan Nasional, Dewan Pertahanan Nasional, Search and Rescue (SAR) Nasional, Narkotika Nasional, dan Mahkamah...",0.6903331279754639
Apa dampak pencabutan UU No. 2 Tahun 1988 terhadap status hukum prajurit TNI?,1. Inti Jawaban: Pencabutan UU No. 2 Tahun 1988 tidak mengubah status hukum prajurit TNI karena UU No. 34 Tahun 2004 tetap mengatur hal tersebut. Implikasi praktisnya adalah prajurit TNI tetap diakui secara hukum dengan dasar UU yang baru. 2. Rincian Analisis: a. Isu Pokok: Dampak pencabutan terhadap status prajurit. b. Aturan & Unsur: Pasal 77 UU No. 34 Tahun 2004 tidak menghilangkan pengaturan tentang prajurit. c. Penerapan: Status dan hak prajurit TNI tetap dijamin oleh UU No. 34 Tahun 2004. 3. Disclaimer: Informasi ini tidak dimaksudkan sebagai nasihat hukum resmi.,"1. Inti Jawaban: Status hukum prajurit TNI kembali ke UU No. 34 Tahun 2004.
2. Rincian Analisis:
    a. Isu Pokok: Implikasi legal atas revisi UU.
    b. Aturan & Unsur: Pasal 72 menyatakan bahwa perubahan ini berlaku untuk perwira yang sedang ditahan.
    c. Penerapan: Ini menunjukkan bahwa sistem hukum militer harus konsisten dengan hukum umum.
3. Disclaimer: Informasi ini bersifat umum dan tidak menggantikan nasihat hukim resmi.","[undang_undang] Pasal 72 Isi: Bagi perwira yang pada tanggal UU ini diundangkan sedang menjalani penahanan dalam dinas keprajuritan berdasarkan UU Nomor 2 Tahun 1988 tentang Prajurit ABRI, tetap berlaku ketentuan tersebut sampai masa penahanan dalam dinas keprajuritannya berakhir....

---

[web_article] . Peserta sidang menjawab setuju dan dengan demikian, UU yang mengatur perubahan UU Nomor 34 Tahun 2004 sah. Apa saja yang berubah dalam UU tersebut? Simak penjelasannya di bawah ini, yuk! DilihatdetikJogjadari dokumen UU Republik Indonesia Nomor 34 Tahun 2004 tentang TNI, tugas pokok TNI dibedakan menjadi 2 dalam pasal 7 ayat (2), yakni operasi militer untuk perang dan operasi militer selain perang. Untuk operasi militer selain perang, tugas TNI dirinci sebanyak 14 poin sebagaimana tertera dala...

---

[petition] . 31 tahun 1997 tentang Peradilan Militer. Agenda revisi UU ini lebih penting ketimbang RUU TNI, karena agenda itu merupakan kewajiban konstitusional negara untuk menjalankan prinsip persamaan di hadapan hukum (equality before the law) bagi semua warga negara, tanpa kecuali. Reformasi peradilan militer merupakan mandat TAP MPR No. VII Tahun 2000 dan UU No. 34 tahun 2004 tentang TNI. Kami menilai RUU TNI akan mengembalikan Dwifungsi TNI, yaitu militer aktif menduduki jabatan-jabatan sipil. Perlua...",0.5783438682556152
Apakah tanda jasa internasional yang diterima Prajurit diakui negara?,"1. Inti Jawaban:
   - Pasal 52 tidak mengatur, tetapi bisa diakui sepanjang tidak bertentangan dengan hukum nasional.
   - Implikasi: Perlu koordinasi dengan Kementerian Luar Negeri.

2. Rincian Analisis:
   a. Isu Pokok: Status hukum tanda jasa asing.
   b. Aturan & Unsur: Pasal 52 terbatas pada tanda jasa kenegaraan Indonesia, merujuk pada Peraturan Pemerintah tentang Penerimaan Tanda Kehormatan Asing.
   c. Penerapan: Prajurit yang mendapat medali dari PBB misalnya, harus mendapat persetujuan Menhankam untuk mengenakannya.

3. Disclaimer: Pengakuan penuh mungkin memerlukan ratifikasi bilateral.","1. Inti Jawaban: Ya, selama tanda jasa tersebut tidak bertentangan dengan norma hukum Indonesia.
2. Rincian Analisis:
    a. Isu Pokok: Akuisisi tanda jasa internasional.
    b. Aturan & Unsur: Pasal 61 ayat (1) menyatakan bahwa tanda jasa kenegaraan yang dimiliki Prajurit tetap valid jika sesuai dengan peraturan perundang-undangan.
    c. Penerapan: Prajurit harus memastikan bahwa tanda jasa yang diterimanya tidak melanggar hukum.
3. Disclaimer: Jawaban ini bersifat umum dan tidak menggantikan konsultasi hukum resmi.","[undang_undang] Pasal 61 Isi: (1) Prajurit yang diberhentikan dengan hormat dari dinas keprajuritan berhak memakai tanda jasa kenegaraan yang dimilikinya pada waktu menghadiri upacara nasional atau kemiliteran sesuai yang diperolehnya pada saat masih berdinas aktif. (2) Pelaksanaan ketentuan sebagaimana dimaksud pada ayat (1) diatur dengan keputusan Presiden....

---

[web_article] . Sedangkan ayat 2, mengatur jabatan apa saja yang boleh diduduki prajurit aktif. Begini bunyi Pasal 47 ayat 1 dan 2: Pasal 47(1) Prajurit hanya dapat menduduki jabatan sipil setelah mengundurkan diri atau pensiun dari dinas aktif keprajuritan.(2) Prajurit aktif dapat menduduki jabatan pada kantor yang membidangi koordinator bidang Politik dan Keamanan Negara, Pertahanan Negara, Sekretaris Militer Presiden, Intelijen Negara, Sandi Negara, Lembaga Ketahanan Nasional, Dewan Pertahanan Nasional, Se...

---

[undang_undang] Pasal 52 Isi: Prajurit dan prajurit siswa berhak mendapatkan tanda jasa kenegaraan berdasarkan prestasi dan jasa-jasanya kepada negara, sesuai dengan peraturan perUUan. Bagian Keenam Pengakhiran...

---

[undang_undang] Pasal 47 Isi: (1) Prajurit hanya dapat menduduki jabatan sipil setelah mengundurkan diri atau pensiun dari dinas aktif keprajuritan. (2) Prajurit aktif dapat menduduki jabatan pada kantor yang membidangi koordinator bidang Politik dan Keamanan Negara, Pertahanan Negara, Sekretaris Militer Presiden, Intelijen Negara, Sandi Ne gara, Lembaga Ketahanan Nasional, Dewan Pertahanan Nasional, Search and Rescue (SAR) Nasional, Narkotika Nasional, dan Mahkamah Agung. (3) Prajurit yang menduduki jabatan se...

---

[undang_undang] Pasal 21 Isi: Prajurit adalah warga negara Indonesia yang memenuhi persyaratan yang ditentukan dalam peraturan perUUan dan diangkat oleh pejabat yang berwenang untuk mengabdikan diri dalam dinas keprajuritan....",0.46514591574668884
Apa peran Departemen Pertahanan menurut UU TNI?,"1. Inti Jawaban:
- Pelaksana fungsi pemerintah di bidang pertahanan negara.
- Implikasi: Hubungan struktural antara Kemhan dan TNI.

2. Rincian Analisis:
a. Isu Pokok: Pembagian peran dalam pertahanan.
b. Aturan & Unsur: Pasal 1 angka 8 UU No 34/2004 tentang fungsi Kemhan.
c. Penerapan: Kemhan bertanggung jawab atas kebijakan pertahanan.

3. Disclaimer: Tidak termasuk komando operasional TNI.","A. Inti Jawaban: Departemen Pertahanan berperan dalam koordinasi kebijakan dan strategi pertahanan bersama TNI. B. Rincian Analisis: 1. Isu Pokok: Fungsi Departemen Pertahanan dalam sistem pertahanan. 2. Aturan & Unsur: Pasal 3 ayat (2) menyatakan Departemen Pertahanan mengkoordinasi kebijakan strategis seperti anggaran, pengadaan, dan pembinaan teknologi. 3. Penerapan: Koordinasi ini mencakup rencana jangka panjang untuk meningkatkan kemampuan pertahanan. C. Disclaimer: Penjelasan ini merujuk pada UU TNI tanpa mempertimbangkan faktor eksternal.","[academic_draft] . Sebagai kekuatan utama yang menurut UU Nomor 3 Tahun 2002 tentang Pertahanan Negara disebut sebagai komponen utama dalam sistem pertahanan negara, TNI merupakan alat negara yang bertugas mempertahankan, melindungi, dan memelihara keutuhan dan kedaulatan negara. Dalam Pasal 30 ayat (5) UUD NRI Tahun 1945 disebutkan bahwa susunan, kedudukan, hubungan, dan kewenangan TNI dalam melaksanakan tugas, termasuk syarat-syarat keikutsertaan...

---

[academic_draft] 8 Nomor VII/MPR/2000 tentang Peran TNI dan Peran Kepolisian Negara Republik Indonesia. Di dalam UU TNI diatur mengenai peran TNI selain melakukan pertahanan negara. Pasal 47 ayat (2) UU TNI mengatur bahwa prajurit aktif dapat menduduki jabatan pada kantor yang membidangi koordinator bidang politik dan keamanan negara, sekretaris militer Presiden, intelijen negara, sandi negara, lembaga ketahanan nasional, dewan pertahanan nasional, search and rescue (sar) nasional, narkotika nasional, dan mahkam...

---

[undang_undang] Pasal 3 Isi: (1) Dalam pengerahan dan penggu naan kekuatan militer, TNI berkedudukan di bawah Presiden. (2) Dalam kebijakan dan strategi pertahanan serta dukungan administrasi, TNI di bawah koordinasi Departemen Pertahanan. Penjelasan: Ayat (1) Yang dimaksud berkedudukan di bawah Presiden adalah bahwa keberadaan TNI di bawah kekuasaan Presiden. Ayat (2) Yang dimaksud dengan di bawah koordinasi Departemen Pertahanan adalah segala sesuatu yang berkaitan dengan perencanaan strategis yang meliputi a...

---

[academic_draft] . Hal-hal yang terkait dengan sistem pertahanan dan keamanan negara, termasuk susunan dan kedudukan TNI diatur dengan UU. Ketentuan ini merupakan materi muatan delegasi yang harus diatur dengan UU TNI, termasuk ketentuan mengenai keterlibatan prajurit aktif TNI pada kementerian/lembaga lain serta penambahan usia masa dinas prajurit TNI. B. Ketetapan MPR Ketetapan Majelis Permusyawaratan Rakyat Nomor VI/MPR/2000 tentang Pemisahan TNI dan Kepolisian Negara Republik Indonesia, serta Ketetapan Majel...

---

[academic_draft] . Berdasarkan hal tersebut, ada 3 (tiga) aspek yang terkait dengan masalah pertahanan negara, yaitu: keutuhan negara, kedaulatan negara, dan keselamatan negara. Ketentuan mengenai TNI lebih lanjut diatur dalam UU Nomor 34 Tahun 2004 tentang TNI (UU TNI). Sebelum dibentuk UU TNI, ketentuan mengenai TNI diatur dalam Ketetapan MPR Nomor VI/MPR/2000 tentang Pemisahan TNI dan Kepolisian Negara Republik Indonesia, dan Ketetapan MPR...

---

[undang_undang] Pasal 66 Isi: (1) TNI dibiayai dari anggaran pertahanan negara yang berasal dari Anggaran Pendapatan dan Belanja Negara. (2) Keperluan anggaran sebagaimana dimaksud pada ayat (1) diajukan oleh Departemen Pertahanan....",0.7849515080451965
Apa konsekuensi hukum jika prajurit yang dinyatakan hilang kemudian ditemukan hidup?,"1. Inti Jawaban:
- Diangkat kembali dengan status semula dan dapat rawatan dinas penuh.
- Implikasi: Hak ahli waris yang telah diterima diperhitungkan.

2. Rincian Analisis:
a. Isu Pokok: Reintegrasi prajurit yang kembali.
b. Aturan & Unsur: Pasal 58 ayat (3) UU No. 34/2004: Pemulihan hak termasuk kompensasi selama hilang.
c. Penerapan: Jika prajurit ditemukan dalam keadaan cacat, tetap berhak atas rehabilitasi.

3. Disclaimer: Tidak mengecualikan kemungkinan perubahan regulasi.",1. Inti Jawaban: Prajurit diberikan hak rawatan dinas penuh selama masa hilang dan diberhentikan dengan hormat. Implikasi: Keberlanjutan hak prajurit meski hilang. 2. Rincian Analisis: a. Isu Pokok: Hak prajurit yang hilang. b. Aturan & Unsur: Pasal 58 ayat (3) menyatakan prajurit yang ditemukan hidup mendapatkan hak rawatan dinas penuh. c. Penerapan: Contoh: Prajurit yang hilang selama 5 tahun kemudian ditemukan hidup menerima hak rawatan dinas penuh. 3. Disclaimer: Jawaban bersifat informatif.,"[web_article] . Hal itu akan terjadi jika prajurit TNI tersandung kasus saat melaksanakan jabatan sipil. Jika prajurit TNI tersandung kasus tindak pidana atau administrasi dalam jabatan a quo, apakah tunduk pada hukum acara peradilan militer atau hukum acara sipil atau pidana, ujar pemohon. Dengan demikian menurut penalaran yang wajar jawaban dari pertanyaan a quo hanyalah ketidakpastian hukum. Hal mana telah terbukti secara empiris dengan adanya perdebatan antara KPK dan Mahkamah Militer dalam menangani perk...

---

[undang_undang] Pasal 58 Isi: (1) Prajurit yang dalam melaksanakan tugas tidak kembali bergabung dengan kesatuannya sebagai akibat dari atau diduga diakibatkan oleh tindakan musuh atau di luar kekuasaannya, dinyatakan hilang dalam tugas, wajib terus dicari. (2) Prajurit sebagaimana dimaksud pada ayat (1) apabila setelah 1 (satu) tahun tidak ada kepastian atas dirinya, diberhentikan dengan hormat dan kepada ahli warisnya diberikan hak sebagaimana hak prajurit yang gugur sesuai dengan peraturan perUUan. (3) Praju...

---

[web_article] . Alasannya yaitu supremasi sipil, substansi dari kita melakukan perlawanan pada hari ini. Demokrasi yang sudah dicanangkan melalui reformasi 98 pada hari ini kita melihat adanya degradasi, jelasnya. Hafidz memandang banyak konsekuensi yang harus dikorbankan jika tentara diberi jabatan sipil. Terlebih dalam UU yang baru, tentara disebut boleh berbisnis. UU TNI ketika disahkan sangat banyak konsekuensinya apalagi kaitannya dengan ranah sipil, seperti penguasaan jabatan TNI, kemudian wacana mengen...

---

[undang_undang] Pasal 44 Isi: (1) Prajurit yang mendapat tugas dengan pertaruhan jiwa raga secara langsung dan berjasa melampaui panggilan tugas dapat dianugerahi kenaikan pangkat luar biasa. (2) Ketentuan sebagaimana dimaksud pada ayat (1) diatur dengan Peraturan Pemerintah. Penjelasan: Ayat (1) Yang dimaksud dengan melampaui panggilan tugas adalah bahwa seseorang prajurit TNI tanpa memperdulikan keselamatan jiwanya melakukan tindakan kepahlawanan dalam suatu tugas demi bangsa dan negara, walaupun tindakan itu...

---

[undang_undang] Pasal 57 Isi: Hak prajurit yang menyandang cacat berat, cacat sedang, atau cacat ringan yang diakibatkan karena tugas operasi militer, atau bukan tugas operasi militer selama dalam dinas keprajuritan, diatur dengan Peraturan Pemerintah. Penjelasan: Yang dimaksud cacat berat adalah cacat jasmani dan/atau rohani yang mengakibatkan prajurit tidak mampu sama sekali untuk melakukan pekerjaan atau kegiatan apapun sehingga menjadi beban orang lain. Yang dimaksud cacat sedang adalah cacat jasmani dan/at...",0.5150614976882935
Bagaimana posisi hukum Prajurit Siswa dibandingkan dengan prajurit aktif menurut Pasal 65?,"1. Inti Jawaban: Posisi hukumnya sama, Prajurit Siswa tunduk pada hukum yang sama dengan prajurit aktif. Implikasi praktisnya adalah tidak ada perbedaan perlakuan hukum. 2. Rincian Analisis: a. Isu Pokok: Posisi hukum Prajurit Siswa dan prajurit aktif. b. Aturan & Unsur: Pasal 65 ayat (1) menyatakan Prajurit Siswa tunduk pada hukum yang berlaku bagi prajurit. c. Penerapan: Keduanya memiliki kewajiban dan tanggung jawab hukum yang sama. 3. Disclaimer: Penjelasan ini berdasarkan UU No. 34 Tahun 2004 dan tidak mencakup perubahan terbaru jika ada.","1. Inti Jawaban:
    - Prajurit Siswa memiliki status transitoris yang mengikuti aturan hukum prajurit.
    - Implikasi: Kepatuhan pada hukum militer dan prosedur pendidikan.
2. Rincian Analisis:
    a. Isu Pokok: Kesetaraan hak dan kewajiban antara Prajurit Siswa dan prajurit aktif.
    b. Aturan & Unsur: Pasal 65 ayat (1) menyatakan keterikatan hukum yang sama.
    c. Penerapan: Prajurit Siswa harus memenuhi semua ketentuan hukum yang berlaku bagi prajurit.
3. Disclaimer: Analisis ini bersifat umum.","[undang_undang] Pasal 65 Isi: (1) Prajurit Siswa tunduk pada ketentuan hukum yang berlaku bagi prajurit. (2) Prajurit tunduk kepada kekuasaan pera dilan militer dalam hal pelanggaran hukum pidana militer dan tunduk pada kekuasaan peradilan umum dalam hal pelanggaran hukum pidana umum yang diatur dengan UU. (3) Apabila kekuasaan peradilan umum sebagaimana dimaksud pada ayat (2) tidak berfungsi, maka prajurit tunduk di bawah kekuasaan peradilan yang diatur dengan UU. Penjelasan: Ayat (1) Hukum yang dimaksud adala...

---

[undang_undang] Pasal 50 Isi: (1) Prajurit dan prajurit siswa memperoleh kebutuhan dasar prajurit yang meliputi: a. perlengkapan perseorangan; dan b. pakaian seragam dinas (2) Prajurit dan prajurit siswa memperoleh rawatan dan layanan kedinasan, yang meliputi: a. penghasilan yang layak; b. tunjangan keluarga; c. perumahan/asrama/mess; d. rawatan kesehatan; e. pembinaan mental dan pelayanan keagamaan; f. bantuan hukum; g. asuransi kesehatan dan jiwa; h. tunjangan hari tua; dan i. asuransi penugasan operasi milit...

---

[undang_undang] Pasal 52 Isi: Prajurit dan prajurit siswa berhak mendapatkan tanda jasa kenegaraan berdasarkan prestasi dan jasa-jasanya kepada negara, sesuai dengan peraturan perUUan. Bagian Keenam Pengakhiran...

---

[undang_undang] Pasal 37 Isi: (1) Prajurit berkewajiban menjunjung tinggi kepercayaan yang diberikan oleh bangsa dan negara untuk melakukan usaha pembelaan negara sebagaimana termuat dalam Sumpah Prajurit (2) Untuk keamanan negara, setiap prajurit yang telah berakhir menjalani dinas keprajuritan atau prajurit siswa yang karena suatu hal tidak dilantik menjadi prajurit, wajib memegang teguh rahasia tentara walaupun yang bersangkutan diberhentikan dengan hormat atau dengan tidak hormat....

---

[undang_undang] Pasal 58 Isi: (1) Prajurit yang dalam melaksanakan tugas tidak kembali bergabung dengan kesatuannya sebagai akibat dari atau diduga diakibatkan oleh tindakan musuh atau di luar kekuasaannya, dinyatakan hilang dalam tugas, wajib terus dicari. (2) Prajurit sebagaimana dimaksud pada ayat (1) apabila setelah 1 (satu) tahun tidak ada kepastian atas dirinya, diberhentikan dengan hormat dan kepada ahli warisnya diberikan hak sebagaimana hak prajurit yang gugur sesuai dengan peraturan perUUan. (3) Praju...

---

[web_article] . (2) Selain menduduki jabatan pada kementerian/lembaga sebagaimana dimaksud pada ayat (1), Prajurit dapat menduduki jabatan sipil lain setelah mengundurkan diri atau pensiun dari dinas aktif keprajuritan. Menurutnya, berlakunya Pasal 47 ayat 1 dan 2 mengakibatkan terjadinya kontradiksi sehingga menciptakan dwifungsi militer. Sebab itu, dia menilai prinsip supremasi sipil sebagai elemen fundamental negara hukum tidak terpenuhi. Pengisian jabatan sipil oleh prajurit TNI tanpa adanya pengunduran d...",0.7718521356582642
Bagaimana ketentuan pensiun bagi prajurit yang diberhentikan dengan hormat?,"1. Inti Jawaban:
- Pensiun diberikan jika prajurit telah menjalani dinas keprajuritan minimal 20 tahun.
- Implikasi praktisnya adalah pensiun menjadi hak utama bagi prajurit karier yang telah mengabdi panjang.

2. Rincian Analisis:
a. Isu Pokok: Syarat memperoleh pensiun.
b. Aturan & Unsur: Pasal 51 ayat (2) huruf a UU No. 34 Tahun 2004 menetapkan pensiun hanya untuk masa dinas ≥20 tahun. Penjelasan pasal mempertegas bahwa ini khusus untuk prajurit karier.
c. Penerapan: Pensiun berlaku otomatis saat pemberhentian dengan hormat jika masa dinas terpenuhi, tanpa perlu permohonan.

3. Disclaimer: Besaran pensiun diatur lebih lanjut dalam Peraturan Pemerintah.","1. Inti Jawaban:
   a. Pensiu n diberikan jika telah menjalani dinas keprajuritan minimal 20 tahun.
   b. Tunjangan bersifat pensiun untuk 15-20 tahun dinas, tunjangan untuk 10-15 tahun, pesangon untuk <5 tahun.
2. Rincian Analisis:
   a. Isu Pokok: Mekanisme pensiun prajurit TNI.
   b. Aturan & Unsur: Pasal 51 ayat (2) UU No. 34/2004 mengatur pensiun berdasarkan durasi dinas.
   c. Penerapan: Prajurit dengan 20 tahun dinas menerima pensiun, sedangkan <5 tahun menerima pesangon.
3. Disclaimer: Informasi ini merujuk pada UU No. 34/2004 dan dapat berubah setelah revisi.","[undang_undang] Pasal 51 Isi: (1) Prajurit yang diberhentikan dengan hormat memperoleh rawatan dan layanan purnadinas. (2) Rawatan dan layanan purnadinas sebagaimana dimaksud pada ayat (1), meliputi pensiun, tunjangan bersifat pensiun, tunjangan atau pesangon dan rawatan kesehatan. (3) Pelaksanaan ketentuan sebagaimana dimaksud pada ayat (1) dan ayat (2) diatur dengan Peraturan Pemerintah. Penjelasan: Ayat (1) Cukup jelas. Ayat (2) Prajurit karier yang diberhentikan dengan hormat dari dinas keprajuritan menerim...

---

[academic_draft] 11 negara serta pengaturan terkait batasan usia pensiun bagi prajurit TNI dikaitkan dengan Putusan Mahkamah Konstitusi Nomor 62/PUU-XIV/2016 yang menyatakan bahwa hal ini merupakan kebijakan hukum terbuka (open legal policy)? 2. Bagaimana perkembangan pengaturan keterlibatan prajurit aktif TNI pada Kementerian/lembaga negara dan batasan usia pensiun prajurit TNI saat ini serta kebijakan dalam menyikapi perkembangan tersebut? 3. Bagaimana teori dan praktik terkait pengaturan keterlibatan prajurit...

---

[web_article] . Tiga, meningkatkan kesejahteraan prajurit serta jaminan sosial bagi prajurit. Empat, menyesuaikan ketentuan terkait kepemimpinan jenjang karir dan usia pensiun sesuai dengan kebutuhan organisasi, tambahnya. Dalam momen ini, Menhan juga menyertakan pasal-pasal perubahan di RUU TNI dari pemerintah. Adapun yang ditekankan adalah kedudukan TNI di (Pasal 3), penempatan prajurit TNI di kementerian atau lembaga (pasal 47), dan batas usia pensiun (pasal 53). Simak juga video: Baleg DPR Batalkan Pembah...

---

[undang_undang] Pasal 55 Isi: (1) Prajurit diberhentikan dengan hormat dari dinas keprajuritan karena: a. atas permintaan sendiri; b. telah berakhirnya masa ikatan dinas c. menjalani masa pensiun; d. tidak memenuhi persyara tan jasmani atau rohani; e. gugur, tewas, atau meninggal dunia; f. alih status menjadi pegawai negeri sipil; g. menduduki jabatan yang menurut peraturan perundang- undangan, tidak dapat diduduki oleh seorang prajurit aktif; dan h. berdasarkan pertimbangan khusus untuk kepentingan dinas. (2) ...

---

[undang_undang] Pasal 71 Isi: Pada saat berlakunya UU ini, ketentuan tentang usia pensiun sebagaimana dimaksud pada 53, diatur sebagai berikut: a. Usia pensiun paling tinggi 58 (lima puluh delapan) tahun bagi perwira dan 53 (lima puluh tiga) tahun bagi bintara dan tamtama, hanya berlaku bagi prajurit TNI yang pada tanggal UU ini diundangkan belum dinyatakan pensiun dari dinas TNI; b. Pelaksanaan ketentuan sebagaimana dimaksud pada huruf a diatur secara bertahap: 1. Perwira yang tepat berusia atau belum genap be...",0.6493158340454102
Bagaimana mekanisme pengaturan jabatan PNS di lingkungan TNI menurut UU No. 34 Tahun 2004?,1. Inti Jawaban: Mekanisme pengaturan jabatan PNS di TNI diatur melalui keputusan Panglima TNI berdasarkan Pasal 46 ayat (2) UU No. 34 Tahun 2004. Implikasinya adalah Panglima memiliki kewenangan penuh dalam menetapkan aturan tersebut. 2. Rincian Analisis: a. Isu Pokok: Kewenangan pengaturan jabatan PNS di TNI. b. Aturan & Unsur: Pasal 46 ayat (2) menegaskan bahwa ketentuan tentang jabatan PNS di TNI diatur oleh Panglima. c. Penerapan: Keputusan Panglima menjadi dasar hukum untuk menetapkan syarat dan prosedur pengisian jabatan oleh PNS. 3. Disclaimer: Informasi ini merujuk pada versi UU sebelum adanya perubahan.,"1. Inti Jawaban:
   a. Mekanisme pengaturan melalui keputusan Panglima untuk jabatan tertentu.
   b. Implikasi: Proses harus transparan dan sesuai kebutuhan institusi.
2. Rincian Analisis:
   a. Isu Pokok: Prosedur penempatan PNS di TNI.
   b. Aturan & Unsur: Pasal 46 ayat (1) UU No. 34 Tahun 2004 memberikan wewenang kepada Panglima.
   c. Penerapan: Keputusan Panglima harus mempertimbangkan kebutuhan operasional TNI.
3. Disclaimer: Interpretasi ini tidak menggantikan konsultasi hukum resmi.","[academic_draft] 26 BAB V JANGKAUAN, ARAH PENGATURAN, DAN RUANG LINGKUP MATERI MUATAN RANCANGAN UNDANG-UNDANG A. Jangkauan dan Arah Pengaturan Jangkauan dan arah pengaturan perubahan UU TNI terbatas pada peran prajurit aktif TNI pada kementerian/ lembaga lain sesuai kebutuhan institusi dimaksud dan kebijakan Presiden. Di samping itu, perubahan UU TNI juga mengatur mengenai batasan usia masa dinas bagi prajutir TNI sesuai dengan kebutuhan dan mensikronkan dengan berbagai ketentuan peraturan perUUan yang ada, baik...

---

[undang_undang] Pasal 46 Isi: (1) Jabatan tertentu dalam struktur di lingkungan TNI dapat diduduki oleh pegawai negeri sipil. (2) Ketentuan sebagaimana dimaksud pada ayat (1) diatur dengan keputusan Panglima....

---

[web_article] . Adapun aturan di dalamnya berisi penugasan prajurit di lingkungan kejaksaan hingga bantuan personel TNI. Kemudian juga, ada nota kesepahaman TNI dengan Kejaksaan Nomor 4 Tahun 2023 yang isinya yaitu tentang pendidikan dan latihan, kemudian pertukaran informasi, kemudian penugasan prajurit TNI di lingkungan kejaksaan, ujar Agus. Kemudian dukungan kepada TNI di bidang Perdata dan TU, kemudian pemanfaatan sarana-prasarana, dan koordinasi teknis penyelidikan dan penuntutan serta penanganan perkara...

---

[analysis_report] . Bahkan dalam konteks politik praktis peran militer di Indonesia telah diminimalkan. Dengan disahkannya Undang- Undang Nomor 34 Tahun 2004, pada konteks pengerahan dan penggunaan kekuatan militer ternyata TNI (TNI) berkedudukan di bawah Presiden. Selanjutnya, dalam hal kebijakan maupun strategi pertahanan dan dukungan administrasi, TNI berada di Sumber: Biro Humas Kemhan...

---

[undang_undang] Pasal 3 Isi: (1) Dalam pengerahan dan penggu naan kekuatan militer, TNI berkedudukan di bawah Presiden. (2) Dalam kebijakan dan strategi pertahanan serta dukungan administrasi, TNI di bawah koordinasi Departemen Pertahanan. Penjelasan: Ayat (1) Yang dimaksud berkedudukan di bawah Presiden adalah bahwa keberadaan TNI di bawah kekuasaan Presiden. Ayat (2) Yang dimaksud dengan di bawah koordinasi Departemen Pertahanan adalah segala sesuatu yang berkaitan dengan perencanaan strategis yang meliputi a...",0.6337596774101257
Apa hak setiap prajurit TNI berdasarkan Pasal 41 UU No. 34 Tahun 2004?,"1. Inti Jawaban:
   - Setiap prajurit TNI berhak mendapatkan kesempatan untuk mengembangkan kemampuannya melalui pendidikan dan penugasan.
   - Implikasi praktisnya adalah prajurit dapat meningkatkan kompetensi mereka untuk mendukung tugas TNI.

2. Rincian Analisis:
   a. Isu Pokok: Hak pengembangan kemampuan prajurit TNI.
   b. Aturan & Unsur: Pasal 41 ayat (1) UU No. 34 Tahun 2004 menyatakan bahwa prajurit berhak atas pendidikan dan penugasan dengan mempertimbangkan kepentingan TNI dan persyaratan yang ditentukan.
   c. Penerapan: Prajurit dapat mengajukan permohonan untuk mengikuti pendidikan atau penugasan tertentu asalkan memenuhi syarat dan sesuai dengan kebutuhan TNI.

3. Disclaimer: Informasi ini bersifat umum dan tidak menggantikan konsultasi hukum resmi.","A. Setiap prajurit memiliki hak untuk mengembangkan kemampuan melalui pendidikan dan penugasan, dengan syarat kepentingan TNI dan persyaratan yang ditetapkan. B. Implikasi praktisnya adalah adanya mekanisme pengembangan karier prajurit. C. Atas dasar ini, hak prajurit harus diperjuangkan melalui proses resmi.","[web_article] . Peserta sidang menjawab setuju dan dengan demikian, UU yang mengatur perubahan UU Nomor 34 Tahun 2004 sah. Apa saja yang berubah dalam UU tersebut? Simak penjelasannya di bawah ini, yuk! DilihatdetikJogjadari dokumen UU Republik Indonesia Nomor 34 Tahun 2004 tentang TNI, tugas pokok TNI dibedakan menjadi 2 dalam pasal 7 ayat (2), yakni operasi militer untuk perang dan operasi militer selain perang. Untuk operasi militer selain perang, tugas TNI dirinci sebanyak 14 poin sebagaimana tertera dala...

---

[academic_draft] 22 C. UU Nomor 34 Tahun 2004 tentang TNI UU Nomor 34 Tahun 2004 tentang TNI (UU TNI) saat ini telah berlaku lebih kurang 20 (dua puluh) tahun. Tentu selama berlaku, ada beberapa ketentuan atau materi muatan yang sudah tidak sesuai dengan dinamika dan perkembangan yang ada. Salah satunya, terkait peran prajurit aktif TNI pada Kementerian/lembaga lain serta batasan usia prajurit TNI. D. Putusan Mahkamah Konstitusi UU TNI pernah diuji di Mahkamah Konstitusi...

---

[petition] . 31 tahun 1997 tentang Peradilan Militer. Agenda revisi UU ini lebih penting ketimbang RUU TNI, karena agenda itu merupakan kewajiban konstitusional negara untuk menjalankan prinsip persamaan di hadapan hukum (equality before the law) bagi semua warga negara, tanpa kecuali. Reformasi peradilan militer merupakan mandat TAP MPR No. VII Tahun 2000 dan UU No. 34 tahun 2004 tentang TNI. Kami menilai RUU TNI akan mengembalikan Dwifungsi TNI, yaitu militer aktif menduduki jabatan-jabatan sipil. Perlua...

---

[undang_undang] Pasal 41 Isi: (1) Setiap prajurit memperoleh kesempatan untuk mengembangkan kemampuannya melalui pendidikan dan penugasan, dengan mempertimbangkan kepentingan TNI serta memenuhi persyaratan yang ditentukan. (2) Ketentuan sebagaimana dimaksud pada ayat (1) diatur dengan keputusan Panglima....

---

[legal_request] . (3) TNI terdiri atas Angkatan Darat, Angkatan Laut dan Angkatan Udara sebagai alat negara bertugas mempertahankan, melindungi Kemudian Pasal 3 ayat (1) UU No. 3 Tahun 2002 Tentang Pertahanan Negara, mengatur: Pertahanan negara disusun berdasarkan prinsip demokrasi, hak asasi manusia, kesejahteraan umum, lingkungan hidup, ketentuan hukum nasional, hukum internasional dan kebiasaan internasional, serta prinsip hidup berdampingan secara damai. UU No. 3 Tahun 2025 menyangkut usaha pertahanan dan k...",0.6942620277404785
Bagaimana keterkaitan antara Pasal 67 UU TNI dengan undang-undang keuangan negara?,"1. Inti Jawaban: Pasal 67 merupakan implementasi spesifik dari prinsip penganggaran dalam UU Keuangan Negara untuk sektor pertahanan. Implikasinya, ada harmonisasi sistem anggaran. 2. Rincian Analisis: a. Isu Pokok: Hubungan antar regulasi. b. Aturan & Unsur: Pasal 67 UU No. 34/2004 harus dibaca bersama UU No. 17/2003 tentang Keuangan Negara. c. Penerapan: Ketentuan ini menjamin konsistensi pengelolaan APBN. 3. Disclaimer: Tidak melakukan analisis mendalam terhadap seluruh UU terkait.",1. Inti Jawaban: Pasal 67 UU TNI menjadi dasar penggunaan anggaran pertahanan negara.2. Rincian Analisis:a. Isu Pokok: Hubungan antara anggaran TNI dan sistem APBN.b. Aturan & Unsur: Pasal 67 menyebutkan bahwa biaya TNI berasal dari APBN.c. Penerapan: Setiap pengeluaran harus sesuai dengan alokasi anggaran yang disetujui DPR.3. Disclaimer: Informasi ini bersifat umum dan tidak menggantikan konsultasi hukum resmi.,"[academic_draft] . 3. Perlu dilakukan perubahan terhadap Pasal 47 dan Pasal 53 dalam UU TNI. B. Saran Naskah Akademik dan Rancangan UU ini diharapkan dapat memenuhi kebutuhan hukum dan memberi jaminan kepastian hukum kepada prajurit aktif TNI dalam menjalankan tugasnya sebagaimana diamanatkan dalam UU TNI. Atas hal itu, maka perlu segera dilakukan perubahan atas Pasal 47 dan Pasal 53 UU TNI sehingga memberikan landasan hukum bagi penyelenggaraan peran TNI yang lebih optimal dan memberikan kepastian hukum....

---

[web_article] . Koalisi memandang, Perubahan Pasal 47 Ayat (2) ini sebenarnya tak lain merupakan upaya Prabowo untuk melegitimasi penempatan TNI aktif yang sudah dilakukannya secara tidak sah dan bertentangan dengan UU TNI sejak awal Pemerintahannya berlangsung, misalnya dalam penempatan Mayor Teddy sebagai Sekretaris Kabinet dan Mayjen TNI Novi Helmy sebagai Direktur Utama Perum Bulog, kata Koalisi Masyarakat Sipil. Parahnya, ketimbang melakukan evaluasi dengan mengacu kepada UU TNI, dalam konteks penempatan...

---

[academic_draft] . B. Materi Muatan RUU Materi muatan RUU memuat materi perubahan dalam Pasal 47 dan Pasal 53 UU TNI. Di samping itu, dimuat juga ketentuan mengenai tugas pemantauan dan peninjauan atas UU TNI ini oleh DPR melalui alat kelengkapan yang menangani bidang legislasi. Rumusan materi muatan perubahan Pasal 47, Pasal 53, dan tugas pemantauan dan peninjauan UU TNI sebagaimana dimuat dalam rancangan UU tentang perubahan atas UU TNI....

---

[undang_undang] Pasal 73 Isi: Pada saat berlakunya UU ini, semua peraturan pelaksanaan tentang TNI dinyatakan tetap berlaku sepanjang tidak bertentangan dan belum diganti sesuai dengan UU ini....

---

[undang_undang] Pasal 66 Isi: (1) TNI dibiayai dari anggaran pertahanan negara yang berasal dari Anggaran Pendapatan dan Belanja Negara. (2) Keperluan anggaran sebagaimana dimaksud pada ayat (1) diajukan oleh Departemen Pertahanan....",0.6285152435302734
Apakah pengaktifan kembali berlaku untuk semua pangkat?,1. Inti Jawaban: Pasal 60 berlaku untuk semua Prajurit tanpa pengecualian pangkat. Implikasi praktisnya adalah kesetaraan kewajiban. 2. Rincian Analisis: a. Isu Pokok: Cakupan subjek hukum. b. Aturan & Unsur: Tidak membedakan berdasarkan pangkat. c. Penerapan: Termasuk mantan prajurit dari semua jenjang. 3. Disclaimer: Implementasi mungkin mempertimbangkan kompetensi.,"Ya, untuk semua pangkat, termasuk bintara dan tamtama. Pembuktian prestasi harus objektif dan transparan. Implikasi: Potensi penyalahgunaan jika tidak ada kontrol ketat.","[undang_undang] Pasal 42 Isi: (1) Setiap prajurit memperoleh kesempatan untuk mendapat kenaikan pangkat dan/atau jabatan berdasarkan prestasinya, sesuai dengan pola karier yang berlaku dengan mempertimbangkan kepentingan TNI dan memenuhi persyaratan yang ditentukan. (2) Ketentuan sebagaimana dimaksud pada ayat (1) diatur dengan keputusan Panglima....

---

[web_article] . Anies kemudian mempertanyakan jaminan bahwa revisi UU TNI itu tak akan berdampak selain yang diniatkan pembuat kebijakan. Dia juga menyinggung di tubuh TNI masih ada tantangan tersendiri, yakni meritokrasi dalam jenjang karier. Jika revisi ini bertujuan memperkuat TNI, kita harus pastikan ada rambu hukum yang jelas. Apa mekanisme pengamannya? Bagaimana memastikan bahwa perubahan ini tidak akan membawa dampak di luar niat awal pembuat kebijakan? Selain itu, apakah revisi ini menyelesaikan masal...

---

[web_article] . Dari sebelumnya hanya 10 institusi, kini diusulkan menjadi 15. Beberapa lembaga tambahan yang dimasukkan, seperti Badan Nasional Penanggulangan Bencana (BNPB) dan Kejaksaan Agung, menimbulkan tanda tanya besar: apakah ini masih sejalan dengan semangat reformasi? Sejak reformasi 1998, kita sepakat bahwa TNI harus kembali ke barak dan fokus pada tugas utamanya, yaitu pertahanan negara. Reformasi TNI dengan tegas menolak keterlibatan prajurit aktif dalam urusan sipil. Namun, RUU TNI justru member...

---

[undang_undang] Pasal 44 Isi: (1) Prajurit yang mendapat tugas dengan pertaruhan jiwa raga secara langsung dan berjasa melampaui panggilan tugas dapat dianugerahi kenaikan pangkat luar biasa. (2) Ketentuan sebagaimana dimaksud pada ayat (1) diatur dengan Peraturan Pemerintah. Penjelasan: Ayat (1) Yang dimaksud dengan melampaui panggilan tugas adalah bahwa seseorang prajurit TNI tanpa memperdulikan keselamatan jiwanya melakukan tindakan kepahlawanan dalam suatu tugas demi bangsa dan negara, walaupun tindakan itu...",0.46192699670791626
Bagaimana mekanisme koordinasi TNI AU dengan instansi lain dalam penegakan hukum udara?,"1. Inti Jawaban:
- Melalui forum seperti Bakamla, Kemenko Polhukam, dan koordinasi teknis dengan AirNav Indonesia.
- Implikasi praktis: Pembagian peran dalam monitoring dan interdiksi pelanggaran.

2. Rincian Analisis:
a. Isu Pokok: Sinergi lintas lembaga dalam keamanan udara.
b. Aturan & Unsur: Pasal 10(1)(b) UU No. 34 Tahun 2004 harus dibaca dengan UU No. 1 Tahun 2009 tentang Penerbangan.
c. Penerapan: Protokol bersama untuk penanganan pesawat tanpa izin.

3. Disclaimer: Koordinasi sering terkendala oleh ego sektoral dan perbedaan regulasi.","1. Inti Jawaban:
   a. Mekanisme melalui kolaborasi lintas institusi.
   b. Implikasi: Memerlukan kesepahaman regulasi antarlembaga.
2. Rincian Analisis:
   a. Isu Pokok: Proses sinkronisasi penegakan hukum udara.
   b. Aturan & Unsur: Pasal 10 huruf b menyebut kerja sama dengan lembaga seperti Polri dan otoritas bandara.
   c. Penerapan: Contoh: Operasi penyelundupan barang ilegal di udara memerlukan koordinasi dengan Bea Cukai.
3. Disclaimer: Jawaban bersifat umum.","[web_article] . SCROLL TO CONTINUE WITH CONTENT Selain itu, dia menegaskan UU TNI ini sebagai upaya memperkuat reformasi TNI. Dia berharap, dengan aturan ini, anggota TNI tetap profesional dan fokus terhadap tugas pokoknya dalam pertahanan negara. Kita ingin memastikan bahwa aturan ini berjalan dengan baik dan semua pihak menjalankan tugasnya sesuai dengan ketentuan yang berlaku, katanya. Sebagai informasi, DPR telah mengesahkan revisi UU tentang Perubahan atas UU Nomor 34 Tahun 2004 tentang TNI atau RUU TNI ...

---

[analysis_report] 7 EDISI KHUSUS 2019 bawah koordinasi Kementerian Pertahanan Republik Indonesia (Huda, 2015: 254). Wujud nyata amanah dalam konstitusi tersebut menempatkan posisi TNI senantiasa berkiprah untuk mencegah terjadinya ancaman militer dan nir militer serta memberikan andil dalam memajukan bangsa dan negara. Pada masa damai TNI dibutuhkan atensinya sebagai kekuatan dalam membantu pemerintahan melalui berbagai macam tugas khusus atau yang dikenal dengan OMSP (OMSP). Oleh karena itu, tantangan yang dihad...

---

[undang_undang] Pasal 70 Isi: (1) Hubungan dan kerja sama TNI dengan lembaga, badan, serta instansi di dalam negeri didasarkan atas kepentingan pelaksanaan tugas TNI dalam kerangka pertahanan negara. (2) Hubungan dan kerja sama luar negeri dilakukan dalam rangka tugas operasional, kerja sama teknik, serta pendidikan dan latihan. (3) Hubungan dan kerja sama dalam dan luar negeri sebagaimana dimaksud pada ayat (1) dan ayat (2) dilaksanakan berdasarkan kebijakan pemerintah di bidang pertahanan negara....

---

[undang_undang] Pasal 10 Isi: Angkatan Udara bertugas: a. melaksanakan tugas TNI matra udara di bidang pertahanan; b. menegakkan hukum dan menjaga keamanan di wilayah udara yurisdiksi nasional sesuai dengan ketentuan hukum nasional dan hukum internasional yang telah diratifikasi; c. melaksanakan tugas TNI dalam pembangunan dan pengembangan kekuatan matra udara; serta d. melaksanakan pemberdayaan wilayah pertahanan udara Penjelasan: Huruf a Cukup jelas. Huruf b Yang dimaksud dengan menegakkan hukum dan menjaga k...",0.5853070020675659
Apa saja persyaratan umum untuk menjadi prajurit TNI berdasarkan Pasal 28 UU No. 34 Tahun 2004?,"1. Inti Jawaban:
- Persyaratan umum meliputi: WNI, beriman dan bertakwa, setia pada NKRI, minimal 18 tahun, tidak memiliki catatan kriminal, sehat jasmani-rohani, tidak kehilangan hak menjadi prajurit, lulus pendidikan pertama, dan memenuhi persyaratan lain.
- Implikasi: Hanya yang memenuhi syarat dapat menjadi prajurit TNI.

2. Rincian Analisis:
a. Isu Pokok: Persyaratan legal menjadi prajurit TNI.
b. Aturan & Unsur: Pasal 28 ayat (1) UU No. 34/2004 menyebut 9 unsur (a-i) seperti kewarganegaraan, usia, integritas, dan kesehatan.
c. Penerapan: Setiap calon prajurit harus diverifikasi sesuai ketentuan ini sebelum dilantik.

3. Disclaimer: Analisis berdasarkan UU berlaku saat ini; perubahan aturan mungkin memengaruhi interpretasi.","A. Inti Jawaban:
1. Persyaratan Umum: Warga negara Indonesia, berusia minimal 16 tahun dan maksimal 35 tahun, memiliki ijazah SD/sederajat, dan sehat jasmani dan rohani.
2. Implikasi: Syarat ini menjamin kesiapan fisik dan mental prajurit.
B. Rincian Analisis:
1. Isu Pokok: Persyaratan dasar untuk menjadi prajurit.
2. Aturan & Unsur: Pasal 28 UU TNI mensyaratkan warganegara, usia, pendidikan, dan kesehatan.
C. Disclaimer: Informasi ini bersifat umum dan tidak menggantikan konsultasi hukum resmi.","[undang_undang] Pasal 42 Isi: (1) Setiap prajurit memperoleh kesempatan untuk mendapat kenaikan pangkat dan/atau jabatan berdasarkan prestasinya, sesuai dengan pola karier yang berlaku dengan mempertimbangkan kepentingan TNI dan memenuhi persyaratan yang ditentukan. (2) Ketentuan sebagaimana dimaksud pada ayat (1) diatur dengan keputusan Panglima....

---

[academic_draft] 27 BAB VI PENUTUP A. Simpulan Berdasarkan uraian yang telah disampaikan pada bab-bab sebelumnya, dapat disimpulkan hal-hal sebagai berikut: 1. Adanya kebutuhan hukum untuk mengubah ketentuan Pasal 47 terkait peran prajurit aktif TNI pada kementerian/ lembaga lain sesuai dengan kebutuhan. Selain itu, perlu diubah ketentuan dalam Pasal 53 terkait batasan usia masa dinas prajurit TNI sesuai dengan kepangkatan dan beban kerjanya. 2. Adanya kebutuhan-kebutuhan yang nyata dan mendesak dalam penyelengg...

---

[undang_undang] Pasal 41 Isi: (1) Setiap prajurit memperoleh kesempatan untuk mengembangkan kemampuannya melalui pendidikan dan penugasan, dengan mempertimbangkan kepentingan TNI serta memenuhi persyaratan yang ditentukan. (2) Ketentuan sebagaimana dimaksud pada ayat (1) diatur dengan keputusan Panglima....

---

[academic_draft] 22 C. UU Nomor 34 Tahun 2004 tentang TNI UU Nomor 34 Tahun 2004 tentang TNI (UU TNI) saat ini telah berlaku lebih kurang 20 (dua puluh) tahun. Tentu selama berlaku, ada beberapa ketentuan atau materi muatan yang sudah tidak sesuai dengan dinamika dan perkembangan yang ada. Salah satunya, terkait peran prajurit aktif TNI pada Kementerian/lembaga lain serta batasan usia prajurit TNI. D. Putusan Mahkamah Konstitusi UU TNI pernah diuji di Mahkamah Konstitusi...

---

[web_article] . Utut menyebut DIM itu salah satunya berkaitan dengan Pasal 47 UU TNI. DIM itu singkatan dari daftar inventarisasi masalah yang akan nanti, kita banyak, kita akan revisi, yaitu yang berkaitan dengan lingkup tugas di Pasal 47, TNI bisa ke mana saja, kemudian di usia di Pasal 53 dan satu lagi di kedudukan, di Pasal 3, ujar Utut dalam rapat, Senin (10/3/2025). Pasal 47 mengatur tentang aturan prajurit jika ingin menduduki jabatan sipil. Dalam ayat 1 dijelaskan prajurit bisa menduduki jabatan sipil...",0.7572830319404602
Bagaimana ketentuan ikatan dinas bagi Prajurit Sukarela diatur lebih lanjut?,1. Inti Jawaban: Ketentuan ikatan dinas Prajurit Sukarela diatur lebih lanjut dengan Peraturan Pemerintah. Implikasi praktisnya adalah pemerintah memiliki kewenangan untuk menetapkan aturan detail. 2. Rincian Analisis: a. Isu Pokok: Mekanisme pengaturan ikatan dinas. b. Aturan & Unsur: Pasal 23 ayat (2) UU No. 34 Tahun 2004 menyatakan bahwa ketentuan ikatan dinas diatur lebih lanjut dengan Peraturan Pemerintah. c. Penerapan: Pemerintah memiliki kewenangan untuk menetapkan aturan teknis terkait ikatan dinas. 3. Disclaimer: Penjelasan ini bersifat umum dan tidak menggantikan konsultasi hukum.,1. Inti Jawaban: Ketentuan ikatan dinas Prajurit Sukarela diatur lebih lanjut dengan Peraturan Pemerintah.2. Rincian Analisis:a. Isu Pokok: Penjelasan tentang ikatan dinas Prajurit Sukarela.b. Aturan & Unsur: Pasal 23 ayat (2) menyatakan bahwa ketentuan ikatan dinas diatur lebih lanjut dengan PP.c. Penerapan: PP akan memberikan detail teknis tentang ikatan dinas ini.3. Disclaimer: Informasi ini bersifat umum dan tidak menggantikan konsultasi hukum resmi.,"[undang_undang] Pasal 23 Isi: (1) Prajurit Sukarela menjalani dinas keprajuritan dengan ikatan dinas. (2) Ketentuan sebagaimana dimaksud pada ayat (1), diatur lebih lanjut dengan Peraturan Pemerintah....

---

[undang_undang] Pasal 47 Isi: (1) Prajurit hanya dapat menduduki jabatan sipil setelah mengundurkan diri atau pensiun dari dinas aktif keprajuritan. (2) Prajurit aktif dapat menduduki jabatan pada kantor yang membidangi koordinator bidang Politik dan Keamanan Negara, Pertahanan Negara, Sekretaris Militer Presiden, Intelijen Negara, Sandi Ne gara, Lembaga Ketahanan Nasional, Dewan Pertahanan Nasional, Search and Rescue (SAR) Nasional, Narkotika Nasional, dan Mahkamah Agung. (3) Prajurit yang menduduki jabatan se...

---

[undang_undang] Pasal 55 Isi: (1) Prajurit diberhentikan dengan hormat dari dinas keprajuritan karena: a. atas permintaan sendiri; b. telah berakhirnya masa ikatan dinas c. menjalani masa pensiun; d. tidak memenuhi persyara tan jasmani atau rohani; e. gugur, tewas, atau meninggal dunia; f. alih status menjadi pegawai negeri sipil; g. menduduki jabatan yang menurut peraturan perundang- undangan, tidak dapat diduduki oleh seorang prajurit aktif; dan h. berdasarkan pertimbangan khusus untuk kepentingan dinas. (2) ...

---

[web_article] . (2) Selain menduduki jabatan pada kementerian/lembaga sebagaimana dimaksud pada ayat (1), Prajurit dapat menduduki jabatan sipil lain setelah mengundurkan diri atau pensiun dari dinas aktif keprajuritan. Menurutnya, berlakunya Pasal 47 ayat 1 dan 2 mengakibatkan terjadinya kontradiksi sehingga menciptakan dwifungsi militer. Sebab itu, dia menilai prinsip supremasi sipil sebagai elemen fundamental negara hukum tidak terpenuhi. Pengisian jabatan sipil oleh prajurit TNI tanpa adanya pengunduran d...

---

[undang_undang] Pasal 61 Isi: (1) Prajurit yang diberhentikan dengan hormat dari dinas keprajuritan berhak memakai tanda jasa kenegaraan yang dimilikinya pada waktu menghadiri upacara nasional atau kemiliteran sesuai yang diperolehnya pada saat masih berdinas aktif. (2) Pelaksanaan ketentuan sebagaimana dimaksud pada ayat (1) diatur dengan keputusan Presiden....",0.6552454233169556
Bagaimana Pasal 77 memengaruhi sistem pembinaan karir prajurit TNI?,"1. Inti Jawaban: Sistem pembinaan karir kini merujuk pada Bab VI UU No 34 Tahun 2004. Implikasinya, pola karir prajurit lebih terstruktur dan profesional. 2. Rincian Analisis: a. Isu Pokok: Kontinuitas pembinaan pasca perubahan UU. b. Aturan & Unsur: Pasal 77 mengharuskan penyesuaian dengan Pasal 25-27 UU TNI. c. Penerapan: Pendidikan dan promosi mengacu standar baru. 3. Disclaimer: Perubahan sistem memerlukan masa adaptasi.",1. Inti Jawaban: Pasal 77 UU TNI menjadi dasar hukum pembinaan karir prajurit TNI. Implikasinya adalah prajurit TNI dapat berkembang secara profesional.2. Rincian Analisis:a. Isu Pokok: Hubungan Pasal 77 dengan pembinaan karir prajurit TNI.b. Aturan & Unsur: Pasal 77 UU TNI mengatur tentang pembinaan karir prajurit T lain.c. Penerapan: Pembinaan karir prajurit TNI harus sesuai dengan ketentuan Pasal 77 UU TNI.3. Disclaimer: Informasi ini bersifat umum dan tidak menggantikan konsultasi hukum resmi.,"[academic_draft] . 3. Perlu dilakukan perubahan terhadap Pasal 47 dan Pasal 53 dalam UU TNI. B. Saran Naskah Akademik dan Rancangan UU ini diharapkan dapat memenuhi kebutuhan hukum dan memberi jaminan kepastian hukum kepada prajurit aktif TNI dalam menjalankan tugasnya sebagaimana diamanatkan dalam UU TNI. Atas hal itu, maka perlu segera dilakukan perubahan atas Pasal 47 dan Pasal 53 UU TNI sehingga memberikan landasan hukum bagi penyelenggaraan peran TNI yang lebih optimal dan memberikan kepastian hukum....

---

[web_article] . Untuk operasi militer selain perang, tugas TNI dirinci sebanyak 14 poin sebagaimana tertera dalam huruf b ayat (2) pasal 7. Dua di antaranya tugas tambahan TNI membantu dalam upaya menanggulangi ancaman pertahanan siber dan membantu dalam melindungi dan menyelamatkan warga negara serta kepentingan nasional di luar negeri. Kemudian pasal 47 UU Nomor 34 Tahun 2004. Pasal ini mengatur tentang kementerian atau lembaga yang dapat diisi TNI. Lalu, mengenai batas usia pensiun TNI. Sebelum direvisi, a...

---

[academic_draft] . Penempatan prajurit aktif TNI pada kementerian/lembaga negara dalam praktiknya tidak sebatas kementerian/lembaga negara yang tercantum dalam Pasal 47 ayat (2) UU TNI saja. Seiring dengan adanya kebutuhan sumber daya manusia yang menguasai keahlian di bidang tertentu, saat ini beberapa prajurit aktif TNI dapat juga diperbantukan pada kementerian/lembaga lain yang membutuhkan keahliannya. Sebut saja antara lain misalkan pada: kementerian kelautan dan perikanan, staf kepresidenan, badan nasional ...

---

[academic_draft] 9 perbatasan, kejaksaan agung, serta kementerian/lembaga lain sesuai dengan kebijakan Presiden. Kebutuhan penempatan prajurit aktif TNI pada kementerian/lembaga lain dalam perkembangannya terus bertambah. TNI memiliki banyak sumber daya manusianya sedangkan kementerian/lembaga justru mempunyai keterbatasan sumber daya manusianya. Kondisi ini harus diatasi agar penyelenggaraan pemerintahan berjalan dengan baik. Untuk itu, perubahan Pasal 47 ayat (2) UU TNI merupakan suatu keniscayaan. Berkaitan d...",0.7322955131530762
Bagaimana posisi TNI dalam struktur anggaran pertahanan negara?,"1. Inti Jawaban:
- TNI merupakan penerima utama anggaran pertahanan negara sesuai Pasal 66 ayat (1) UU No. 34 Tahun 2004.
- Implikasi praktisnya adalah bahwa TNI menjadi fokus utama dalam alokasi dana pertahanan.

2. Rincian Analisis:
a. Isu Pokok: Pertanyaan ini berkaitan dengan peran TNI dalam anggaran pertahanan.
b. Aturan & Unsur: Pasal 66 ayat (1) menegaskan bahwa TNI dibiayai dari anggaran pertahanan negara.
c. Penerapan: Aturan ini menunjukkan bahwa TNI adalah institusi utama yang dibiayai dalam sektor pertahanan.

3. Disclaimer: Informasi ini bersifat umum dan tidak menggantikan konsultasi hukum resmi.","1. Inti Jawaban:
    a. Posisi TNI sebagai mitra pemerintah dalam pengelolaan anggaran pertahanan negara.
    b. Implikasi: TNI memiliki tanggung jawab untuk menjaga transparansi dan akuntabilitas penggunaan anggaran.
2. Rincian Analisis:
    a. Isu Pokok: Hubungan antara TNI dan anggaran pertahanan negara.
    b. Aturan & Unsur: Pasal 68 ayat (1)-(4) UU No. 3 Tahun 2002 mengatur bahwa TNI wajib mengelola anggaran pertahanan negara yang dialokasikan oleh pemerintah, dengan prinsip transparansi, akuntabilitas, pertanggungjawaban, dan efisiensi.
    c. Penerapan: TNI harus memastikan bahwa semua aktivitasnya sesuai dengan alokasi anggaran yang telah ditetapkan, tanpa ada pemborosan atau penyimpangan.
3. Disclaimer: Informasi ini hanya untuk edukasi dan tidak menggantikan konsultasi hukum resmi.","[undang_undang] Pasal 66 Isi: (1) TNI dibiayai dari anggaran pertahanan negara yang berasal dari Anggaran Pendapatan dan Belanja Negara. (2) Keperluan anggaran sebagaimana dimaksud pada ayat (1) diajukan oleh Departemen Pertahanan....

---

[academic_draft] . Sebagai kekuatan utama yang menurut UU Nomor 3 Tahun 2002 tentang Pertahanan Negara disebut sebagai komponen utama dalam sistem pertahanan negara, TNI merupakan alat negara yang bertugas mempertahankan, melindungi, dan memelihara keutuhan dan kedaulatan negara. Dalam Pasal 30 ayat (5) UUD NRI Tahun 1945 disebutkan bahwa susunan, kedudukan, hubungan, dan kewenangan TNI dalam melaksanakan tugas, termasuk syarat-syarat keikutsertaan...

---

[undang_undang] Pasal 68 Isi: (1) TNI wajib mengelola anggaran pertahanan negara yang dialokasikan oleh pemerintah. (2) TNI wajib mempertanggungja wabkan pengelolaan anggaran pertahanan negara sebagaimana dimaksud pada ayat (1) kepada Menteri Pertahanan. (3) Pengelolaan anggaran pertahanan negara oleh TNI sebagaimana dimaksud pada ayat (2) dilaksanakan berdasarkan prinsip transparansi, akuntabilitas, pertanggungjawaban, serta efisiensi untuk menerapkan tata pemerintahan yang baik. (4) Pengelolaan anggaran perta...

---

[undang_undang] Pasal 11 Isi: (1) Postur TNI dibangun dan dipersiapkan sebagai bagian dari postur pertahanan negara untuk mengatasi setiap ancaman militer dan ancaman bersenjata. (2) Postur TNI sebagaimana dimaksud pada ayat (1) dibangun dan dipersiapkan sesuai dengan kebijakan pertahanan negara. Bagian Kedua Organisasi Penjelasan: Ayat (1) Yang dimaksud dengan postur pertahanan negara adalah wujud penampilan kekuatan pertahanan negara yang tercermin dari keterpaduan kekuatan, kemampuan dan penggelaran sumber d...

---

[analysis_report] 7 EDISI KHUSUS 2019 bawah koordinasi Kementerian Pertahanan Republik Indonesia (Huda, 2015: 254). Wujud nyata amanah dalam konstitusi tersebut menempatkan posisi TNI senantiasa berkiprah untuk mencegah terjadinya ancaman militer dan nir militer serta memberikan andil dalam memajukan bangsa dan negara. Pada masa damai TNI dibutuhkan atensinya sebagai kekuatan dalam membantu pemerintahan melalui berbagai macam tugas khusus atau yang dikenal dengan OMSP (OMSP). Oleh karena itu, tantangan yang dihad...

---

[undang_undang] Pasal 67 Isi: (1) Dalam hal pemenuhan dukungan anggaran TNI, Panglima mengajukan kepada Menteri Pertahanan untuk dibiayai seluruhnya dari Anggaran Pendapatan dan Belanja Negara (2) Dalam hal pemenuhan dukungan anggaran operasi militer yang bersifat mendesak, Panglima mengajukan anggaran kepada Menteri Pertahanan untuk dibiayai dari anggaran kontijensi yang bersumber dari Anggaran Pendapatan dan Belanja Negara. (3) Dukungan sebagaimana dimaksud pada ayat (2) dimintakan persetujuan oleh Menteri Pe...",0.8553578853607178
Bagaimana mekanisme kenaikan pangkat di bawah Kolonel dalam TNI?,1. Inti Jawaban: Panglima TNI berwenang menetapkan kenaikan pangkat di bawah Kolonel tanpa memerlukan persetujuan Presiden. Implikasinya adalah efisiensi proses administrasi kenaikan pangkat menengah. 2. Rincian Analisis: a. Isu Pokok: Otorisasi kenaikan pangkat perwira menengah dan pertama. b. Aturan & Unsur: Pasal 43 ayat (2) UU No. 34/2004 memberikan kewenangan penuh kepada Panglima TNI untuk hal ini. c. Penerapan: Desentralisasi ini mempercepat proses kenaikan pangkat rutin sambil mempertahankan hierarki komando. 3. Disclaimer: Interpretasi dapat bervariasi tergantung perkembangan regulasi.,"(a) Inti: Mekanisme kenaikan pangkat di bawah Kolonel diatur oleh aturan internal TNI. (b) Rincian: Pasal 44 UU hanya mengatur kenaikan pangkat luar biasa, sedangkan mekanisme umum kenaikan pangkat di bawah Kolonel diatur oleh Peraturan Panglima. (c) Disclaimer: Informasi ini bersifat umum dan mungkin tidak mencakup semua detail.","[web_article] . Anies kemudian mempertanyakan jaminan bahwa revisi UU TNI itu tak akan berdampak selain yang diniatkan pembuat kebijakan. Dia juga menyinggung di tubuh TNI masih ada tantangan tersendiri, yakni meritokrasi dalam jenjang karier. Jika revisi ini bertujuan memperkuat TNI, kita harus pastikan ada rambu hukum yang jelas. Apa mekanisme pengamannya? Bagaimana memastikan bahwa perubahan ini tidak akan membawa dampak di luar niat awal pembuat kebijakan? Selain itu, apakah revisi ini menyelesaikan masal...

---

[web_article] . Dua, memperjelas batasan dan mekanisme pelibatan TNI dalam tugas non militer, ujar Sjafrie. Tiga, meningkatkan kesejahteraan prajurit serta jaminan sosial bagi prajurit. Empat, menyesuaikan ketentuan terkait kepemimpinan jenjang karir dan usia pensiun sesuai dengan kebutuhan organisasi, tambahnya. Dalam momen ini, Menhan juga menyertakan pasal-pasal perubahan di RUU TNI dari pemerintah. Adapun yang ditekankan, yakni kedudukan TNI (Pasal 3), penempatan prajurit TNI di kementerian atau lembaga (...

---

[undang_undang] Pasal 44 Isi: (1) Prajurit yang mendapat tugas dengan pertaruhan jiwa raga secara langsung dan berjasa melampaui panggilan tugas dapat dianugerahi kenaikan pangkat luar biasa. (2) Ketentuan sebagaimana dimaksud pada ayat (1) diatur dengan Peraturan Pemerintah. Penjelasan: Ayat (1) Yang dimaksud dengan melampaui panggilan tugas adalah bahwa seseorang prajurit TNI tanpa memperdulikan keselamatan jiwanya melakukan tindakan kepahlawanan dalam suatu tugas demi bangsa dan negara, walaupun tindakan itu...

---

[undang_undang] Pasal 42 Isi: (1) Setiap prajurit memperoleh kesempatan untuk mendapat kenaikan pangkat dan/atau jabatan berdasarkan prestasinya, sesuai dengan pola karier yang berlaku dengan mempertimbangkan kepentingan TNI dan memenuhi persyaratan yang ditentukan. (2) Ketentuan sebagaimana dimaksud pada ayat (1) diatur dengan keputusan Panglima....

---

[undang_undang] Pasal 3 Isi: (1) Dalam pengerahan dan penggu naan kekuatan militer, TNI berkedudukan di bawah Presiden. (2) Dalam kebijakan dan strategi pertahanan serta dukungan administrasi, TNI di bawah koordinasi Departemen Pertahanan. Penjelasan: Ayat (1) Yang dimaksud berkedudukan di bawah Presiden adalah bahwa keberadaan TNI di bawah kekuasaan Presiden. Ayat (2) Yang dimaksud dengan di bawah koordinasi Departemen Pertahanan adalah segala sesuatu yang berkaitan dengan perencanaan strategis yang meliputi a...",0.5948944091796875
Apa yang dimaksud dengan TNI sebagai Tentara Pejuang?,"1. Inti Jawaban:
- TNI sebagai Tentara Pejuang berarti TNI berjuang menegakkan dan mempertahankan Negara Kesatuan Republik Indonesia tanpa mengenal menyerah.
- Implikasi praktisnya adalah TNI memiliki semangat juang yang tinggi dalam melaksanakan tugasnya.

2. Rincian Analisis:
a. Isu Pokok: Definisi dan makna TNI sebagai Tentara Pejuang.
b. Aturan & Unsur: Berdasarkan Pasal 2 huruf b UU No. 34 Tahun 2004, TNI berjuang menegakkan NKRI dan tidak mengenal menyerah dalam melaksanakan tugasnya.
c. Penerapan: Konsep ini menegaskan bahwa TNI memiliki komitmen kuat untuk mempertahankan kedaulatan negara.

3. Disclaimer: Penjelasan ini berdasarkan UU No. 34 Tahun 2004 dan tidak mencakup interpretasi lain di luar ketentuan hukum yang berlaku.","A. Pasal 2 huruf b UU No. 34/2004 menyatakan TNI sebagai Tentara Pejuang adalah tentara yang berjuang menegakkan NKRI tanpa mengenal menyerah. Implikasinya, TNI harus siap menghadapi ancaman apapun. B. Risiko jika tidak patuh: Kehilangan legitimasi sebagai institusi pertahanan. C. Solusi: Pelatihan dan disiplin yang ketat.","[analysis_report] . TNI sebagai komponen utama harus mendapat dukungan dari segenap rakyat sebagai tulang punggung pertahanan. Hal ini penting bagi TNI karena episentrum kekuatan TNI tidak hanya pada tentara profesional dengan senjata yang canggih, akan tetapi juga pada kemanunggalan TNI dengan rakyat. Sehingga dengan terbangunnya Komponen Cadangan maka jumlah tentara regular sebesar 476 ribu akan mendapat tambahan kekuatan potensi cadangan sejumlah 130 juta jiwa (Global Power military power index ). Pembentukan ...

---

[analysis_report] . 4) Pembangunan postur ideal setelah MEF tercapai, diiringi dengan pembangunan industri pertahanan yang mengarah pada kemandirian industri pertahanan yang signifikan, kemampuan berkolaborasi secara internasional, dan pengembangan yang sustainable. b. Profesionalisme Prajurit UU Nomor 34 Tahun 2004 tentang TNI secara jelas menetapkan bahwa salah satu jati diri TNI adalah tentara profesional, yaitu tentara yang terlatih,...

---

[undang_undang] Pasal 2 Isi: Jati diri TNI adalah: a. Tentara Rakyat, yaitu tentara yang anggotanya berasal dari warga negara Indonesia; b. Tentara Pejuang, yaitu tentara yang berjuang menegakkan Negara Kesatuan Republik Indonesia dan tidak mengenal menyerah dalam melaksanakan dan menyelesaikan tugasnya; c. Tentara Nasional, yaitu tentara kebangsaan Indonesia yang bertugas demi kepentingan negara di atas kepentingan daerah, suku, ras, dan golongan agama; dan d. Tentara Profesional, yaitu te ntara yang terlatih,...

---

[analysis_report] . TNI berperan sebagai alat negara di bidang pertahanan yang dalam menjalankan tugasnya berdasarkan kebijakan dan keputusan politik negara. Kita lihat mulai pengabdian terbaik TNI, sejak awal perang kemerdekaan hingga saat ini rela mengorbankan jiwa dan raga ditandai dengan gugurnya puluhan prajurit sebagai kusuma bangsa, pada hakekatnya merupakan bukti atas komitmen kesetiaan dan pengabdian tulus prajurit TNI kepada rakyat bangsa dan Negara Indonesia tentunya merupakan kebijaksanaan pemerintah ...

---

[undang_undang] Pasal 11 Isi: (1) Postur TNI dibangun dan dipersiapkan sebagai bagian dari postur pertahanan negara untuk mengatasi setiap ancaman militer dan ancaman bersenjata. (2) Postur TNI sebagaimana dimaksud pada ayat (1) dibangun dan dipersiapkan sesuai dengan kebijakan pertahanan negara. Bagian Kedua Organisasi Penjelasan: Ayat (1) Yang dimaksud dengan postur pertahanan negara adalah wujud penampilan kekuatan pertahanan negara yang tercermin dari keterpaduan kekuatan, kemampuan dan penggelaran sumber d...

---

[undang_undang] Pasal 6 Isi: (1) TNI, sebagai alat pertahanan negara, berfungsi sebagai: a. penangkal terhadap setiap bentuk ancaman militer dan ancaman bersenjata dari luar dan dalam negeri terhadap kedaulatan, keutuhan wilayah, dan keselamatan bangsa; b. penindak terhadap setiap bentuk ancaman sebagaimana dimaksud pada ayat (1) huruf a; dan c. pemulih terhadap kondisi keamanan negara yang terganggu akibat kekacauan keamanan. (2) Dalam melaksanakan fungsi sebagaimana dimaksud pada ayat (1), TNI merupakan kompo...",0.7045374512672424
Apakah ada sanksi jika anggaran TNI tidak digunakan sesuai ketentuan?,"1. Inti Jawaban:
- Ya, ada sanksi hukum jika anggaran TNI tidak digunakan sesuai ketentuan, meskipun tidak diatur secara spesifik dalam Pasal 66.
- Implikasi praktisnya adalah bahwa penyimpangan anggaran dapat dikenai sanksi berdasarkan peraturan perundang-undangan lain.

2. Rincian Analisis:
a. Isu Pokok: Pertanyaan ini berkaitan dengan konsekuensi penyimpangan anggaran TNI.
b. Aturan & Unsur: Pasal 66 tidak mengatur sanksi, tetapi UU Keuangan Negara dan UU Tipikor dapat berlaku.
c. Penerapan: Penyimpangan anggaran dapat diproses secara hukum sesuai aturan yang berlaku.

3. Disclaimer: Informasi ini bersifat umum dan tidak menggantikan konsultasi hukum resmi.","(a) Inti: Sanksi belum diatur dalam Pasal 68 UU TNI. (b) Rincian: Pasal 68 hanya menetapkan kewajiban, bukan konsekuensi pelanggaran. (c) Disclaimer: Sanksi mungkin diatur dalam peraturan turunan.","[web_article] . Kemudian pembiayaan, ini yang akan sangat kita hati-hati jangan sampai memberatkan keuangan negara. Tetapi kemarin melalui Wamenkeu dan sekjen Kemenkeu mereka sudah melakukan simulasi, singkat kata semuanya masih oke, tambahnya. Utut menyebut hubungan kelembagaan juga dibahas dalam revisi UU TNI ini. Ia menyebut pembahasan secara terbuka kepada publik. Kemudian hubungan kelembagaan, ini yang kita jaga dugaan saya tidak akan mengganggu dengan yang lain, dan nanti ada ketentuan peralihan dan ket...

---

[legal_request] . Bukan hanya tidak tercantum dalam Prolegnas 2025, RUU Revisi UU TNI juga tidak tercantum dalam 18 RUU prioritas pada Rencana Pembangunan Jangka Menengah Nasional (RPJMN) 2025-2029. Bahwa oleh adanya keinginan dari Menteri Pertahanan untuk menjadikan RUU Revisi UU TNI untuk masuk dalam Prolegnas 2025 maka terjadilah Praktik ugal-ugalan pembahasan RUU revisi UU TNI yang tidak mencermikan pembuatan UU yang demokratis melainkan Justru merupakan penghinaan terhadap nilai negara hukum yang dijamin p...

---

[legal_request] . 3 tahun 2025 Tentang Perubahan atas UU Nomor 34 Tahun 2004 tentang TNI ini adalah pembahasan RUU yang tidak transparan karena DPR RI tidak mempublikasikan draft RUU Revisi UU TNI kepada publik melalui jalur resminya, termasuk melalui website resmi DPR RI. Hal itu berdampak kepada publik yang tidak dapat berpartisipasi penuh, karena tidak memiliki pengetahuan mendalam akan ketentuan- ketentuan yang sedang dibahas. 20. Bahwa apabila DPR dalam hal membentuk peraturan perundang- undangan aquo sesu...

---

[legal_request] . Perencanaan dan penyusunan pembentukan UU Nomor 3 Tahun 2025 Tentang Perubahan atas UU Nomor 34 Tahun 2004 Tentang TNI (TNI), tidak sesuai dengan tata cara pembentukan peraturan perUUan, tanpa naskah akademik. 13. Bahwa dalam Pasal 43 ayat (3) UU No. 12 Tahun 2011 mengatur secara imperatif dan tegas: Rancangan UU yang berasal dari DPR, Presiden, atau DPD harus disertai Naskah Akademik. Adapun dalam Pasal 1 angka 11 UU No...

---

[undang_undang] Pasal 68 Isi: (1) TNI wajib mengelola anggaran pertahanan negara yang dialokasikan oleh pemerintah. (2) TNI wajib mempertanggungja wabkan pengelolaan anggaran pertahanan negara sebagaimana dimaksud pada ayat (1) kepada Menteri Pertahanan. (3) Pengelolaan anggaran pertahanan negara oleh TNI sebagaimana dimaksud pada ayat (2) dilaksanakan berdasarkan prinsip transparansi, akuntabilitas, pertanggungjawaban, serta efisiensi untuk menerapkan tata pemerintahan yang baik. (4) Pengelolaan anggaran perta...",0.6975703835487366
Bagaimana pembiayaan TNI diatur dalam UU No. 34 Tahun 2004?,"1. Inti Jawaban:
- Pembiayaan TNI diatur dalam Pasal 66 UU No. 34 Tahun 2004, yang menyatakan bahwa TNI dibiayai dari anggaran pertahanan negara yang berasal dari APBN.
- Implikasi praktisnya adalah bahwa anggaran TNI harus diajukan oleh Departemen Pertahanan dan disetujui melalui proses APBN.

2. Rincian Analisis:
a. Isu Pokok: Pertanyaan ini berkaitan dengan sumber dan mekanisme pembiayaan TNI.
b. Aturan & Unsur: Pasal 66 ayat (1) menyatakan bahwa TNI dibiayai dari anggaran pertahanan negara yang berasal dari APBN. Ayat (2) menegaskan bahwa keperluan anggaran diajukan oleh Departemen Pertahanan.
c. Penerapan: Aturan ini memastikan bahwa pembiayaan TNI bersifat legal dan transparan, dengan proses pengajuan yang jelas melalui Departemen Pertahanan.

3. Disclaimer: Informasi ini bersifat umum dan tidak menggantikan konsultasi hukum resmi.","1. Inti Jawaban: Pembiayaan TNI diatur dalam Pasal 79 UU No. 34 Tahun 2004. Implikasi: Anggaran TNI bersumber dari APBN. 2. Rincian Analisis: a. Isu Pokok: Regulasi pembiayaan TNI. b. Aturan & Unsur: Pasal 79 menyebutkan bahwa pembiayaan TNI bersumber dari APBN. c. Penerapan: Setiap tahun, anggaran TNI dialokasikan melalui APBN. 3. Disclaimer: Informasi ini bersifat umum dan tidak menggantikan konsultasi hukum.","[academic_draft] . Bagaimana evaluasi dan analisis terhadap UU Nomor 34 Tahun 2004 tentang TNI? 5. Apakah yang menjadi pertimbangan atau landasan filosofis, sosiologis, dan yuridis pembentukan Rancangan Undang- Undang Perubahan atas UU Nomor 34 Tahun 2004 tentang TNI? 6. Apakah sasaran yang ingin diwujudkan, ruang lingkup pengaturan, jangkauan, dan arah pengaturan dalam Rancangan UU Perubahan atas UU Nomor 34 Tahun 2004 tentang Tengara Nasional Indonesia? C. Tujuan dan Kegunaan Merujuk dan sesuai dengan identifi...

---

[legal_request] . Maka UU Nomor 3 Tahun 2025 Tentang Perubahan atas UU Nomor 34 Tahun 2004 Tentang TNI (TNI) diputuskan masuk dalam Prolegnas 2025 tanpa ada pertimbangan dari Badan Legislasi (Baleg) DPR (sebagaimana diatur dalam Pasal 66 huruf f Tatib DPR), yaitu mencakup pertimbangan dapat atau tidak dapatnya suatu RUU masuk ke dalam prolegnas perubahan...

---

[web_article] . Sebagai informasi, DPR RI resmi mengesahkan Rancangan UU tentang Perubahan atas UU Nomor 34 Tahun 2004 tentang TNI atau RUU TNI menjadi UU. Keputusan ini diambil dalam rapat paripurna yang dihadiri oleh sejumlah menteri pada Kamis (20/3). Simak juga Video Massa Aksi Tolak RUU TNI Sempat Terobos Tol Dalam Kota: [Gambas:Video 20detik] Isi: nan...

---

[academic_draft] 22 C. UU Nomor 34 Tahun 2004 tentang TNI UU Nomor 34 Tahun 2004 tentang TNI (UU TNI) saat ini telah berlaku lebih kurang 20 (dua puluh) tahun. Tentu selama berlaku, ada beberapa ketentuan atau materi muatan yang sudah tidak sesuai dengan dinamika dan perkembangan yang ada. Salah satunya, terkait peran prajurit aktif TNI pada Kementerian/lembaga lain serta batasan usia prajurit TNI. D. Putusan Mahkamah Konstitusi UU TNI pernah diuji di Mahkamah Konstitusi...

---

[legal_request] . Perencanaan dan penyusunan pembentukan UU Nomor 3 Tahun 2025 Tentang Perubahan atas UU Nomor 34 Tahun 2004 Tentang TNI (TNI), tidak sesuai dengan tata cara pembentukan peraturan perUUan, tanpa naskah akademik. 13. Bahwa dalam Pasal 43 ayat (3) UU No. 12 Tahun 2011 mengatur secara imperatif dan tegas: Rancangan UU yang berasal dari DPR, Presiden, atau DPD harus disertai Naskah Akademik. Adapun dalam Pasal 1 angka 11 UU No...

---

[legal_request] . Pengambilan keputusan RUU revisi UU TNI yang sudah menjadi Undang- Undang Nomor 3 Tahun 2025 Tentang Perubahan atas UU Nomor 34 Tahun 2004 Tentang TNI (TNI), dilaksanakan pada Rapat Paripurna Pembukaan masa sidang DPR RI ke-13, pada 18 Februari 2025,yang dimana Para Permohonan menilai banyak kejanggalan dalam pengambilan keputusannya. Pertama, pengambilan keputusan untuk memasukkan RUU Revisi UU TNI yang sudah menjadi UU Nomor 3 Tahun 2025 Tentang Perubahan atas UU Nomor 34 Tahun 2004 Tentang ...",0.6111881136894226
Bagaimana hubungan Pasal 75 dengan reformasi TNI?,1. Inti Jawaban: Pasal 75 menjadi landasan hukum transisi reformasi. Implikasinya penataan ulang sistemik. 2. Rincian Analisis: a. Isu Pokok: Transformasi institusi militer. b. Aturan & Unsur: Pasal ini mengatur aspek administratif reformasi. c. Penerapan: Menjadi basis penyesuaian struktur dan kewenangan TNI.,"1. Inti Jawaban:
   a. Implikasi: Menjadi dasar legal untuk restrukturisasi TNI.
   b. Penjelasan: Pasal ini memberikan kerangka hukum bagi transformasi TNI dari institusi militer ke institusi sipil.
2. Rincian Analisis:
   a. Isu Pokok: Dampak Pasal 75 terhadap reformasi TNI.
   b. Aturan & Unsur: Pasal 75 mencakup perubahan struktural dan fungsional TNI.
   c. Penerapan: Pasal ini menjadi alat untuk mereformasi TNI sesuai aspirasi masyarakat.
3. Disclaimer: Informasi ini bersifat umum dan tidak menggantikan konsultasi hukum.","[web_article] . 34 Tahun 2004 tentang TNI (UU TNI). Berdasarkan Rancangan Revisi UU TNI 2024 yang diperoleh oleh Koalisi Masyarakat Sipil untuk Reformasi Sektor Keamanan (Koalisi RSK) terdapat beberapa perubahan yang akan mengembalikan peran dan fungsi sosial dan politik TNI seperti pada saat TNI menjadi tulang punggu pemerintahan Orde Baru, kata Koalisi Masyarakat Sipil dalam keterangan pers tertulisnya, Jumat (21/2/2025). SCROLL TO CONTINUE WITH CONTENT Koalisi menekankan perubahan tersebut dapat memperluas...

---

[web_article] . Cabut UU TNI yang Telah Disahkan2. Kembalikan TNI ke Fungsi Militer3. Perlindungan Hak Asasi Manusia4. Jaga Stabilitas Demokrasi5. Tuntut Pemerintah Menghargai Reformasi dan Supremasi Sipil Sebelumnya diberitakan, Rancangan UU tentang Perubahan atas UU Nomor 34 Tahun 2004 tentang TNI atau RUU TNI resmi disahkan DPR menjadi Undang-undang. Ketok palu berlangsung pada Kamis (20/3) pagi. Dilansir detikNews, pada rapat paripurna, Ketua Panja RUU TNI Utut Adianto menyampaikan beberapa poin krusial. ...

---

[web_article] Judul: Pasal Kontroversi di Balik Revisi UU TNI: Peran Militer-Usia Pensiun Ditambah,20 Mar 2025 13:51,https://www.detik.com/sulsel/berita/d-7832806/pasal-kontroversi-di-balik-revisi-uu-tni-peran-militer-usia-pensiun-ditambah,DPR RI resmi mengesahkan Rancangan UU TNI (RUU TNI) Nomor 34 Tahun 2004 menjadi UU. RUU TNI sebelumnya sempat menuai sorotan karena ada sejumlah pasal yang dianggap kontroversial termasuk pengaturan prajurit aktif bisa mengisi jabatan sipil. Dilansir daridetikNews, pengesah...",0.7053731679916382
Apa syarat bagi prajurit TNI untuk menduduki jabatan sipil?,"1. Inti Jawaban:
- Prajurit hanya dapat menduduki jabatan sipil setelah mengundurkan diri atau pensiun dari dinas aktif keprajuritan (Pasal 47 ayat (1) UU No. 34/2004).
- Implikasi praktis: Prajurit aktif tidak boleh memegang jabatan sipil kecuali dalam kondisi khusus yang diatur dalam Pasal 47 ayat (2).

2. Rincian Analisis:
a. Isu Pokok: Batasan legal bagi prajurit TNI untuk memegang jabatan sipil.
b. Aturan & Unsur:
- Pasal 47 ayat (1) menyatakan larangan prajurit aktif memegang jabatan sipil.
- Pengecualian diatur dalam ayat (2) untuk jabatan tertentu di bidang politik, keamanan, dan pertahanan.
c. Penerapan: Prajurit yang ingin beralih ke karir sipil harus mengundurkan diri atau pensiun terlebih dahulu.

3. Disclaimer: Penafsiran hukum harus merujuk pada teks resmi UU dan konsultasi dengan ahli hukum.","A. Merujuk pada Pasal 47 ayat (1) dan (2) UU No. 34 Tahun 2004 tentang TNI, prajurit TNI dapat menduduki jabatan sipil di 14 kementerian/lembaga tertentu tanpa harus mengundurkan diri. Namun, jika menduduki jabatan di luar 14 kementerian/lembaga tersebut, prajurit TNI wajib mengundurkan diri atau pensiun dari dinas aktif keprajuritan.

B. Berdasarkan analisis, aturan ini memberikan fleksibilitas kepada prajurit TNI untuk menduduki jabatan sipil selama tidak melanggar batasan yang ditetapkan oleh UU TNI. Implikasinya adalah prajurit TNI harus memenuhi persyaratan administratif yang berlaku di lingkungan kementerian/lembaga tempat mereka bekerja.

C. Disclaimer: Informasi ini bersifat umum dan tidak menggantikan konsultasi hukum resmi.","[web_article] . Sebagai informasi, dalam UU TNI yang terbaru, Pasal 47 ayat 1 menyatakan prajurit TNI dapat menduduki jabatan sipil di 14 kementerian dan lembaga. Sedangkan pada Pasal 47 ayat 2, prajurit TNI harus mengundurkan diri jika menduduki jabatan di luar 14 kementerian dan lembaga yang sudah ditentukan...

---

[web_article] . Penempatan prajurit TNI aktif dalam jabatan sipil mengabaikan spesialisasi, kompetensi, pengalaman, serta masa pengabdian ASN di instansi terkait. Selain itu, perubahan ini juga dapat menjadi legitimasi kebijakan keliru dalam pelibatan dan mobilisasi TNI dalam menjalankan program-program Pemerintahan Prabowo dalam urusan sipil dan domestik, seperti Makan Bergizi Gratis (MBG), Distribusi Gas Elpiji, ketahanan pangan, penjagaan kebun sawit, pelaksanaan Proyek Strategis Nasional (PSN) serta pener...

---

[web_article] . Adapun pada UU TNI yang lama, prajurit aktif hanya menduduki 10 kementerian/lembaga. Pasal kedua yang dibahas adalah Pasal 47 terkait dengan penempatan prajurit TNI pada K/L, sebagaimana diketahui bahwa prajurit aktif dapat menduduki jabatan di berbagai K/L yang semula berjumlah 10 menjadi 14, berdasarkan permintaan pimpinan dan kementerian lembaga dan tetap tunduk pada peraturan administrasi yang berlaku di lingkungan K/L tersebut, ucap Puan. Di luar penempatan pada 14 K/L yang telah disebutk...

---

[academic_draft] 9 perbatasan, kejaksaan agung, serta kementerian/lembaga lain sesuai dengan kebijakan Presiden. Kebutuhan penempatan prajurit aktif TNI pada kementerian/lembaga lain dalam perkembangannya terus bertambah. TNI memiliki banyak sumber daya manusianya sedangkan kementerian/lembaga justru mempunyai keterbatasan sumber daya manusianya. Kondisi ini harus diatasi agar penyelenggaraan pemerintahan berjalan dengan baik. Untuk itu, perubahan Pasal 47 ayat (2) UU TNI merupakan suatu keniscayaan. Berkaitan d...

---

[petition] . Selain itu, merebut jabatan sipil dan memarginalkan ASN dan Perempuan dalam akses posisi-posisi strategis. Perluasan jabatan sipil dalam RUU TNI itu diantaranya adalah dengan menempatkan militer aktif di Kejaksaan Agung hingga Kementerian Kelautan dan Perikanan. Ingat: TNI adalah alat pertahanan negara untuk perang; sedangkan Kejaksaan Agung, adalah lembaga penegak hukum. Maka, salah jika anggota TNI aktif duduk di institusi Kejaksaan Agung. Dan salah, jika ingin menempatkan militer aktif di K...

---

[academic_draft] . Penempatan prajurit aktif TNI pada kementerian/lembaga lain sudah dilakukan atas kebijakan Presiden. Saat ini yang diperlukan adalah menguatkan dasar hukumnya di dalam UU TNI. Penempatan prajurit aktif TNI pada kementerian/lembaga lain memberikan dampak positif bagi Pemerintah dan juga masyarakat. Publik harus diberikan pemahaman bahwa keterlibatan prajurit aktif TNI tersebut bukan bagian dari pelaksanaan dwi fungsi TNI. Sebab TNI tidak terlibat dalam politik praktis. Keterlibatan prajurit akt...",0.7580488324165344
Bagaimana kriteria penerima tanda jasa kenegaraan bagi Prajurit TNI?,"1. Inti Jawaban:
   - Kriteria utama adalah prestasi dan jasa-jasa kepada negara.
   - Implikasi: Tidak semua Prajurit otomatis mendapatkannya, melainkan yang memenuhi standar kontribusi.

2. Rincian Analisis:
   a. Isu Pokok: Standar kelayakan penerima tanda jasa.
   b. Aturan & Unsur: Pasal 52 menggunakan frasa 'berdasarkan prestasi dan jasa-jasanya' yang bersifat kualitatif, memerlukan penjabaran lebih lanjut dalam peraturan teknis.
   c. Penerapan: Kriteria mungkin mencakup durasi pengabdian, keberanian khusus, atau inovasi strategis, dengan pembuktian dokumen resmi.

3. Disclaimer: Kriteria detil biasanya diatur dalam Peraturan Pemerintah atau Keputusan Menhankam.","1. Inti Jawaban:
   a. Cukup dengan prestasi dan jasa-jasa kepada negara.
   b. Implementasinya diatur lebih lanjut oleh Presiden.
2. Rincian Analisis:
   a. Isu Pokok: Syarat penerimaan tanda jasa.
   b. Aturan & Unsur: Pasal 52 ayat (1) menyatakan bahwa pemberian tanda jasa dilakukan berdasarkan prestasi dan jasa-jasa kepada negara.
   c. Penerapan: Prajurit harus menunjukkan kontribusi nyata dalam menjalankan tugas TNI.
3. Disclaimer: Penjelasan ini bersifat umum dan tidak menggantikan konsultasi hukum resmi.","[undang_undang] Pasal 52 Isi: Prajurit dan prajurit siswa berhak mendapatkan tanda jasa kenegaraan berdasarkan prestasi dan jasa-jasanya kepada negara, sesuai dengan peraturan perUUan. Bagian Keenam Pengakhiran...

---

[undang_undang] Pasal 61 Isi: (1) Prajurit yang diberhentikan dengan hormat dari dinas keprajuritan berhak memakai tanda jasa kenegaraan yang dimilikinya pada waktu menghadiri upacara nasional atau kemiliteran sesuai yang diperolehnya pada saat masih berdinas aktif. (2) Pelaksanaan ketentuan sebagaimana dimaksud pada ayat (1) diatur dengan keputusan Presiden....

---

[analysis_report] . pendidikan kewarganegaraan; b. pelatihan dasar kemiliteran secara wajib; c. pengabdian sebagai prajurit TNI secara suka rela atau secara wajib; dan d. pengabdian sesuai dengan profesi. Usaha pembelaan negara dalam rangka penyelenggaraan pertahanan perlu dibangun dan dikembangkan secara berlanjut dan terarah agar dalam pengerahan dan penggunaan kesiapannya dapat terwujud. Usaha-usaha tersebut Sumber : Biro Humas Kemhan Sumber : Biro Humas Kemhan...

---

[web_article] . (2) Selain menduduki jabatan pada kementerian/lembaga sebagaimana dimaksud pada ayat (1), Prajurit dapat menduduki jabatan sipil lain setelah mengundurkan diri atau pensiun dari dinas aktif keprajuritan. Selain soal pengisian jabatan sipil di atas, revisi UU TNI juga mengubah beberapa poin sebagai berikut. Dalam revisi UU TNI, jumlah urusan yang dapat ditangani oleh TNI dalam OMSP meningkat dari 14 menjadi 17. Tugas baru ini termasuk peran dalam mengatasi ancaman siber serta melindungi kepenti...

---

[academic_draft] 26 BAB V JANGKAUAN, ARAH PENGATURAN, DAN RUANG LINGKUP MATERI MUATAN RANCANGAN UNDANG-UNDANG A. Jangkauan dan Arah Pengaturan Jangkauan dan arah pengaturan perubahan UU TNI terbatas pada peran prajurit aktif TNI pada kementerian/ lembaga lain sesuai kebutuhan institusi dimaksud dan kebijakan Presiden. Di samping itu, perubahan UU TNI juga mengatur mengenai batasan usia masa dinas bagi prajutir TNI sesuai dengan kebutuhan dan mensikronkan dengan berbagai ketentuan peraturan perUUan yang ada, baik...

---

[legal_request] . Nama : NOVERIANUS SAMOSIR, S.H. Kewarganegaraan : Indonesia Pekerjaan : Karyawan Swasta Alamat : E-Mail : Untuk selanjutnya disebut sebagai.....................................................................Pemohon II Bahwa Pemohon I dan Pemohon II tersebut untuk selanjutnya disebut sebagai .............................................................................................................................................para Pemohon Para Pemohon mengajukan Permohonan Pengujian Formil...",0.592700183391571
Bagaimana pendidikan pembentukan perwira bagi prajurit golongan bintara di TNI?,"1. Inti Jawaban:
- Pendidikan pembentukan perwira bagi bintara adalah jalur khusus untuk mengembangkan karir prajurit TNI.
- Implikasi praktisnya adalah memberikan kesempatan bagi bintara untuk naik pangkat menjadi perwira.

2. Rincian Analisis:
a. Isu Pokok: Pendidikan perwira bagi bintara.
b. Aturan & Unsur: Pasal 30 ayat (1) huruf b UU No. 34 Tahun 2004 mengatur pendidikan pembentukan perwira bagi prajurit golongan bintara.
c. Penerapan: Mekanisme ini memungkinkan pengembangan karir dari dalam tubuh TNI sendiri.

3. Disclaimer: Penjelasan berdasarkan UU No. 34 Tahun 2004 tanpa mempertimbangkan perubahan terbaru.","1. Inti Jawaban:
   a. Pendidikan dilakukan melalui Sekolah Perwira atau Perguruan Tinggi.
   b. Implikasi: Prajurit bintara harus mengikuti program pendidikan resmi.
2. Rincian Analisis:
   a. Isu Pokok: Prosedur pembentukan perwira dari bintara.
   b. Aturan & Unsur: Pasal 30 ayat (1)(a)(2) menyebutkan Sekolah Perwira atau Perguruan Tinggi.
   c. Penerapan: Program ini harus memenuhi standar pendidikan militer.
3. Disclaimer: Informasi ini bersifat umum.","[undang_undang] Pasal 30 Isi: (1) Perwira dibentuk melalui: a. pendidikan pertama perwira bagi yang berasal langsung dari masyarakat: 1. Akademi TNI, dengan masukan dari Sekolah Lanjutan Tingkat Atas; dan 2. Sekolah Perwira, dengan masukan dari Sekolah Lanjutan Tingkat Atas atau Perguruan Tinggi. b. pendidikan pembentukan perwira yang berasal dari prajurit golongan bintara. (2) Pendidikan perwira sebagaimana dimaksud pada ayat (1) diatur lebih lanjut dengan keputusan Panglima....

---

[undang_undang] Pasal 29 Isi: (1) Pendidikan untuk pengangk atan prajurit terdiri atas pendidikan perwira, bintara, dan tamtama. (2) Pelaksanaan pendidikan sebagaimana dimaksud pada ayat (1) diatur lebih lanjut dengan keputusan Panglima....

---

[analysis_report] . pendidikan kewarganegaraan; b. pelatihan dasar kemiliteran secara wajib; c. pengabdian sebagai prajurit TNI secara suka rela atau secara wajib; dan d. pengabdian sesuai dengan profesi. Usaha pembelaan negara dalam rangka penyelenggaraan pertahanan perlu dibangun dan dikembangkan secara berlanjut dan terarah agar dalam pengerahan dan penggunaan kesiapannya dapat terwujud. Usaha-usaha tersebut Sumber : Biro Humas Kemhan Sumber : Biro Humas Kemhan...

---

[web_article] . Adapun aturan di dalamnya berisi penugasan prajurit di lingkungan kejaksaan hingga bantuan personel TNI. Kemudian juga, ada nota kesepahaman TNI dengan Kejaksaan Nomor 4 Tahun 2023 yang isinya yaitu tentang pendidikan dan latihan, kemudian pertukaran informasi, kemudian penugasan prajurit TNI di lingkungan kejaksaan, ujar Agus. Kemudian dukungan kepada TNI di bidang Perdata dan TU, kemudian pemanfaatan sarana-prasarana, dan koordinasi teknis penyelidikan dan penuntutan serta penanganan perkara...

---

[academic_draft] . Selain itu, beberapa prajurit aktif TNI antara lain juga dapat diperbantukan pada kementerian kelautan dan perikanan, staf kepresidenan, badan nasional penanggulangan terorisme, badan nasional penanggulangan bencana, badan nasional pengelolaan perbatasan, kejaksaan agung, serta kementerian/ lembaga lainnya atas kebijakan Presiden. Presiden selaku kepala pemerintahan dan panglima tertinggi atas angkatan darat, angkatan laut, dan angkatan udara berwenang menempatkan prajurit aktif TNI pada kemen...

---

[academic_draft] . Penempatan prajurit aktif TNI pada kementerian/lembaga negara dalam praktiknya tidak sebatas kementerian/lembaga negara yang tercantum dalam Pasal 47 ayat (2) UU TNI saja. Seiring dengan adanya kebutuhan sumber daya manusia yang menguasai keahlian di bidang tertentu, saat ini beberapa prajurit aktif TNI dapat juga diperbantukan pada kementerian/lembaga lain yang membutuhkan keahliannya. Sebut saja antara lain misalkan pada: kementerian kelautan dan perikanan, staf kepresidenan, badan nasional ...",0.6913870573043823
Apa dampak jika penggelaran TNI mengikuti struktur administrasi pemerintahan?,1. Inti Jawaban: Penggelaran TNI yang mengikuti struktur administrasi berisiko politisasi dan kurang fleksibel. Implikasi praktisnya adalah mengurangi efektivitas TNI. 2. Rincian Analisis: a. Isu Pokok: Dampak struktur administrasi. b. Aturan & Unsur: Penjelasan Pasal 11 ayat (2) UU No. 34 Tahun 2004 melarang hal ini. c. Penerapan: TNI perlu independen dalam penggelaran. 3. Disclaimer: Analisis ini berdasarkan UU No. 34 Tahun 2004.,"1. Inti Jawaban:
   a. Implikasi positif: Efisiensi penggunaan SDM TNI.
   b. Risiko: Potensi penyalahgunaan wewenang.
2. Rincian Analisis:
   a. Isu Pokok: Evaluasi model organisasi TNI.
   b. Aturan & Unsur: Pasal 72 ayat (1) UU No. 34/2004 tentang TNI.
   c. Penerapan: Model ini memperkuat integrasi TNI dengan institusi sipil.
3. Disclaimer: Analisis bersifat teoritis tanpa data empiris.","[academic_draft] . Penempatan prajurit aktif TNI pada kementerian/lembaga lain sudah dilakukan atas kebijakan Presiden. Saat ini yang diperlukan adalah menguatkan dasar hukumnya di dalam UU TNI. Penempatan prajurit aktif TNI pada kementerian/lembaga lain memberikan dampak positif bagi Pemerintah dan juga masyarakat. Publik harus diberikan pemahaman bahwa keterlibatan prajurit aktif TNI tersebut bukan bagian dari pelaksanaan dwi fungsi TNI. Sebab TNI tidak terlibat dalam politik praktis. Keterlibatan prajurit akt...

---

[web_article] . Dampaknya menjadikan UU-nya bermasalah secara formil yaitu terkait dengan keabsahan. UU yang bermasalah secara formil potensi untuk dibatalkan oleh MK, imbuhnya. Dengan sahnya UU TNI, lanjut Allan, hal ini semakin mengonfirmasi adanya perluasan kekuasaan TNI. Kini mereka bisa menduduki jabatan sipil yang lebih luas dari sebelumnya. Padahal itu bukan hal yang genting. Karena sesuai Pasal 30 UUD 1945, TNI dikonstruksikan untuk persoalan pertahanan dan keamanan negara. Oleh karena itu, jika mau m...

---

[academic_draft] 18 D. Kajian terhadap Implikasi Penerapan Sistem Baru yang akan Diatur dalam RUU terhadap Aspek Kehidupan Masyarakat dan Dampaknya terhadap Aspek Beban Keuangan Negara Implikasi penerapan sistem baru terkait peran prajurit aktif TNI pada kementerian/lembaga lain memberikan dampak positif kepada TNI dan juga kementerian/lembaga lain. TNI dapat mengoptimalkan sumber daya manusia yang dimilikinya. Sedangkan kementerian/lembaga lain dapat memanfaatkan prajurit aktif TNI yang memiliki keahlian khusus...",0.7315866947174072
Apa fungsi utama TNI menurut Pasal 6 ayat (1) UU No. 34 Tahun 2004?,"1. Inti Jawaban:
- Fungsi utama TNI adalah sebagai penangkal, penindak, dan pemulih terhadap ancaman militer dan bersenjata.
- Implikasi praktis: TNI harus siap menghadapi berbagai ancaman untuk menjaga kedaulatan dan keamanan negara.

2. Rincian Analisis:
a. Isu Pokok: Fungsi TNI dalam sistem pertahanan negara.
b. Aturan & Unsur: Pasal 6 ayat (1) huruf a, b, dan c UU No. 34 Tahun 2004 menyebutkan TNI berfungsi sebagai penangkal, penindak, dan pemulih.
c. Penerapan: TNI harus memiliki kekuatan dan strategi untuk mencegah, menghadapi, dan memulihkan kondisi keamanan negara.

3. Disclaimer: Jawaban ini berdasarkan UU No. 34 Tahun 2004 dan tidak mencakup perubahan atau interpretasi lain.","A. Inti Jawaban: Fungsi utama TNI adalah penangkal, penindak, dan pemulih ancaman militer. B. Rincian: 1. Penjelasan: a. Penangkal: Menghalangi ancaman militer. b. Penindak: Menegakkan hukum terhadap ancaman. c. Pemulih: Memulihkan kondisi keamanan. C. Disclaimer: Informasi ini bersifat umum.","[web_article] . Peserta sidang menjawab setuju dan dengan demikian, UU yang mengatur perubahan UU Nomor 34 Tahun 2004 sah. Apa saja yang berubah dalam UU tersebut? Simak penjelasannya di bawah ini, yuk! DilihatdetikJogjadari dokumen UU Republik Indonesia Nomor 34 Tahun 2004 tentang TNI, tugas pokok TNI dibedakan menjadi 2 dalam pasal 7 ayat (2), yakni operasi militer untuk perang dan operasi militer selain perang. Untuk operasi militer selain perang, tugas TNI dirinci sebanyak 14 poin sebagaimana tertera dala...

---

[legal_request] . Hal ini bisa menghambat dinamika dan modernisasi dalam tubuh TNI. Bahwa dengan memahami subtansi di atas terkait dengan jenis dan Muatan materi pembentukan UU TNI Nomor 3 Tahun 2025 Tentang Perubahan atas UU Nomor 34 Tahun 2004 jelas tidak bersesuaian dengan Pasal 28 D ayat (1) UUD 1945 yang menyatakan bahwa setiap orang berhak atas pengakuan, jaminan, perlindungan, dan kepastian hukum yang adildengan asas-asas muatan materi yang diatur dalam suatu peraturan perUUan, yang justru sebaliknya UU ...

---

[web_article] . Oleh karena itu, Pasal 47 ayat (2) UU TNI berpotensi bertentangan dengan Pasal 1 ayat (3) UUD NRI 1945 karena tidak sepenuhnya mencerminkan prinsip negara hukum yang menuntut adanya kepastian hukum, keadilan, dan supremasi sipil dalam setiap aspek penyelenggaraan negara, paparnya. Sebagai bentuk pencegahan terhadap dwifungsi militer dalam menduduki jabatan sipil sehingga pasal 47 ayat 2 UU TNI sudah seharusnya memperhatikan batasana quo, sesuai dengan huruf d TAP MPR Nomor 6 Tahun 2000, imbuhn...

---

[undang_undang] Pasal 6 Isi: (1) TNI, sebagai alat pertahanan negara, berfungsi sebagai: a. penangkal terhadap setiap bentuk ancaman militer dan ancaman bersenjata dari luar dan dalam negeri terhadap kedaulatan, keutuhan wilayah, dan keselamatan bangsa; b. penindak terhadap setiap bentuk ancaman sebagaimana dimaksud pada ayat (1) huruf a; dan c. pemulih terhadap kondisi keamanan negara yang terganggu akibat kekacauan keamanan. (2) Dalam melaksanakan fungsi sebagaimana dimaksud pada ayat (1), TNI merupakan kompo...

---

[legal_request] . (3) TNI terdiri atas Angkatan Darat, Angkatan Laut dan Angkatan Udara sebagai alat negara bertugas mempertahankan, melindungi Kemudian Pasal 3 ayat (1) UU No. 3 Tahun 2002 Tentang Pertahanan Negara, mengatur: Pertahanan negara disusun berdasarkan prinsip demokrasi, hak asasi manusia, kesejahteraan umum, lingkungan hidup, ketentuan hukum nasional, hukum internasional dan kebiasaan internasional, serta prinsip hidup berdampingan secara damai. UU No. 3 Tahun 2025 menyangkut usaha pertahanan dan k...",0.6402754783630371
Bagaimana hubungan antara Panglima dan kepala angkatan dalam TNI?,"1. Inti Jawaban:
   - Hubungan komando-koordinatif sesuai hierarki UU.
   - Implikasi praktis: Panglima memimpin, kepala angkatan menjalankan.

2. Rincian Analisis:
   a. Isu Pokok: Relasi pimpinan TNI.
   b. Aturan & Unsur: Pasal 4 ayat (1) menempatkan Panglima di puncak.
   c. Penerapan: Kepala angkatan bertanggung jawab pada Panglima.

3. Disclaimer: Tidak membahas mekanisme pengambilan keputusan internal.","1. Inti Jawaban:
   a. Panglima adalah komandan tertinggi TNI, sementara Kepala Angkatan adalah komandan masing-masing angkatan.
   b. Implikasi: Hierarki ini memastikan koordinasi lintas angkatan.
2. Rincian Analisis:
   a. Isu Pokok: Hubungan hierarki internal TNI.
   b. Aturan & Unsur: Pasal 14 ayat (1) menyatakan bahwa Kepala Angkatan bertanggung jawab kepada Panglima.
   c. Penerapan: Sistem ini memastikan kesatuan komando TNI.
3. Disclaimer: Penjelasan ini bersifat umum.","[undang_undang] Pasal 45 Isi: Pengangkatan dan pemberhentian jabatan di dalam struktur TNI selain jabatan Panglima dan Kepala Staf Angkatan, diatur dengan keputusan Panglima....

---

[undang_undang] Pasal 14 Isi: (1) Angkatan dipimpin oleh seor ang Kepala Staf Angkatan dan berkedudukan di bawah Panglima serta bertanggung jawab kepada Panglima. (2) Kepala Staf Angkatan diangkat dan diberhentikan oleh Presiden atas usul Panglima. (3) Kepala Staf Angkatan sebagaimana dimaksud pada ayat (2) diangkat dari Perwira Tinggi aktif dari angkatan yang bersangkutan dengan memperhatikan jenjang kepangkatan dan karier. (4) Tata cara pengangkatan dan pemberhentian Kepala Staf Angkatan sebagaimana dimaksud ...

---

[academic_draft] . Selain itu, beberapa prajurit aktif TNI antara lain juga dapat diperbantukan pada kementerian kelautan dan perikanan, staf kepresidenan, badan nasional penanggulangan terorisme, badan nasional penanggulangan bencana, badan nasional pengelolaan perbatasan, kejaksaan agung, serta kementerian/ lembaga lainnya atas kebijakan Presiden. Presiden selaku kepala pemerintahan dan panglima tertinggi atas angkatan darat, angkatan laut, dan angkatan udara berwenang menempatkan prajurit aktif TNI pada kemen...

---

[undang_undang] Pasal 13 Isi: (1) TNI dipimpin oleh seorang Panglima. (2) Panglima sebagaimana dimaksud pada ayat (1) diangkat dan diberhentikan oleh Presiden setelah mendapat persetujuan Dewan Perwakilan Rakyat. (3) Pengangkatan dan pemberhentian Panglima dilakukan berdasarkan kepentingan organisasi TNI. (4) Jabatan Panglima sebagaimana dimaksud pada ayat (3) dapat dijabat secara bergantian oleh Perwira Tinggi aktif dari tiap-tiap Angkatan yang seda ng atau pernah menjabat sebagai Kepala Staf Angkatan. (5) Unt...

---

[undang_undang] Pasal 3 Isi: (1) Dalam pengerahan dan penggu naan kekuatan militer, TNI berkedudukan di bawah Presiden. (2) Dalam kebijakan dan strategi pertahanan serta dukungan administrasi, TNI di bawah koordinasi Departemen Pertahanan. Penjelasan: Ayat (1) Yang dimaksud berkedudukan di bawah Presiden adalah bahwa keberadaan TNI di bawah kekuasaan Presiden. Ayat (2) Yang dimaksud dengan di bawah koordinasi Departemen Pertahanan adalah segala sesuatu yang berkaitan dengan perencanaan strategis yang meliputi a...

---

[analysis_report] . TNI berperan sebagai alat negara di bidang pertahanan yang dalam menjalankan tugasnya berdasarkan kebijakan dan keputusan politik negara. Kita lihat mulai pengabdian terbaik TNI, sejak awal perang kemerdekaan hingga saat ini rela mengorbankan jiwa dan raga ditandai dengan gugurnya puluhan prajurit sebagai kusuma bangsa, pada hakekatnya merupakan bukti atas komitmen kesetiaan dan pengabdian tulus prajurit TNI kepada rakyat bangsa dan Negara Indonesia tentunya merupakan kebijaksanaan pemerintah ...",0.7324134111404419
Apa yang dimaksud dengan Prajurit menurut UU No. 34 Tahun 2004?,"1. Inti Jawaban:
- Prajurit adalah insan prajurit yang memiliki karakteristik tertentu seperti beriman, setia kepada negara, bermoral, berdisiplin, dan bertanggung jawab.
- Implikasi praktisnya adalah bahwa setiap Prajurit TNI harus memenuhi kriteria ini dan mengucapkan Sumpah Prajurit saat dilantik.

2. Rincian Analisis:
a. Isu Pokok: Definisi dan kewajiban Prajurit TNI.
b. Aturan & Unsur: Pasal 25 ayat (1) UU No. 34 Tahun 2004 menyebutkan bahwa Prajurit harus beriman, setia, bermoral, berdisiplin, dan bertanggung jawab. Ayat (2) mewajibkan Prajurit mengucapkan Sumpah Prajurit.
c. Penerapan: Kriteria ini menjadi dasar pembentukan karakter Prajurit TNI dan Sumpah Prajurit sebagai bentuk komitmen.

3. Disclaimer: Jawaban ini berdasarkan UU No. 34 Tahun 2004 dan tidak mencakup perubahan atau interpretasi lain.","1. Inti Jawaban:
    a. Definisi: Anggota TNI yang sedang menjalani dinas aktif.
    b. Implikasi: Mempengaruhi hak dan kewajiban prajurit.
2. Rincian Analisis:
    a. Isu Pokok: Interpretasi istilah 'Prajurit'.
    b. Aturan & Unsur: Pasal 1 angka 22 UU No. 34 Tahun 2004 mendefinisikan prajurit sebagai anggota TNI yang sedang menjalani dinas aktif.
    c. Penerapan: Definisi ini penting untuk menentukan lingkup pemberlakuan UU.
3. Disclaimer: Penjelasan bersifat umum dan tidak menggantikan konsultasi hukum resmi.","[legal_request] . Namun pada kenyatannya bahwa Muatan materi pembentukan UU No 3 Tahun 2025 Tentang Perubahan atas UU Nomor 34 Tahun 2004 bertentangan dengan ketentuan Hak konstitusional warga negara yang diatur dalam UUD 1945 serta tidak juga berpedoman sesuai dengan Undang- undang Nomor 13 Tahun 2022 tentang Perubahan Kedua atas UU Nomor 12 Tahun 2011 tentang Pembentukan Peraturan Perundang-Undangan tepatnya di Pasal 6 ayat (1) yang...

---

[web_article] . Menyatakan ketentuan norma dalam UU yang telah diubah dihapus atau yang telah dinyatakan tidak mempunyai kekuatan hukum mengikat, dalam UU Nomor 34 Tahun 2004 tentang TNI berlaku kembali, imbuh dia. Simak juga Video Prabowo Tegaskan Tak Ada Niat Bangkitkan Dwifungsi Lewat UU TNI: Come On! [Gambas:Video 20detik] Isi: nan...

---

[web_article] Judul: Gugatan UU TNI Hasil Revisi ke MK Bertambah, Kini Jadi 8 Perkara,29 Apr 2025 16:20,https://news.detik.com/berita/d-7891593/gugatan-uu-tni-hasil-revisi-ke-mk-bertambah-kini-jadi-8-perkara,Jumlah permohonan pengujian UU Nomor 3 Tahun 2025 tentang Perubahan atas UU Nomor 34 Tahun 2004 tentang TNI (UU TNI) di Mahkamah Konstitusi (MK) bertambah. Kini, setidaknya ada delapan perkara yang tercatat di MK. DilansirAntara, Selasa (29/4/2025), gugatan terbaru didaftarkan mahasiswa Fakultas Hukum Uni...",0.6387019157409668
Bagaimana UU No. 34 Tahun 2004 mengatur rekrutmen Prajurit Wajib?,"1. Inti Jawaban:
   - UU No. 34 Tahun 2004 tidak secara rinci mengatur mekanisme rekrutmen Prajurit Wajib dalam Pasal 22, tetapi mengakui keberadaannya.
   - Implikasi praktisnya adalah perlu adanya peraturan turunan untuk mengatur detail rekrutmen.

2. Rincian Analisis:
   a. Isu Pokok: Mekanisme rekrutmen Prajurit Wajib.
   b. Aturan & Unsur: Pasal 22 hanya menyebutkan keberadaan Prajurit Wajib tanpa detail lebih lanjut, menunjukkan bahwa hal ini diatur dalam peraturan lain atau kebijakan internal TNI.
   c. Penerapan: Ketidakjelasan ini memungkinkan fleksibilitas dalam penerapan wajib militer sesuai kebutuhan nasional.

3. Disclaimer: Penjelasan ini terbatas pada Pasal 22 dan tidak mencakup peraturan lain yang mungkin berlaku.",1. Inti Jawaban: Pasal 26 ayat (1) huruf g UU No. 34 Tahun 2004 menyatakan bahwa rekrutmen Prajurit Wajib dilaksanakan melalui pendidikan militer wajib. 2. Rincian Analisis: a. Isu Pokok: Regulasi rekrutmen Prajurit Wajib. b. Aturan & Unsur: Pasal 26 ayat (1) huruf g UU No. 34 Tahun 2004 menjadi dasar hukum. c. Penerapan: Proses rekrutmen harus sesuai mekanisme yang ditetapkan. 3. Disclaimer: Informasi ini bersifat umum.,"[academic_draft] 22 C. UU Nomor 34 Tahun 2004 tentang TNI UU Nomor 34 Tahun 2004 tentang TNI (UU TNI) saat ini telah berlaku lebih kurang 20 (dua puluh) tahun. Tentu selama berlaku, ada beberapa ketentuan atau materi muatan yang sudah tidak sesuai dengan dinamika dan perkembangan yang ada. Salah satunya, terkait peran prajurit aktif TNI pada Kementerian/lembaga lain serta batasan usia prajurit TNI. D. Putusan Mahkamah Konstitusi UU TNI pernah diuji di Mahkamah Konstitusi...

---

[web_article] . Yang pertama, pemohon meminta MK membatalkan UU TNI Nomor 3 Tahun 2025 dan memberlakukan kembali UU Nomor 34 Tahun 2004. Menyatakan UU Nomor 3 Tahun 2025 Tentang Perubahan atas UU Nomor 34 Tahun 2004 Tentang TNI (Lembaran Negara Republik Indonesia Tahun 2025 Nomor 3, Tambahan Lembaran Negara Republik Indonesia Nomor 7104), bertentangan dengan Undang-undang Dasar Negara Republik Indonesia Tahun 1945 oleh karenanya tidak mempunyai kekuatan hukum mengikat, kata kuasa hukum. Menyatakan ketentuan n...

---

[legal_request] . Dalam Pokok Perkara 1. Mengabulkan Permohonan para Pemohon untuk seluruhnya; 2. Menyatakan pembentukan UU Nomor 3 Tahun 2025 Tentang Perubahan atas UU Nomor 34 Tahun 2004 Tentang TNI, tidak memenuhi ketentuan...",0.5792893171310425
Apakah yayasan yang dikelola TNI termasuk dalam pengambilalihan?,"1. Inti Jawaban:
   - Ya, jika yayasan tersebut menjalankan aktivitas bisnis.
   - Implikasi: Yayasan sosial murni mungkin dikecualikan.

2. Rincian Analisis:
   a. Isu Pokok: Lingkup entitas 'tidak langsung'.
   b. Aturan & Unsur: Pasal 76 ayat (1) mencakup pengelolaan tidak langsung.
   c. Penerapan: Perlu verifikasi kegiatan yayasan.

3. Disclaimer: Pengecualian harus dibuktikan secara hukum.","(a) Ya, jika statusnya sama dengan lembaga lain. (b) Implikasi: Potensi konflik kepentingan.","[web_article] . Dari sebelumnya hanya 10 institusi, kini diusulkan menjadi 15. Beberapa lembaga tambahan yang dimasukkan, seperti Badan Nasional Penanggulangan Bencana (BNPB) dan Kejaksaan Agung, menimbulkan tanda tanya besar: apakah ini masih sejalan dengan semangat reformasi? Sejak reformasi 1998, kita sepakat bahwa TNI harus kembali ke barak dan fokus pada tugas utamanya, yaitu pertahanan negara. Reformasi TNI dengan tegas menolak keterlibatan prajurit aktif dalam urusan sipil. Namun, RUU TNI justru member...

---

[web_article] . TNI seharusnya tetap dalam koridor reformasi yang telah diperjuangkan sejak 1998. Keterlibatan TNI dalam ranah sipil ini bertentangan dengan semangat reformasi dan mengancam kebebasan sipil, ujarnya. Dia juga menyebut bahwa mahasiswa tak boleh diam ketika kekuasaan disalahgunakan. Kita pastikan TNI tetap di jalurnya dan tidak menjadi alat politik, imbuhnya. Ketua DPRD Sumsel Andie Dinialdie yang menemui massa aksi menyampaikan apresiasi atas kepedulian mahasiswa terhadap demokrasi. Kami siap m...

---

[web_article] . Adanya revisi UU TNI itu justru memperkuat payung hukum. Terdapat lembaga atau kementerian yang selama ini sudah dijabat oleh TNI namun belum memiliki memiliki payung UU, di antaranya Badan Nasional Penanggulangan Bencana (BNPB), Badan Nasional Pemberantasan Terorisme (BNPT), Badan Keamanan Laut (Bakamla), dan Badan Nasional Pengelola Perbatasan (BNPP), ujar Sarmuji. Sarmuji menekankan revisi UU TNI tidak akan mengubah norma. Sekjen Golkar itu mengatakan TNI tetap memiliki tugas utama sebagai ...

---

[analysis_report] 46 EDISI KHUSUS 2019 TNI dengan tetap meneguhkan komitmen untuk menjadi TNI yang kuat, hebat dan professional. Bentuk komitmen TNI tersebut diperlihatkan dengan terus memantapkan kemanunggalan TNI rakyat, meningkatkan semangat pengabdian, kualitas kinerja, etos kerja dan memberikan yang terbaik untuk bangsa dalam mengemban setiap tugas. Untuk melaksanakan tugas pokoknya selain penugasan di dalam negeri, TNI juga melaksanakan kegiatan di luar negeri dalam rangka menjaga nama baik Bangsa Indonesia...

---

[legal_request] . Sebagai pertanyaan apakah kita sedang menuju ke arah yang lebih baik, atau justru mundur ke masa lalu? Apakah perluasan peran TNI di Instansi sipil benar-benar untuk kepentingan nasional, atau sekedar membuka pintu bagi militerisme yang seharusnya ditinggalkan. Bahwa Sejarah jelas membuktikan Bangsa ini telah berusaha keras untuk membagun demokrasi setelah jatuhnya rezim Orde Baru. Namun revisi UU TNI yang sudah menjadi UU No. 3 Tahun 2025 Tentang Perubahan atas UU Nomor 34 Tahun 2004 Tentang ...",0.7168630957603455
Bagaimana mekanisme rujuk bagi prajurit TNI menurut UU TNI?,"1. Inti Jawaban: Rujuk bagi prajurit TNI dilaksanakan berdasarkan hukum agama dan peraturan perundang-undangan, dengan tata cara yang diatur oleh Panglima. Implikasi praktisnya adalah prajurit harus memenuhi syarat agama dan administrasi. 2. Rincian Analisis: a. Isu Pokok: Proses rujuk sesuai hukum dan aturan TNI. b. Aturan & Unsur: Pasal 63 ayat (1) UU No. 34 Tahun 2004 menyatakan rujuk prajurit mengikuti peraturan perundang-undangan, sementara ayat (2) menegaskan Panglima mengatur pelaksanaannya. c. Penerapan: Prajurit wajib mematuhi ketentuan hukum agama dan administrasi TNI dalam rujuk. 3. Disclaimer: Penjelasan ini bersifat informatif dan tidak menggantikan nasihat hukum.",(a) Inti Jawaban: Prajurit TNI dapat merujuk pada Pasal 30 ayat (5) UUD NRI Tahun 1945 dan UU TNI. (b) Rincian Analisis: 1. Isu Pokok: Prosedur rujukan hukum bagi prajurit TNI. 2. Aturan & Unsur: Pasal 30 ayat (5) UUD NRI Tahun 1945 menjadi landasan hukum. 3. Penerapan: Prajurit TNI wajib mengacu pada UU TNI untuk mengetahui hak dan kewajiban mereka. (c) Disclaimer: Informasi ini bersifat umum dan tidak menggantikan konsultasi hukum resmi.,"[web_article] . Dua, memperjelas batasan dan mekanisme pelibatan TNI dalam tugas nonmiliter, ujar Sjafrie. Tiga, meningkatkan kesejahteraan prajurit serta jaminan sosial bagi prajurit. Empat, menyesuaikan ketentuan terkait kepemimpinan jenjang karir dan usia pensiun sesuai dengan kebutuhan organisasi, tambahnya. Lihat juga Video: Anggota DPR Pertanyakan Usulan Usia Pensiun TNI Jabatan Fungsional 65 Tahun [Gambas:Video 20detik] Isi: nan...

---

[academic_draft] . Sebagai kekuatan utama yang menurut UU Nomor 3 Tahun 2002 tentang Pertahanan Negara disebut sebagai komponen utama dalam sistem pertahanan negara, TNI merupakan alat negara yang bertugas mempertahankan, melindungi, dan memelihara keutuhan dan kedaulatan negara. Dalam Pasal 30 ayat (5) UUD NRI Tahun 1945 disebutkan bahwa susunan, kedudukan, hubungan, dan kewenangan TNI dalam melaksanakan tugas, termasuk syarat-syarat keikutsertaan...

---

[web_article] . Anies kemudian mempertanyakan jaminan bahwa revisi UU TNI itu tak akan berdampak selain yang diniatkan pembuat kebijakan. Dia juga menyinggung di tubuh TNI masih ada tantangan tersendiri, yakni meritokrasi dalam jenjang karier. Jika revisi ini bertujuan memperkuat TNI, kita harus pastikan ada rambu hukum yang jelas. Apa mekanisme pengamannya? Bagaimana memastikan bahwa perubahan ini tidak akan membawa dampak di luar niat awal pembuat kebijakan? Selain itu, apakah revisi ini menyelesaikan masal...

---

[academic_draft] . Penempatan prajurit aktif TNI pada kementerian/lembaga lain sudah dilakukan atas kebijakan Presiden. Saat ini yang diperlukan adalah menguatkan dasar hukumnya di dalam UU TNI. Penempatan prajurit aktif TNI pada kementerian/lembaga lain memberikan dampak positif bagi Pemerintah dan juga masyarakat. Publik harus diberikan pemahaman bahwa keterlibatan prajurit aktif TNI tersebut bukan bagian dari pelaksanaan dwi fungsi TNI. Sebab TNI tidak terlibat dalam politik praktis. Keterlibatan prajurit akt...

---

[academic_draft] . Hal-hal yang terkait dengan sistem pertahanan dan keamanan negara, termasuk susunan dan kedudukan TNI diatur dengan UU. Ketentuan ini merupakan materi muatan delegasi yang harus diatur dengan UU TNI, termasuk ketentuan mengenai keterlibatan prajurit aktif TNI pada kementerian/lembaga lain serta penambahan usia masa dinas prajurit TNI. B. Ketetapan MPR Ketetapan Majelis Permusyawaratan Rakyat Nomor VI/MPR/2000 tentang Pemisahan TNI dan Kepolisian Negara Republik Indonesia, serta Ketetapan Majel...

---

[undang_undang] Pasal 41 Isi: (1) Setiap prajurit memperoleh kesempatan untuk mengembangkan kemampuannya melalui pendidikan dan penugasan, dengan mempertimbangkan kepentingan TNI serta memenuhi persyaratan yang ditentukan. (2) Ketentuan sebagaimana dimaksud pada ayat (1) diatur dengan keputusan Panglima....",0.6388000845909119
Apa saja aspek yang termasuk dalam dukungan administrasi Kementerian Pertahanan terhadap TNI?,"1. Inti Jawaban:
- Meliputi penganggaran, pengadaan alat utama, rekrutmen, dan pengelolaan industri pertahanan.
- Implikasi: Kemenhan menjamin kelangsungan logistik dan sumber daya TNI.

2. Rincian Analisis:
a. Isu Pokok: Ruang lingkup dukungan administratif.
b. Aturan & Unsur: Penjelasan Pasal 3 ayat (2) menyebutkan 7 aspek termasuk teknologi industri pertahanan.
c. Penerapan: Koordinasi ini memastikan TNI mendapat dukungan sistemik dari pemerintah.

3. Disclaimer: Daftar aspek dapat berkembang sesuai kebutuhan pertahanan.",1. Inti Jawaban: Aspek yang termasuk adalah pengelolaan sumber daya nasional dan pembinaan teknologi industri pertahanan. 2. Rincian Analisis: a. Isu Pokok: Ruang lingkup dukungan administrasi dari Kementerian Pertahanan. b. Aturan & Unsur: Pasal 3 ayat (2) menyebutkan aspek seperti pengelolaan sumber daya nasional dan pembinaan teknologi industri pertahanan. c. Penerapan: Kementerian Pertahanan bertugas memastikan TNI memiliki sumber daya dan teknologi untuk operasi militer. 3. Disclaimer: Informasi ini bersifat umum dan tidak menggantikan konsultasi hukum resmi.,"[undang_undang] Pasal 3 Isi: (1) Dalam pengerahan dan penggu naan kekuatan militer, TNI berkedudukan di bawah Presiden. (2) Dalam kebijakan dan strategi pertahanan serta dukungan administrasi, TNI di bawah koordinasi Departemen Pertahanan. Penjelasan: Ayat (1) Yang dimaksud berkedudukan di bawah Presiden adalah bahwa keberadaan TNI di bawah kekuasaan Presiden. Ayat (2) Yang dimaksud dengan di bawah koordinasi Departemen Pertahanan adalah segala sesuatu yang berkaitan dengan perencanaan strategis yang meliputi a...

---

[web_article] . Berikut daftar 14 kementerian dan lembaga yang dapat diisi anggota TNI aktif dalam UU TNI terbaru: 1. Kementerian Koordinator Bidang Politik dan Keamanan.2. Kementerian Pertahanan, termasuk Dewan Pertahanan Nasional.3. Kesekretariatan negara yang menangani urusan kesekretariatan presiden dan kesekretariatan militer presiden.4. Badan Intelijen Negara.5. Badan Siber dan/atau Sandi Negara.6. Lembaga Ketahanan Nasional.7. Badan Search And Rescue (SAR) Nasional.8. Badan Narkotika Nasional (BNN).9. ...

---

[academic_draft] . Penempatan prajurit aktif TNI pada kementerian/lembaga negara dalam praktiknya tidak sebatas kementerian/lembaga negara yang tercantum dalam Pasal 47 ayat (2) UU TNI saja. Seiring dengan adanya kebutuhan sumber daya manusia yang menguasai keahlian di bidang tertentu, saat ini beberapa prajurit aktif TNI dapat juga diperbantukan pada kementerian/lembaga lain yang membutuhkan keahliannya. Sebut saja antara lain misalkan pada: kementerian kelautan dan perikanan, staf kepresidenan, badan nasional ...

---

[academic_draft] . Sebagai kekuatan utama yang menurut UU Nomor 3 Tahun 2002 tentang Pertahanan Negara disebut sebagai komponen utama dalam sistem pertahanan negara, TNI merupakan alat negara yang bertugas mempertahankan, melindungi, dan memelihara keutuhan dan kedaulatan negara. Dalam Pasal 30 ayat (5) UUD NRI Tahun 1945 disebutkan bahwa susunan, kedudukan, hubungan, dan kewenangan TNI dalam melaksanakan tugas, termasuk syarat-syarat keikutsertaan...",0.6927502155303955
Bagaimana Sumpah Prajurit memengaruhi kehidupan pribadi prajurit?,1. Inti Jawaban: Sumpah Prajurit membentuk perilaku prajurit baik dalam dinas maupun kehidupan sehari-hari. Implikasi praktisnya adalah prajurit harus menjaga nama baik TNI di mana pun. 2. Rincian Analisis: a. Isu Pokok: Dampak sumpah pada kehidupan non-militer. b. Aturan & Unsur: Pasal 35 UU TNI mengikat prajurit secara holistik. c. Penerapan: Nilai-nilai seperti disiplin dan kerahasiaan berlaku universal. 3. Disclaimer: Prajurit tetap memiliki hak privasi yang dilindungi hukum.,"1. Inti Jawaban: Sumpah Prajurit menuntut prajurit untuk meningkatkan moral dan disiplin pribadi. 2. Rincian Analisis: a. Isu Pokok: Implikasi sumpah pada kehidupan prajurit. b. Aturan & Unsur: Pasal 25 ayat (1) huruf c dan d menyebut prajurit harus bermoral, tunduk hukum, berdisiplin, dan bertanggung jawab. c. Penerapan: Prajurit wajib menghindari perilaku yang merusak nama baik TNI. 3. Disclaimer: Jawaban ini bersifat umum.","[undang_undang] Pasal 35 Isi: Sumpah Prajurit adalah sebagai berikut: Demi Allah saya bersumpah/berjanji: bahwa saya akan setia kepada Negara Kesatuan Republik Indonesia yang berdasarkan Pancasila dan UU Dasar Negara Republik Indonesia Tahun 1945; bahwa saya akan tunduk kepada hukum dan memegang teguh disiplin keprajuritan; bahwa saya akan taat kepada atasan dengan tidak membantah perintah atau putusan bahwa saya akan menjalankan segala kewajiban dengan penuh rasa tanggung jawab kepada tentara dan Negara Republ...

---

[undang_undang] Pasal 37 Isi: (1) Prajurit berkewajiban menjunjung tinggi kepercayaan yang diberikan oleh bangsa dan negara untuk melakukan usaha pembelaan negara sebagaimana termuat dalam Sumpah Prajurit (2) Untuk keamanan negara, setiap prajurit yang telah berakhir menjalani dinas keprajuritan atau prajurit siswa yang karena suatu hal tidak dilantik menjadi prajurit, wajib memegang teguh rahasia tentara walaupun yang bersangkutan diberhentikan dengan hormat atau dengan tidak hormat....

---

[undang_undang] Pasal 34 Isi: (1) Pelantikan menjadi prajurit dilaksanakan dengan mengucapkan Sumpah Prajurit. (2) Pelantikan menjadi prajurit golongan perwira selain mengucapkan Sumpah Prajurit juga mengucapkan Sumpah Perwira. (3) Ketentuan mengenai tata ca ra pelantikan dan pengambilan sumpah sebagaimana dimaksud pada ayat (1) dan ayat (2), diatur lebih lanjut dengan keputusan Panglima....

---

[undang_undang] Pasal 25 Isi: (1) Prajurit adalah insan prajurit yang: a. beriman dan bertakwa kepada Tuhan Yang Maha Esa; b. setia kepada Negara Kesatuan Republik Indonesia yang berdasarkan Pancasila dan UU Dasar Negara Republik Indonesia Tahun 1945; c. bermoral dan tunduk pada hukum serta peraturan perUUan; d. berdisiplin serta taat kepada atasan; dan e. bertanggung jawab dan melaksanakan kewajibannya sebagai tentara. (2) Prajurit sebagaimana dimaksud pada ayat (1), diwajibkan mengucapkan Sumpah Prajurit. Pen...

---

[undang_undang] Pasal 60 Isi: (1) Dalam menghadapi keadaan darurat militer dan keadaan perang, setiap Prajurit Sukarela dan Prajurit Wajib yang telah berakhir menjalani dinas keprajuritan dapat diwajibkan aktif kembali (2) Kewajiban sebagaimana dimaksud pada ayat (1) diatur dengan UU....

---

[undang_undang] Pasal 58 Isi: (1) Prajurit yang dalam melaksanakan tugas tidak kembali bergabung dengan kesatuannya sebagai akibat dari atau diduga diakibatkan oleh tindakan musuh atau di luar kekuasaannya, dinyatakan hilang dalam tugas, wajib terus dicari. (2) Prajurit sebagaimana dimaksud pada ayat (1) apabila setelah 1 (satu) tahun tidak ada kepastian atas dirinya, diberhentikan dengan hormat dan kepada ahli warisnya diberikan hak sebagaimana hak prajurit yang gugur sesuai dengan peraturan perUUan. (3) Praju...",0.47909116744995117
Apa dasar hukum bagi pengaturan lebih lanjut tentang ikatan dinas Prajurit Sukarela?,"1. Inti Jawaban:
   - Dasar hukumnya adalah Pasal 23 ayat (2) UU No. 34 Tahun 2004.
   - Implikasi praktisnya adalah pemerintah wajib menerbitkan Peraturan Pemerintah untuk mengatur hal ini.

2. Rincian Analisis:
   a. Isu Pokok: Kewenangan pemerintah dalam mengatur ikatan dinas.
   b. Aturan & Unsur: Pasal 23 ayat (2) menyatakan bahwa ketentuan tentang ikatan dinas Prajurit Sukarela diatur lebih lanjut dengan Peraturan Pemerintah.
   c. Penerapan: Ini memberikan landasan bagi pemerintah untuk menetapkan aturan teknis seperti masa bakti, syarat pengunduran diri, dan sanksi pelanggaran.

3. Disclaimer: Peraturan Pemerintah yang dimaksud mungkin telah diperbarui atau diubah.","A. Inti Jawaban:
1. Dasar hukumnya adalah Pasal 23 ayat (2) UU No. 34 Tahun 2004 tentang TNI.
2. Implikasi: PP harus merinci mekanisme teknis pelaksanaannya.
B. Rincian Analisis:
1. Isu Pokok: Legal basis for implementation details.
2. Aturan & Unsur: Pasal 23 ayat (2) menyatakan bahwa ketentuan teknis diatur lebih lanjut.
3. Penerapan: PP akan mengisi rincian operasional ikatan dinas.
C. Disclaimer: Interpretasi ini bersifat umum.","[undang_undang] Pasal 23 Isi: (1) Prajurit Sukarela menjalani dinas keprajuritan dengan ikatan dinas. (2) Ketentuan sebagaimana dimaksud pada ayat (1), diatur lebih lanjut dengan Peraturan Pemerintah....

---

[undang_undang] Pasal 24 Isi: (1) Prajurit Wajib menjalani dinas keprajuritan berdasarkan ikatan dinas. (2) Ketentuan sebagaimana dimaksud pada ayat (1), diatur lebih lanjut dalam UU....

---

[web_article] . (2) Selain menduduki jabatan pada kementerian/lembaga sebagaimana dimaksud pada ayat (1), Prajurit dapat menduduki jabatan sipil lain setelah mengundurkan diri atau pensiun dari dinas aktif keprajuritan. Menurutnya, berlakunya Pasal 47 ayat 1 dan 2 mengakibatkan terjadinya kontradiksi sehingga menciptakan dwifungsi militer. Sebab itu, dia menilai prinsip supremasi sipil sebagai elemen fundamental negara hukum tidak terpenuhi. Pengisian jabatan sipil oleh prajurit TNI tanpa adanya pengunduran d...

---

[academic_draft] 26 BAB V JANGKAUAN, ARAH PENGATURAN, DAN RUANG LINGKUP MATERI MUATAN RANCANGAN UNDANG-UNDANG A. Jangkauan dan Arah Pengaturan Jangkauan dan arah pengaturan perubahan UU TNI terbatas pada peran prajurit aktif TNI pada kementerian/ lembaga lain sesuai kebutuhan institusi dimaksud dan kebijakan Presiden. Di samping itu, perubahan UU TNI juga mengatur mengenai batasan usia masa dinas bagi prajutir TNI sesuai dengan kebutuhan dan mensikronkan dengan berbagai ketentuan peraturan perUUan yang ada, baik...

---

[undang_undang] Pasal 55 Isi: (1) Prajurit diberhentikan dengan hormat dari dinas keprajuritan karena: a. atas permintaan sendiri; b. telah berakhirnya masa ikatan dinas c. menjalani masa pensiun; d. tidak memenuhi persyara tan jasmani atau rohani; e. gugur, tewas, atau meninggal dunia; f. alih status menjadi pegawai negeri sipil; g. menduduki jabatan yang menurut peraturan perundang- undangan, tidak dapat diduduki oleh seorang prajurit aktif; dan h. berdasarkan pertimbangan khusus untuk kepentingan dinas. (2) ...

---

[academic_draft] . keterbukaan. Selain itu, pada UU dimaksud telah ditentukan pula bahwasannya materi muatan peraturan perUUan harus mencerminkan asas: a. pengayoman; b. kemanusiaan; c. kebangsaan; d. kekeluargaan; e. kenusantaraan; f. bhineka tunggal ika; g. keadilan; h. kesamaan kedudukan dalam hukum dan pemerintahan; i. ketertiban dan kepastian hukum; dan/atau j. keseimbangan, keserasian, dan keselarasan. Dikarenakan materi muatan ini terkait peran prajurit aktif TNI pada kementerian/lembaga negara serta bata...",0.6467264890670776
Apakah mantan prajurit wajib melapor ketika akan memakai tanda jasa?,1. Inti Jawaban: Pasal ini tidak mengatur kewajiban pelaporan. Implikasi praktisnya adalah ketidakjelasan prosedur administratif. 2. Rincian Analisis: a. Isu Pokok: Kewajiban pelaporan pemakaian tanda jasa. b. Aturan & Unsur: Pasal 61 UU No. 34 Tahun 2004 tidak menyebutkan hal ini. c. Penerapan: Mungkin diatur dalam keputusan Presiden atau peraturan internal. 3. Disclaimer: Periksa ketentuan pelaksanaan untuk informasi lebih rinci.,(a) Inti Jawaban: Tidak ada aturan wajib melapor secara eksplisit. (b) Rincian: Pasal 37 UU TNI hanya mewajibkan penggunaan tanda jasa sesuai prosedur administratif. (c) Disclaimer: Informasi lebih lanjut perlu dikonsultasikan dengan instansi terkait.,"[undang_undang] Pasal 37 Isi: (1) Prajurit berkewajiban menjunjung tinggi kepercayaan yang diberikan oleh bangsa dan negara untuk melakukan usaha pembelaan negara sebagaimana termuat dalam Sumpah Prajurit (2) Untuk keamanan negara, setiap prajurit yang telah berakhir menjalani dinas keprajuritan atau prajurit siswa yang karena suatu hal tidak dilantik menjadi prajurit, wajib memegang teguh rahasia tentara walaupun yang bersangkutan diberhentikan dengan hormat atau dengan tidak hormat....

---

[web_article] . Waketum PKB itu mengatakan dalam Pasal 47 UU TNI jelas disebutkan bahwa prajurit hanya dapat menduduki jabatan sipil setelah mengundurkan diri atau pensiun dari dinas aktif keprajuritan. SCROLL TO CONTINUE WITH CONTENT Apakah yang sekarang sudah mengundurkan diri atau pensiun dari dinas aktif keprajuritan? Mari kita koreksi bersama, kata Jazilul. Jazilul heran ketika aturan pasal tersebut tidak dijalankan oleh prajurit, Panglima TNI dan Menteri Pertahanan (Menhan) hanya mengimbau, tidak ada ti...

---

[web_article] . Sebab itu, kata dia, pasal tersebut berpotensi merugikan hak-hak konstitusional warga negara. Karena terdapat dalam pasal 47 ayat 1 yang menyatakan prajurit dapat menduduki jabatan di kementerian atau lembaga dan seterusnya tanpa harus mengundurkan diri atau pensiun dari dinas aktif keprajuritan, akibat berlakunya ketentuan a quo, yang memberikan dua alternatif keleluasaan bagi prajurit TNI untuk menduduki jabatan tersebut dan jabatan sipil lain, ujarnya. Kemudian bahwa kerugian konstitusional...",0.5418338775634766
Mengapa UU No. 34 Tahun 2004 mempertahankan ketentuan UU No. 2 Tahun 1988 untuk kasus penahanan yang sedang berjalan?,1. Inti Jawaban: UU No. 34 Tahun 2004 mempertahankan ketentuan lama untuk menjamin kepastian hukum dan menghindari kekosongan hukum dalam proses penahanan yang sedang berjalan. Implikasi praktisnya adalah stabilitas sistem peradilan militer selama masa transisi. 2. Rincian Analisis: a. Isu Pokok: Prinsip hukum tentang keberlakuan undang-undang baru terhadap kasus yang sedang berproses. b. Aturan & Unsur: Pasal 72 mencerminkan asas non-retroaktif dan lex specialis dalam hukum militer. c. Penerapan: Pembuat UU ingin memastikan proses hukum yang adil tanpa terpengaruh perubahan regulasi di tengah jalan. 3. Disclaimer: Pemahaman filosofis hukum ini tidak mencakup semua pertimbangan legislatif.,"1. Inti Jawaban:
    - Untuk menjaga kesinambungan proses hukum.
    - Implikasi: Penghormatan terhadap prinsip non-retroaktifitas hukum.
2. Rincian Analisis:
    a. Isu Pokok: Validitas ketentuan lama dalam konteks baru.
    b. Aturan & Unsur: Pasal 72 ayat (2) UU No. 34 Tahun 2004 merujuk pada UU No. 2 Tahun 1988 sebagai dasar hukum.
    c. Penerapan: Ketentuan lama tetap berlaku hingga resolusi kasus selesai.
3. Disclaimer: Penjelasan ini bersifat umum.","[academic_draft] 22 C. UU Nomor 34 Tahun 2004 tentang TNI UU Nomor 34 Tahun 2004 tentang TNI (UU TNI) saat ini telah berlaku lebih kurang 20 (dua puluh) tahun. Tentu selama berlaku, ada beberapa ketentuan atau materi muatan yang sudah tidak sesuai dengan dinamika dan perkembangan yang ada. Salah satunya, terkait peran prajurit aktif TNI pada Kementerian/lembaga lain serta batasan usia prajurit TNI. D. Putusan Mahkamah Konstitusi UU TNI pernah diuji di Mahkamah Konstitusi...

---

[legal_request] . Namun pada kenyatannya bahwa Muatan materi pembentukan UU No 3 Tahun 2025 Tentang Perubahan atas UU Nomor 34 Tahun 2004 bertentangan dengan ketentuan Hak konstitusional warga negara yang diatur dalam UUD 1945 serta tidak juga berpedoman sesuai dengan Undang- undang Nomor 13 Tahun 2022 tentang Perubahan Kedua atas UU Nomor 12 Tahun 2011 tentang Pembentukan Peraturan Perundang-Undangan tepatnya di Pasal 6 ayat (1) yang...

---

[legal_request] . 414): [3.20.4] Bahwa apabila dalam tenggang waktu 2 (dua) tahun pembentuk UU tidak dapat menyelesaikan perbaikan UU 11/2020 maka demi kepastian hukum terutama untuk menghindari kekosongan hukum atas UU atau pasal-pasal atau materi muatan UU yang telah dicabut atau diubah tersebut harus dinyatakan berlaku kembali. 24. Bahwa agar tidak terjadi kekosongan hukum, mohon kepada yang mulia majelis hakim untuk menyatakan ketentuaan yang diubah atau dicabut dalam UU Nomor 3 Tahun 2025 Tentang Perubahan...

---

[web_article] . Menyatakan ketentuan norma dalam UU yang telah diubah dihapus atau yang telah dinyatakan tidak mempunyai kekuatan hukum mengikat, dalam UU Nomor 34 Tahun 2004 tentang TNI berlaku kembali, imbuh dia. Simak juga Video Prabowo Tegaskan Tak Ada Niat Bangkitkan Dwifungsi Lewat UU TNI: Come On! [Gambas:Video 20detik] Isi: nan...

---

[legal_request] . Hal ini bisa menghambat dinamika dan modernisasi dalam tubuh TNI. Bahwa dengan memahami subtansi di atas terkait dengan jenis dan Muatan materi pembentukan UU TNI Nomor 3 Tahun 2025 Tentang Perubahan atas UU Nomor 34 Tahun 2004 jelas tidak bersesuaian dengan Pasal 28 D ayat (1) UUD 1945 yang menyatakan bahwa setiap orang berhak atas pengakuan, jaminan, perlindungan, dan kepastian hukum yang adildengan asas-asas muatan materi yang diatur dalam suatu peraturan perUUan, yang justru sebaliknya UU ...

---

[undang_undang] Pasal 72 Isi: Bagi perwira yang pada tanggal UU ini diundangkan sedang menjalani penahanan dalam dinas keprajuritan berdasarkan UU Nomor 2 Tahun 1988 tentang Prajurit ABRI, tetap berlaku ketentuan tersebut sampai masa penahanan dalam dinas keprajuritannya berakhir....",0.5767028331756592
Bagaimana jika kerja sama TNI dengan dalam negeri bertentangan dengan UU lain?,"1. Inti Jawaban: Kerja sama tersebut harus disesuaikan atau dibatalkan untuk menghindari konflik hukum. Implikasinya, TNI harus melakukan harmonisasi regulasi. 2. Rincian Analisis: a. Isu Pokok: Konflik norma dalam kerja sama TNI. b. Aturan & Unsur: Pasal 70 ayat (1) UU No. 34/2004 mensyaratkan kepatuhan hukum. c. Penerapan: Misalnya, kerja sama dengan Kementerian PUPR harus sesuai UU SDA. 3. Disclaimer: Penyelesaian konflik bisa melalui judicial review.",Tidak relevan dengan konteks pertanyaan.,"[undang_undang] Pasal 70 Isi: (1) Hubungan dan kerja sama TNI dengan lembaga, badan, serta instansi di dalam negeri didasarkan atas kepentingan pelaksanaan tugas TNI dalam kerangka pertahanan negara. (2) Hubungan dan kerja sama luar negeri dilakukan dalam rangka tugas operasional, kerja sama teknik, serta pendidikan dan latihan. (3) Hubungan dan kerja sama dalam dan luar negeri sebagaimana dimaksud pada ayat (1) dan ayat (2) dilaksanakan berdasarkan kebijakan pemerintah di bidang pertahanan negara....

---

[web_article] . Oleh karena itu, Pasal 47 ayat (2) UU TNI berpotensi bertentangan dengan Pasal 1 ayat (3) UUD NRI 1945 karena tidak sepenuhnya mencerminkan prinsip negara hukum yang menuntut adanya kepastian hukum, keadilan, dan supremasi sipil dalam setiap aspek penyelenggaraan negara, paparnya. Sebagai bentuk pencegahan terhadap dwifungsi militer dalam menduduki jabatan sipil sehingga pasal 47 ayat 2 UU TNI sudah seharusnya memperhatikan batasana quo, sesuai dengan huruf d TAP MPR Nomor 6 Tahun 2000, imbuhn...

---

[web_article] . Dampaknya menjadikan UU-nya bermasalah secara formil yaitu terkait dengan keabsahan. UU yang bermasalah secara formil potensi untuk dibatalkan oleh MK, imbuhnya. Dengan sahnya UU TNI, lanjut Allan, hal ini semakin mengonfirmasi adanya perluasan kekuasaan TNI. Kini mereka bisa menduduki jabatan sipil yang lebih luas dari sebelumnya. Padahal itu bukan hal yang genting. Karena sesuai Pasal 30 UUD 1945, TNI dikonstruksikan untuk persoalan pertahanan dan keamanan negara. Oleh karena itu, jika mau m...

---

[petition] . 31 tahun 1997 tentang Peradilan Militer. Agenda revisi UU ini lebih penting ketimbang RUU TNI, karena agenda itu merupakan kewajiban konstitusional negara untuk menjalankan prinsip persamaan di hadapan hukum (equality before the law) bagi semua warga negara, tanpa kecuali. Reformasi peradilan militer merupakan mandat TAP MPR No. VII Tahun 2000 dan UU No. 34 tahun 2004 tentang TNI. Kami menilai RUU TNI akan mengembalikan Dwifungsi TNI, yaitu militer aktif menduduki jabatan-jabatan sipil. Perlua...",0.7390514016151428
Bagaimana jika terjadi konflik antara hukum umum dan aturan Panglima tentang perkawinan prajurit?,1. Inti Jawaban: Prajurit TNI harus memenuhi kedua ketentuan karena aturan Panglima bersifat komplementer bukan kontradiktif. Implikasi praktisnya adalah harmonisasi regulasi. 2. Rincian Analisis: a. Isu Pokok: Konflik hukum perkawinan prajurit. b. Aturan & Unsur: Pasal 63 UU No. 34 Tahun 2004 menempatkan hukum umum sebagai dasar dan aturan Panglima sebagai pelengkap. c. Penerapan: Aturan Panglima tidak boleh bertentangan dengan hukum umum. 3. Disclaimer: Penyelesaian konflik bersifat kasuistis.,1. Inti Jawaban: Konflik dapat diselesaikan dengan hierarki hukum. 2. Rincian Analisis: a. Isu Pokok: Resolusi konflik hukum. b. Aturan & Unsur: Pasal 63 ayat (1) memberikan dasar hukum. c. Penerapan: Panglima harus merujuk pada peraturan perundang-undangan. 3. Disclaimer: Penjelasan bersifat umum.,"[web_article] . Hal itu akan terjadi jika prajurit TNI tersandung kasus saat melaksanakan jabatan sipil. Jika prajurit TNI tersandung kasus tindak pidana atau administrasi dalam jabatan a quo, apakah tunduk pada hukum acara peradilan militer atau hukum acara sipil atau pidana, ujar pemohon. Dengan demikian menurut penalaran yang wajar jawaban dari pertanyaan a quo hanyalah ketidakpastian hukum. Hal mana telah terbukti secara empiris dengan adanya perdebatan antara KPK dan Mahkamah Militer dalam menangani perk...

---

[web_article] . Bagi kami hak militer adalah menjaga kedaulatan negara. Bukan ikut ke dalam kontestasi politik ataupun ikut ke dalam ranah-ranah sipil yang juga justru akan berpengaruh terhadap bahwa benturan antara militer dan sipil, ungkap Faiz. Faiz mengaku kecewa pertemuannya dengan Menteri Hukum RI, Supratman Andi Agtas, tidak membuahkan hasil positif. Sebab, RUU TNI tersebut pada akhirnya tetap disahkan oleh DPR. Tapi fakta dan nyatanya di hari ini, di pagi harinya justru DPR dengan sengaja mengolok-olo...

---

[undang_undang] Pasal 65 Isi: (1) Prajurit Siswa tunduk pada ketentuan hukum yang berlaku bagi prajurit. (2) Prajurit tunduk kepada kekuasaan pera dilan militer dalam hal pelanggaran hukum pidana militer dan tunduk pada kekuasaan peradilan umum dalam hal pelanggaran hukum pidana umum yang diatur dengan UU. (3) Apabila kekuasaan peradilan umum sebagaimana dimaksud pada ayat (2) tidak berfungsi, maka prajurit tunduk di bawah kekuasaan peradilan yang diatur dengan UU. Penjelasan: Ayat (1) Hukum yang dimaksud adala...

---

[undang_undang] Pasal 63 Isi: (1) Perkawinan, perceraian, dan rujuk bagi setiap prajurit dilaksanakan berdasarkan peraturan perUUan. (2) Pelaksanaan sebagaimana dimaksud pada ayat (1) diatur dengan keputusan Panglima Bagian Ketujuh Ketentuan Hukum...

---

[analysis_report] . Angin perubahan tersebut terus bertiup kencang hingga mendorong militer masuk kedalam barak sehingga tidak bisa keluar walaupun situasi rakyat, bangsa dan negara dalam kondisi tidak menentu sampai ada keputusan politik (sipil) negara. Kondisi dan persepsi teori kontrol objektif sipil demikian yang menciptakan ketegangan psikologis antara unsur sipil (yang direpresentasikan oleh Polri dan sebagian anggota parlemen, serta aktivis hak azasi manusia) dengan unsur militer. Unsur sipil berpegang pad...",0.6307300329208374
Apakah keluarga prajurit cacat mendapat hak turunan?,"1. Inti Jawaban:
- Pasal 57 tidak mengatur hak keluarga secara eksplisit.
- Implikasi: Diatur dalam PP turunan atau peraturan lain.

2. Rincian Analisis:
a. Isu Pokok: Cakupan subjek penerima hak.
b. Aturan & Unsur:
- Fokus pasal: 'hak prajurit' (Pasal 57).
c. Penerapan: Kemungkinan ada tunjangan keluarga dalam PP.

3. Disclaimer: Perlu merujuk peraturan turunan terkait.","1. Inti Jawaban: Tidak secara eksplisit diatur, tetapi hak prajurit mencakup keluarga.
2. Rincian:
    a. Isu: Perlindungan keluarga prajurit cacat.
    b. Aturan: Pasal 57 UU TNI hanya mengatur hak prajurit.
    c. Implikasi: Keluarga mungkin berhak melalui mekanisme lain.
3. Disclaimer: Harus merujuk pada peraturan terkait keluarga.","[undang_undang] Pasal 57 Isi: Hak prajurit yang menyandang cacat berat, cacat sedang, atau cacat ringan yang diakibatkan karena tugas operasi militer, atau bukan tugas operasi militer selama dalam dinas keprajuritan, diatur dengan Peraturan Pemerintah. Penjelasan: Yang dimaksud cacat berat adalah cacat jasmani dan/atau rohani yang mengakibatkan prajurit tidak mampu sama sekali untuk melakukan pekerjaan atau kegiatan apapun sehingga menjadi beban orang lain. Yang dimaksud cacat sedang adalah cacat jasmani dan/at...

---

[web_article] . Sebab itu, kata dia, pasal tersebut berpotensi merugikan hak-hak konstitusional warga negara. Karena terdapat dalam pasal 47 ayat 1 yang menyatakan prajurit dapat menduduki jabatan di kementerian atau lembaga dan seterusnya tanpa harus mengundurkan diri atau pensiun dari dinas aktif keprajuritan, akibat berlakunya ketentuan a quo, yang memberikan dua alternatif keleluasaan bagi prajurit TNI untuk menduduki jabatan tersebut dan jabatan sipil lain, ujarnya. Kemudian bahwa kerugian konstitusional...

---

[academic_draft] . Hal ini dimaksudkan agar potensi sumber daya manusia yang dimiliki oleh TNI dapat terus terberdayakan dan teroptimalkan. Perubahan batasan usia pensiun bagi prajurit TNI selain untuk mengoptimalkan sumber daya manusia yang ada juga untuk membantu meringankan beban kebutuhan keluarga prajurit TNI, termasuk kebutuhan keluarga atas tempat tinggal, jaminan kesehatan, dan juga pendidikan bagi anak-anak prajurit TNI. Untuk itu, perubahan Pasal 53 UU TNI merupakan suatu keniscayaan....

---

[analysis_report] . 2) Pemenuhan Perumahan. Jumlah perumahan bagi setiap prajurit TNI dan PNS telah disediakan oleh negara sangat terbatas, sehingga perlu adanya pengembangan fasilitas perumahan dalam rangka mendukung kebutuhan pelaksanaan tugas. 3) Layanan Kesehatan dan Pendidikan Anak. Layanan kesehatan dan pendidikan anak merupakan salah satu faktor pendukung kesejahteraan prajurit TNI dan keluarganya dalam melaksanakan tugas pokoknya. 4) Jaminan Hari Tua. Jaminan hari tua dikembangkan antara lain melalui pemb...

---

[undang_undang] Pasal 52 Isi: Prajurit dan prajurit siswa berhak mendapatkan tanda jasa kenegaraan berdasarkan prestasi dan jasa-jasanya kepada negara, sesuai dengan peraturan perUUan. Bagian Keenam Pengakhiran...

---

[undang_undang] Pasal 50 Isi: (1) Prajurit dan prajurit siswa memperoleh kebutuhan dasar prajurit yang meliputi: a. perlengkapan perseorangan; dan b. pakaian seragam dinas (2) Prajurit dan prajurit siswa memperoleh rawatan dan layanan kedinasan, yang meliputi: a. penghasilan yang layak; b. tunjangan keluarga; c. perumahan/asrama/mess; d. rawatan kesehatan; e. pembinaan mental dan pelayanan keagamaan; f. bantuan hukum; g. asuransi kesehatan dan jiwa; h. tunjangan hari tua; dan i. asuransi penugasan operasi milit...",0.5654057264328003
Apa yang dimaksud dengan operasi 'matra atau gabungan'?,"1. Inti Jawaban: 
- Matra: Operasi single-service (AD/AL/AU saja). 
- Gabungan: Operasi multi-angkatan. 

2. Rincian Analisis: 
a. Isu Pokok: Klasifikasi jenis operasi militer. 
b. Aturan & Unsur: 
- Pasal 4 ayat (1) mengakui kedua mode operasi. 
c. Penerapan: Pemilihan model tergantung kompleksitas ancaman. 

3. Disclaimer: Definisi operasional diatur lebih lanjut dalam doktrin TNI.",A. Operasi matra atau gabungan adalah operasi yang dilakukan oleh satu atau beberapa angkatan TNI secara bersamaan. B. Implikasi praktisnya adalah bahwa TNI dapat melakukan operasi dengan kombinasi matra untuk meningkatkan efektivitas. C. Definisi ini mencakup semua jenis operasi baik dalam maupun luar negeri.,"[undang_undang] Pasal 4 Isi: (1) TNI terdiri atas TNI Angkatan Darat, TNI Angkatan Laut, dan TNI Angkatan Udara yang melaksanakan tugasnya secara matra atau gabungan di bawah pimpinan Panglima. (2) Tiap-tiap angkatan sebagaimana dimaksud pada ayat (1) mempunyai kedudukan yang sama dan sederajat....

---

[undang_undang] Pasal 10 Isi: Angkatan Udara bertugas: a. melaksanakan tugas TNI matra udara di bidang pertahanan; b. menegakkan hukum dan menjaga keamanan di wilayah udara yurisdiksi nasional sesuai dengan ketentuan hukum nasional dan hukum internasional yang telah diratifikasi; c. melaksanakan tugas TNI dalam pembangunan dan pengembangan kekuatan matra udara; serta d. melaksanakan pemberdayaan wilayah pertahanan udara Penjelasan: Huruf a Cukup jelas. Huruf b Yang dimaksud dengan menegakkan hukum dan menjaga k...

---

[undang_undang] Pasal 5 Isi: TNI berperan sebagai alat negara di bidang pertahanan yang dalam menjalankan tugasnya berdasarkan kebijakan dan keputusan politik negara. Bagian Kedua Fungsi Penjelasan: Yang dimaksud dengan kebijakan dan keputusan politik negara adalah kebijakan politik pemerintah bersama-sama Dewan Perwakilan Rakyat yang dirumuskan melalui mekanisme hubungan kerja antara pemerintah dan Dewan Perwakilan Rakyat, seperti rapat konsultasi dan rapat kerja sesuai dengan peraturan perUUan....

---

[undang_undang] Pasal 20 Isi: (1) Penggunaan kekuatan TNI dalam rangka melaksanakan operasi militer untuk perang, dilakukan untuk kepentingan penyelenggaraan pertahanan negara sesuai dengan peraturan perUUan. (2) Penggunaan kekuatan TNI dalam rangka melaksanakan operasi militer selain perang, dilakukan untuk kepentingan pertahanan negara dan/atau dalam rangka mendukung kepentingan nasional sesuai dengan peraturan perundang- undangan. (3) Penggunaan kekuatan TNI dalam rangka tugas perdamaian dunia dilakukan sesu...

---

[undang_undang] Pasal 70 Isi: (1) Hubungan dan kerja sama TNI dengan lembaga, badan, serta instansi di dalam negeri didasarkan atas kepentingan pelaksanaan tugas TNI dalam kerangka pertahanan negara. (2) Hubungan dan kerja sama luar negeri dilakukan dalam rangka tugas operasional, kerja sama teknik, serta pendidikan dan latihan. (3) Hubungan dan kerja sama dalam dan luar negeri sebagaimana dimaksud pada ayat (1) dan ayat (2) dilaksanakan berdasarkan kebijakan pemerintah di bidang pertahanan negara....

---

[analysis_report] . Empat strategi ini dilaksanakan dalam rangka pemunuhan aspek-aspek utama seperti: alat utama sistem senjata (Alutsista), pemeliharaan dan perawatan, serta organisasi dan sarana prasarana, yang didukung dengan aspek-aspek pendukung yang meliputi: industri pertahanan, profesionalisme dan kesejahteraan prajurit. Strategi ini juga akan mempertimbangkan kebijakan pengembangan personel TNI yang tidak lagi menggunakan prinsip kebijakan zero growth dan right sizing, namun dengan kebijakan proporsional...",0.4299060106277466
Apa dasar hukum Kepala Staf Angkatan dalam mengeluarkan kebijakan internal matra?,"1. Inti Jawaban:
   - Kewenangan derivatif dari Pasal 16 ayat (1) untuk pembinaan kekuatan.
   - Implikasi: Otonomi terbatas di tingkat matra.

2. Rincian Analisis:
   a. Isu Pokok: Legalitas kebijakan internal.
   b. Aturan & Unsur: Pasal 16 ayat (1) jo. Asas delegasi:
      - Kebijakan tidak boleh bertentangan dengan kebijakan Panglima.
      - Contoh: Peraturan KSAD tentang pelatihan tempur.
   c. Penerapan: Harus ada persetujuan prinsip dari Panglima.

3. Disclaimer: Kebijakan bersifat teknis-operasional.","A. Dasar hukumnya adalah Pasal 14 ayat (2) dan ayat (3), serta keputusan Presiden tentang tata cara pengangkatan/pemberhentian.
B. Implikasi praktisnya adalah kebijakan harus sesuai dengan hierarki komando TNI.
C. Pembatasan: Keputusan Presiden menjadi acuan operasional.","[undang_undang] Pasal 14 Isi: (1) Angkatan dipimpin oleh seor ang Kepala Staf Angkatan dan berkedudukan di bawah Panglima serta bertanggung jawab kepada Panglima. (2) Kepala Staf Angkatan diangkat dan diberhentikan oleh Presiden atas usul Panglima. (3) Kepala Staf Angkatan sebagaimana dimaksud pada ayat (2) diangkat dari Perwira Tinggi aktif dari angkatan yang bersangkutan dengan memperhatikan jenjang kepangkatan dan karier. (4) Tata cara pengangkatan dan pemberhentian Kepala Staf Angkatan sebagaimana dimaksud ...

---

[undang_undang] Pasal 45 Isi: Pengangkatan dan pemberhentian jabatan di dalam struktur TNI selain jabatan Panglima dan Kepala Staf Angkatan, diatur dengan keputusan Panglima....

---

[undang_undang] Pasal 65 Isi: (1) Prajurit Siswa tunduk pada ketentuan hukum yang berlaku bagi prajurit. (2) Prajurit tunduk kepada kekuasaan pera dilan militer dalam hal pelanggaran hukum pidana militer dan tunduk pada kekuasaan peradilan umum dalam hal pelanggaran hukum pidana umum yang diatur dengan UU. (3) Apabila kekuasaan peradilan umum sebagaimana dimaksud pada ayat (2) tidak berfungsi, maka prajurit tunduk di bawah kekuasaan peradilan yang diatur dengan UU. Penjelasan: Ayat (1) Hukum yang dimaksud adala...

---

[web_article] . Menurutnya, RUU tersebut bukan bersifat memperkuat pengawasan, tetapi justru berlomba-lomba menambah kewenangan masing-masing. Ketentuan ini membuka peluang prajurit aktif mengisi jabatan di semua kementerian atau lembaga. Hal ini sebagaimana pada masa pemberlakuan dwifungsi ABRI di era Orde Baru, katanya dalamdetikNews. Dosen Hukum Tata Negara di Fakultas Hukum Universitas Jambi, Muhammad Eriton, SH, MH, CLA, menjelaskan dwifungsi ABRI (ABRI) mengandung pengertian bahwa ABRI mengemban dua fun...

---

[undang_undang] Pasal 64 Isi: Hukum militer dibina dan dike mbangkan oleh pemerintah untuk kepentingan penyelenggaraan pertahanan negara. Penjelasan: Yang dimaksud dengan hukum m iliter adalah semua perundang- undangan nasional yang subjek hukumnya adalah anggota militer atau orang yang dipersamakan sebagai militer berdasarkan perUUan yang berlaku. Di samping itu segala hukum dan ketentuan perUUan yang dipakai sebagai dasar pelaksanaan tugas TNI dalam melaksanakan fungsi pertahanan negara dikategorikan sebagai ...",0.7046573162078857
Apa peran pejabat berwenang dalam pemberhentian sementara?,"1. Inti Jawaban:
   - Pejabat berwenang memutuskan dan melaksanakan pemberhentian sementara.
   - Implikasi praktisnya adalah tanggung jawab besar dalam proses ini.

2. Rincian Analisis:
   a. Isu Pokok: Peran pejabat dalam Pasal 48.
   b. Aturan & Unsur: Pasal 48 menegaskan bahwa pejabat berwenang yang melakukan pemberhentian.
   c. Penerapan: Pejabat harus memastikan prosedur sesuai hukum.

3. Disclaimer: Kewenangan pejabat dapat dibatasi oleh peraturan lain.","1. Inti Jawaban:
   a. Peran pejabat berwenang adalah melakukan pemberhentian sementara sesuai peraturan perundang-undangan.
   b. Implikasi: Pejabat memiliki wewenang eksklusif untuk mengambil keputusan.
2. Rincian Analisis:
   a. Isu Pokok: Wewenang pemberhentian sementara.
   b. Aturan & Unsur: Pasal 48 ayat (1) UU No. 34 Tahun 2004 mensyaratkan keputusan pejabat berwenang.
   c. Penerapan: Keputusan harus sesuai dengan peraturan perundang-undangan.
3. Disclaimer: Informasi ini bersifat umum.","[undang_undang] Pasal 48 Isi: Pemberhentian sementara dari jabatan dilakukan oleh pejabat yang berwenang mengangkat dan memberhentikan dalam jabatan tersebut, berdasarkan peraturan perUUan. Bagian Kelima Kesejahteraan...

---

[undang_undang] Pasal 45 Isi: Pengangkatan dan pemberhentian jabatan di dalam struktur TNI selain jabatan Panglima dan Kepala Staf Angkatan, diatur dengan keputusan Panglima....

---

[web_article] . SCROLL TO CONTINUE WITH CONTENT Tampak massa aksi membagikan selebaran yang berisi tuntutan dan pernyataan sikap mereka. Sementara itu, aparat kepolisian dari Satuan Lalu Lintas berupaya mengurai kemacetan. Terdapat tiga isu yang menjadi pembahasan dalam revisi UU TNI ini. Yang pertama status dan kedudukan TNI di Pasal 3. (Kemudian) perluasan kedudukan TNI yang sebelumnya hanya dibatasi 10 lembaga/kementerian menjadi 15. Selanjutnya ada penambahan masa pensiun prajurit, kata perwakilan koalisi...

---

[undang_undang] Pasal 13 Isi: (1) TNI dipimpin oleh seorang Panglima. (2) Panglima sebagaimana dimaksud pada ayat (1) diangkat dan diberhentikan oleh Presiden setelah mendapat persetujuan Dewan Perwakilan Rakyat. (3) Pengangkatan dan pemberhentian Panglima dilakukan berdasarkan kepentingan organisasi TNI. (4) Jabatan Panglima sebagaimana dimaksud pada ayat (3) dapat dijabat secara bergantian oleh Perwira Tinggi aktif dari tiap-tiap Angkatan yang seda ng atau pernah menjabat sebagai Kepala Staf Angkatan. (5) Unt...

---

[undang_undang] Pasal 59 Isi: (1) Prajurit berpangkat kolonel dan perwira tinggi, diberhentikan dari dinas keprajuritan dengan Keputusan Presiden. (2) Pemberhentian selain yang dimaksud pada ayat (1) ditetapkan dengan keputusan Panglima....

---

[undang_undang] Pasal 62 Isi: (1) Prajurit diberhentikan dengan tidak hormat karena mempunyai tabiat dan/atau perbuatan yang nyata-nyata dapat merugikan disiplin keprajuritan atau TNI. (2) Pemberhentian sebagaimana dimaksud pada ayat (1) terhadap perwira dilaksanakan setelah mempertimbangkan pendapat Dewan Kehormatan Perwira. (3) Ketentuan sebagaimana dimaksud pada ayat (1) dan (2) diatur lebih lanjut dengan Peraturan Pemerintah....",0.691623330116272
Bagaimana definisi Wilayah menurut UU No 34 Tahun 2004 tentang TNI?,"1. Inti Jawaban:
- Wilayah adalah seluruh wilayah Negara Kesatuan Republik Indonesia berdasarkan peraturan perundang-undangan.
- Implikasi praktis: TNI bertugas mempertahankan seluruh wilayah NKRI termasuk darat, laut, dan udara.

2. Rincian Analisis:
a. Isu Pokok: Cakupan wilayah pertahanan TNI.
b. Aturan & Unsur: Pasal 1 angka 4 UU No 34 Tahun 2004 mendefinisikan Wilayah sebagai seluruh wilayah NKRI.
c. Penerapan: TNI memiliki kewenangan operasional di seluruh wilayah NKRI untuk menjaga kedaulatan negara.

3. Disclaimer: Jawaban ini berdasarkan interpretasi terhadap UU No 34 Tahun 2004 dan tidak menggantikan konsultasi hukum resmi.","1. Inti Jawaban:
    a. Definisi Wilayah belum disebutkan secara eksplisit dalam UU TNI.
    b. Implikasi: Perlu merujuk ke UU lain atau doktrin militer untuk mendefinisikan wilayah.
2. Rincian Analisis:
    a. Isu Pokok: Penafsiran konsep 'Wilayah'.
    b. Aturan & Unsur: Pasal 27 ayat (1) menyebut 'wilayah' sebagai lingkungan operasional TNI.
    c. Penerapan: Definisi ini bersifat umum dan memerlukan interpretasi lebih lanjut.
3. Disclaimer: Jawaban ini bersifat informatif dan tidak menggantikan konsultasi hukum formal.","[academic_draft] 22 C. UU Nomor 34 Tahun 2004 tentang TNI UU Nomor 34 Tahun 2004 tentang TNI (UU TNI) saat ini telah berlaku lebih kurang 20 (dua puluh) tahun. Tentu selama berlaku, ada beberapa ketentuan atau materi muatan yang sudah tidak sesuai dengan dinamika dan perkembangan yang ada. Salah satunya, terkait peran prajurit aktif TNI pada Kementerian/lembaga lain serta batasan usia prajurit TNI. D. Putusan Mahkamah Konstitusi UU TNI pernah diuji di Mahkamah Konstitusi...

---

[web_article] . Sebagai informasi, DPR RI resmi mengesahkan Rancangan UU tentang Perubahan atas UU Nomor 34 Tahun 2004 tentang TNI atau RUU TNI menjadi UU. Keputusan ini diambil dalam rapat paripurna yang dihadiri oleh sejumlah menteri pada Kamis (20/3). Simak juga Video Massa Aksi Tolak RUU TNI Sempat Terobos Tol Dalam Kota: [Gambas:Video 20detik] Isi: nan...

---

[web_article] . Seluruh lajur ruas Jalan Gatot Subroto tertutup oleh massa aksi. Sebagai informasi, DPR RI resmi mengesahkan Rancangan UU tentang Perubahan atas UU Nomor 34 Tahun 2004 tentang TNI atau RUU TNI menjadi UU. Keputusan ini diambil dalam rapat paripurna yang dihadiri oleh sejumlah menteri. Rapat terselenggara di ruang paripurna, gedung DPR RI, Senayan, Jakarta Pusat, Kamis (20/3). Rapat dipimpin oleh Ketua DPR RI Puan Maharani yang didampingi Wakil Ketua DPR yang lain, seperti Sufmi Dasco Ahmad, Sa...",0.6244642734527588
Bagaimana posisi hukum lulusan pendidikan pertama bintara?,"1. Inti Jawaban:
- Lulusan pendidikan pertama bintara berstatus sebagai prajurit TNI golongan bintara (Pasal 31 ayat 1 huruf a UU No. 34 Tahun 2004).
- Implikasi praktis: Mereka memiliki hak dan kewajiban sebagai bintara penuh.

2. Rincian Analisis:
a. Isu Pokok: Status hukum lulusan pendidikan pertama.
b. Aturan & Unsur: Pasal 31 ayat (1) huruf a menetapkan hasil pendidikan sebagai pembentukan bintara.
c. Penerapan: Lulusan langsung menduduki posisi bintara dengan segala konsekuensi hukumnya.

3. Disclaimer: Hak dan kewajiban lebih lanjut diatur dalam peraturan terkait.",Lulusan pendidikan pertama bintara memiliki status sebagai prajurit aktif dengan hak dan kewajiban sesuai Pasal 31 ayat (1) huruf a dan Pasal 65 ayat (1). Implikasi praktisnya adalah mereka harus mematuhi semua aturan yang berlaku bagi prajurit.,"[undang_undang] Pasal 29 Isi: (1) Pendidikan untuk pengangk atan prajurit terdiri atas pendidikan perwira, bintara, dan tamtama. (2) Pelaksanaan pendidikan sebagaimana dimaksud pada ayat (1) diatur lebih lanjut dengan keputusan Panglima....

---

[undang_undang] Pasal 31 Isi: (1) Bintara dibentuk melalui: a. pendidikan pertama bintara yang berasal langsung dari masyarakat; atau b. pendidikan pembentukan bintara yang berasal dari prajurit golongan tamtama. (2) Pendidikan bintara sebagaimana dimaksud pada ayat (1), diatur lebih lanjut dengan keputusan Panglima....

---

[undang_undang] Pasal 30 Isi: (1) Perwira dibentuk melalui: a. pendidikan pertama perwira bagi yang berasal langsung dari masyarakat: 1. Akademi TNI, dengan masukan dari Sekolah Lanjutan Tingkat Atas; dan 2. Sekolah Perwira, dengan masukan dari Sekolah Lanjutan Tingkat Atas atau Perguruan Tinggi. b. pendidikan pembentukan perwira yang berasal dari prajurit golongan bintara. (2) Pendidikan perwira sebagaimana dimaksud pada ayat (1) diatur lebih lanjut dengan keputusan Panglima....

---

[undang_undang] Pasal 32 Isi: (1) Tamtama dibentuk melalui pendidikan pertama tamtama yang langsung dari masyarakat. (2) Pendidikan tamtama sebagaimana dimaksud pada ayat (1) diatur lebih lanjut dengan keputusan Panglima....

---

[analysis_report] . Kemitraan tersebut dimaksudkan agar ilmu pertahanan bisa dilihat sebagai multi disipliner yang diwujudkan dengan menerima lulusan S1 dari berbagai disiplin ilmu. Pada dasarnya Program Studi yang ada di Unhan dipersiapkan dalam rangka membangun kapasitas SDM lulusan agar memiliki wawasan kebangsaan dan semangat nasionalisme yang tinggi. Penguasaan teknologi persenjataan yang canggih tanpa dilandasi semangat belanegara dan patriotisme tinggi maka sistem pertahanan keamanan negara tidak akan mamp...

---

[undang_undang] Pasal 65 Isi: (1) Prajurit Siswa tunduk pada ketentuan hukum yang berlaku bagi prajurit. (2) Prajurit tunduk kepada kekuasaan pera dilan militer dalam hal pelanggaran hukum pidana militer dan tunduk pada kekuasaan peradilan umum dalam hal pelanggaran hukum pidana umum yang diatur dengan UU. (3) Apabila kekuasaan peradilan umum sebagaimana dimaksud pada ayat (2) tidak berfungsi, maka prajurit tunduk di bawah kekuasaan peradilan yang diatur dengan UU. Penjelasan: Ayat (1) Hukum yang dimaksud adala...",0.5579730868339539
Apa yang menjadi pedoman bagi prajurit TNI dalam menjalankan tugas dan kewajibannya menurut Pasal 38 UU No. 34 Tahun 2004?,"1. Inti Jawaban:
- Prajurit TNI berpedoman pada Kode Etik Prajurit (Sapta Marga dan Delapan Wajib TNI) dan Kode Etik Perwira (Budhi Bhakti Wira Utama).
- Implikasi praktisnya adalah prajurit wajib mematuhi kode etik tersebut dalam setiap tindakan operasional dan kepemimpinan.

2. Rincian Analisis:
a. Isu Pokok: Kepatuhan terhadap standar etika dalam pelaksanaan tugas militer.
b. Aturan & Unsur:
   - Pasal 38 ayat (1) UU No. 34/2004 menyatakan kode etik sebagai landasan hukum.
   - Kode Etik Prajurit mencakup Sapta Marga (sumpah setia) dan Delapan Wajib TNI (pedoman perilaku).
   - Kode Etik Perwira (Budhi Bhakti Wira Utama) mengatur integritas kepemimpinan.
c. Penerapan: Pelanggaran kode etik dapat dikenai sanksi disiplin atau hukum militer.

3. Disclaimer: Penjelasan ini bersifat umum dan tidak menggantikan konsultasi hukum resmi.","A. Inti Jawaban:
1. Isu Pokok: Dasar hukum tugas prajurit TNI.
2. Aturan & Unsur:
   a. Pasal 38 ayat (1): TNI bertugas melaksanakan tugas sebagai anggota TNI sesuai ketentuan hukum.
   b. Pasal 38 ayat (2): TNI wajib menempuh pendidikan dan latihan untuk mewujudkan profesionalisme.
B. Implikasi: Prajurit harus memahami hukum dan prosedur TNI.
C. Disclaimer: Interpretasi ini bersifat umum.","[web_article] . Peserta sidang menjawab setuju dan dengan demikian, UU yang mengatur perubahan UU Nomor 34 Tahun 2004 sah. Apa saja yang berubah dalam UU tersebut? Simak penjelasannya di bawah ini, yuk! DilihatdetikJogjadari dokumen UU Republik Indonesia Nomor 34 Tahun 2004 tentang TNI, tugas pokok TNI dibedakan menjadi 2 dalam pasal 7 ayat (2), yakni operasi militer untuk perang dan operasi militer selain perang. Untuk operasi militer selain perang, tugas TNI dirinci sebanyak 14 poin sebagaimana tertera dala...

---

[undang_undang] Pasal 44 Isi: (1) Prajurit yang mendapat tugas dengan pertaruhan jiwa raga secara langsung dan berjasa melampaui panggilan tugas dapat dianugerahi kenaikan pangkat luar biasa. (2) Ketentuan sebagaimana dimaksud pada ayat (1) diatur dengan Peraturan Pemerintah. Penjelasan: Ayat (1) Yang dimaksud dengan melampaui panggilan tugas adalah bahwa seseorang prajurit TNI tanpa memperdulikan keselamatan jiwanya melakukan tindakan kepahlawanan dalam suatu tugas demi bangsa dan negara, walaupun tindakan itu...

---

[academic_draft] . 3. Perlu dilakukan perubahan terhadap Pasal 47 dan Pasal 53 dalam UU TNI. B. Saran Naskah Akademik dan Rancangan UU ini diharapkan dapat memenuhi kebutuhan hukum dan memberi jaminan kepastian hukum kepada prajurit aktif TNI dalam menjalankan tugasnya sebagaimana diamanatkan dalam UU TNI. Atas hal itu, maka perlu segera dilakukan perubahan atas Pasal 47 dan Pasal 53 UU TNI sehingga memberikan landasan hukum bagi penyelenggaraan peran TNI yang lebih optimal dan memberikan kepastian hukum....

---

[legal_request] . Namun, UU No. 3 tahun 2025 Tentang Perubahan atas UU Nomor 34 Tahun 2004 tentang TNI ini memperluas daftar jabatan yang dapat diisi oleh prajurit aktif, mencakup posisi di kementerian, lembaga negara, hingga BUMN dan BUMD. Hal ini berpotensi membahayakan karena Keterlibatan militer dalam pemerintahan sipil berisiko mengaburkan batas antara otoritas militer dan sipil, melemahkan supremasi sipil, serta membuka peluang bagi militer untuk kembali terlibat dalam politik praktis. Hal ini mengingatka...",0.6923766136169434
Apakah Prajurit TNI boleh menjadi pengurus organisasi kemasyarakatan?,"1. Inti Jawaban:
- Boleh, selama organisasi bersifat netral dan tidak berafiliasi politik/bisnis.
- Implikasi praktis: Partisipasi sosial dibatasi pada ranah non-politik.

2. Rincian Analisis:
a. Isu Pokok: Keanggotaan organisasi non-politik.
b. Aturan & Unsur: Pasal 39 tidak melarang organisasi sosial/keagamaan yang netral.
c. Penerapan: Harus mendapat izin komando dan tidak mengganggu tugas utama.

3. Disclaimer: Organisasi harus memenuhi kriteria 'non-politik' secara objektif.","1. Inti Jawaban: Ya, jika sesuai ketentuan hukum.2. Rincian Analisis:a. Isu Pokok: Kewenangan prajurit non-pengabdian. b. Aturan & Unsur: Pasal 60 ayat (1) UU No. 34/2004 tidak melarang partisipasi sosial asalkan tidak bertentangan dengan tugas pokok. c. Penerapan: Harus mematuhi prinsip netralitas dan tidak merugikan tugas militer.3. Disclaimer: Jawaban bersifat umum tanpa analisis kasus.","[web_article] . Penempatan prajurit TNI aktif dalam jabatan sipil mengabaikan spesialisasi, kompetensi, pengalaman, serta masa pengabdian ASN di instansi terkait. Selain itu, perubahan ini juga dapat menjadi legitimasi kebijakan keliru dalam pelibatan dan mobilisasi TNI dalam menjalankan program-program Pemerintahan Prabowo dalam urusan sipil dan domestik, seperti Makan Bergizi Gratis (MBG), Distribusi Gas Elpiji, ketahanan pangan, penjagaan kebun sawit, pelaksanaan Proyek Strategis Nasional (PSN) serta pener...

---

[web_article] . Lebih lanjut, Suherlan menekankan amanat Panglima TNI kepada seluruh prajurit dan PNS di lingkungan TNI agar senantiasa menjaga integritas dan citra positif di masyarakat. Saya ingin menekankan bahwa segenap prajurit dan PNS TNI harus memiliki integritas dan menjaga citra institusi TNI di mata masyarakat. Hal itu dapat diimplementasikan melalui ketaatan pada aturan dan nilai-nilai etika, untuk membangun citra positif sebagai komponen utama pertahanan negara. tegasnya. Terakhir, Suherlan membac...

---

[web_article] . (2) Selain menduduki jabatan pada kementerian/lembaga sebagaimana dimaksud pada ayat (1), Prajurit dapat menduduki jabatan sipil lain setelah mengundurkan diri atau pensiun dari dinas aktif keprajuritan. Selain soal pengisian jabatan sipil di atas, revisi UU TNI juga mengubah beberapa poin sebagai berikut. Dalam revisi UU TNI, jumlah urusan yang dapat ditangani oleh TNI dalam OMSP meningkat dari 14 menjadi 17. Tugas baru ini termasuk peran dalam mengatasi ancaman siber serta melindungi kepenti...",0.6748072504997253
Siapa yang dimaksud dengan Prajurit menurut UU No. 34 Tahun 2004 tentang TNI?,"1. Inti Jawaban:
   - Prajurit adalah warga negara Indonesia yang memenuhi persyaratan hukum dan diangkat oleh pejabat berwenang untuk mengabdi dalam dinas keprajuritan.
   - Implikasi: Status ini memberikan hak dan kewajiban khusus sebagai anggota TNI.

2. Rincian Analisis:
   a. Isu Pokok: Definisi legal Prajurit dalam konteks UU TNI.
   b. Aturan & Unsur: Pasal 21 UU No. 34/2004 menyebut 3 unsur: (1) WNI, (2) Memenuhi persyaratan perundang-undangan, (3) Pengangkatan oleh pejabat berwenang.
   c. Penerapan: Konsep ini membedakan Prajurit dari warga sipil dan menegaskan proses formal menjadi anggota TNI.

3. Disclaimer: Analisis ini berdasarkan UU saat penyusunan dan tidak mengecualikan penafsiran yudisial.","1. Inti Jawaban:
   a. Prajurit adalah warga negara Indonesia yang diterima sebagai calon prajurit untuk menjalankan tugas pokok TNI.
   b. Implikasi: Status hukum pra prajurit tidak sepenuhnya diatur dalam UU ini.
2. Rincian Analisis:
   a. Isu Pokok: Definisi status hukum pra prajurit.
   b. Aturan & Unsur: Pasal 2 huruf e UU No. 34 Tahun 2004 tentang TNI mendefinisikan prajurit sebagai warga negara Indonesia yang diterima sebagai calon prajurit.
   c. Penerapan: Definisi ini penting untuk membedakan antara calon prajurit dan prajurit aktif.
3. Disclaimer: Penjelasan ini bersifat umum dan tidak menggantikan konsultasi hukum.","[web_article] . Seperti diketahui, UU TNI disahkan oleh DPR RI di ruang Paripurna gedung DPR RI, Senayan, Jakarta Pusat pada Kamis (20/3). UU tersebut perubahan atas UU nomor 34 Tahun 2004 tentang TNI. Tuntutan kami Cabut UU TNI yang sudah disahkan, jaga supremasi sipil, jangan sampai masalah UU TNI melebar dan menghianati reformasi, terang korlap aksi dari HMI Mojokerto, Ambang M Irawan kepada wartawan di lokasi, Selasa (25/3/2025). Tak lama kemudian, Ketua DPRD Kabupaten Mojokerto Ayni Zuroh menemui para ma...

---

[web_article] . Seluruh lajur ruas Jalan Gatot Subroto tertutup oleh massa aksi. Sebagai informasi, DPR RI resmi mengesahkan Rancangan UU tentang Perubahan atas UU Nomor 34 Tahun 2004 tentang TNI atau RUU TNI menjadi UU. Keputusan ini diambil dalam rapat paripurna yang dihadiri oleh sejumlah menteri. Rapat terselenggara di ruang paripurna, gedung DPR RI, Senayan, Jakarta Pusat, Kamis (20/3). Rapat dipimpin oleh Ketua DPR RI Puan Maharani yang didampingi Wakil Ketua DPR yang lain, seperti Sufmi Dasco Ahmad, Sa...

---

[web_article] Judul: Pakar di Jogja Kritik Pengesahan UU TNI, Singgung Kemenangan Elite Politik,20 Mar 2025 17:08,https://www.detik.com/jogja/berita/d-7833327/pakar-di-jogja-kritik-pengesahan-uu-tni-singgung-kemenangan-elite-politik,DPR resmi mengesahkan Rancangan UU tentang Perubahan atas UU Nomor 34 Tahun 2004 tentang TNI atau RUU TNI menjadi UU. Sejumlah pakar di Jogja angkat bicara soal disahkannya UU tersebut. Guru Besar Fisipol UGM, Prof Wahyudi Kumorotomo, memberikan pandangannya soal pengesahan UU TNI...",0.7228561639785767
Mengapa TNI disebut sebagai Tentara Kebangsaan?,"1. Inti Jawaban:
   - TNI disebut sebagai Tentara Kebangsaan karena mengutamakan kepentingan nasional di atas kepentingan daerah, suku, ras, atau golongan agama.
   - Implikasi praktisnya adalah TNI harus bersifat netral dan tidak memihak.

2. Rincian Analisis:
   a. Isu Pokok: Alasan TNI disebut Tentara Kebangsaan.
   b. Aturan & Unsur: Pasal 2 huruf c UU No. 34 Tahun 2004 menyatakan TNI adalah tentara kebangsaan.
   c. Penerapan: TNI harus menjaga persatuan dan kesatuan bangsa dengan tidak terpengaruh oleh kepentingan kelompok tertentu.

3. Disclaimer: Penjelasan ini merujuk pada UU No. 34 Tahun 2004 dan penjelasan resminya.","TNI disebut sebagai Tentara Kebangsaan karena memiliki empat jati diri: Tentara Rakyat, Tentara Pejuang, Tentara Nasional, dan Tentara Profesional. Hal ini mencerminkan tanggung jawab TNI untuk menjaga keutuhan NKRI tanpa membeda-bedakan suku, ras, atau agama. Implikasinya, TNI harus netral dan profesional dalam menjalankan tugas pertahanan.","[academic_draft] . Sebagai kekuatan utama yang menurut UU Nomor 3 Tahun 2002 tentang Pertahanan Negara disebut sebagai komponen utama dalam sistem pertahanan negara, TNI merupakan alat negara yang bertugas mempertahankan, melindungi, dan memelihara keutuhan dan kedaulatan negara. Dalam Pasal 30 ayat (5) UUD NRI Tahun 1945 disebutkan bahwa susunan, kedudukan, hubungan, dan kewenangan TNI dalam melaksanakan tugas, termasuk syarat-syarat keikutsertaan...

---

[legal_request] . (3) TNI terdiri atas Angkatan Darat, Angkatan Laut dan Angkatan Udara sebagai alat negara bertugas mempertahankan, melindungi Kemudian Pasal 3 ayat (1) UU No. 3 Tahun 2002 Tentang Pertahanan Negara, mengatur: Pertahanan negara disusun berdasarkan prinsip demokrasi, hak asasi manusia, kesejahteraan umum, lingkungan hidup, ketentuan hukum nasional, hukum internasional dan kebiasaan internasional, serta prinsip hidup berdampingan secara damai. UU No. 3 Tahun 2025 menyangkut usaha pertahanan dan k...

---

[undang_undang] Pasal 2 Isi: Jati diri TNI adalah: a. Tentara Rakyat, yaitu tentara yang anggotanya berasal dari warga negara Indonesia; b. Tentara Pejuang, yaitu tentara yang berjuang menegakkan Negara Kesatuan Republik Indonesia dan tidak mengenal menyerah dalam melaksanakan dan menyelesaikan tugasnya; c. Tentara Nasional, yaitu tentara kebangsaan Indonesia yang bertugas demi kepentingan negara di atas kepentingan daerah, suku, ras, dan golongan agama; dan d. Tentara Profesional, yaitu te ntara yang terlatih,...

---

[analysis_report] . TNI sebagai komponen utama harus mendapat dukungan dari segenap rakyat sebagai tulang punggung pertahanan. Hal ini penting bagi TNI karena episentrum kekuatan TNI tidak hanya pada tentara profesional dengan senjata yang canggih, akan tetapi juga pada kemanunggalan TNI dengan rakyat. Sehingga dengan terbangunnya Komponen Cadangan maka jumlah tentara regular sebesar 476 ribu akan mendapat tambahan kekuatan potensi cadangan sejumlah 130 juta jiwa (Global Power military power index ). Pembentukan ...

---

[analysis_report] . Hal tersebut sesuai misi yang dijalankan oleh TNI yaitu misi kemanusiaan. Para prajurit TNI melaksanakan misi perdamaian dunia dalam wujud nyata perbaikan sarana dan prasarana, mengerjakan konstruksi pembuatan jalan, jembatan dan lapangan landas pesawat terbang selain itu juga malakukan Engineering Section (SE) pada daerah setempat. Peranan TNI yang turut serta dalam kebijakan pemeliharan perdamaian dunia menunjukkan keterkaitan TNI dalam kancah lingkungan internasional. Apapun definisinya, ya...

---

[analysis_report] . TNI berperan sebagai alat negara di bidang pertahanan yang dalam menjalankan tugasnya berdasarkan kebijakan dan keputusan politik negara. Kita lihat mulai pengabdian terbaik TNI, sejak awal perang kemerdekaan hingga saat ini rela mengorbankan jiwa dan raga ditandai dengan gugurnya puluhan prajurit sebagai kusuma bangsa, pada hakekatnya merupakan bukti atas komitmen kesetiaan dan pengabdian tulus prajurit TNI kepada rakyat bangsa dan Negara Indonesia tentunya merupakan kebijaksanaan pemerintah ...",0.7388237118721008
Apakah prajurit yang telah selesai masa dinas wajib mematuhi pemanggilan kembali?,"1. Inti Jawaban:
- Ya, prajurit yang telah selesai masa dinas wajib mematuhi pemanggilan kembali dalam keadaan darurat militer atau perang.
- Implikasi praktis: Ketaatan hukum diperlukan.

2. Rincian Analisis:
a. Isu Pokok: Kewajiban hukum prajurit.
b. Aturan & Unsur: Pasal 60 ayat (1) UU TNI menyatakan kewajiban aktif kembali.
c. Penerapan: Ketidakpatuhan dapat berimplikasi hukum.

3. Disclaimer: Ada pengecualian atau kondisi tertentu yang mungkin berlaku.","1. Inti Jawaban: Tidak wajib, tetapi jika ada kebutuhan dinas, prajurit dapat dipanggil kembali sesuai ketentuan. 2. Rincian Analisis: a. Isu Pokok: Kewajiban prajurit setelah pensiun. b. Aturan & Unsur: Pasal 55 ayat (1) huruf a dan f menunjukkan bahwa prajurit yang pensiun tidak lagi wajib berdinaskan. c. Penerapan: Keputusan pemanggilan kembali harus berdasarkan kebutuhan dinas dan prosedur resmi. 3. Disclaimer: Jawaban ini merujuk pada UU No. 34 Tahun 2004 tentang TNI.","[undang_undang] Pasal 55 Isi: (1) Prajurit diberhentikan dengan hormat dari dinas keprajuritan karena: a. atas permintaan sendiri; b. telah berakhirnya masa ikatan dinas c. menjalani masa pensiun; d. tidak memenuhi persyara tan jasmani atau rohani; e. gugur, tewas, atau meninggal dunia; f. alih status menjadi pegawai negeri sipil; g. menduduki jabatan yang menurut peraturan perundang- undangan, tidak dapat diduduki oleh seorang prajurit aktif; dan h. berdasarkan pertimbangan khusus untuk kepentingan dinas. (2) ...

---

[undang_undang] Pasal 58 Isi: (1) Prajurit yang dalam melaksanakan tugas tidak kembali bergabung dengan kesatuannya sebagai akibat dari atau diduga diakibatkan oleh tindakan musuh atau di luar kekuasaannya, dinyatakan hilang dalam tugas, wajib terus dicari. (2) Prajurit sebagaimana dimaksud pada ayat (1) apabila setelah 1 (satu) tahun tidak ada kepastian atas dirinya, diberhentikan dengan hormat dan kepada ahli warisnya diberikan hak sebagaimana hak prajurit yang gugur sesuai dengan peraturan perUUan. (3) Praju...

---

[undang_undang] Pasal 60 Isi: (1) Dalam menghadapi keadaan darurat militer dan keadaan perang, setiap Prajurit Sukarela dan Prajurit Wajib yang telah berakhir menjalani dinas keprajuritan dapat diwajibkan aktif kembali (2) Kewajiban sebagaimana dimaksud pada ayat (1) diatur dengan UU....

---

[undang_undang] Pasal 37 Isi: (1) Prajurit berkewajiban menjunjung tinggi kepercayaan yang diberikan oleh bangsa dan negara untuk melakukan usaha pembelaan negara sebagaimana termuat dalam Sumpah Prajurit (2) Untuk keamanan negara, setiap prajurit yang telah berakhir menjalani dinas keprajuritan atau prajurit siswa yang karena suatu hal tidak dilantik menjadi prajurit, wajib memegang teguh rahasia tentara walaupun yang bersangkutan diberhentikan dengan hormat atau dengan tidak hormat....

---

[academic_draft] 27 BAB VI PENUTUP A. Simpulan Berdasarkan uraian yang telah disampaikan pada bab-bab sebelumnya, dapat disimpulkan hal-hal sebagai berikut: 1. Adanya kebutuhan hukum untuk mengubah ketentuan Pasal 47 terkait peran prajurit aktif TNI pada kementerian/ lembaga lain sesuai dengan kebutuhan. Selain itu, perlu diubah ketentuan dalam Pasal 53 terkait batasan usia masa dinas prajurit TNI sesuai dengan kepangkatan dan beban kerjanya. 2. Adanya kebutuhan-kebutuhan yang nyata dan mendesak dalam penyelengg...

---

[web_article] . Waketum PKB itu mengatakan dalam Pasal 47 UU TNI jelas disebutkan bahwa prajurit hanya dapat menduduki jabatan sipil setelah mengundurkan diri atau pensiun dari dinas aktif keprajuritan. SCROLL TO CONTINUE WITH CONTENT Apakah yang sekarang sudah mengundurkan diri atau pensiun dari dinas aktif keprajuritan? Mari kita koreksi bersama, kata Jazilul. Jazilul heran ketika aturan pasal tersebut tidak dijalankan oleh prajurit, Panglima TNI dan Menteri Pertahanan (Menhan) hanya mengimbau, tidak ada ti...",0.5897645354270935
Apa yang dimaksud dengan 'constabulary function' dalam penjelasan Pasal 9?,"1. Inti Jawaban:
- Fungsi kepolisian terbatas yang diakui secara internasional untuk angkatan laut.
- Implikasi praktis: TNI AL berwenang melakukan tindakan pengamanan tanpa status sebagai kepolisian.

2. Rincian Analisis:
a. Isu Pokok: Sifat hukum operasi TNI AL.
b. Aturan & Unsur: Penjelasan Pasal 9 menggunakan istilah constabulary function untuk penegakan hukum.
c. Penerapan: Termasuk pemantauan, interogasi ringan, dan pengawalan kapal.

3. Disclaimer: Kewenangan ini tidak setara dengan Polri dalam penyidikan.","A. Fungsi polisional militer B. Pengawasan lalu lintas udara C. Operasi pencarian hilang D. Semua di atas.
Penjelasan: Jawaban benar adalah A karena fungsi ini mencakup semua aspek kepolisian militer.","[undang_undang] Pasal 38 Isi: (1) Prajurit dalam menjalankan tugas dan kewajibannya, berpedoman pada Kode Etik Prajurit dan Kode Etik Perwira. (2) Ketentuan kode etik sebagaimana dimaksud pada ayat (1) diatur lebih lanjut dengan keputusan Panglima. Penjelasan: Ayat (1) Yang dimaksud dengan Kode Etik Prajurit antara lain Sapta Marga dan Delapan Wajib TNI, sedangkan Kode Etik Perwira adalah Budhi Bhakti Wira Utama. Ayat (2) Cukup jelas....

---

[undang_undang] Pasal 10 Isi: Angkatan Udara bertugas: a. melaksanakan tugas TNI matra udara di bidang pertahanan; b. menegakkan hukum dan menjaga keamanan di wilayah udara yurisdiksi nasional sesuai dengan ketentuan hukum nasional dan hukum internasional yang telah diratifikasi; c. melaksanakan tugas TNI dalam pembangunan dan pengembangan kekuatan matra udara; serta d. melaksanakan pemberdayaan wilayah pertahanan udara Penjelasan: Huruf a Cukup jelas. Huruf b Yang dimaksud dengan menegakkan hukum dan menjaga k...

---

[undang_undang] Pasal 8 Isi: Angkatan Darat bertugas: a. melaksanakan tugas TNI matra darat di bidang pertahanan; b. melaksanakan tugas TNI dalam menjaga keamanan wilayah perbatasan darat dengan negara lain; c. melaksanakan tugas TNI dalam pembangunan dan pengembangan kekuatan matra darat; serta d. melaksanakan pemberdayaan wilayah pertahanan di darat. Penjelasan: Huruf a Cukup jelas. Huruf b Yang dimaksud dengan menjaga keamanan wilayah perbatasan darat adalah segala upaya, pekerjaan, dan kegiatan untuk menjam...

---

[undang_undang] Pasal 65 Isi: (1) Prajurit Siswa tunduk pada ketentuan hukum yang berlaku bagi prajurit. (2) Prajurit tunduk kepada kekuasaan pera dilan militer dalam hal pelanggaran hukum pidana militer dan tunduk pada kekuasaan peradilan umum dalam hal pelanggaran hukum pidana umum yang diatur dengan UU. (3) Apabila kekuasaan peradilan umum sebagaimana dimaksud pada ayat (2) tidak berfungsi, maka prajurit tunduk di bawah kekuasaan peradilan yang diatur dengan UU. Penjelasan: Ayat (1) Hukum yang dimaksud adala...

---

[undang_undang] Pasal 19 Isi: (1) Tanggung jawab penggunaan kekuatan TNI berada pada Panglima TNI. (2) Dalam hal penggunaan kekuatan sebagaimana dimaksud pada ayat (1), Panglima bertanggung jawab kepada Presiden. Penjelasan: Ayat (1) Cukup jelas. Ayat (2) Penggunaan kekuatan yang harus dipertanggungjawabkan kepada Presiden adalah tindakan operasi militer....

---

[undang_undang] Pasal 15 Isi: Tugas dan kewajiban Panglima adalah: 1. memimpin TNI; 2. melaksanakan kebijakan pertahanan negara; 3. menyelenggarakan strategi militer dan melaksanakan operasi militer 4. mengembangkan doktrin TNI; 5. menyelenggarakan penggu naan kekuatan TNI bagi kepentingan operasi militer; 6. menyelenggarakan pembinaan kekuatan TNI serta memelihara kesiagaan operasional; 7. memberikan pertimbangan kepada Menteri Pertahanan dalam hal penetapan kebijakan pertahanan negara; 8. memberikan pertimban...",0.6164830923080444
Apa peran TNI dalam menjaga hak asasi manusia?,"1. Inti Jawaban:
- TNI memiliki peran untuk menghormati dan melindungi hak asasi manusia dalam menjalankan tugasnya.
- Implikasi praktisnya adalah TNI harus mematuhi prinsip HAM.

2. Rincian Analisis:
a. Isu Pokok: Peran TNI dalam menjaga HAM.
b. Aturan & Unsur: Berdasarkan Pasal 2 huruf d UU No. 34 Tahun 2004, TNI mengikuti prinsip hak asasi manusia.
c. Penerapan: Ini menunjukkan bahwa TNI harus menjalankan tugas dengan memperhatikan HAM.

3. Disclaimer: Penjelasan ini berdasarkan UU No. 34 Tahun 2004 dan tidak mencakup interpretasi lain di luar ketentuan hukum yang berlaku.","1. Inti Jawaban:
   a. TNI memiliki peran penting dalam menjaga hak asasi manusia melalui operasi militer sipil dan penegakan hukum.
   b. Implikasi: Pelanggaran hak asasi manusia oleh TNI dapat diadukan ke Komnas HAM.
2. Rincian Analisis:
   a. Isu Pokok: Peran TNI dalam pemenuhan hak asasi manusia.
   b. Aturan & Unsur: Pasal 6 ayat (1) UU No. 34 Tahun 2004 menyatakan bahwa TNI bertugas menjaga kedaulatan negara dan keutuhan wilayah NKRI.
   c. Penerapan: TNI harus mematuhi protokol internasional seperti Geneva Convention saat melakukan operasi militer sipil.
3. Disclaimer: Informasi ini bersifat umum dan tidak menggantikan konsultasi hukum resmi.

Penjelasan: TNI memiliki tanggung jawab moral dan hukum untuk menjaga hak asasi manusia selama operasi militer sipil. Pelanggaran hak asasi manusia oleh TNI dapat dilaporkan ke Komnas HAM untuk investigasi lebih lanjut.","[web_article] . Kemudian mereka mendesak DPR dan pemerintah untuk memastikan TNI tetap netral dan tidak terseret dalam dinamika politik praktis melalui mekanisme hukum yang lebih ketat dan membatasi keterlibatan TNI dalam urusan sipil sesuai amanat UU No. 34 Tahun 2004 agar tidak terjadi penyalahgunaan kekuasaan dan pelanggaran hak asasi manusia. Mendesak DPR untuk melibatkan publik, akademisi, dan masyarakat sipil dalam proses pembahasan revisi RUU TNI guna memastikan perubahan UU tetap sesuai dengan prinsip...

---

[analysis_report] . Bagi TNI, apapun tugas yang menyangkut persoalan bangsa merupakan panggilan tugas pengabdian dengan tulus dan ikhlas sehingga kepercayaan rakyat kepada TNI akan semakin tinggi. Terlebih lagi, bila TNI mampu membuktikan diri dalam melaksanakan tugas negara dengan baik dan mewujudkan kepentingan masyarakat banyak yang tidak bisa dinilai oleh rupiah. Tentunya kepercayaan itu harus kita bangun dan jaga dengan baik, sebagaimana kesetiaan TNI dalam menjaga keutuhan bangsa dan negara. Terlebih, berba...

---

[academic_draft] 8 Nomor VII/MPR/2000 tentang Peran TNI dan Peran Kepolisian Negara Republik Indonesia. Di dalam UU TNI diatur mengenai peran TNI selain melakukan pertahanan negara. Pasal 47 ayat (2) UU TNI mengatur bahwa prajurit aktif dapat menduduki jabatan pada kantor yang membidangi koordinator bidang politik dan keamanan negara, sekretaris militer Presiden, intelijen negara, sandi negara, lembaga ketahanan nasional, dewan pertahanan nasional, search and rescue (sar) nasional, narkotika nasional, dan mahkam...

---

[analysis_report] 7 EDISI KHUSUS 2019 bawah koordinasi Kementerian Pertahanan Republik Indonesia (Huda, 2015: 254). Wujud nyata amanah dalam konstitusi tersebut menempatkan posisi TNI senantiasa berkiprah untuk mencegah terjadinya ancaman militer dan nir militer serta memberikan andil dalam memajukan bangsa dan negara. Pada masa damai TNI dibutuhkan atensinya sebagai kekuatan dalam membantu pemerintahan melalui berbagai macam tugas khusus atau yang dikenal dengan OMSP (OMSP). Oleh karena itu, tantangan yang dihad...

---

[analysis_report] . TNI juga berkomitmen dan berupaya untuk terus mengingatkan bahwa seluruh komponen bangsa dan setiap warga negara memiliki tanggung jawab bersama dalam pembelaan negara. Hanya lewat kebersamaan antara TNI dan segenap komponen bangsa yang merupakan kemanunggalannya bersama rakyat, adalah kunci kekuatan yang strategis dalam menyelesaikan setiap tugas yang diberikan negara. Komitmen dan tanggung jawab TNI terhadap negara tidak pernah surut karena nilai dan semangat Sapta Marga dan Sumpah Prajurit ...",0.6901808381080627
Bagaimana jika terjadi sengketa tentang kelayakan penerima tanda jasa?,"1. Inti Jawaban:
   - Penyelesaian melalui mekanisme internal TNI atau hukum administrasi.
   - Implikasi: Perlu pembuktian objektif atas prestasi/jasa yang diakui.

2. Rincian Analisis:
   a. Isu Pokok: Resolusi konflik terkait pemberian tanda jasa.
   b. Aturan & Unsur: Pasal 52 harus dibaca dengan asas due process (Pasal 27 UU No. 30/2014 tentang Administrasi Pemerintahan).
   c. Penerapan: Gugatan dapat diajukan ke Pengadilan Militer atau PTUN tergantung pihak yang bersengketa.

3. Disclaimer: Proses banding mungkin berlaku sesuai jenis tanda jasa.","1. Inti Jawaban: Sengketa tersebut dapat diproses melalui mekanisme hukum yang relevan.
2. Rincian Analisis:
    a. Isu Pokok: Penyelesaian perselisihan hak.
    b. Aturan & Unsur: Pasal 78 UU No. 34/2004 menyediakan jalur pengaduan.
    c. Penerapan: Proses harus tetap mengacu pada prinsip kejujuran dan transparansi.
3. Disclaimer: Informasi ini bersifat umum.","[web_article] . Kalau kebijakan dibuat terburu-buru, bagaimana memastikan hasilnya benar-benar baik bagi negara dan utamanya bagi TNI sendiri? ujar dia. Anies lalu mempertanyakan jaminan bahwa revisi UU TNI itu tak akan berdampak lain selain niat pembuat kebijakan. Dia juga menyinggung soal adanya tantangan meritokrasi dalam jenjang karier di tubuh TNI. Jika revisi ini bertujuan memperkuat TNI, kita harus pastikan ada rambu hukum yang jelas. Apa mekanisme pengamannya? Bagaimana memastikan bahwa perubahan ini ...

---

[web_article] . Hal itu akan terjadi jika prajurit TNI tersandung kasus saat melaksanakan jabatan sipil. Jika prajurit TNI tersandung kasus tindak pidana atau administrasi dalam jabatan a quo, apakah tunduk pada hukum acara peradilan militer atau hukum acara sipil atau pidana, ujar pemohon. Dengan demikian menurut penalaran yang wajar jawaban dari pertanyaan a quo hanyalah ketidakpastian hukum. Hal mana telah terbukti secara empiris dengan adanya perdebatan antara KPK dan Mahkamah Militer dalam menangani perk...

---

[web_article] . Karena posisi-posisi itu ditempati oleh TNI, maka ya otomatis yang masyarakat sipilnya akan terpinggirkan. ya mereka akan menjadi kelompok-kelompok marjinal, terangnya. Menurut Aan, penolakan masyarakat tidak dapat memengaruhi UU TNI. Sebab, kalau terpengaruh, sejak awal tidak disahkan terlebih dahulu atau dihentikan dahulu pembahasannya. Kalau berpengaruh kan tidak akan disahkan dahulu. Ya tentunya akan dihentikan dulu pembahasannya atau proses tahap berikutnya yaitu proses pengesahan. Tentun...

---

[legal_request] . Dalam batas penalaran yang wajar, batas waktu paling lama 60 (enam puluh) hari kerja sejak perkara dicatat dalam Buku Registrasi Perkara Konstitusi (BRPK) dimaksud belum akan memberikan implikasi besar dalam pelaksanaan UU terutama dalam penyiapan peraturan perUUan yang diperintahkan dan dibutuhkan dalam pelaksanaan UU, termasuk juga tindakan hukum lain yang dilakukan sebagai akibat dari pengundangan sebuah UU. Bahkan, untuk tujuan kepastian dimaksud, termasuk pertimbangan kondisi tertentu, Ma...",0.4132617115974426
Siapa yang dimaksud dengan keluarga prajurit dalam Pasal 50 ayat (3)?,"1. Inti Jawaban:
- Keluarga prajurit mencakup istri/suami dan anak yang menjadi tanggungan sesuai peraturan perundang-undangan.
- Implikasi praktisnya adalah menentukan penerima manfaat rawatan kedinasan.

2. Rincian Analisis:
a. Isu Pokok: Definisi keluarga prajurit.
b. Aturan & Unsur: Penjelasan Pasal 50 ayat (3) UU No. 34 Tahun 2004 menyatakan keluarga adalah istri/suami dan anak tanggungan.
c. Penerapan: Hak rawatan kesehatan dan bantuan hukum berlaku untuk anggota keluarga yang memenuhi kriteria tersebut.

3. Disclaimer: Batasan 'anak tanggungan' mengacu pada ketentuan perundangan terkait.","Keluarga prajurit mencakup istri/suami dan anak yang menjadi tanggungannya sesuai peraturan perUUan. Implikasinya, hak rawatan kedinasan diperuntukkan bagi anggota keluarga prajurit.","[web_article] . Utut menyebut DIM itu salah satunya berkaitan dengan Pasal 47 UU TNI. DIM itu singkatan dari daftar inventarisasi masalah yang akan nanti, kita banyak, kita akan revisi, yaitu yang berkaitan dengan lingkup tugas di Pasal 47, TNI bisa ke mana saja, kemudian di usia di Pasal 53 dan satu lagi di kedudukan, di Pasal 3, ujar Utut dalam rapat, Senin (10/3/2025). Pasal 47 mengatur tentang aturan prajurit jika ingin menduduki jabatan sipil. Dalam ayat 1 dijelaskan prajurit bisa menduduki jabatan sipil...

---

[undang_undang] Pasal 50 Isi: (1) Prajurit dan prajurit siswa memperoleh kebutuhan dasar prajurit yang meliputi: a. perlengkapan perseorangan; dan b. pakaian seragam dinas (2) Prajurit dan prajurit siswa memperoleh rawatan dan layanan kedinasan, yang meliputi: a. penghasilan yang layak; b. tunjangan keluarga; c. perumahan/asrama/mess; d. rawatan kesehatan; e. pembinaan mental dan pelayanan keagamaan; f. bantuan hukum; g. asuransi kesehatan dan jiwa; h. tunjangan hari tua; dan i. asuransi penugasan operasi milit...

---

[undang_undang] Pasal 58 Isi: (1) Prajurit yang dalam melaksanakan tugas tidak kembali bergabung dengan kesatuannya sebagai akibat dari atau diduga diakibatkan oleh tindakan musuh atau di luar kekuasaannya, dinyatakan hilang dalam tugas, wajib terus dicari. (2) Prajurit sebagaimana dimaksud pada ayat (1) apabila setelah 1 (satu) tahun tidak ada kepastian atas dirinya, diberhentikan dengan hormat dan kepada ahli warisnya diberikan hak sebagaimana hak prajurit yang gugur sesuai dengan peraturan perUUan. (3) Praju...

---

[undang_undang] Pasal 65 Isi: (1) Prajurit Siswa tunduk pada ketentuan hukum yang berlaku bagi prajurit. (2) Prajurit tunduk kepada kekuasaan pera dilan militer dalam hal pelanggaran hukum pidana militer dan tunduk pada kekuasaan peradilan umum dalam hal pelanggaran hukum pidana umum yang diatur dengan UU. (3) Apabila kekuasaan peradilan umum sebagaimana dimaksud pada ayat (2) tidak berfungsi, maka prajurit tunduk di bawah kekuasaan peradilan yang diatur dengan UU. Penjelasan: Ayat (1) Hukum yang dimaksud adala...

---

[undang_undang] Pasal 26 Isi: (1) Prajurit dikelompokkan dalam golongan kepangkatan perwira, bintara, dan tamtama. (2) Golongan kepangkatan sebagaimana dimaksud pada ayat (1), diatur lebih lanjut dengan keputusan Panglima....

---

[undang_undang] Pasal 60 Isi: (1) Dalam menghadapi keadaan darurat militer dan keadaan perang, setiap Prajurit Sukarela dan Prajurit Wajib yang telah berakhir menjalani dinas keprajuritan dapat diwajibkan aktif kembali (2) Kewajiban sebagaimana dimaksud pada ayat (1) diatur dengan UU....",0.4930572211742401
Apakah pangkat lokal membawa akibat administrasi?,"1. Inti Jawaban:
- Pangkat lokal tidak membawa akibat administrasi.
- Implikasi praktisnya adalah pangkat ini hanya untuk keabsahan tugas sementara.

2. Rincian Analisis:
a. Isu Pokok: Dampak administrasi pangkat lokal.
b. Aturan & Unsur: Pasal 27 ayat (2) huruf b UU No. 34 Tahun 2004 menyatakan bahwa pangkat lokal tidak membawa akibat administrasi.
c. Penerapan: Pangkat ini bersifat fungsional semata untuk tugas khusus.

3. Disclaimer: Penjelasan ini berdasarkan UU No. 34 Tahun 2004 dan tidak mencakup perubahan atau revisi setelahnya.","1. Inti Jawaban:
    - No, pangkat lokal tidak membawa akibat administrasi.
2. Rincian Analisis:
    a. Isu Pokok: Akibat administrasi pangkat lokal.
    b. Aturan & Unsur: Pasal 27 ayat (2)b UU No. 34/2004 menyatakan pangkat lokal tidak membawa akibat administrasi.
    c. Penerapan: Ini berarti hanya berlaku sementara untuk tugas khusus.
3. Disclaimer: Informasi ini bersifat umum.","[undang_undang] Pasal 27 Isi: (1) Setiap prajurit diberi pangkat sebagai keabsahan wewenang dan tanggung jawab hierarki keprajuritan. (2) Pangkat menurut sifatnya dibedakan sebagai berikut: a. pangkat efektif diberikan kepada prajurit selama menjalani dinas keprajuritan dan membawa akibat administrasi penuh; b. pangkat lokal diberikan untuk sementara kepada prajurit yang menjalankan tugas dan jabatan khusus yang sifatnya sementara, serta memerlukan pangkat yang lebih tinggi dari pangkat yang disandangnya, guna ...

---

[academic_draft] 7 menyelenggarakan pemerintahan negara melalui lembaga- lembaga negara. Lembaga-lembaga negara itu, merupakan representasi dari cabang-cabang kekuasaan negara di bidang legislatif, eksekutif, dan juga yudikatif. Masing-masing lembaga negara menjalankan fungsi, wewenang, dan tugasnya sesuai dengan ketentuan peraturan perUUan guna mewujudkan tujuan negara sebagaimana dimaksud dalam Pembukaan UUD NRI Tahun 1945. Terkait dengan pertahanan negara, Pasal 30 ayat (2) UUD NRI Tahun 1945 mengatur bahwa u...

---

[undang_undang] Pasal 43 Isi: (1) Kenaikan pangkat Kolonel dan Perwira Tinggi ditetapkan oleh Presiden atas usul Panglima. (2) Kenaikan pangkat selain yang dimaksud pada ayat (1) ditetapkan oleh Panglima....

---

[web_article] . Penempatan prajurit TNI aktif dalam jabatan sipil mengabaikan spesialisasi, kompetensi, pengalaman, serta masa pengabdian ASN di instansi terkait. Selain itu, perubahan ini juga dapat menjadi legitimasi kebijakan keliru dalam pelibatan dan mobilisasi TNI dalam menjalankan program-program Pemerintahan Prabowo dalam urusan sipil dan domestik, seperti Makan Bergizi Gratis (MBG), Distribusi Gas Elpiji, ketahanan pangan, penjagaan kebun sawit, pelaksanaan Proyek Strategis Nasional (PSN) serta pener...

---

[academic_draft] 18 D. Kajian terhadap Implikasi Penerapan Sistem Baru yang akan Diatur dalam RUU terhadap Aspek Kehidupan Masyarakat dan Dampaknya terhadap Aspek Beban Keuangan Negara Implikasi penerapan sistem baru terkait peran prajurit aktif TNI pada kementerian/lembaga lain memberikan dampak positif kepada TNI dan juga kementerian/lembaga lain. TNI dapat mengoptimalkan sumber daya manusia yang dimilikinya. Sedangkan kementerian/lembaga lain dapat memanfaatkan prajurit aktif TNI yang memiliki keahlian khusus...",0.5791667699813843
Bagaimana kedudukan Pasal 21 setelah revisi UU TNI?,"1. Inti Jawaban:
   - Tetap berlaku tanpa perubahan hingga sekarang.
   - Implikasi: Konsistensi definisi Prajurit.

2. Rincian Analisis:
   a. Isu Pokok: Keberlakuan pasal pasca-amandemen.
   b. Aturan & Unsur: Pasal 21 tidak diubah dalam revisi 20 Maret 2024.
   c. Penerapan: Prinsip dasar keanggotaan TNI tidak berubah.

3. Disclaimer: Perubahan mungkin terjadi di masa depan.","1. Inti Jawaban: Pasal 21 sebagai dasar hukum baru untuk RUU TNI.
2. Rincian Analisis:
    a. Isu Pokok: Kedudukan Pasal 21 post-revisi.
    b. Aturan & Unsur: Pasal 21 menjadi dasar hukum untuk RUU TNI.
    c. Penerapan: RUU TNI harus merujuk pada Pasal 21.
3. Disclaimer: Informasi ini bersifat umum.","[academic_draft] . 3. Perlu dilakukan perubahan terhadap Pasal 47 dan Pasal 53 dalam UU TNI. B. Saran Naskah Akademik dan Rancangan UU ini diharapkan dapat memenuhi kebutuhan hukum dan memberi jaminan kepastian hukum kepada prajurit aktif TNI dalam menjalankan tugasnya sebagaimana diamanatkan dalam UU TNI. Atas hal itu, maka perlu segera dilakukan perubahan atas Pasal 47 dan Pasal 53 UU TNI sehingga memberikan landasan hukum bagi penyelenggaraan peran TNI yang lebih optimal dan memberikan kepastian hukum....

---

[web_article] Judul: DPR Sahkan Revisi UU TNI Hari Ini,20 Mar 2025 06:57,https://news.detik.com/berita/d-7832107/dpr-sahkan-revisi-uu-tni-hari-ini,Revisi UU (RUU) TNIdisahkan hari ini. RUU TNI akan disahkan melalui rapat paripurnaDPR RI. Komisi I DPR RI mengatakan telah menyelesaikan pembahasan Rancangan UU tentang Perubahan atas UU Nomor 34 Tahun 2004 tentang TNI atau RUU TNI pada tingkat pertama kemarin. RUU ini akan dibawa ke paripurna hari ini untuk disahkan menjadi UU. Yes(dibawa ke paripurna hari ini), ...

---

[academic_draft] . Adanya ketentuan Pasal 20 UUD NRI Tahun 1945 menegaskan bahwa kekuasaan membentuk UU telah bergeser dari Presiden kepada DPR. Di dalam penyusunan sebuah rancangan UU, ketentuan Pasal 20 selalui disandingkan dengan ketentuan Pasal 21 UUD NRI Tahun 1945 pada dasar hukum mengingat. Adanya ketentuan Pasal 20 dan Pasal 21 pada bagian ketentuan mengingat sebuah rancangan UU, hal ini menunjukkan bahwa rancangan UU dimaksud merupakan rancangan UU yang usulannya berasal dari DPR. Sebaliknya jika pada d...

---

[academic_draft] . B. Materi Muatan RUU Materi muatan RUU memuat materi perubahan dalam Pasal 47 dan Pasal 53 UU TNI. Di samping itu, dimuat juga ketentuan mengenai tugas pemantauan dan peninjauan atas UU TNI ini oleh DPR melalui alat kelengkapan yang menangani bidang legislasi. Rumusan materi muatan perubahan Pasal 47, Pasal 53, dan tugas pemantauan dan peninjauan UU TNI sebagaimana dimuat dalam rancangan UU tentang perubahan atas UU TNI....",0.7319424152374268
Apakah Panglima TNI bisa memberhentikan jabatan di bawahnya tanpa persetujuan pihak lain?,"1. Inti Jawaban: Ya, Panglima TNI memiliki kewenangan untuk memberhentikan jabatan di bawahnya tanpa persetujuan pihak lain, kecuali Panglima dan Kepala Staf Angkatan. Implikasi praktisnya adalah efisiensi dalam pengambilan keputusan. 2. Rincian Analisis: a. Isu Pokok: Kewenangan pemberhentian jabatan di TNI. b. Aturan & Unsur: Pasal 45 UU No. 34 Tahun 2004 memberikan otoritas ini kepada Panglima. c. Penerapan: Hal ini memastikan komando yang terpusat dan responsif. 3. Disclaimer: Penjelasan ini tidak mencakup kasus khusus atau pengecualian.","1. Inti Jawaban:
   a. Ya, dengan syarat tetap mematuhi prosedur internal TNI.
   b. Implikasi: Keputusan Panglima memiliki otoritas mutlak dalam konteks TNI.
2. Rincian Analisis:
   a. Isu Pokok: Otoritas Panglima atas jabatan di bawahnya.
   b. Aturan & Unsur: Pasal 13 ayat (2) menyatakan bahwa Panglima diangkat dan diberhentikan oleh Presiden setelah mendapat persetujuan DPR. Namun, penjelasan Pasal 13 ayat (2) menyebut bahwa persetujuan DPR bersifat teknis dan tidak mengubah hak Panglima untuk mengambil keputusan strategis.
   c. Penerapan: Panglima memiliki wewenang mutlak dalam mengelola TNI, meskipun harus memenuhi prosedur legislatif.
3. Disclaimer: Analisis ini hanya berdasarkan teks UU dan tidak mencerminkan praktik nyata.","[undang_undang] Pasal 13 Isi: (1) TNI dipimpin oleh seorang Panglima. (2) Panglima sebagaimana dimaksud pada ayat (1) diangkat dan diberhentikan oleh Presiden setelah mendapat persetujuan Dewan Perwakilan Rakyat. (3) Pengangkatan dan pemberhentian Panglima dilakukan berdasarkan kepentingan organisasi TNI. (4) Jabatan Panglima sebagaimana dimaksud pada ayat (3) dapat dijabat secara bergantian oleh Perwira Tinggi aktif dari tiap-tiap Angkatan yang seda ng atau pernah menjabat sebagai Kepala Staf Angkatan. (5) Unt...

---

[web_article] . Untuk hal ini sudah jelas, Panglima TNI sudah menegaskan bahwa anggota TNI aktif yang menduduki jabatan sipil (Kementerian/Lembaga) di luar yang sudah diamanatkan dalam Pasal 47 UU No 34 /2004 (10 K/L, 14 K/L dalam Revisi UU TNI) harus pensiun dini/mengundurkan diri dari dinas keprajuritan, kata Kapuspen TNI Brigjen Kristomei Sianturi saat dihubungi melalui pesan singkat, Minggu (23/3/2024). SCROLL TO CONTINUE WITH CONTENT Perubahan pada Pasal 47 UU TNI yang lama dan RUU TNI yakni terletak pad...

---

[web_article] . Tb Hasanuddin menekankan semua pihak harus mematuhi UU TNI yang baru disahkan itu. Kita harus taat asas. Saya mohon kepada Panglima TNI agar segera mengeluarkan surat perintah, sehingga seluruh prajurit aktif yang berada di luar 14 K/L yang diperbolehkan dapat mengundurkan diri atau pensiun sesuai aturan yang berlaku, ujar Tb Hasanuddin dalam keterangannya, Jumat (21/3/2025). Tb Hasanuddin mengatakan anggota TNI yang terdampak oleh perubahan ini dapat mencapai ribuan. Karena itu, dia mengataka...

---

[undang_undang] Pasal 45 Isi: Pengangkatan dan pemberhentian jabatan di dalam struktur TNI selain jabatan Panglima dan Kepala Staf Angkatan, diatur dengan keputusan Panglima....",0.7221246957778931
Apa pengertian Pertahanan Negara menurut UU ini?,"1. Inti Jawaban:
- Usaha menegakkan kedaulatan, mempertahankan keutuhan wilayah, dan melindungi keselamatan bangsa.
- Implikasi: TNI sebagai komponen utama pelaksana fungsi pertahanan.

2. Rincian Analisis:
a. Isu Pokok: Cakupan konsep pertahanan negara.
b. Aturan & Unsur: Pasal 1 angka 5 UU No 34/2004 mencakup tiga unsur utama pertahanan.
c. Penerapan: TNI harus mampu menghadapi berbagai bentuk ancaman.

3. Disclaimer: Dibedakan dari konsep keamanan yang menjadi tugas Polri.","A. Inti Jawaban: Pertahanan Negara adalah upaya untuk mempertahankan, melindungi, dan memelihara keutuhan dan kedaulatan negara. B. Rincian: 1. Isu: Definisi konseptual pertahanan negara. 2. Aturan: Pasal 3 ayat (1) UU No. 3 Tahun 2002 tentang Pertahanan Negara. 3. Implikasi: Konsep ini menjadi dasar pembentukan UU pertahanan. C. Disclaimer: Interpretasi dapat bervariasi.","[legal_request] . Penyusunan pertahanan negara dimulai dari pembentukan UU menyangkut penggunaan kekuatan TNI. Wujud penggunaan prinsip demokrasi dalam pembentukan UU menyangkut pertahanan negara ialah dengan melibatkan masyarakat pada setiap tahapan pembentukan UU a quo....

---

[academic_draft] . Sebagai kekuatan utama yang menurut UU Nomor 3 Tahun 2002 tentang Pertahanan Negara disebut sebagai komponen utama dalam sistem pertahanan negara, TNI merupakan alat negara yang bertugas mempertahankan, melindungi, dan memelihara keutuhan dan kedaulatan negara. Dalam Pasal 30 ayat (5) UUD NRI Tahun 1945 disebutkan bahwa susunan, kedudukan, hubungan, dan kewenangan TNI dalam melaksanakan tugas, termasuk syarat-syarat keikutsertaan...

---

[legal_request] . (3) TNI terdiri atas Angkatan Darat, Angkatan Laut dan Angkatan Udara sebagai alat negara bertugas mempertahankan, melindungi Kemudian Pasal 3 ayat (1) UU No. 3 Tahun 2002 Tentang Pertahanan Negara, mengatur: Pertahanan negara disusun berdasarkan prinsip demokrasi, hak asasi manusia, kesejahteraan umum, lingkungan hidup, ketentuan hukum nasional, hukum internasional dan kebiasaan internasional, serta prinsip hidup berdampingan secara damai. UU No. 3 Tahun 2025 menyangkut usaha pertahanan dan k...

---

[academic_draft] . Berdasarkan hal tersebut, ada 3 (tiga) aspek yang terkait dengan masalah pertahanan negara, yaitu: keutuhan negara, kedaulatan negara, dan keselamatan negara. Ketentuan mengenai TNI lebih lanjut diatur dalam UU Nomor 34 Tahun 2004 tentang TNI (UU TNI). Sebelum dibentuk UU TNI, ketentuan mengenai TNI diatur dalam Ketetapan MPR Nomor VI/MPR/2000 tentang Pemisahan TNI dan Kepolisian Negara Republik Indonesia, dan Ketetapan MPR...

---

[legal_request] . c. Pasal 22A UUD 1945 berbunyi: Ketentuan lebih lanjut tentang tata cara pembentukan UU diatur dengan UU. 2. Bahwa tentang negara hukum, menurut Wirjono Projodikoro, penggabungan kata-kata Negara dan Hukum yaitu istilah negara hukum yang berarti suatu negara yang di wilayahnya: 1) semua alat-alat perlengkapan dari negara, khususnya alat-alat perlengkapan dari Pemerintah dalam tindak tanduknya baik terhadap para warga negara maupun dalam saling berhubungan masing-masing tidak boleh sewenang- we...

---

[analysis_report] . Ketentuan- ketentuan tersebut seharusnya diatur lagi dengan UU. Padahal kesiapan pengelolaan sumber daya nasional dalam bidang pertahanan merupakan langkah strategis agar sistem pertahanan negara yang bersifat semesta dapat terwujud dan diaplikasikan sehingga terbangun daya saing bangsa dibidang pertahanan dalam kancah internasional. ARTIKEL...",0.7513637542724609
Prinsip apa yang harus diterapkan TNI dalam pengelolaan anggaran pertahanan?,"1. Inti Jawaban:
   - Prinsip transparansi, akuntabilitas, pertanggungjawaban, dan efisiensi.
   - Implikasi praktis: TNI harus menghindari penyimpangan anggaran dan memastikan penggunaan dana optimal.

2. Rincian Analisis:
   a. Isu Pokok: Prinsip tata kelola anggaran TNI.
   b. Aturan & Unsur: Pasal 68 ayat (3) UU No. 34/2004 mengatur prinsip-prinsip tersebut sebagai dasar good governance.
   c. Penerapan: TNI perlu menerapkan sistem pelaporan publik dan audit internal untuk memenuhi prinsip ini.

3. Disclaimer: Implementasi prinsip dapat bervariasi tergantung kompleksitas anggaran dan kebutuhan operasional.","1. Inti Jawaban:
   a. Jawaban: Prinsip transparansi, akuntabilitas, pertanggungjawaban, dan efisiensi.
   b. Implikasi: TNI harus menjaga integritas keuangan dan efektivitas penggunaan sumber daya.
2. Rincian Analisis:
   a. Isu Pokok: Asas pengelolaan anggaran pertahanan.
   b. Aturan & Unsur: Pasal 68 ayat (3) UU No. 34/2004 menegaskan empat prinsip tersebut.
   c. Penerapan: Prinsip-prinsip ini menjadi dasar evaluasi kinerja TNI.
3. Disclaimer: Jawaban ini tidak menggantikan konsultasi hukum resmi.","[undang_undang] Pasal 68 Isi: (1) TNI wajib mengelola anggaran pertahanan negara yang dialokasikan oleh pemerintah. (2) TNI wajib mempertanggungja wabkan pengelolaan anggaran pertahanan negara sebagaimana dimaksud pada ayat (1) kepada Menteri Pertahanan. (3) Pengelolaan anggaran pertahanan negara oleh TNI sebagaimana dimaksud pada ayat (2) dilaksanakan berdasarkan prinsip transparansi, akuntabilitas, pertanggungjawaban, serta efisiensi untuk menerapkan tata pemerintahan yang baik. (4) Pengelolaan anggaran perta...

---

[web_article] . Harusnya seluruh Kementerian dan anggota DPR RI mendukung kebijakan efisiensi anggaran yang ditetapkan Presiden Prabowo dengan aksi nyata jangan hanya dengan kata-kata! ucapnya. Terpisah, Menteri Pertahanan (Menhan) Sjafrie Sjamsoeddin menyatakan revisi UU TNI menjadi perubahan regulasi agar lebih adaptif merespons dinamika global dan perkembangan ancaman seperti perang siber, perang hibrida, serta ancaman asimetris lain. Perubahan UU TNI diajukan oleh DPR RI untuk memberikan landasan hukum ya...

---

[analysis_report] . Sebagai akhir tulisan ini, arah kebijakan pertahanan negara dalam lingkup pengelolaan pembangunan dan pengembangan SDM prajurit TNI sebagai Komponen Utama yang merupakan pilar utama pertahanan negara yaitu: Pertama, menjadi urgen dan concerns bagi Stakeholder dalam mewujudkan suatu kapabilitas SDM prajurit secara Profesional dan Proporsional pada bidang ilmu Pengetahuan (Knowledge) dan Keterampilan (Skill) berbasis ilmu pengetahuan, teknologi, komunikasi dan informasi, Kedua : mendudukan pada ...

---

[undang_undang] Pasal 67 Isi: (1) Dalam hal pemenuhan dukungan anggaran TNI, Panglima mengajukan kepada Menteri Pertahanan untuk dibiayai seluruhnya dari Anggaran Pendapatan dan Belanja Negara (2) Dalam hal pemenuhan dukungan anggaran operasi militer yang bersifat mendesak, Panglima mengajukan anggaran kepada Menteri Pertahanan untuk dibiayai dari anggaran kontijensi yang bersumber dari Anggaran Pendapatan dan Belanja Negara. (3) Dukungan sebagaimana dimaksud pada ayat (2) dimintakan persetujuan oleh Menteri Pe...

---

[undang_undang] Pasal 66 Isi: (1) TNI dibiayai dari anggaran pertahanan negara yang berasal dari Anggaran Pendapatan dan Belanja Negara. (2) Keperluan anggaran sebagaimana dimaksud pada ayat (1) diajukan oleh Departemen Pertahanan....",0.804929256439209
Apakah penghasilan prajurit TNI bisa dikurangi dengan alasan efisiensi anggaran?,"1. Inti Jawaban: Tidak boleh, selama tidak ada perubahan UU karena Pasal 49 menjamin hak yang 'layak'. Implikasinya, pemotongan gaji melanggar hukum. 2. Rincian Analisis: a. Isu Pokok: Perlindungan hak finansial. b. Aturan & Unsur: Pasal 49 bersifat protektif. c. Penerapan: Efisiensi harus dicari dari pos anggaran lain. 3. Disclaimer: Penyesuaian gaji harus melalui amendemen UU.","1. Inti Jawaban:
    - Tidak boleh dikurangi karena merupakan hak wajib.
2. Rincian Analisis:
    a. Isu Pokok: Hak prajurit vs. kebijakan fiskal.
    b. Aturan & Unsur: Pasal 49 ayat (1) UU No. 34/2004 menjamin penghasilan penuh.
    c. Penerapan: Pengurangan melanggar prinsip 'state responsibility'.
3. Disclaimer: Kebijakan anggaran tidak boleh mengabaikan hak prajurit.","[undang_undang] Pasal 49 Isi: Setiap prajurit TNI berhak memp eroleh penghasilan yang layak dan dibiayai seluruhnya dari anggaran pertahanan negara yang bersumber dari Anggaran Pendapatan dan Belanja Negara....

---

[web_article] . Tiga, meningkatkan kesejahteraan prajurit serta jaminan sosial bagi prajurit. Empat, menyesuaikan ketentuan terkait kepemimpinan jenjang karir dan usia pensiun sesuai dengan kebutuhan organisasi, tambahnya. Dalam momen ini, Menhan juga menyertakan pasal-pasal perubahan di RUU TNI dari pemerintah. Adapun yang ditekankan adalah kedudukan TNI di (Pasal 3), penempatan prajurit TNI di kementerian atau lembaga (pasal 47), dan batas usia pensiun (pasal 53). Simak juga video: Baleg DPR Batalkan Pembah...

---

[academic_draft] . Jadi penempatan prajurit aktif TNI pada kementerian/ lembaga lain selain atas permintaan juga dalam rangka meringankan beban kebutuhan sumber daya manusia di kementerian/lembaga lain. Kebijakan ini pada aspek beban keuangan negara juga dapat meringkankan beban TNI. Di samping itu, dengan adanya distribusi potensi sumber daya manusia dari TNI kepada kementerian/lembaga lain, TNI secara internal juga dapat menata organisasinya secara optimal. Implikasi penerapan sistem baru terkait perubahan dan...

---

[analysis_report] . Pasalnya berbagai tuntutan tugas prajurit TNI membutuhkan kesejahteraan yang lebih komprehensif agar dapat melaksanakan tugas utama secara lebih profesional dan melaksanakan tugas-tugas lain di luar kompetensi utamanya, (5) Ragam Alutsista yang memiliki filosofi teknologi yang berbeda serta berimplikasi pada aspek pemeliharaan, pengoperasian, efisiensi dan efektifitas yang akan mengakibatkan rendahnya derajat interoperabilitas alutsista, (6) Industri Pertahanan berkontribusi dalam peningkatan ...",0.7495412826538086
Apakah mantan prajurit yang diberhentikan tidak dengan hormat masih berhak memakai tanda jasa kenegaraan?,"1. Inti Jawaban:
   - Tidak, hak memakai tanda jasa kenegaraan hanya berlaku bagi prajurit yang diberhentikan dengan hormat.
   - Implikasi praktisnya adalah hilangnya hak istimewa bagi yang diberhentikan tidak dengan hormat.

2. Rincian Analisis:
   a. Isu Pokok: Status pemberhentian prajurit dan hak atas tanda jasa.
   b. Aturan & Unsur: Pasal 61 ayat (1) UU No. 34/2004 tentang TNI secara eksplisit menyebut 'diberhentikan dengan hormat' sebagai syarat utama.
   c. Penerapan: Prajurit yang diberhentikan tidak dengan hormat (misalnya karena pelanggaran berat) tidak memenuhi unsur ini sehingga tidak berhak.

3. Disclaimer: Penafsiran hukum harus mempertimbangkan konteks pemberhentian dan peraturan terkait lainnya.","1. Inti Jawaban: Tidak, karena Pasal 61 hanya berlaku bagi prajurit yang diberhentikan dengan hormat. Implikasi praktisnya adalah bahwa prajurit yang diberhentikan tidak dengan hormat harus melepaskan semua atribut militer. 2. Rincian Analisis: a. Isu Pokok: Hak mantan prajurit yang diberhentikan tidak dengan hormat. b. Aturan & Unsur: Pasal 61 hanya menyebut 'diberhentikan dengan hormat', sehingga prajurit yang diberhentikan tidak dengan hormat tidak berhak menggunakan tanda jasa. c. Penerapan: Praktiknya, mantan prajurit yang diberhentikan tidak dengan hormat harus melepaskan atribut militer mereka. 3. Disclaimer: Jawaban ini merujuk pada UU No. 34 Tahun 2004 tentang Tentara Nasional Indonesia.","[undang_undang] Pasal 61 Isi: (1) Prajurit yang diberhentikan dengan hormat dari dinas keprajuritan berhak memakai tanda jasa kenegaraan yang dimilikinya pada waktu menghadiri upacara nasional atau kemiliteran sesuai yang diperolehnya pada saat masih berdinas aktif. (2) Pelaksanaan ketentuan sebagaimana dimaksud pada ayat (1) diatur dengan keputusan Presiden....

---

[undang_undang] Pasal 37 Isi: (1) Prajurit berkewajiban menjunjung tinggi kepercayaan yang diberikan oleh bangsa dan negara untuk melakukan usaha pembelaan negara sebagaimana termuat dalam Sumpah Prajurit (2) Untuk keamanan negara, setiap prajurit yang telah berakhir menjalani dinas keprajuritan atau prajurit siswa yang karena suatu hal tidak dilantik menjadi prajurit, wajib memegang teguh rahasia tentara walaupun yang bersangkutan diberhentikan dengan hormat atau dengan tidak hormat....

---

[undang_undang] Pasal 55 Isi: (1) Prajurit diberhentikan dengan hormat dari dinas keprajuritan karena: a. atas permintaan sendiri; b. telah berakhirnya masa ikatan dinas c. menjalani masa pensiun; d. tidak memenuhi persyara tan jasmani atau rohani; e. gugur, tewas, atau meninggal dunia; f. alih status menjadi pegawai negeri sipil; g. menduduki jabatan yang menurut peraturan perundang- undangan, tidak dapat diduduki oleh seorang prajurit aktif; dan h. berdasarkan pertimbangan khusus untuk kepentingan dinas. (2) ...

---

[undang_undang] Pasal 58 Isi: (1) Prajurit yang dalam melaksanakan tugas tidak kembali bergabung dengan kesatuannya sebagai akibat dari atau diduga diakibatkan oleh tindakan musuh atau di luar kekuasaannya, dinyatakan hilang dalam tugas, wajib terus dicari. (2) Prajurit sebagaimana dimaksud pada ayat (1) apabila setelah 1 (satu) tahun tidak ada kepastian atas dirinya, diberhentikan dengan hormat dan kepada ahli warisnya diberikan hak sebagaimana hak prajurit yang gugur sesuai dengan peraturan perUUan. (3) Praju...

---

[web_article] . Waketum PKB itu mengatakan dalam Pasal 47 UU TNI jelas disebutkan bahwa prajurit hanya dapat menduduki jabatan sipil setelah mengundurkan diri atau pensiun dari dinas aktif keprajuritan. SCROLL TO CONTINUE WITH CONTENT Apakah yang sekarang sudah mengundurkan diri atau pensiun dari dinas aktif keprajuritan? Mari kita koreksi bersama, kata Jazilul. Jazilul heran ketika aturan pasal tersebut tidak dijalankan oleh prajurit, Panglima TNI dan Menteri Pertahanan (Menhan) hanya mengimbau, tidak ada ti...",0.6275546550750732
Bagaimana proses pengangkatan prajurit ke jabatan sipil tertentu?,"1. Inti Jawaban:
- Harus ada permintaan dari pimpinan kementerian/lembaga (Pasal 47 ayat (3)).
- Implikasi praktis: Tidak ada penugasan sepihak dari TNI ke instansi sipil.

2. Rincian Analisis:
a. Isu Pokok: Mekanisme legal penempatan prajurit di jabatan sipil.
b. Aturan & Unsur:
- Pasal 47 ayat (3) mensyaratkan permintaan resmi dari instansi penerima.
- Ayat (4) menegaskan pengangkatan harus sesuai kebutuhan organisasi.
c. Penerapan: Proses bersifat kolaboratif antara TNI dan instansi terkait.

3. Disclaimer: Proses administratif diatur lebih lanjut dalam Peraturan Pemerintah.",(a) Inti Jawaban: Prajurit dapat menduduki jabatan sipil tanpa harus pensiun jika memenuhi syarat. (b) Rincian: Pasal 47 ayat (2) UU No. 34/2004 tentang TNI memberikan dua opsi: 1. Menduduki jabatan sipil dengan tetap aktif sebagai prajurit (pangkat lokal/tituler). 2. Mengundurkan diri dari dinas aktif untuk mengambil jabatan sipil. Implikasi: Fleksibilitas ini memengaruhi struktur organisasi TNI dan sistem birokrasi sipil. (c) Disclaimer: Interpretasi ini berdasarkan konteks historis UU TNI.,"[web_article] . Pasalnya, dalam pendidikan formal sudah ada pos-pos pekerjaan yang tidak dimungkinkan melalui UU TNI yang baru, untuk dapat ditempati seorang prajurit. Namun, ada pengaruh secara tidak langsung lantaran jabatan-jabatan yang semestinya dapat diisi alumni-alumni pendidikan sipil. Jabatan-jabatan sipil dapat diisi begitu saja oleh tentara aktif atau militer aktif yang dididik dari pendidikan militer. Nah, tapi yang secara tidak langsung ini juga akan berpengaruh. Kenapa? Karena jabatan-jabatan ya...

---

[web_article] . Sebab itu, kata dia, pasal tersebut berpotensi merugikan hak-hak konstitusional warga negara. Karena terdapat dalam pasal 47 ayat 1 yang menyatakan prajurit dapat menduduki jabatan di kementerian atau lembaga dan seterusnya tanpa harus mengundurkan diri atau pensiun dari dinas aktif keprajuritan, akibat berlakunya ketentuan a quo, yang memberikan dua alternatif keleluasaan bagi prajurit TNI untuk menduduki jabatan tersebut dan jabatan sipil lain, ujarnya. Kemudian bahwa kerugian konstitusional...

---

[undang_undang] Pasal 27 Isi: (1) Setiap prajurit diberi pangkat sebagai keabsahan wewenang dan tanggung jawab hierarki keprajuritan. (2) Pangkat menurut sifatnya dibedakan sebagai berikut: a. pangkat efektif diberikan kepada prajurit selama menjalani dinas keprajuritan dan membawa akibat administrasi penuh; b. pangkat lokal diberikan untuk sementara kepada prajurit yang menjalankan tugas dan jabatan khusus yang sifatnya sementara, serta memerlukan pangkat yang lebih tinggi dari pangkat yang disandangnya, guna ...

---

[undang_undang] Pasal 42 Isi: (1) Setiap prajurit memperoleh kesempatan untuk mendapat kenaikan pangkat dan/atau jabatan berdasarkan prestasinya, sesuai dengan pola karier yang berlaku dengan mempertimbangkan kepentingan TNI dan memenuhi persyaratan yang ditentukan. (2) Ketentuan sebagaimana dimaksud pada ayat (1) diatur dengan keputusan Panglima....

---

[analysis_report] . pendidikan kewarganegaraan; b. pelatihan dasar kemiliteran secara wajib; c. pengabdian sebagai prajurit TNI secara suka rela atau secara wajib; dan d. pengabdian sesuai dengan profesi. Usaha pembelaan negara dalam rangka penyelenggaraan pertahanan perlu dibangun dan dikembangkan secara berlanjut dan terarah agar dalam pengerahan dan penggunaan kesiapannya dapat terwujud. Usaha-usaha tersebut Sumber : Biro Humas Kemhan Sumber : Biro Humas Kemhan...",0.6527749300003052
Apakah ada peraturan turunan yang mengatur kebutuhan dasar prajurit?,"1. Inti Jawaban: Ya, ketentuan lebih lanjut diatur dalam Peraturan Pemerintah. 2. Rincian Analisis: a. Isu Pokok: Regulasi turunan. b. Aturan & Unsur: Pasal 50 ayat (5) UU No 34 Tahun 2004 menyatakan bahwa detail kebutuhan dasar diatur lebih lanjut. c. Penerapan: Peraturan Pemerintah menjadi pedoman teknis pelaksanaan. 3. Disclaimer: Peraturan dapat diperbarui sesuai kebutuhan.","(a) Ya, diatur dalam Pasal 50 ayat (1)-(5). (b) Implikasinya adalah bahwa semua kebutuhan dasar harus dipenuhi oleh institusi.","[undang_undang] Pasal 28 Isi: (1) Persyaratan umum untuk menjadi prajurit adalah: a. warga negara Indonesia; b. beriman dan bertakwa kepada Tuhan Yang Maha Esa; c. setia kepada Negara Kesatuan Republik Indonesia yang berdasarkan Pancasila dan UU Dasar Negara Republik Indonesia Tahun 1945; d. pada saat dilantik menjadi prajurit berumur paling rendah 18 tahun; e. tidak memiliki catatan krim inalitas yang dikeluarkan secara tertulis oleh Kepolisian Negara Republik Indonesia; f. sehat jasmani dan rohani; g. tidak s...

---

[academic_draft] . Penempatan prajurit aktif TNI pada kementerian/lembaga negara dalam praktiknya tidak sebatas kementerian/lembaga negara yang tercantum dalam Pasal 47 ayat (2) UU TNI saja. Seiring dengan adanya kebutuhan sumber daya manusia yang menguasai keahlian di bidang tertentu, saat ini beberapa prajurit aktif TNI dapat juga diperbantukan pada kementerian/lembaga lain yang membutuhkan keahliannya. Sebut saja antara lain misalkan pada: kementerian kelautan dan perikanan, staf kepresidenan, badan nasional ...

---

[undang_undang] Pasal 50 Isi: (1) Prajurit dan prajurit siswa memperoleh kebutuhan dasar prajurit yang meliputi: a. perlengkapan perseorangan; dan b. pakaian seragam dinas (2) Prajurit dan prajurit siswa memperoleh rawatan dan layanan kedinasan, yang meliputi: a. penghasilan yang layak; b. tunjangan keluarga; c. perumahan/asrama/mess; d. rawatan kesehatan; e. pembinaan mental dan pelayanan keagamaan; f. bantuan hukum; g. asuransi kesehatan dan jiwa; h. tunjangan hari tua; dan i. asuransi penugasan operasi milit...

---

[analysis_report] . Khusus dalam tugas OMSP, berbagai tugas telah dilakukan oleh prajurit TNI dengan sangat baik, bahkan melebihi panggilan tugasnya. Setiap prajurit dituntut mengedepankan tugas dan kepentingan masyarakat di atas kepentingan pribadi. Sekecil apapun sikap dan tindakan primitif akan mengganggu bahkan merusak jati diri TNI, sebagai tentara rakyat, tentara pejuang, tentara nasional dan tentara profesional. Prestasi dan kinerja optimal TNI yang telah mendapatkan penilaian positif dari masyarakat diper...

---

[web_article] . Sebelumnya, terdapat 14 tugas, kini bertambah menjadi 16 tugas. Dua tambahan tugas baru tersebut adalah: Dengan demikian, berikut daftar 16 tugas operasi militer selain perang yang tercantum dalam Pasal 7 Ayat 2 Huruf b UU TNI terbaru: Pelaksanaan operasi militer selain perang ini akan diatur lebih lanjut dalam Peraturan Pemerintah atau Peraturan Presiden, kecuali untuk bantuan kepada Polri, yang sudah memiliki regulasi tersendiri. Perubahan signifikan dalam revisi Pasal 47 adalah penambahan j...

---

[undang_undang] Pasal 37 Isi: (1) Prajurit berkewajiban menjunjung tinggi kepercayaan yang diberikan oleh bangsa dan negara untuk melakukan usaha pembelaan negara sebagaimana termuat dalam Sumpah Prajurit (2) Untuk keamanan negara, setiap prajurit yang telah berakhir menjalani dinas keprajuritan atau prajurit siswa yang karena suatu hal tidak dilantik menjadi prajurit, wajib memegang teguh rahasia tentara walaupun yang bersangkutan diberhentikan dengan hormat atau dengan tidak hormat....",0.680680513381958
Bagaimana proses pemberhentian tidak hormat untuk perwira TNI?,"1. Inti Jawaban:
- Proses pemberhentian tidak hormat untuk perwira TNI memerlukan pertimbangan dari Dewan Kehormatan Perwira.
- Implikasi praktisnya adalah adanya mekanisme tambahan untuk memastikan keadilan dalam proses pemberhentian.

2. Rincian Analisis:
a. Isu Pokok: Prosedur pemberhentian tidak hormat perwira TNI.
b. Aturan & Unsur: Pasal 62 ayat (2) UU No. 34 Tahun 2004 menyatakan bahwa pemberhentian perwira harus mempertimbangkan pendapat Dewan Kehormatan Perwira.
c. Penerapan: Dewan Kehormatan Perwira akan meninjau kasus secara mendalam sebelum memberikan rekomendasi.

3. Disclaimer: Proses ini dapat berbeda tergantung pada kasus spesifik dan peraturan turunan.",1. Inti Jawaban: Proses pemberhentian tidak hormat untuk perwira TNI harus melalui pengambilan keputusan Panglima setelah mendengar pendapat Dewan Kehormatan Perwira. Implikasinya adalah adanya mekanisme kontrol internal. 2. Rincian Analisis: a. Isu Pokok: Prosedur pemberhentian tidak hormat. b. Aturan & Unsur: Pasal 62 ayat (2) menyatakan bahwa pemberhentian perwira harus melalui pendapat Dewan Kehormatan Perwira. c. Penerapan: Proses ini memastikan bahwa tindakan pemberhentian tidak sembarangan. 3. Disclaimer: Informasi ini bersifat umum dan tidak menggantikan konsultasi hukum resmi.,"[undang_undang] Pasal 62 Isi: (1) Prajurit diberhentikan dengan tidak hormat karena mempunyai tabiat dan/atau perbuatan yang nyata-nyata dapat merugikan disiplin keprajuritan atau TNI. (2) Pemberhentian sebagaimana dimaksud pada ayat (1) terhadap perwira dilaksanakan setelah mempertimbangkan pendapat Dewan Kehormatan Perwira. (3) Ketentuan sebagaimana dimaksud pada ayat (1) dan (2) diatur lebih lanjut dengan Peraturan Pemerintah....

---

[undang_undang] Pasal 48 Isi: Pemberhentian sementara dari jabatan dilakukan oleh pejabat yang berwenang mengangkat dan memberhentikan dalam jabatan tersebut, berdasarkan peraturan perUUan. Bagian Kelima Kesejahteraan...

---

[web_article] . Setelah berbuka puasa, massa kembali ke tempat kumpulannya. Polisi juga mulai merapatkan barisan. Pimpinan polisi juga mengimbau pasukan untuk tidak maju sebelum ada perintah. Anggota tidak ada yang maju kecuali perintah, kata salah satu pimpinan polisi. Isi: nan...

---

[undang_undang] Pasal 45 Isi: Pengangkatan dan pemberhentian jabatan di dalam struktur TNI selain jabatan Panglima dan Kepala Staf Angkatan, diatur dengan keputusan Panglima....",0.730849027633667
Bagaimana proses pembentukan bintara dalam TNI menurut UU No. 34 Tahun 2004?,"1. Inti Jawaban:
- Proses pembentukan bintara dalam TNI dilakukan melalui dua jalur: (a) pendidikan pertama bintara yang berasal langsung dari masyarakat, atau (b) pendidikan pembentukan bintara yang berasal dari prajurit golongan tamtama (Pasal 31 ayat 1 UU No. 34 Tahun 2004).
- Implikasi praktisnya adalah adanya dua jalur karier berbeda untuk menjadi bintara, baik dari masyarakat umum maupun dari prajurit tamtama yang sudah berdinas.

2. Rincian Analisis:
a. Isu Pokok: Bagaimana mekanisme pembentukan bintara dalam struktur TNI.
b. Aturan & Unsur: Pasal 31 ayat (1) UU No. 34 Tahun 2004 mengatur dua jalur pembentukan bintara: (i) pendidikan pertama untuk masyarakat umum, dan (ii) pendidikan pembentukan untuk tamtama. Ayat (2) menegaskan bahwa detail pendidikan diatur oleh Panglima.
c. Penerapan: Sistem ini memungkinkan rekruitmen bintara baik dari sumber eksternal (masyarakat) maupun internal (promosi tamtama), dengan standar pendidikan yang ditetapkan Panglima.

3. Disclaimer: Penjelasan ini bersifat umum dan tidak menggantikan konsultasi hukum resmi dengan pihak berwenang.","1. Inti Jawaban:
    - Proses pembentukan bintara melalui pendidikan dasar dan penyesuaian.
    - Implikasi: Bintara sebagai komponen cadangan TNI.
2. Rincian Analisis:
    a. Isu Pokok: Mekanisme pembentukan bintara.
    b. Aturan & Unsur: Pasal 27 ayat (2) UU TNI menyebut bintara sebagai prajurit yang belum memiliki gelar pangkat.
    c. Penerapan: Pelatihan bintara mencakup teknik dan kemampuan dasar.
3. Disclaimer: Informasi ini hanya untuk edukasi.","[legal_request] . Perencanaan dan penyusunan pembentukan UU Nomor 3 Tahun 2025 Tentang Perubahan atas UU Nomor 34 Tahun 2004 Tentang TNI (TNI), tidak sesuai dengan tata cara pembentukan peraturan perUUan, tanpa naskah akademik. 13. Bahwa dalam Pasal 43 ayat (3) UU No. 12 Tahun 2011 mengatur secara imperatif dan tegas: Rancangan UU yang berasal dari DPR, Presiden, atau DPD harus disertai Naskah Akademik. Adapun dalam Pasal 1 angka 11 UU No...

---

[academic_draft] 22 C. UU Nomor 34 Tahun 2004 tentang TNI UU Nomor 34 Tahun 2004 tentang TNI (UU TNI) saat ini telah berlaku lebih kurang 20 (dua puluh) tahun. Tentu selama berlaku, ada beberapa ketentuan atau materi muatan yang sudah tidak sesuai dengan dinamika dan perkembangan yang ada. Salah satunya, terkait peran prajurit aktif TNI pada Kementerian/lembaga lain serta batasan usia prajurit TNI. D. Putusan Mahkamah Konstitusi UU TNI pernah diuji di Mahkamah Konstitusi...

---

[legal_request] . Pengambilan keputusan RUU revisi UU TNI yang sudah menjadi Undang- Undang Nomor 3 Tahun 2025 Tentang Perubahan atas UU Nomor 34 Tahun 2004 Tentang TNI (TNI), dilaksanakan pada Rapat Paripurna Pembukaan masa sidang DPR RI ke-13, pada 18 Februari 2025,yang dimana Para Permohonan menilai banyak kejanggalan dalam pengambilan keputusannya. Pertama, pengambilan keputusan untuk memasukkan RUU Revisi UU TNI yang sudah menjadi UU Nomor 3 Tahun 2025 Tentang Perubahan atas UU Nomor 34 Tahun 2004 Tentang ...

---

[web_article] . Selama kita percaya bahwa rakyat adalah sumber kekuatannya, maka perubahan bisa dicapai, paparnya. Sebelumnya diberitakan, DPR RI resmi mengesahkan Rancangan UU tentang Perubahan atas UU Nomor 34 Tahun 2004 tentang TNI atau RUU TNI menjadi UU. Keputusan ini diambil dalam rapat paripurna yang dihadiri oleh sejumlah menteri di ruang Paripurna gedung DPR RI, Senayan, Jakarta Pusat, Kamis (20/3/2025). RUU TNI yang dibahas pemerintah bersama DPR ini mengubah beberapa pasal mengenai tugas dan kewena...

---

[legal_request] . Sebagai pertanyaan apakah kita sedang menuju ke arah yang lebih baik, atau justru mundur ke masa lalu? Apakah perluasan peran TNI di Instansi sipil benar-benar untuk kepentingan nasional, atau sekedar membuka pintu bagi militerisme yang seharusnya ditinggalkan. Bahwa Sejarah jelas membuktikan Bangsa ini telah berusaha keras untuk membagun demokrasi setelah jatuhnya rezim Orde Baru. Namun revisi UU TNI yang sudah menjadi UU No. 3 Tahun 2025 Tentang Perubahan atas UU Nomor 34 Tahun 2004 Tentang ...",0.6672554016113281
Bagaimana TNI memastikan tidak terlibat dalam bisnis sesuai UU No. 34 Tahun 2004?,"1. Inti Jawaban:
   - TNI dilarang berbisnis dan harus fokus pada tugas militer.
   - Implikasi praktisnya adalah TNI harus memiliki mekanisme pengawasan.

2. Rincian Analisis:
   a. Isu Pokok: Larangan bisnis bagi TNI.
   b. Aturan & Unsur: Pasal 2 huruf d UU No. 34 Tahun 2004 melarang TNI berbisnis.
   c. Penerapan: Anggota TNI tidak boleh memiliki usaha atau terlibat dalam kegiatan komersial.

3. Disclaimer: Larangan ini berdasarkan UU No. 34 Tahun 2004.","1. Inti Jawaban: Melalui kontrol internal dan audit eksternal.
2. Rincian Analisis:
    a. Isu Pokok: Pencegahan korupsi.
    b. Aturan & Unsur: Pasal 73 UU TNI tentang pengawasan.
    c. Penerapan: Sistem pencegahan dini.
3. Disclaimer: Informasi ini bersifat umum.","[legal_request] . Maka UU Nomor 3 Tahun 2025 Tentang Perubahan atas UU Nomor 34 Tahun 2004 Tentang TNI (TNI) diputuskan masuk dalam Prolegnas 2025 tanpa ada pertimbangan dari Badan Legislasi (Baleg) DPR (sebagaimana diatur dalam Pasal 66 huruf f Tatib DPR), yaitu mencakup pertimbangan dapat atau tidak dapatnya suatu RUU masuk ke dalam prolegnas perubahan...

---

[web_article] . Kemudian mereka mendesak DPR dan pemerintah untuk memastikan TNI tetap netral dan tidak terseret dalam dinamika politik praktis melalui mekanisme hukum yang lebih ketat dan membatasi keterlibatan TNI dalam urusan sipil sesuai amanat UU No. 34 Tahun 2004 agar tidak terjadi penyalahgunaan kekuasaan dan pelanggaran hak asasi manusia. Mendesak DPR untuk melibatkan publik, akademisi, dan masyarakat sipil dalam proses pembahasan revisi RUU TNI guna memastikan perubahan UU tetap sesuai dengan prinsip...

---

[legal_request] . Perencanaan dan penyusunan pembentukan UU Nomor 3 Tahun 2025 Tentang Perubahan atas UU Nomor 34 Tahun 2004 Tentang TNI (TNI), tidak sesuai dengan tata cara pembentukan peraturan perUUan, tanpa naskah akademik. 13. Bahwa dalam Pasal 43 ayat (3) UU No. 12 Tahun 2011 mengatur secara imperatif dan tegas: Rancangan UU yang berasal dari DPR, Presiden, atau DPD harus disertai Naskah Akademik. Adapun dalam Pasal 1 angka 11 UU No...

---

[academic_draft] 22 C. UU Nomor 34 Tahun 2004 tentang TNI UU Nomor 34 Tahun 2004 tentang TNI (UU TNI) saat ini telah berlaku lebih kurang 20 (dua puluh) tahun. Tentu selama berlaku, ada beberapa ketentuan atau materi muatan yang sudah tidak sesuai dengan dinamika dan perkembangan yang ada. Salah satunya, terkait peran prajurit aktif TNI pada Kementerian/lembaga lain serta batasan usia prajurit TNI. D. Putusan Mahkamah Konstitusi UU TNI pernah diuji di Mahkamah Konstitusi...

---

[legal_request] . Hal ini bisa menghambat dinamika dan modernisasi dalam tubuh TNI. Bahwa dengan memahami subtansi di atas terkait dengan jenis dan Muatan materi pembentukan UU TNI Nomor 3 Tahun 2025 Tentang Perubahan atas UU Nomor 34 Tahun 2004 jelas tidak bersesuaian dengan Pasal 28 D ayat (1) UUD 1945 yang menyatakan bahwa setiap orang berhak atas pengakuan, jaminan, perlindungan, dan kepastian hukum yang adildengan asas-asas muatan materi yang diatur dalam suatu peraturan perUUan, yang justru sebaliknya UU ...",0.6770597696304321
Apa saja alasan Prajurit TNI dapat diberhentikan dengan hormat dari dinas keprajuritan berdasarkan Pasal 55 ayat (1) UU No. 34 Tahun 2004?,"1. Inti Jawaban:
- Prajurit TNI dapat diberhentikan dengan hormat karena: permintaan sendiri, berakhirnya masa ikatan dinas, pensiun, tidak memenuhi syarat jasmani/rohani, gugur/tewas/meninggal dunia, alih status ke PNS, menduduki jabatan yang tidak boleh diisi prajurit aktif, atau pertimbangan khusus dinas.
- Implikasi: Proses pemberhentian harus sesuai prosedur hukum dan hak pensiun dijamin.

2. Rincian Analisis:
a. Isu Pokok: Legalitas pemberhentian prajurit dengan hormat.
b. Aturan & Unsur: Pasal 55 ayat (1) huruf a-h UU No. 34/2004 mengatur 8 alasan pemberhentian, termasuk kondisi khusus seperti gugur (akibat lawan) vs tewas (tugas non-tempur).
c. Penerapan: Setiap alasan memerlukan verifikasi dokumen (contoh: surat permintaan sendiri untuk huruf a, atau surat keputusan pensiun untuk huruf c).

3. Disclaimer: Penafsiran harus merujuk Peraturan Pemerintah pelaksana.","A. Inti Jawaban:
1. Alasan diberhentikan dengan hormat adalah: a. atas permintaan sendiri; b. telah berakhirnya masa ikatan dinas; c. menjalani masa pensiun; d. tidak memenuhi persyaratan jasmani atau rohani; e. gugur/tewas/meninggal dunia; f. alih status menjadi pegawai negeri sipil; g. tidak memenuhi syarat jabatan tertentu; h. pertimbangan khusus kepentingan dinas. Implikasi praktisnya adalah ada beberapa kondisi yang memungkinkan prajurit mengakhiri dinas dengan hormat. B. Rincian Analisis: a. Isu Pokok: Alasan pemutusan hubungan kerja prajurit dengan hormat. b. Aturan & Unsur: Pasal 55 ayat (1) huruf a-g menyebutkan delapan alasan yang sah untuk pemutusan dengan hormat. c. Penerapan: Setiap alasan harus sesuai dengan ketentuan yang diatur lebih lanjut. C. Disclaimer: Informasi ini hanya untuk edukasi dan tidak menggantikan nasihat hukum resmi.","[undang_undang] Pasal 62 Isi: (1) Prajurit diberhentikan dengan tidak hormat karena mempunyai tabiat dan/atau perbuatan yang nyata-nyata dapat merugikan disiplin keprajuritan atau TNI. (2) Pemberhentian sebagaimana dimaksud pada ayat (1) terhadap perwira dilaksanakan setelah mempertimbangkan pendapat Dewan Kehormatan Perwira. (3) Ketentuan sebagaimana dimaksud pada ayat (1) dan (2) diatur lebih lanjut dengan Peraturan Pemerintah....

---

[undang_undang] Pasal 55 Isi: (1) Prajurit diberhentikan dengan hormat dari dinas keprajuritan karena: a. atas permintaan sendiri; b. telah berakhirnya masa ikatan dinas c. menjalani masa pensiun; d. tidak memenuhi persyara tan jasmani atau rohani; e. gugur, tewas, atau meninggal dunia; f. alih status menjadi pegawai negeri sipil; g. menduduki jabatan yang menurut peraturan perundang- undangan, tidak dapat diduduki oleh seorang prajurit aktif; dan h. berdasarkan pertimbangan khusus untuk kepentingan dinas. (2) ...

---

[undang_undang] Pasal 54 Isi: Prajurit dapat diberhentikan dengan hormat atau dengan tidak hormat....

---

[undang_undang] Pasal 51 Isi: (1) Prajurit yang diberhentikan dengan hormat memperoleh rawatan dan layanan purnadinas. (2) Rawatan dan layanan purnadinas sebagaimana dimaksud pada ayat (1), meliputi pensiun, tunjangan bersifat pensiun, tunjangan atau pesangon dan rawatan kesehatan. (3) Pelaksanaan ketentuan sebagaimana dimaksud pada ayat (1) dan ayat (2) diatur dengan Peraturan Pemerintah. Penjelasan: Ayat (1) Cukup jelas. Ayat (2) Prajurit karier yang diberhentikan dengan hormat dari dinas keprajuritan menerim...

---

[undang_undang] Pasal 59 Isi: (1) Prajurit berpangkat kolonel dan perwira tinggi, diberhentikan dari dinas keprajuritan dengan Keputusan Presiden. (2) Pemberhentian selain yang dimaksud pada ayat (1) ditetapkan dengan keputusan Panglima....

---

[undang_undang] Pasal 23 Isi: (1) Prajurit Sukarela menjalani dinas keprajuritan dengan ikatan dinas. (2) Ketentuan sebagaimana dimaksud pada ayat (1), diatur lebih lanjut dengan Peraturan Pemerintah....",0.7824571132659912
Bagaimana proses persetujuan anggaran kontijensi untuk operasi militer mendesak?,"1. Inti Jawaban:
- Menteri Pertahanan harus meminta persetujuan DPR untuk penggunaan anggaran kontijensi.
- Implikasi praktisnya adalah adanya pengawasan legislatif terhadap penggunaan dana darurat.

2. Rincian Analisis:
a. Isu Pokok: Proses persetujuan anggaran kontijensi.
b. Aturan & Unsur: Pasal 67 ayat (3) menyatakan bahwa Menteri Pertahanan harus meminta persetujuan DPR.
c. Penerapan: Proses ini memastikan akuntabilitas dan transparansi dalam penggunaan dana darurat.

3. Disclaimer: Informasi ini merujuk pada Pasal 67 ayat (3) UU No. 34 Tahun 2004.","1. Inti Jawaban:
   a. Proses persetujuan melalui Menteri Pertahanan ke DPR.
   b. Implikasi: Memastikan transparansi dan kontrol politik.
2. Rincian Analisis:
   a. Isu Pokok: Prosedur persetujuan anggaran darurat.
   b. Aturan & Unsur: Pasal 67 ayat (2)-(3) UU No. 34/2004 mensyaratkan persetujuan DPR.
   c. Penerapan: Menteri Pertahanan harus mengajukan proposal ke DPR.
3. Disclaimer: Informasi ini tidak menggantikan konsultasi hukum resmi.","[undang_undang] Pasal 67 Isi: (1) Dalam hal pemenuhan dukungan anggaran TNI, Panglima mengajukan kepada Menteri Pertahanan untuk dibiayai seluruhnya dari Anggaran Pendapatan dan Belanja Negara (2) Dalam hal pemenuhan dukungan anggaran operasi militer yang bersifat mendesak, Panglima mengajukan anggaran kepada Menteri Pertahanan untuk dibiayai dari anggaran kontijensi yang bersumber dari Anggaran Pendapatan dan Belanja Negara. (3) Dukungan sebagaimana dimaksud pada ayat (2) dimintakan persetujuan oleh Menteri Pe...

---

[web_article] . Kami menilai jika semakin luas cakupan operasi militer, semakin dekat TNI dengan pengkhianatan atas Sistem Pertahanan Rakyat Semesta (Sishankamrata) yang dianutnya, kritik PPI Dunia. Ketiga, perihal konteks reformasi sektor keamanan. Perubahan UU TNI ini PPI Dunia anggap bukan merupakan agenda mendesak dalam tubuh TNI dikarenakan masih adanya agenda lain seperti agenda reformasi peradilan militer yang jauh lebih penting. Selain itu, evaluasi terhadap berbagai pelanggaran yang dilakukan oleh pr...

---

[undang_undang] Pasal 68 Isi: (1) TNI wajib mengelola anggaran pertahanan negara yang dialokasikan oleh pemerintah. (2) TNI wajib mempertanggungja wabkan pengelolaan anggaran pertahanan negara sebagaimana dimaksud pada ayat (1) kepada Menteri Pertahanan. (3) Pengelolaan anggaran pertahanan negara oleh TNI sebagaimana dimaksud pada ayat (2) dilaksanakan berdasarkan prinsip transparansi, akuntabilitas, pertanggungjawaban, serta efisiensi untuk menerapkan tata pemerintahan yang baik. (4) Pengelolaan anggaran perta...

---

[analysis_report] . 4) Jaminan Hari Tua. Jaminan hari tua dikembangkan antara lain melalui pembenahan sistem pensiun dan layanan memasuki purna bakti. Penutup Kebijakan pembangunan postur pertahanan militer yang implementasinya diselenggarakan dalam kebijakan pembangunan MEF TNI secara mendasar untuk mewujudkan kepentingan mendesak pembangunan pertahanan negara dalam kerangka mewujudkan postur ideal TNI, yang dapat berubah dengan mempertimbangkan perkembangan lingkungan strategis dan ancaman nyata yang dihadapi s...

---

[analysis_report] . Sesuai dengan Visi, Misi dan program prioritas pemerintah dalam tatanan Pembangunan Nasional, pembangunan postur pertahanan negara merupakan bagian integral dari pembangunan nasional yang sinergi dengan pembangunan bidang lainnya dengan mengintegrasikan pembangunan postur pertahanan militer dan pembangunan postur pertahanan nirmiliter. Perwujudan pembangunan postur pertahanan negara ditentukan oleh komitmen pemerintah dalam mengalokasikan anggaran pertahanan sesuai skema penganggaran yang real...",0.7428642511367798
Faktor apa saja yang mempengaruhi kenaikan pangkat prajurit TNI menurut UU?,"1. Inti Jawaban:
- Faktor utama: prestasi, pola karier, kepentingan TNI, dan pemenuhan persyaratan.
- Implikasi praktis: Tidak ada kenaikan pangkat otomatis, melainkan melalui penilaian komprehensif.

2. Rincian Analisis:
a. Isu Pokok: Parameter penilaian kenaikan pangkat.
b. Aturan & Unsur:
- Prestasi kerja (Pasal 42 ayat (1) UU No. 34/2004).
- Kesesuaian dengan pola karier yang berlaku.
- Pertimbangan kepentingan institusi TNI.
- Pemenuhan persyaratan administrasi dan kompetensi.
c. Penerapan: Sistem ini dirancang untuk memastikan kenaikan pangkat diberikan kepada yang paling berkompeten.

3. Disclaimer: Persyaratan tambahan mungkin berlaku sesuai kebijakan internal TNI.","1. Inti Jawaban:
    - Prestasi, kepentingan TNI, dan persyaratan yang ditetapkan.
2. Rincian Analisis:
    a. Isu Pokok: Faktor-faktor yang menjadi dasar kenaikan pangkat.
    b. Aturan & Unsur: Ayat (1) Pasal 42 UU TNI menyebutkan tiga faktor tersebut.
    c. Penerapan: Prajurit harus memenuhi standar prestasi dan kebutuhan organisasi.
3. Disclaimer: Interpretasi ini bersifat umum.","[undang_undang] Pasal 42 Isi: (1) Setiap prajurit memperoleh kesempatan untuk mendapat kenaikan pangkat dan/atau jabatan berdasarkan prestasinya, sesuai dengan pola karier yang berlaku dengan mempertimbangkan kepentingan TNI dan memenuhi persyaratan yang ditentukan. (2) Ketentuan sebagaimana dimaksud pada ayat (1) diatur dengan keputusan Panglima....

---

[web_article] . Anies kemudian mempertanyakan jaminan bahwa revisi UU TNI itu tak akan berdampak selain yang diniatkan pembuat kebijakan. Dia juga menyinggung di tubuh TNI masih ada tantangan tersendiri, yakni meritokrasi dalam jenjang karier. Jika revisi ini bertujuan memperkuat TNI, kita harus pastikan ada rambu hukum yang jelas. Apa mekanisme pengamannya? Bagaimana memastikan bahwa perubahan ini tidak akan membawa dampak di luar niat awal pembuat kebijakan? Selain itu, apakah revisi ini menyelesaikan masal...

---

[web_article] . Dua, memperjelas batasan dan mekanisme pelibatan TNI dalam tugas non militer, ujar Sjafrie. Tiga, meningkatkan kesejahteraan prajurit serta jaminan sosial bagi prajurit. Empat, menyesuaikan ketentuan terkait kepemimpinan jenjang karir dan usia pensiun sesuai dengan kebutuhan organisasi, tambahnya. Dalam momen ini, Menhan juga menyertakan pasal-pasal perubahan di RUU TNI dari pemerintah. Adapun yang ditekankan, yakni kedudukan TNI (Pasal 3), penempatan prajurit TNI di kementerian atau lembaga (...

---

[academic_draft] . Penempatan prajurit aktif TNI pada kementerian/lembaga negara dalam praktiknya tidak sebatas kementerian/lembaga negara yang tercantum dalam Pasal 47 ayat (2) UU TNI saja. Seiring dengan adanya kebutuhan sumber daya manusia yang menguasai keahlian di bidang tertentu, saat ini beberapa prajurit aktif TNI dapat juga diperbantukan pada kementerian/lembaga lain yang membutuhkan keahliannya. Sebut saja antara lain misalkan pada: kementerian kelautan dan perikanan, staf kepresidenan, badan nasional ...",0.7282223105430603
Bagaimana Pasal 19 UU No. 34 Tahun 2004 menjamin akuntabilitas penggunaan kekuatan militer?,1. Inti Jawaban: Dengan mewajibkan Panglima TNI bertanggung jawab kepada Presiden. Implikasi praktisnya adalah transparansi dalam operasi militer. 2. Rincian Analisis: a. Isu Pokok: Mekanisme akuntabilitas dalam penggunaan kekuatan militer. b. Aturan & Unsur: Pasal 19 ayat (2) UU No. 34 Tahun 2004 menetapkan kewajiban ini. c. Penerapan: Laporan dan evaluasi rutin memastikan akuntabilitas. 3. Disclaimer: Akuntabilitas juga tergantung pada implementasi praktis.,"1. Inti Jawaban:
    - Akuntabilitas melalui mekanisme kontrol legislatif dan yudisial.
    - Implikasi: Mencegah penyalahgunaan kekuatan militer.
2. Rincian Analisis:
    a. Isu Pokok: Aspek akuntabilitas dalam pembinaan TNI.
    b. Aturan & Unsur: Pasal 19 jo. Pasal 74 UU TNI mensyaratkan transparansi operasional militer.
    c. Penerapan: Pelaporan berkala ke DPR dan pengawasan oleh Mahkamah Prancis.
3. Disclaimer: Penjelasan ini bersifat umum.","[legal_request] . Namun, UU No. 3 tahun 2025 Tentang Perubahan atas UU Nomor 34 Tahun 2004 tentang TNI ini memperluas daftar jabatan yang dapat diisi oleh prajurit aktif, mencakup posisi di kementerian, lembaga negara, hingga BUMN dan BUMD. Hal ini berpotensi membahayakan karena Keterlibatan militer dalam pemerintahan sipil berisiko mengaburkan batas antara otoritas militer dan sipil, melemahkan supremasi sipil, serta membuka peluang bagi militer untuk kembali terlibat dalam politik praktis. Hal ini mengingatka...

---

[academic_draft] 22 C. UU Nomor 34 Tahun 2004 tentang TNI UU Nomor 34 Tahun 2004 tentang TNI (UU TNI) saat ini telah berlaku lebih kurang 20 (dua puluh) tahun. Tentu selama berlaku, ada beberapa ketentuan atau materi muatan yang sudah tidak sesuai dengan dinamika dan perkembangan yang ada. Salah satunya, terkait peran prajurit aktif TNI pada Kementerian/lembaga lain serta batasan usia prajurit TNI. D. Putusan Mahkamah Konstitusi UU TNI pernah diuji di Mahkamah Konstitusi...

---

[academic_draft] . Adanya ketentuan Pasal 20 UUD NRI Tahun 1945 menegaskan bahwa kekuasaan membentuk UU telah bergeser dari Presiden kepada DPR. Di dalam penyusunan sebuah rancangan UU, ketentuan Pasal 20 selalui disandingkan dengan ketentuan Pasal 21 UUD NRI Tahun 1945 pada dasar hukum mengingat. Adanya ketentuan Pasal 20 dan Pasal 21 pada bagian ketentuan mengingat sebuah rancangan UU, hal ini menunjukkan bahwa rancangan UU dimaksud merupakan rancangan UU yang usulannya berasal dari DPR. Sebaliknya jika pada d...

---

[undang_undang] Pasal 74 Isi: (1) Ketentuan sebagaimana dimaksud dalam 65 berlaku pada saat UU tentang Peradilan Militer yang baru diberlakukan. (2) Selama UU peradilan militer yang baru belum dibentuk, tetap tunduk pada ketentuan UU Nomor 31 Tahun 1997 te ntang Peradilan Militer....

---

[academic_draft] 21 2. Pasal 21 Ketentuan Pasal 21 UUD NRI Tahun 1945 mengatur mengenai hak anggota DPR dalam mengajukan usul rancangan UU. Hak keanggotaan DPR dimaksud merupakan hak konstitusional. Hak konstitusional dimaksud dapat dilaksanakan dan juga tidak dilaksanakan sesuai dengan kehendak anggota DPR yang bersangkutan. 3. Pasal 30 ayat (2), ayat (3), dan ayat (5) Ketentuan pasal dan ayat ini mengatur mengenai sistem pertahanan dan keamanan rakyat semesta yang dianut oleh Indonesia. Di dalam sistem tersebu...

---

[legal_request] . (3) TNI terdiri atas Angkatan Darat, Angkatan Laut dan Angkatan Udara sebagai alat negara bertugas mempertahankan, melindungi Kemudian Pasal 3 ayat (1) UU No. 3 Tahun 2002 Tentang Pertahanan Negara, mengatur: Pertahanan negara disusun berdasarkan prinsip demokrasi, hak asasi manusia, kesejahteraan umum, lingkungan hidup, ketentuan hukum nasional, hukum internasional dan kebiasaan internasional, serta prinsip hidup berdampingan secara damai. UU No. 3 Tahun 2025 menyangkut usaha pertahanan dan k...",0.6882249712944031
Bagaimana jika kecacatan disebabkan kelalaian prajurit sendiri?,"1. Inti Jawaban:
- Pasal 57 tidak membedakan penyebab kecacatan.
- Implikasi: Tetap berhak selama terjadi selama dinas.

2. Rincian Analisis:
a. Isu Pokok: Pertanggungjawaban atas kecacatan.
b. Aturan & Unsur:
- Fokus: 'akibat...selama dalam dinas' (Pasal 57).
c. Penerapan: Bisa ada pengurangan hak jika ada pelanggaran.

3. Disclaimer: PP turunan mungkin mengatur pengecualian.","- Pasal 47 ayat 1 UU TNI tidak mencakup kasus ini.
- Implikasi: Prajurit bertanggung jawab atas konsekuensinya.","[undang_undang] Pasal 37 Isi: (1) Prajurit berkewajiban menjunjung tinggi kepercayaan yang diberikan oleh bangsa dan negara untuk melakukan usaha pembelaan negara sebagaimana termuat dalam Sumpah Prajurit (2) Untuk keamanan negara, setiap prajurit yang telah berakhir menjalani dinas keprajuritan atau prajurit siswa yang karena suatu hal tidak dilantik menjadi prajurit, wajib memegang teguh rahasia tentara walaupun yang bersangkutan diberhentikan dengan hormat atau dengan tidak hormat....

---

[undang_undang] Pasal 44 Isi: (1) Prajurit yang mendapat tugas dengan pertaruhan jiwa raga secara langsung dan berjasa melampaui panggilan tugas dapat dianugerahi kenaikan pangkat luar biasa. (2) Ketentuan sebagaimana dimaksud pada ayat (1) diatur dengan Peraturan Pemerintah. Penjelasan: Ayat (1) Yang dimaksud dengan melampaui panggilan tugas adalah bahwa seseorang prajurit TNI tanpa memperdulikan keselamatan jiwanya melakukan tindakan kepahlawanan dalam suatu tugas demi bangsa dan negara, walaupun tindakan itu...

---

[web_article] . Sebab itu, kata dia, pasal tersebut berpotensi merugikan hak-hak konstitusional warga negara. Karena terdapat dalam pasal 47 ayat 1 yang menyatakan prajurit dapat menduduki jabatan di kementerian atau lembaga dan seterusnya tanpa harus mengundurkan diri atau pensiun dari dinas aktif keprajuritan, akibat berlakunya ketentuan a quo, yang memberikan dua alternatif keleluasaan bagi prajurit TNI untuk menduduki jabatan tersebut dan jabatan sipil lain, ujarnya. Kemudian bahwa kerugian konstitusional...

---

[undang_undang] Pasal 58 Isi: (1) Prajurit yang dalam melaksanakan tugas tidak kembali bergabung dengan kesatuannya sebagai akibat dari atau diduga diakibatkan oleh tindakan musuh atau di luar kekuasaannya, dinyatakan hilang dalam tugas, wajib terus dicari. (2) Prajurit sebagaimana dimaksud pada ayat (1) apabila setelah 1 (satu) tahun tidak ada kepastian atas dirinya, diberhentikan dengan hormat dan kepada ahli warisnya diberikan hak sebagaimana hak prajurit yang gugur sesuai dengan peraturan perUUan. (3) Praju...

---

[analysis_report] . Khusus dalam tugas OMSP, berbagai tugas telah dilakukan oleh prajurit TNI dengan sangat baik, bahkan melebihi panggilan tugasnya. Setiap prajurit dituntut mengedepankan tugas dan kepentingan masyarakat di atas kepentingan pribadi. Sekecil apapun sikap dan tindakan primitif akan mengganggu bahkan merusak jati diri TNI, sebagai tentara rakyat, tentara pejuang, tentara nasional dan tentara profesional. Prestasi dan kinerja optimal TNI yang telah mendapatkan penilaian positif dari masyarakat diper...",0.4675579071044922
Apa peran Departemen Pertahanan menurut UU TNI?,"1. Inti Jawaban:
- Departemen Pertahanan adalah pelaksana fungsi pemerintah di bidang pertahanan negara.
- Implikasi praktis: Hubungan struktural antara TNI dan pemerintah.

2. Rincian Analisis:
a. Isu Pokok: Fungsi Departemen Pertahanan.
b. Aturan & Unsur: Pasal 1 angka 8 UU No 34 Tahun 2004 mengatur peran Dephan.
c. Penerapan: Dephan sebagai penghubung antara TNI dan pemerintah.

3. Disclaimer: Peran Dephan diatur lebih lanjut dalam peraturan tersendiri.",A. Inti Jawaban: Departemen Pertahanan memberikan koordinasi kebijakan dan strategi pertahanan kepada TNI. B. Rincian Analisis: 1. Isu Pokok: Peran Departemen Pertahanan. 2. Aturan & Unsur: Pasal 3 ayat (2) menyatakan bahwa Departemen Pertahanan memberikan koordinasi kebijakan dan strategi pertahanan. 3. Penerapan: Departemen Pertahanan membantu TNI dalam perencanaan strategis. C. Disclaimer: Jawaban ini merujuk pada UU No. 3 Tahun 2002.,"[academic_draft] . Sebagai kekuatan utama yang menurut UU Nomor 3 Tahun 2002 tentang Pertahanan Negara disebut sebagai komponen utama dalam sistem pertahanan negara, TNI merupakan alat negara yang bertugas mempertahankan, melindungi, dan memelihara keutuhan dan kedaulatan negara. Dalam Pasal 30 ayat (5) UUD NRI Tahun 1945 disebutkan bahwa susunan, kedudukan, hubungan, dan kewenangan TNI dalam melaksanakan tugas, termasuk syarat-syarat keikutsertaan...

---

[academic_draft] 8 Nomor VII/MPR/2000 tentang Peran TNI dan Peran Kepolisian Negara Republik Indonesia. Di dalam UU TNI diatur mengenai peran TNI selain melakukan pertahanan negara. Pasal 47 ayat (2) UU TNI mengatur bahwa prajurit aktif dapat menduduki jabatan pada kantor yang membidangi koordinator bidang politik dan keamanan negara, sekretaris militer Presiden, intelijen negara, sandi negara, lembaga ketahanan nasional, dewan pertahanan nasional, search and rescue (sar) nasional, narkotika nasional, dan mahkam...

---

[undang_undang] Pasal 3 Isi: (1) Dalam pengerahan dan penggu naan kekuatan militer, TNI berkedudukan di bawah Presiden. (2) Dalam kebijakan dan strategi pertahanan serta dukungan administrasi, TNI di bawah koordinasi Departemen Pertahanan. Penjelasan: Ayat (1) Yang dimaksud berkedudukan di bawah Presiden adalah bahwa keberadaan TNI di bawah kekuasaan Presiden. Ayat (2) Yang dimaksud dengan di bawah koordinasi Departemen Pertahanan adalah segala sesuatu yang berkaitan dengan perencanaan strategis yang meliputi a...

---

[academic_draft] . Hal-hal yang terkait dengan sistem pertahanan dan keamanan negara, termasuk susunan dan kedudukan TNI diatur dengan UU. Ketentuan ini merupakan materi muatan delegasi yang harus diatur dengan UU TNI, termasuk ketentuan mengenai keterlibatan prajurit aktif TNI pada kementerian/lembaga lain serta penambahan usia masa dinas prajurit TNI. B. Ketetapan MPR Ketetapan Majelis Permusyawaratan Rakyat Nomor VI/MPR/2000 tentang Pemisahan TNI dan Kepolisian Negara Republik Indonesia, serta Ketetapan Majel...

---

[academic_draft] . Berdasarkan hal tersebut, ada 3 (tiga) aspek yang terkait dengan masalah pertahanan negara, yaitu: keutuhan negara, kedaulatan negara, dan keselamatan negara. Ketentuan mengenai TNI lebih lanjut diatur dalam UU Nomor 34 Tahun 2004 tentang TNI (UU TNI). Sebelum dibentuk UU TNI, ketentuan mengenai TNI diatur dalam Ketetapan MPR Nomor VI/MPR/2000 tentang Pemisahan TNI dan Kepolisian Negara Republik Indonesia, dan Ketetapan MPR...

---

[undang_undang] Pasal 66 Isi: (1) TNI dibiayai dari anggaran pertahanan negara yang berasal dari Anggaran Pendapatan dan Belanja Negara. (2) Keperluan anggaran sebagaimana dimaksud pada ayat (1) diajukan oleh Departemen Pertahanan....",0.7849515080451965
Apakah perwira yang sudah pensiun bisa direkrut kembali?,"1. Inti Jawaban:
- Ya, sebagai perwira komponen cadangan jika memenuhi syarat.
- Implikasi: Pemanfaatan SDM veteran untuk mobilisasi.

2. Rincian Analisis:
a. Isu Pokok: Rekrutmen pensiunan TNI.
b. Aturan & Unsur:
- Pasal 53 ayat (6): Perwira pensiun bisa jadi cadangan via mobilisasi.
c. Penerapan: Syarat dan mekanisme diatur lebih lanjut oleh pemerintah.

3. Disclaimer: Hanya berlaku untuk kebutuhan khusus seperti keadaan darurat.","(a) Inti Jawaban: Tidak, karena aturan hanya memperbolehkan prajurit yang sudah pensiun atau mengundurkan diri. (b) Rincian: Pasal 47 UU No. 34/2004 mensyaratkan status pensiun/mengundurkan diri untuk mengisi jabatan sipil. (c) Disclaimer: Interpretasi ini berdasarkan teks UU tanpa mempertimbangkan konteks politik.","[web_article] . Supratman menyebut selama ini sudah ada 10 lembaga yang posisinya diduduki oleh perwira TNI. Nggak, buktinya selama ini sudah jalan. Apa masalahnya? Apakah dengan begitu dwifungsinya kembali? Kan nggak juga, kan sudah ada 10 lembaga yang diduduki oleh perwira TNI kan, nggak ada masalah, ujar Supratman di kompleks parlemen, Senayan, Jakarta, Rabu (29/5/2024). Supratman mengulas bagaimana prajurit TNI aktif telah mengisi jabatan di pemerintahan. Supratman menekankan RUU TNI ditekankan pada usia ...

---

[web_article] . Berikut daftar kementerian/lembaga yang dapat diisi oleh prajurit TNI aktif berdasarkan revisi Pasal 47: Untuk prajurit TNI yang ingin menduduki jabatan sipil di luar 14 lembaga tersebut, mereka harus pensiun atau mengundurkan diri lebih dulu. Sebelumnya, usia pensiun prajurit bintara dan tamtama adalah 53 tahun, sedangkan perwira pensiun pada 58 tahun. Dalam revisi Pasal 53, usia pensiun dinaikkan sebagai berikut: Demikianlah rincian mengenai RUU TNI yang sudah disahkan DPR menjadi UU. Semoga...

---

[web_article] . Waketum PKB itu mengatakan dalam Pasal 47 UU TNI jelas disebutkan bahwa prajurit hanya dapat menduduki jabatan sipil setelah mengundurkan diri atau pensiun dari dinas aktif keprajuritan. SCROLL TO CONTINUE WITH CONTENT Apakah yang sekarang sudah mengundurkan diri atau pensiun dari dinas aktif keprajuritan? Mari kita koreksi bersama, kata Jazilul. Jazilul heran ketika aturan pasal tersebut tidak dijalankan oleh prajurit, Panglima TNI dan Menteri Pertahanan (Menhan) hanya mengimbau, tidak ada ti...",0.5056017637252808
Apa relevansi Sumpah Perwira dengan reformasi TNI?,"1. Inti Jawaban:
   - Alat kontrol etika dalam proses profesionalisasi TNI pasca reformasi.
   - Implikasi praktis: Mencegah kembalinya dwifungsi TNI.

2. Rincian Analisis:
   a. Isu Pokok: Peran Sumpah Perwira dalam transformasi TNI.
   b. Aturan & Unsur: Pasal 36 mencerminkan semangat perubahan UU TNI 2004.
   c. Penerapan: Menegaskan orientasi TNI sebagai alat negara bukan kelompok politik.

3. Disclaimer: Analisis berdasarkan konteks historis pasca 1998.",A. Inti Jawaban: Sumpah Perwira adalah dasar moral reformasi TNI. B. Rincian: 1. Isu: Implikasi sumpah terhadap reformasi. 2. Aturan: Pasal 27 ayat (1) UU No. 34/2004. C. Disclaimer: Analisis ini bersifat umum.,"[web_article] . Dari sebelumnya hanya 10 institusi, kini diusulkan menjadi 15. Beberapa lembaga tambahan yang dimasukkan, seperti Badan Nasional Penanggulangan Bencana (BNPB) dan Kejaksaan Agung, menimbulkan tanda tanya besar: apakah ini masih sejalan dengan semangat reformasi? Sejak reformasi 1998, kita sepakat bahwa TNI harus kembali ke barak dan fokus pada tugas utamanya, yaitu pertahanan negara. Reformasi TNI dengan tegas menolak keterlibatan prajurit aktif dalam urusan sipil. Namun, RUU TNI justru member...

---

[web_article] . SCROLL TO CONTINUE WITH CONTENT Selain itu, dia menegaskan UU TNI ini sebagai upaya memperkuat reformasi TNI. Dia berharap, dengan aturan ini, anggota TNI tetap profesional dan fokus terhadap tugas pokoknya dalam pertahanan negara. Kita ingin memastikan bahwa aturan ini berjalan dengan baik dan semua pihak menjalankan tugasnya sesuai dengan ketentuan yang berlaku, katanya. Sebagai informasi, DPR telah mengesahkan revisi UU tentang Perubahan atas UU Nomor 34 Tahun 2004 tentang TNI atau RUU TNI ...

---

[web_article] . 34 Tahun 2004 tentang TNI (UU TNI). Berdasarkan Rancangan Revisi UU TNI 2024 yang diperoleh oleh Koalisi Masyarakat Sipil untuk Reformasi Sektor Keamanan (Koalisi RSK) terdapat beberapa perubahan yang akan mengembalikan peran dan fungsi sosial dan politik TNI seperti pada saat TNI menjadi tulang punggu pemerintahan Orde Baru, kata Koalisi Masyarakat Sipil dalam keterangan pers tertulisnya, Jumat (21/2/2025). SCROLL TO CONTINUE WITH CONTENT Koalisi menekankan perubahan tersebut dapat memperluas...",0.748354434967041
Apa saja tugas dan kewajiban Panglima TNI berdasarkan Pasal 15 UU No. 34 Tahun 2004?,"1. Inti Jawaban:
- Panglima TNI memiliki 12 tugas dan kewajiban utama, termasuk memimpin TNI, melaksanakan kebijakan pertahanan negara, menyelenggarakan strategi militer, dan memberikan pertimbangan kepada Menteri Pertahanan.
- Implikasi praktisnya mencakup tanggung jawab operasional, pengembangan doktrin, dan koordinasi dengan komponen pertahanan lainnya.

2. Rincian Analisis:
a. Isu Pokok: Identifikasi tugas dan kewajiban Panglima TNI.
b. Aturan & Unsur: Pasal 15 UU No. 34 Tahun 2004 mengatur 12 poin tugas Panglima, seperti memimpin TNI (Ayat 1), melaksanakan kebijakan pertahanan (Ayat 2), dan menggunakan komponen cadangan (Ayat 10).
c. Penerapan: Panglima harus memastikan TNI siap operasional, mengembangkan doktrin, dan berkoordinasi dengan Menteri Pertahanan untuk kebijakan strategis.

3. Disclaimer: Jawaban ini berdasarkan UU No. 34 Tahun 2004 dan tidak mencakup perubahan atau interpretasi lain.","A. Inti Jawaban: Panglima TNI memiliki 12 tugas dan kewajiban seperti memimpin TNI, melaksanakan kebijakan pertahanan, dan memberikan pertimbangan kepada Menpora. Implikasinya, Panglima menjadi pusat koordinasi operasional TNI. B. Rincian Analisis: 1. Isu Pokok: Ruang lingkup wewenang Panglima. 2. Aturan & Unsur: Pasal 15 ayat (1) UU No. 34/2004 mencantumkan 12 poin tugas. 3. Penerapan: Panglima harus memastikan semua tugas dilaksanakan sesuai ketentuan. C. Disclaimer: Interpretasi ini bersifat umum.","[web_article] . Peserta sidang menjawab setuju dan dengan demikian, UU yang mengatur perubahan UU Nomor 34 Tahun 2004 sah. Apa saja yang berubah dalam UU tersebut? Simak penjelasannya di bawah ini, yuk! DilihatdetikJogjadari dokumen UU Republik Indonesia Nomor 34 Tahun 2004 tentang TNI, tugas pokok TNI dibedakan menjadi 2 dalam pasal 7 ayat (2), yakni operasi militer untuk perang dan operasi militer selain perang. Untuk operasi militer selain perang, tugas TNI dirinci sebanyak 14 poin sebagaimana tertera dala...

---

[undang_undang] Pasal 15 Isi: Tugas dan kewajiban Panglima adalah: 1. memimpin TNI; 2. melaksanakan kebijakan pertahanan negara; 3. menyelenggarakan strategi militer dan melaksanakan operasi militer 4. mengembangkan doktrin TNI; 5. menyelenggarakan penggu naan kekuatan TNI bagi kepentingan operasi militer; 6. menyelenggarakan pembinaan kekuatan TNI serta memelihara kesiagaan operasional; 7. memberikan pertimbangan kepada Menteri Pertahanan dalam hal penetapan kebijakan pertahanan negara; 8. memberikan pertimban...

---

[legal_request] . Perencanaan dan penyusunan pembentukan UU Nomor 3 Tahun 2025 Tentang Perubahan atas UU Nomor 34 Tahun 2004 Tentang TNI (TNI), tidak sesuai dengan tata cara pembentukan peraturan perUUan, tanpa naskah akademik. 13. Bahwa dalam Pasal 43 ayat (3) UU No. 12 Tahun 2011 mengatur secara imperatif dan tegas: Rancangan UU yang berasal dari DPR, Presiden, atau DPD harus disertai Naskah Akademik. Adapun dalam Pasal 1 angka 11 UU No...

---

[academic_draft] . B. Materi Muatan RUU Materi muatan RUU memuat materi perubahan dalam Pasal 47 dan Pasal 53 UU TNI. Di samping itu, dimuat juga ketentuan mengenai tugas pemantauan dan peninjauan atas UU TNI ini oleh DPR melalui alat kelengkapan yang menangani bidang legislasi. Rumusan materi muatan perubahan Pasal 47, Pasal 53, dan tugas pemantauan dan peninjauan UU TNI sebagaimana dimuat dalam rancangan UU tentang perubahan atas UU TNI....

---

[academic_draft] . Berdasarkan hal tersebut, ada 3 (tiga) aspek yang terkait dengan masalah pertahanan negara, yaitu: keutuhan negara, kedaulatan negara, dan keselamatan negara. Ketentuan mengenai TNI lebih lanjut diatur dalam UU Nomor 34 Tahun 2004 tentang TNI (UU TNI). Sebelum dibentuk UU TNI, ketentuan mengenai TNI diatur dalam Ketetapan MPR Nomor VI/MPR/2000 tentang Pemisahan TNI dan Kepolisian Negara Republik Indonesia, dan Ketetapan MPR...",0.6788444519042969
Bagaimana mekanisme pengambilan keputusan politik yang melibatkan TNI menurut Pasal 5?,"1. Inti Jawaban:
- Keputusan politik untuk TNI diambil melalui mekanisme kerja sama antara pemerintah dan DPR.
- Implikasinya, TNI harus menunggu keputusan resmi dari otoritas politik sebelum bertindak.

2. Rincian Analisis:
a. Isu Pokok: Proses legitimasi operasi militer.
b. Aturan & Unsur: Penjelasan Pasal 5 menyebutkan mekanisme seperti rapat konsultasi dan rapat kerja antara pemerintah dan DPR.
c. Penerapan: Setiap operasi TNI harus didahului oleh proses politik yang melibatkan kedua lembaga tersebut sesuai peraturan perundang-undangan.

3. Disclaimer: Interpretasi hukum dapat berbeda tergantung konteks spesifik.","1. Inti Jawaban: Mekanisme pengambilan keputusan politik yang melibatkan TNI adalah melalui hubungan kerja antara pemerintah dan DPR.
2. Rincian Analisis:
    a. Isu Pokok: Prosedur pengambilan keputusan politik.
    b. Aturan & Unsur: Pasal 5 ayat (2) UU No. 34 Tahun 2004 menyatakan bahwa kebijakan dan keputusan politik negara tentang TNI ditentukan oleh pemerintah dan DPR.
    c. Penerapan: Proses ini mencakup rapat konsultasi dan rapat kerja antara pemerintah dan DPR.
3. Disclaimer: Jawaban ini merujuk pada UU No. 34 Tahun 2004 tanpa mempertimbangkan perubahan atau interpretasi lain.","[undang_undang] Pasal 5 Isi: TNI berperan sebagai alat negara di bidang pertahanan yang dalam menjalankan tugasnya berdasarkan kebijakan dan keputusan politik negara. Bagian Kedua Fungsi Penjelasan: Yang dimaksud dengan kebijakan dan keputusan politik negara adalah kebijakan politik pemerintah bersama-sama Dewan Perwakilan Rakyat yang dirumuskan melalui mekanisme hubungan kerja antara pemerintah dan Dewan Perwakilan Rakyat, seperti rapat konsultasi dan rapat kerja sesuai dengan peraturan perUUan....

---

[web_article] . Kemudian mereka mendesak DPR dan pemerintah untuk memastikan TNI tetap netral dan tidak terseret dalam dinamika politik praktis melalui mekanisme hukum yang lebih ketat dan membatasi keterlibatan TNI dalam urusan sipil sesuai amanat UU No. 34 Tahun 2004 agar tidak terjadi penyalahgunaan kekuasaan dan pelanggaran hak asasi manusia. Mendesak DPR untuk melibatkan publik, akademisi, dan masyarakat sipil dalam proses pembahasan revisi RUU TNI guna memastikan perubahan UU tetap sesuai dengan prinsip...

---

[web_article] . Kalau kebijakan dibuat terburu-buru, bagaimana memastikan hasilnya benar-benar baik bagi negara dan utamanya bagi TNI sendiri? ujar dia. Anies lalu mempertanyakan jaminan bahwa revisi UU TNI itu tak akan berdampak lain selain niat pembuat kebijakan. Dia juga menyinggung soal adanya tantangan meritokrasi dalam jenjang karier di tubuh TNI. Jika revisi ini bertujuan memperkuat TNI, kita harus pastikan ada rambu hukum yang jelas. Apa mekanisme pengamannya? Bagaimana memastikan bahwa perubahan ini ...",0.8365687727928162
Apa yang dimaksud Prajurit Wajib?,"1. Inti Jawaban:
- Warga negara yang diwajibkan berdinas di TNI.
- Implikasi: Sistem wajib militer.

2. Rincian Analisis:
a. Isu Pokok: Kewajiban bela negara.
b. Aturan & Unsur: Pasal 1 angka 16 UU No 34/2004 tentang wajib militer.
c. Penerapan: Diatur dalam peraturan tersendiri.

3. Disclaimer: Belum diterapkan di Indonesia.",A. Inti Jawaban: Prajurit Wajib adalah anggota TNI yang bertugas secara wajib. B. Rincian: Pasal 24 ayat (1) UU No. 34/2004 tentang TNI menyatakan bahwa Prajurit Wajib menjalani dinas keprajuritan berdasarkan ikatan dinas. C. Disclaimer: Informasi ini untuk edukasi.,"[undang_undang] Pasal 60 Isi: (1) Dalam menghadapi keadaan darurat militer dan keadaan perang, setiap Prajurit Sukarela dan Prajurit Wajib yang telah berakhir menjalani dinas keprajuritan dapat diwajibkan aktif kembali (2) Kewajiban sebagaimana dimaksud pada ayat (1) diatur dengan UU....

---

[undang_undang] Pasal 24 Isi: (1) Prajurit Wajib menjalani dinas keprajuritan berdasarkan ikatan dinas. (2) Ketentuan sebagaimana dimaksud pada ayat (1), diatur lebih lanjut dalam UU....

---

[undang_undang] Pasal 61 Isi: (1) Prajurit yang diberhentikan dengan hormat dari dinas keprajuritan berhak memakai tanda jasa kenegaraan yang dimilikinya pada waktu menghadiri upacara nasional atau kemiliteran sesuai yang diperolehnya pada saat masih berdinas aktif. (2) Pelaksanaan ketentuan sebagaimana dimaksud pada ayat (1) diatur dengan keputusan Presiden....

---

[undang_undang] Pasal 58 Isi: (1) Prajurit yang dalam melaksanakan tugas tidak kembali bergabung dengan kesatuannya sebagai akibat dari atau diduga diakibatkan oleh tindakan musuh atau di luar kekuasaannya, dinyatakan hilang dalam tugas, wajib terus dicari. (2) Prajurit sebagaimana dimaksud pada ayat (1) apabila setelah 1 (satu) tahun tidak ada kepastian atas dirinya, diberhentikan dengan hormat dan kepada ahli warisnya diberikan hak sebagaimana hak prajurit yang gugur sesuai dengan peraturan perUUan. (3) Praju...

---

[undang_undang] Pasal 38 Isi: (1) Prajurit dalam menjalankan tugas dan kewajibannya, berpedoman pada Kode Etik Prajurit dan Kode Etik Perwira. (2) Ketentuan kode etik sebagaimana dimaksud pada ayat (1) diatur lebih lanjut dengan keputusan Panglima. Penjelasan: Ayat (1) Yang dimaksud dengan Kode Etik Prajurit antara lain Sapta Marga dan Delapan Wajib TNI, sedangkan Kode Etik Perwira adalah Budhi Bhakti Wira Utama. Ayat (2) Cukup jelas....

---

[undang_undang] Pasal 25 Isi: (1) Prajurit adalah insan prajurit yang: a. beriman dan bertakwa kepada Tuhan Yang Maha Esa; b. setia kepada Negara Kesatuan Republik Indonesia yang berdasarkan Pancasila dan UU Dasar Negara Republik Indonesia Tahun 1945; c. bermoral dan tunduk pada hukum serta peraturan perUUan; d. berdisiplin serta taat kepada atasan; dan e. bertanggung jawab dan melaksanakan kewajibannya sebagai tentara. (2) Prajurit sebagaimana dimaksud pada ayat (1), diwajibkan mengucapkan Sumpah Prajurit. Pen...",0.533977746963501
"Apakah ada peraturan turunan yang mengatur pengangkatan perwira, bintara, dan tamtama dalam TNI?","1. Inti Jawaban: Ya, ketentuan lebih lanjut diatur dengan Peraturan Pemerintah. Implikasi praktisnya adalah detail prosedur pengangkatan diatur dalam peraturan yang lebih spesifik. 2. Rincian Analisis: a. Isu Pokok: Regulasi turunan untuk pengangkatan personel TNI. b. Aturan & Unsur: Pasal 33 ayat (3) UU No. 34 Tahun 2004 menyatakan bahwa pengangkatan perwira, bintara, dan tamtama diatur lebih lanjut dengan Peraturan Pemerintah. c. Penerapan: Ini memastikan fleksibilitas dan penyesuaian aturan sesuai kebutuhan. 3. Disclaimer: Informasi ini berdasarkan UU No. 34 Tahun 2004 tanpa perubahan.","1. Inti Jawaban:
   a. Ya, dalam Pasal 47 ayat (2) UU TNI.
   b. Implikasi: Prajurit aktif dapat menduduki jabatan tertentu.
2. Rincian Analisis:
   a. Isu Pokok: Keberadaan aturan turunan.
   b. Aturan & Unsur: Pasal 47 ayat (2) UU TNI mencantumkan jabatan yang boleh diisi prajurit aktif.
   c. Penerapan: Aturan ini menjadi dasar hukum pengangkatan.
3. Disclaimer: Informasi ini bersifat umum.","[academic_draft] 8 Nomor VII/MPR/2000 tentang Peran TNI dan Peran Kepolisian Negara Republik Indonesia. Di dalam UU TNI diatur mengenai peran TNI selain melakukan pertahanan negara. Pasal 47 ayat (2) UU TNI mengatur bahwa prajurit aktif dapat menduduki jabatan pada kantor yang membidangi koordinator bidang politik dan keamanan negara, sekretaris militer Presiden, intelijen negara, sandi negara, lembaga ketahanan nasional, dewan pertahanan nasional, search and rescue (sar) nasional, narkotika nasional, dan mahkam...

---

[academic_draft] . Hal-hal yang terkait dengan sistem pertahanan dan keamanan negara, termasuk susunan dan kedudukan TNI diatur dengan UU. Ketentuan ini merupakan materi muatan delegasi yang harus diatur dengan UU TNI, termasuk ketentuan mengenai keterlibatan prajurit aktif TNI pada kementerian/lembaga lain serta penambahan usia masa dinas prajurit TNI. B. Ketetapan MPR Ketetapan Majelis Permusyawaratan Rakyat Nomor VI/MPR/2000 tentang Pemisahan TNI dan Kepolisian Negara Republik Indonesia, serta Ketetapan Majel...

---

[academic_draft] 26 BAB V JANGKAUAN, ARAH PENGATURAN, DAN RUANG LINGKUP MATERI MUATAN RANCANGAN UNDANG-UNDANG A. Jangkauan dan Arah Pengaturan Jangkauan dan arah pengaturan perubahan UU TNI terbatas pada peran prajurit aktif TNI pada kementerian/ lembaga lain sesuai kebutuhan institusi dimaksud dan kebijakan Presiden. Di samping itu, perubahan UU TNI juga mengatur mengenai batasan usia masa dinas bagi prajutir TNI sesuai dengan kebutuhan dan mensikronkan dengan berbagai ketentuan peraturan perUUan yang ada, baik...

---

[web_article] . Menhan sebelumnya mengungkap usulan perubahan pasal pada revisi UU tentang TNI. Pihaknya ingin ada aturan yang memperjelas batasan dan mekanisme pelibatan TNI di jabatan non militer. Perubahan UU TNI diajukan oleh pihak DPR RI diperlukan untuk memberikan landasan hukum yang lebih jelas terhadap peran TNI, ada tugas lain selain perang tanpa melanggar prinsip demokrasi dan supremasi sipil, ujar Sjafrie dalam rapat. Ia menyebut ada empat fokus yang ditekankan oleh pihaknya. Salah satunya, terkait...",0.704782247543335
Bagaimana Pasal 41 mendukung reformasi TNI?,"1. Inti Jawaban:
- Dengan menjamin pengembangan SDM yang profesional dan modern.
- Implikasi praktisnya adalah TNI dapat beradaptasi dengan tantangan baru.

2. Rincian Analisis:
a. Isu Pokok: Peran Pasal 41 dalam reformasi.
b. Aturan & Unsur: Pasal 41 UU No. 34 Tahun 2004 selaras dengan prinsip reformasi TNI.
c. Penerapan: Pendidikan dan penugasan mendukung transparansi dan akuntabilitas.

3. Disclaimer: Reformasi adalah proses multi-aspek.","1. Inti Jawaban:
    a. Pasal 41 memberikan dasar hukum bagi reformasi TNI melalui pembatasan jabatan sipil dan penegakan disiplin.
    b. Implikasi: Ini mencegah korupsi dan meningkatkan akuntabilitas TNI.
2. Rincian Analisis:
    a. Isu Pokok: Dukungan hukum reformasi TNI.
    b. Aturan & Unsur: Pembatasan jabatan sipil dan penegakan disiplin adalah elemen reformasi.
    c. Penerapan: Pasal ini memastikan TNI tetap profesional dan fokus pada misinya.
3. Disclaimer: Interpretasi ini bersifat umum.","[web_article] . SCROLL TO CONTINUE WITH CONTENT Selain itu, dia menegaskan UU TNI ini sebagai upaya memperkuat reformasi TNI. Dia berharap, dengan aturan ini, anggota TNI tetap profesional dan fokus terhadap tugas pokoknya dalam pertahanan negara. Kita ingin memastikan bahwa aturan ini berjalan dengan baik dan semua pihak menjalankan tugasnya sesuai dengan ketentuan yang berlaku, katanya. Sebagai informasi, DPR telah mengesahkan revisi UU tentang Perubahan atas UU Nomor 34 Tahun 2004 tentang TNI atau RUU TNI ...

---

[web_article] . 34 Tahun 2004 tentang TNI (UU TNI). Berdasarkan Rancangan Revisi UU TNI 2024 yang diperoleh oleh Koalisi Masyarakat Sipil untuk Reformasi Sektor Keamanan (Koalisi RSK) terdapat beberapa perubahan yang akan mengembalikan peran dan fungsi sosial dan politik TNI seperti pada saat TNI menjadi tulang punggu pemerintahan Orde Baru, kata Koalisi Masyarakat Sipil dalam keterangan pers tertulisnya, Jumat (21/2/2025). SCROLL TO CONTINUE WITH CONTENT Koalisi menekankan perubahan tersebut dapat memperluas...

---

[web_article] . Pemohon mengatakan pengajuan permohonan uji materiil Pasal 47 ayat 2 UU TNI bertujuan agar pasal tersebut tidak ditafsirkan secara serampangan. Selain itu, menurutnya perlu ada batasan yang jelas dalam pasal tersebut. Hal mana berlakunya ketentuana quotelah terjadi penyalahgunaan kekuasaan oleh penguasa pemerintah. Penguasa pemerintahan negara yang saat ini menjabat dan telah mengangkat prajurit TNI pada jabatan-jabatan strategis yang hanya ditunjukkan untuk kepentingan pribadi, tanpa memperha...",0.7166239619255066
Bagaimana jika ahli waris prajurit TNI yang gugur tidak mengetahui hak mereka?,"1. Inti Jawaban: Jika ahli waris prajurit TNI yang gugur tidak mengetahui hak mereka, mereka berpotensi kehilangan manfaat yang dijamin Pasal 56 UU No. 34 Tahun 2004. Implikasi praktisnya adalah pentingnya sosialisasi oleh institusi terkait. 2. Rincian Analisis: a. Isu Pokok: Kesadaran hukum ahli waris. b. Aturan & Unsur: Pasal 56 tidak mengatur mekanisme sosialisasi. c. Penerapan: TNI perlu proaktif menginformasikan hak ini. 3. Disclaimer: Tanggung jawab sosialisasi mungkin dibagi.","1. Inti Jawaban:
    - Ahli waris dapat mengajukan klaim melalui jalur resmi.
2. Rincian Analisis:
    a. Prosedur: Klaim harus didokumentasikan oleh keluarga.
    b. Risiko: Tanpa bukti, klaim bisa ditolak.
3. Disclaimer: Informasi ini hanya untuk edukasi.","[web_article] . Kedua, UU KPU setiap prajurit TNI yang akan mencalonkan diri sebagai anggota legislatif atau kepala daerah harus mundur total, itu harus kita jaga supaya tidak ada hubungan antara struktur tentara dan prajurit yang ada di tempat lain, lanjutnya. Simak juga Saat DPR Terima Surpres RUU TNI, Polri, Imigrasi, dan Kementerian Negara: [Gambas:Video 20detik] Isi: nan...

---

[web_article] . Rapatnya tertutup dan meskipun mereka mengeklaim terbuka, tapi tidak diumumkan, jelasnya. Selain itu, massa aksi menilai ada indikasi meningkatnya peran militer dalam ranah sipil yang berpotensi mengancam kebebasan masyarakat serta meningkatkan represifitas aparat. Jika RUU ini disahkan, netralitas TNI akan terganggu. TNI tidak lagi fokus pada pertahanan negara, dan ada indikasi meningkatnya represifitas aparat terhadap masyarakat. Kami khawatir ini menjadi versi baru dari Orde Baru, tegas Tom...

---

[web_article] . Hal itu akan terjadi jika prajurit TNI tersandung kasus saat melaksanakan jabatan sipil. Jika prajurit TNI tersandung kasus tindak pidana atau administrasi dalam jabatan a quo, apakah tunduk pada hukum acara peradilan militer atau hukum acara sipil atau pidana, ujar pemohon. Dengan demikian menurut penalaran yang wajar jawaban dari pertanyaan a quo hanyalah ketidakpastian hukum. Hal mana telah terbukti secara empiris dengan adanya perdebatan antara KPK dan Mahkamah Militer dalam menangani perk...

---

[undang_undang] Pasal 44 Isi: (1) Prajurit yang mendapat tugas dengan pertaruhan jiwa raga secara langsung dan berjasa melampaui panggilan tugas dapat dianugerahi kenaikan pangkat luar biasa. (2) Ketentuan sebagaimana dimaksud pada ayat (1) diatur dengan Peraturan Pemerintah. Penjelasan: Ayat (1) Yang dimaksud dengan melampaui panggilan tugas adalah bahwa seseorang prajurit TNI tanpa memperdulikan keselamatan jiwanya melakukan tindakan kepahlawanan dalam suatu tugas demi bangsa dan negara, walaupun tindakan itu...",0.6427714824676514
Apa peran Panglima TNI dalam pemenuhan kebutuhan TNI?,"1. Inti Jawaban:
- Panglima memberikan pertimbangan kepada Menteri Pertahanan terkait kebutuhan TNI.
- Implikasi praktisnya mencakup perencanaan alokasi anggaran dan logistik.

2. Rincian Analisis:
a. Isu Pokok: Peran Panglima dalam pemenuhan kebutuhan TNI.
b. Aturan & Unsur: Pasal 15 Ayat 8 UU No. 34 Tahun 2004.
c. Penerapan: Panglima menyampaikan kebutuhan operasional untuk dipertimbangkan dalam kebijakan.

3. Disclaimer: Jawaban berdasarkan UU No. 34 Tahun 2004 tanpa membahas mekanisme anggaran.","A. Inti Jawaban: Panglima TNI bertanggung jawab atas pembinaan kekuatan TNI. B. Rincian: 1. Isu Pokok: Tanggung jawab Panglima TNI. 2. Aturan & Unsur: a. Pasal 3 ayat (2) menyatakan Panglima TNI bertanggung jawab atas pembinaan kekuatan TNI. b. Pembinaan mencakup pendidikan, latihan, penyiapan kekuatan, dan doktrin militer. C. Disclaimer: Penjelasan ini bersifat umum.","[analysis_report] . Bagi TNI, apapun tugas yang menyangkut persoalan bangsa merupakan panggilan tugas pengabdian dengan tulus dan ikhlas sehingga kepercayaan rakyat kepada TNI akan semakin tinggi. Terlebih lagi, bila TNI mampu membuktikan diri dalam melaksanakan tugas negara dengan baik dan mewujudkan kepentingan masyarakat banyak yang tidak bisa dinilai oleh rupiah. Tentunya kepercayaan itu harus kita bangun dan jaga dengan baik, sebagaimana kesetiaan TNI dalam menjaga keutuhan bangsa dan negara. Terlebih, berba...

---

[academic_draft] 8 Nomor VII/MPR/2000 tentang Peran TNI dan Peran Kepolisian Negara Republik Indonesia. Di dalam UU TNI diatur mengenai peran TNI selain melakukan pertahanan negara. Pasal 47 ayat (2) UU TNI mengatur bahwa prajurit aktif dapat menduduki jabatan pada kantor yang membidangi koordinator bidang politik dan keamanan negara, sekretaris militer Presiden, intelijen negara, sandi negara, lembaga ketahanan nasional, dewan pertahanan nasional, search and rescue (sar) nasional, narkotika nasional, dan mahkam...

---

[undang_undang] Pasal 3 Isi: (1) Dalam pengerahan dan penggu naan kekuatan militer, TNI berkedudukan di bawah Presiden. (2) Dalam kebijakan dan strategi pertahanan serta dukungan administrasi, TNI di bawah koordinasi Departemen Pertahanan. Penjelasan: Ayat (1) Yang dimaksud berkedudukan di bawah Presiden adalah bahwa keberadaan TNI di bawah kekuasaan Presiden. Ayat (2) Yang dimaksud dengan di bawah koordinasi Departemen Pertahanan adalah segala sesuatu yang berkaitan dengan perencanaan strategis yang meliputi a...

---

[analysis_report] 47 EDISI KHUSUS 2019 tugas pemerintah (pusat dan daerah). Disamping itu TNI juga ikut memberdayakan dan membantu kesulitan serta meningkatkan kesejahteraan rakyat, melalui berbagai program pembinaan teritorial dan serbuan teritorial, seperti program TMMD, membantu mewujudkan ketahanan pangan, pengobatan massal, KB Manunggal Kesehatan, TNI Manunggal Buta Aksara, dan berbagai peran lainnya seperti keterlibatan TNI dalam penanggulangan terorisme/ radikalisme, partisipasi dalam misi perdamaian dunia...

---

[academic_draft] . Jadi penempatan prajurit aktif TNI pada kementerian/ lembaga lain selain atas permintaan juga dalam rangka meringankan beban kebutuhan sumber daya manusia di kementerian/lembaga lain. Kebijakan ini pada aspek beban keuangan negara juga dapat meringkankan beban TNI. Di samping itu, dengan adanya distribusi potensi sumber daya manusia dari TNI kepada kementerian/lembaga lain, TNI secara internal juga dapat menata organisasinya secara optimal. Implikasi penerapan sistem baru terkait perubahan dan...

---

[web_article] . Anies kemudian mempertanyakan jaminan bahwa revisi UU TNI itu tak akan berdampak selain yang diniatkan pembuat kebijakan. Dia juga menyinggung di tubuh TNI masih ada tantangan tersendiri, yakni meritokrasi dalam jenjang karier. Jika revisi ini bertujuan memperkuat TNI, kita harus pastikan ada rambu hukum yang jelas. Apa mekanisme pengamannya? Bagaimana memastikan bahwa perubahan ini tidak akan membawa dampak di luar niat awal pembuat kebijakan? Selain itu, apakah revisi ini menyelesaikan masal...",0.6715443134307861
Apa yang menjadi dasar hukum pemberhentian tidak hormat prajurit TNI?,"1. Inti Jawaban:
- Dasar hukum pemberhentian tidak hormat prajurit TNI diatur dalam Pasal 62 UU No. 34 Tahun 2004 tentang TNI.
- Implikasi praktisnya adalah prajurit dapat diberhentikan jika memiliki tabiat atau perbuatan yang merugikan disiplin keprajuritan atau TNI.

2. Rincian Analisis:
a. Isu Pokok: Pemberhentian tidak hormat prajurit TNI karena pelanggaran disiplin.
b. Aturan & Unsur: Pasal 62 ayat (1) menyatakan prajurit dapat diberhentikan tidak hormat jika memiliki tabiat atau perbuatan yang nyata-nyata merugikan disiplin keprajuritan atau TNI. Ayat (2) menambahkan bahwa untuk perwira, pemberhentian harus mempertimbangkan pendapat Dewan Kehormatan Perwira.
c. Penerapan: Aturan ini berlaku ketika ada bukti konkret bahwa prajurit telah melakukan pelanggaran serius terhadap disiplin atau etika keprajuritan.

3. Disclaimer: Penjelasan ini bersifat umum dan tidak menggantikan konsultasi hukum dengan ahli.","A. Dasar hukumnya adalah Pasal 62 ayat (1) UU No. 34 Tahun 2004 tentang TNI. B. Implikasinya adalah prajurit harus memiliki tabiat atau perbuatan yang merugikan disiplin keprajuritan. C. Pembatasannya adalah hanya untuk kasus tertentu seperti korupsi atau pelanggaran disiplin.
Penjelasan:A. Dasar hukum ini jelas menyebutkan alasan pemberhentian tidak hormat. B. Implikasi praktisnya adalah perlunya bukti kuat untuk pemberhentian tersebut. C. Pembatasan ini penting agar tidak ada penyalahgunaan hak pemberhentian.","[web_article] . Hal itu akan terjadi jika prajurit TNI tersandung kasus saat melaksanakan jabatan sipil. Jika prajurit TNI tersandung kasus tindak pidana atau administrasi dalam jabatan a quo, apakah tunduk pada hukum acara peradilan militer atau hukum acara sipil atau pidana, ujar pemohon. Dengan demikian menurut penalaran yang wajar jawaban dari pertanyaan a quo hanyalah ketidakpastian hukum. Hal mana telah terbukti secara empiris dengan adanya perdebatan antara KPK dan Mahkamah Militer dalam menangani perk...

---

[undang_undang] Pasal 62 Isi: (1) Prajurit diberhentikan dengan tidak hormat karena mempunyai tabiat dan/atau perbuatan yang nyata-nyata dapat merugikan disiplin keprajuritan atau TNI. (2) Pemberhentian sebagaimana dimaksud pada ayat (1) terhadap perwira dilaksanakan setelah mempertimbangkan pendapat Dewan Kehormatan Perwira. (3) Ketentuan sebagaimana dimaksud pada ayat (1) dan (2) diatur lebih lanjut dengan Peraturan Pemerintah....

---

[web_article] . Oleh karena itu, Pasal 47 ayat (2) UU TNI berpotensi bertentangan dengan Pasal 1 ayat (3) UUD NRI 1945 karena tidak sepenuhnya mencerminkan prinsip negara hukum yang menuntut adanya kepastian hukum, keadilan, dan supremasi sipil dalam setiap aspek penyelenggaraan negara, paparnya. Sebagai bentuk pencegahan terhadap dwifungsi militer dalam menduduki jabatan sipil sehingga pasal 47 ayat 2 UU TNI sudah seharusnya memperhatikan batasana quo, sesuai dengan huruf d TAP MPR Nomor 6 Tahun 2000, imbuhn...",0.7009645700454712
Apa syarat menjadi perwira cadangan setelah pensiun?,"1. Inti Jawaban:
- Memenuhi persyaratan yang ditetapkan (belum dijelaskan detail).
- Implikasi: Penyediaan SDM cadangan terlatih.

2. Rincian Analisis:
a. Isu Pokok: Rekrutmen komponen cadangan.
b. Aturan & Unsur:
- Pasal 53 ayat (6): Harus memenuhi syarat + untuk mobilisasi.
c. Penerapan: Kemungkinan syarat kesehatan, keahlian, dan tidak terlibat pelanggaran.

3. Disclaimer: Prosedur diatur lebih lanjut dalam Peraturan Pemerintah.","A. Syaratnya adalah pensiun dari dinas aktif keprajuritan, seperti diatur dalam Pasal 47 ayat (1) huruf e UU No. 34/2004 tentang TNI. B. Implikasi praktisnya adalah prajurit harus memenuhi syarat pensiun untuk mengambil jabatan sipil. C. Penjelasan lebih lanjut dapat merujuk pada penjelasan Pasal 47 ayat (1) huruf e UU No. 34/2004.","[web_article] . Setelah perubahan, batas usia pensiun prajurit menjadi berikut. Isi: nan...

---

[web_article] . Setelah mereka pensiun, maka baru bisa menduduki jabatan apa saja, karena statusnya sama dengan orang sipil, tegasnya. Ia juga mengkritisi ketidakpastian dalam usia pensiun prajurit TNI, yang dinilai bergantung pada keputusan pejabat berwenang. Terkait usia pensiun, tidak memberikan kepastian, karena tergantung dari pejabat yang berwenang memperpanjang atau tidak, dan hal ini bisa terjadi suka dan tidak suka. Suka ya diperpanjang, tidak suka ya pensiun, terangnya. John menegaskan bahwa kebijak...

---

[web_article] . Waketum PKB itu mengatakan dalam Pasal 47 UU TNI jelas disebutkan bahwa prajurit hanya dapat menduduki jabatan sipil setelah mengundurkan diri atau pensiun dari dinas aktif keprajuritan. SCROLL TO CONTINUE WITH CONTENT Apakah yang sekarang sudah mengundurkan diri atau pensiun dari dinas aktif keprajuritan? Mari kita koreksi bersama, kata Jazilul. Jazilul heran ketika aturan pasal tersebut tidak dijalankan oleh prajurit, Panglima TNI dan Menteri Pertahanan (Menhan) hanya mengimbau, tidak ada ti...",0.7009680867195129
Siapa yang berwenang mengatur pelaksanaan pendidikan bintara?,"1. Inti Jawaban:
- Panglima TNI memiliki kewenangan untuk mengatur lebih lanjut pelaksanaan pendidikan bintara (Pasal 31 ayat 2 UU No. 34 Tahun 2004).
- Implikasi praktis: Panglima dapat menetapkan standar kurikulum, durasi, dan persyaratan pendidikan.

2. Rincian Analisis:
a. Isu Pokok: Otoritas pengaturan pendidikan bintara.
b. Aturan & Unsur: Pasal 31 ayat (2) memberikan kewenangan regulasi kepada Panglima sebagai pimpinan tertinggi TNI.
c. Penerapan: Kewenangan ini memungkinkan penyesuaian sistem pendidikan sesuai kebutuhan organisasi militer dan perkembangan zaman.

3. Disclaimer: Ketentuan pelaksanaan bersifat dinamis dan dapat berubah sesuai keputusan Panglima.",1. Inti Jawaban: Panglima TNI berwenang mengatur pelaksanaan pendidikan bintara. 2. Rincian Analisis: a. Isu Pokok: Kewenangan pengaturan pendidikan bintara. b. Aturan & Unsur: Pasal 31 ayat (2) menyatakan bahwa pelaksanaan pendidikan bintara diatur lebih lanjut dengan keputusan Panglima. c. Penerapan: Hal ini memberikan kewenangan eksklusif kepada Panglima untuk menetapkan rincian pelaksanaan. 3. Disclaimer: Penafsiran dapat bervariasi tergantung konteks.,"[undang_undang] Pasal 31 Isi: (1) Bintara dibentuk melalui: a. pendidikan pertama bintara yang berasal langsung dari masyarakat; atau b. pendidikan pembentukan bintara yang berasal dari prajurit golongan tamtama. (2) Pendidikan bintara sebagaimana dimaksud pada ayat (1), diatur lebih lanjut dengan keputusan Panglima....

---

[undang_undang] Pasal 29 Isi: (1) Pendidikan untuk pengangk atan prajurit terdiri atas pendidikan perwira, bintara, dan tamtama. (2) Pelaksanaan pendidikan sebagaimana dimaksud pada ayat (1) diatur lebih lanjut dengan keputusan Panglima....

---

[undang_undang] Pasal 30 Isi: (1) Perwira dibentuk melalui: a. pendidikan pertama perwira bagi yang berasal langsung dari masyarakat: 1. Akademi TNI, dengan masukan dari Sekolah Lanjutan Tingkat Atas; dan 2. Sekolah Perwira, dengan masukan dari Sekolah Lanjutan Tingkat Atas atau Perguruan Tinggi. b. pendidikan pembentukan perwira yang berasal dari prajurit golongan bintara. (2) Pendidikan perwira sebagaimana dimaksud pada ayat (1) diatur lebih lanjut dengan keputusan Panglima....

---

[web_article] . Adapun aturan di dalamnya berisi penugasan prajurit di lingkungan kejaksaan hingga bantuan personel TNI. Kemudian juga, ada nota kesepahaman TNI dengan Kejaksaan Nomor 4 Tahun 2023 yang isinya yaitu tentang pendidikan dan latihan, kemudian pertukaran informasi, kemudian penugasan prajurit TNI di lingkungan kejaksaan, ujar Agus. Kemudian dukungan kepada TNI di bidang Perdata dan TU, kemudian pemanfaatan sarana-prasarana, dan koordinasi teknis penyelidikan dan penuntutan serta penanganan perkara...

---

[undang_undang] Pasal 41 Isi: (1) Setiap prajurit memperoleh kesempatan untuk mengembangkan kemampuannya melalui pendidikan dan penugasan, dengan mempertimbangkan kepentingan TNI serta memenuhi persyaratan yang ditentukan. (2) Ketentuan sebagaimana dimaksud pada ayat (1) diatur dengan keputusan Panglima....",0.7321937680244446
Apakah pengerahan TNI dalam keadaan memaksa memerlukan dekrit atau keputusan tertulis dari Presiden?,"1. Inti Jawaban:
- UU tidak secara eksplisit mensyaratkan bentuk keputusan, tetapi praktiknya memerlukan dasar hukum tertulis.
- Implikasi praktisnya adalah keputusan Presiden harus terdokumentasi untuk akuntabilitas.

2. Rincian Analisis:
a. Isu Pokok: Bentuk hukum keputusan pengerahan TNI.
b. Aturan & Unsur: Pasal 18 ayat (1) UU No. 34 Tahun 2004 tidak merinci format keputusan.
c. Penerapan: Keputusan dapat berupa instruksi presiden, surat keputusan, atau bentuk hukum lainnya.

3. Disclaimer: Ketentuan lebih lanjut mungkin diatur dalam peraturan pelaksana atau praktik pemerintah.","(a) Berdasarkan Pasal 18 ayat (1) UU No. 34 Tahun 2004, pengerahan TNI dalam keadaan memaksa dilakukan melalui keputusan Presiden. (b) Implikasinya, keputusan tersebut harus jelas dan sah secara hukum. (c) Disclaimer: Penjelasan ini tidak menggantikan konsultasi hukum formal.","[undang_undang] Pasal 18 Isi: (1) Dalam keadaan memaksa untuk menghadapi ancaman militer dan/atau ancaman bersenjata, Presiden dapat langsung mengerahkan kekuatan TNI. (2) Dalam hal pengerahan langsung kekuatan TNI sebagaimana dimaksud pada ayat (1), dalam waktu 2 X 24 jam terhitung sejak dikeluarkannya keputusan pengerahan kekuatan, Presiden harus melaporkan kepada Dewan Perwakilan Rakyat. (3) Dalam hal Dewan Perwakilan Rakyat tidak menyetujui pengerahan sebagaimana dimaksud pada ayat (1) dan ayat (2), Preside...

---

[legal_request] . Ketiga, keberadaan Surat Presiden itu pun janggal, karena isinya adalah penunjukan wakil Pemerintah untuk membahas RUU Revisi UU TNI, yang pada surat itu dikeluarkan, 13 Februari 2025, belum ada keputusan resmi DPR untuk menjadikan RUU Revisi UU TNI masuk dalam Prolegnas 2025 atau diagendakan untuk dibahas. Seharusnya Surat Presiden penunjukan perwakilan pemerintah untuk membahas suatu RUU dikirimkan setelah ada keputusan DPR terkait kepastian pembahasan, atau bahkan ada surat resmi terlebih d...

---

[web_article] . Pemohon mengatakan pengajuan permohonan uji materiil Pasal 47 ayat 2 UU TNI bertujuan agar pasal tersebut tidak ditafsirkan secara serampangan. Selain itu, menurutnya perlu ada batasan yang jelas dalam pasal tersebut. Hal mana berlakunya ketentuana quotelah terjadi penyalahgunaan kekuasaan oleh penguasa pemerintah. Penguasa pemerintahan negara yang saat ini menjabat dan telah mengangkat prajurit TNI pada jabatan-jabatan strategis yang hanya ditunjukkan untuk kepentingan pribadi, tanpa memperha...",0.6905105113983154
Apa peran Panglima TNI dalam pengembangan doktrin TNI berdasarkan Pasal 15?,"1. Inti Jawaban:
- Panglima TNI bertugas mengembangkan doktrin TNI untuk menyesuaikan dengan kebutuhan pertahanan.
- Implikasi praktisnya mencakup pembaruan taktik, prosedur, dan pelatihan sesuai perkembangan ancaman.

2. Rincian Analisis:
a. Isu Pokok: Pengembangan doktrin TNI oleh Panglima.
b. Aturan & Unsur: Pasal 15 Ayat 4 UU No. 34 Tahun 2004 mewajibkan Panglima mengembangkan doktrin TNI.
c. Penerapan: Panglima harus memastikan doktrin relevan dengan operasi militer dan integrasi komponen pertahanan.

3. Disclaimer: Jawaban berdasarkan Pasal 15 UU No. 34 Tahun 2004 tanpa analisis luar.",A. Pasal 15 tidak secara eksplisit menyebutkan peran Panglima dalam pengembangan doktrin TNI. B. Implikasinya adalah bahwa Panglima TNI memiliki tanggung jawab untuk membimbing pengembangan doktrin militer. C. Informasi lebih lanjut dapat diperoleh dari peraturan pelaksanaan.,"[undang_undang] Pasal 3 Isi: (1) Dalam pengerahan dan penggu naan kekuatan militer, TNI berkedudukan di bawah Presiden. (2) Dalam kebijakan dan strategi pertahanan serta dukungan administrasi, TNI di bawah koordinasi Departemen Pertahanan. Penjelasan: Ayat (1) Yang dimaksud berkedudukan di bawah Presiden adalah bahwa keberadaan TNI di bawah kekuasaan Presiden. Ayat (2) Yang dimaksud dengan di bawah koordinasi Departemen Pertahanan adalah segala sesuatu yang berkaitan dengan perencanaan strategis yang meliputi a...

---

[undang_undang] Pasal 11 Isi: (1) Postur TNI dibangun dan dipersiapkan sebagai bagian dari postur pertahanan negara untuk mengatasi setiap ancaman militer dan ancaman bersenjata. (2) Postur TNI sebagaimana dimaksud pada ayat (1) dibangun dan dipersiapkan sesuai dengan kebijakan pertahanan negara. Bagian Kedua Organisasi Penjelasan: Ayat (1) Yang dimaksud dengan postur pertahanan negara adalah wujud penampilan kekuatan pertahanan negara yang tercermin dari keterpaduan kekuatan, kemampuan dan penggelaran sumber d...

---

[academic_draft] 8 Nomor VII/MPR/2000 tentang Peran TNI dan Peran Kepolisian Negara Republik Indonesia. Di dalam UU TNI diatur mengenai peran TNI selain melakukan pertahanan negara. Pasal 47 ayat (2) UU TNI mengatur bahwa prajurit aktif dapat menduduki jabatan pada kantor yang membidangi koordinator bidang politik dan keamanan negara, sekretaris militer Presiden, intelijen negara, sandi negara, lembaga ketahanan nasional, dewan pertahanan nasional, search and rescue (sar) nasional, narkotika nasional, dan mahkam...

---

[web_article] . Menhan sebelumnya mengungkap usulan perubahan pasal pada revisi UU tentang TNI. Pihaknya ingin ada aturan yang memperjelas batasan dan mekanisme pelibatan TNI di jabatan non militer. Perubahan UU TNI diajukan oleh pihak DPR RI diperlukan untuk memberikan landasan hukum yang lebih jelas terhadap peran TNI, ada tugas lain selain perang tanpa melanggar prinsip demokrasi dan supremasi sipil, ujar Sjafrie dalam rapat. Ia menyebut ada empat fokus yang ditekankan oleh pihaknya. Salah satunya, terkait...

---

[undang_undang] Pasal 6 Isi: (1) TNI, sebagai alat pertahanan negara, berfungsi sebagai: a. penangkal terhadap setiap bentuk ancaman militer dan ancaman bersenjata dari luar dan dalam negeri terhadap kedaulatan, keutuhan wilayah, dan keselamatan bangsa; b. penindak terhadap setiap bentuk ancaman sebagaimana dimaksud pada ayat (1) huruf a; dan c. pemulih terhadap kondisi keamanan negara yang terganggu akibat kekacauan keamanan. (2) Dalam melaksanakan fungsi sebagaimana dimaksud pada ayat (1), TNI merupakan kompo...",0.6525993347167969
Apa saja komponen rawatan dan layanan purnadinas yang diterima prajurit?,"1. Inti Jawaban: Komponen rawatan dan layanan purnadinas meliputi pensiun, tunjangan bersifat pensiun, tunjangan/pesangon, dan rawatan kesehatan. Implikasi praktisnya adalah paket manfaat yang disesuaikan dengan masa dinas. 2. Rincian Analisis: a. Isu Pokok: Jenis manfaat purnadinas. b. Aturan & Unsur: Pasal 51 ayat (2) UU No. 34 Tahun 2004 merinci pensiun (20+ tahun), tunjangan pensiun (15-20 tahun atau 10-15 tahun dengan batas usia), tunjangan (5-15 tahun), dan pesangon (<5 tahun). c. Penerapan: Setiap prajurit menerima sesuai kriteria masa dinas. 3. Disclaimer: Detail teknis diatur dalam Peraturan Pemerintah.","1. Inti Jawaban:
   a. Jawaban: Prajurit menerima rawatan dan layanan kedinasan seperti penghasilan layak, tunjangan keluarga, perumahan, rawatan kesehatan, dll.
   b. Implikasi: Ini menjamin kesejahteraan prajurit setelah pensiun.
2. Rincian Analisis:
   a. Isu Pokok: Hak-hak purnadinas prajurit.
   b. Aturan & Unsur: Pasal 50 ayat (2) dan (4) UU No. 34 Tahun 2004 menyebutkan jenis-jenis rawatan kedinasan.
   c. Penerapan: Setiap prajurit harus memenuhi syarat tertentu untuk menerima manfaat tersebut.
3. Disclaimer: Informasi ini bersifat umum dan tidak menggantikan konsultasi hukum resmi.","[undang_undang] Pasal 50 Isi: (1) Prajurit dan prajurit siswa memperoleh kebutuhan dasar prajurit yang meliputi: a. perlengkapan perseorangan; dan b. pakaian seragam dinas (2) Prajurit dan prajurit siswa memperoleh rawatan dan layanan kedinasan, yang meliputi: a. penghasilan yang layak; b. tunjangan keluarga; c. perumahan/asrama/mess; d. rawatan kesehatan; e. pembinaan mental dan pelayanan keagamaan; f. bantuan hukum; g. asuransi kesehatan dan jiwa; h. tunjangan hari tua; dan i. asuransi penugasan operasi milit...

---

[analysis_report] . Sumber Daya Pertahanan Militer terdiri dari Komponen Utama, Komponen Cadangan, Komponen Pendukung dan Sarana dan Prasarana Nasional. Sedangkan untuk menghadapi ancaman nonmiliter disusun Sumber Daya Pertahanan Nirmiliter yang terdiri dari Unsur Utama yang merupakan sinergi dari kementerian/lembaga diluar bidang pertahanan yang melaksanakan fungsi sesuai bentuk dan sifat ancaman yang dihadapi. Unsur Sumber Daya Pertahanan Nirmiliter lainnya adalah Unsur Lain Kekuatan Bangsa yang berperan menduk...

---

[analysis_report] . Pasalnya berbagai tuntutan tugas prajurit TNI membutuhkan kesejahteraan yang lebih komprehensif agar dapat melaksanakan tugas utama secara lebih profesional dan melaksanakan tugas-tugas lain di luar kompetensi utamanya, (5) Ragam Alutsista yang memiliki filosofi teknologi yang berbeda serta berimplikasi pada aspek pemeliharaan, pengoperasian, efisiensi dan efektifitas yang akan mengakibatkan rendahnya derajat interoperabilitas alutsista, (6) Industri Pertahanan berkontribusi dalam peningkatan ...

---

[analysis_report] . Selain itu juga pengelolaan Komponen Cadangan dan Komponen Pendukung akan menjadi aspek strategis bagi ketahanan bangsa. Aspek strategis tersebut meliputi aspek ideologi, politik, ekonomi, sosial-budaya, pertahanan dan keamanan (Ibid). Komponen Cadangan berbeda dengan wajib militer walaupun dilatih secara militer. Untuk menjadi Komponen Cadangan, warga negara yang telah cukup umur mendaftar secara sukarela. Selanjutnya bila memenuhi persyaratan warga negara tersebut akan mendapatkan latihan da...

---

[web_article] . Dua, memperjelas batasan dan mekanisme pelibatan TNI dalam tugas non militer, ujar Sjafrie. Tiga, meningkatkan kesejahteraan prajurit serta jaminan sosial bagi prajurit. Empat, menyesuaikan ketentuan terkait kepemimpinan jenjang karir dan usia pensiun sesuai dengan kebutuhan organisasi, tambahnya. Dalam momen ini, Menhan juga menyertakan pasal-pasal perubahan di RUU TNI dari pemerintah. Adapun yang ditekankan, yakni kedudukan TNI (Pasal 3), penempatan prajurit TNI di kementerian atau lembaga (...

---

[analysis_report] . 2) Pemenuhan Perumahan. Jumlah perumahan bagi setiap prajurit TNI dan PNS telah disediakan oleh negara sangat terbatas, sehingga perlu adanya pengembangan fasilitas perumahan dalam rangka mendukung kebutuhan pelaksanaan tugas. 3) Layanan Kesehatan dan Pendidikan Anak. Layanan kesehatan dan pendidikan anak merupakan salah satu faktor pendukung kesejahteraan prajurit TNI dan keluarganya dalam melaksanakan tugas pokoknya. 4) Jaminan Hari Tua. Jaminan hari tua dikembangkan antara lain melalui pemb...",0.6316536664962769
Apa syarat penggunaan kekuatan TNI dalam tugas perdamaian dunia?,"1. Inti Jawaban: Pasal 20 ayat (3) UU No. 34 Tahun 2004 menyatakan bahwa penggunaan kekuatan TNI dalam tugas perdamaian dunia harus sesuai kebijakan politik luar negeri dan hukum nasional. Implikasinya, TNI harus berkoordinasi dengan pemerintah. 2. Rincian Analisis: a. Isu Pokok: Legalitas partisipasi TNI dalam misi perdamaian. b. Aturan & Unsur: Pasal 20 ayat (3) mengharuskan kesesuaian dengan kebijakan luar negeri dan hukum nasional. c. Penerapan: TNI harus mematuhi ketentuan internasional dan nasional. 3. Disclaimer: Penjelasan ini tidak mencakup semua aspek hukum.","1. Inti Jawaban:
   a. Syarat: Keputusan Presiden, kebijakan politik luar negeri, dan ketentuan hukum nasional.
   b. Implikasi: TNI harus tetap menjaga netralitas dan kepatuhan pada hukum internasional.
2. Rincian Analisis:
   a. Isu Pokok: Kriteria legalisasi partisipasi TNI dalam operasi perdamaian.
   b. Aturan & Unsur: Pasal 20 ayat (3) UU No. 34/2004 mensyaratkan kebijakan politik luar negeri dan peraturan perundang-undangan.
   c. Penerapan: Setiap operasi harus diverifikasi kepatuhan terhadap UU dan kebijakan luar negeri.
3. Disclaimer: Analisis ini bersifat umum dan tidak menggantikan konsultasi hukum resmi.","[undang_undang] Pasal 20 Isi: (1) Penggunaan kekuatan TNI dalam rangka melaksanakan operasi militer untuk perang, dilakukan untuk kepentingan penyelenggaraan pertahanan negara sesuai dengan peraturan perUUan. (2) Penggunaan kekuatan TNI dalam rangka melaksanakan operasi militer selain perang, dilakukan untuk kepentingan pertahanan negara dan/atau dalam rangka mendukung kepentingan nasional sesuai dengan peraturan perundang- undangan. (3) Penggunaan kekuatan TNI dalam rangka tugas perdamaian dunia dilakukan sesu...

---

[analysis_report] . Hal tersebut sesuai misi yang dijalankan oleh TNI yaitu misi kemanusiaan. Para prajurit TNI melaksanakan misi perdamaian dunia dalam wujud nyata perbaikan sarana dan prasarana, mengerjakan konstruksi pembuatan jalan, jembatan dan lapangan landas pesawat terbang selain itu juga malakukan Engineering Section (SE) pada daerah setempat. Peranan TNI yang turut serta dalam kebijakan pemeliharan perdamaian dunia menunjukkan keterkaitan TNI dalam kancah lingkungan internasional. Apapun definisinya, ya...

---

[analysis_report] . Berlandaskan UU Nomor 34 Tahun 2004 tentang TNI, yang mengamanatkan bahwa tugas pokok TNI selain perang adalah melaksanakan tugas perdamaian dunia sesuai dengan kebijakan politik luar negeri, maka TNI terus ikut dalam usaha misi perdamaian dunia sebagaimana yang telah dilaksanakan setiap tahunnya dalam kurun waktu dua puluh tahun ini. Disamping tugas dalam misi perdamianan dunia, TNI juga berusaha aktif membantu negara lain jika tertimpa bencana alam. Yang pasti TNI akan selalu siap kapanpun d...

---

[analysis_report] . 3) Kerja Sama Dalam Misi Perdamaian Perserikatan Bangsa-Bangsa. Peran serta Indonesia dalam pengiriman pasukan TNI pada operasi pemeliharaan perdamaian merupakan amanat Pembukaan UUD NRI 1945, dalam rangka ikut serta mewujudkan perdamaian dunia yang berdasarkan kemerdekaan, perdamaian abadi dan keadilan sosial. Partisipasi Indonesia telah memberikan bobot yang semakin baik terhadap hubungan luar negeri dan pelaksanaan politik luar negeri yang bebas aktif...

---

[analysis_report] 47 EDISI KHUSUS 2019 tugas pemerintah (pusat dan daerah). Disamping itu TNI juga ikut memberdayakan dan membantu kesulitan serta meningkatkan kesejahteraan rakyat, melalui berbagai program pembinaan teritorial dan serbuan teritorial, seperti program TMMD, membantu mewujudkan ketahanan pangan, pengobatan massal, KB Manunggal Kesehatan, TNI Manunggal Buta Aksara, dan berbagai peran lainnya seperti keterlibatan TNI dalam penanggulangan terorisme/ radikalisme, partisipasi dalam misi perdamaian dunia...

---

[undang_undang] Pasal 7 Isi: (1) Tugas pokok TNI adalah menegakkan kedaulatan negara, mempertahankan keutuhan wilayah Negara Kesatuan Republik Indonesia yang berdasarkan Pancasila dan UU Dasar Negara Republik Indonesia Tahun 1945, serta melindungi segenap bangsa dan seluruh tumpah darah Indonesia dari ancaman dan gangguan terhadap keutuhan bangsa dan negara. (2) Tugas pokok sebagaimana dimaksud pada ayat (1) dilakukan dengan: a. operasi militer untuk perang; b. operasi militer selain perang, yaitu untuk: 1. men...",0.8199681043624878
Bagaimana mekanisme hubungan kerja antara pemerintah dan DPR dalam merumuskan kebijakan pertahanan menurut Pasal 5 UU No. 34 Tahun 2004?,"1. Inti Jawaban:
- Mekanisme hubungan kerja meliputi rapat konsultasi dan rapat kerja antara pemerintah dan DPR sesuai peraturan perundang-undangan.
- Implikasi praktisnya adalah kebijakan pertahanan harus melalui proses deliberatif yang melibatkan kedua lembaga tersebut.

2. Rincian Analisis:
a. Isu Pokok: Proses formulasi kebijakan pertahanan yang melibatkan pemerintah dan DPR.
b. Aturan & Unsur: Penjelasan Pasal 5 UU No. 34 Tahun 2004 menyebutkan bahwa kebijakan politik negara dirumuskan melalui mekanisme hubungan kerja seperti rapat konsultasi dan rapat kerja.
c. Penerapan: TNI harus menunggu hasil dari mekanisme ini sebelum menjalankan tugasnya, untuk memastikan kebijakan yang diambil sah secara hukum.

3. Disclaimer: Analisis ini terbatas pada ketentuan Pasal 5 UU No. 34 Tahun 2004 dan tidak mencakup praktik aktual di lapangan.","1. Inti Jawaban:
   a. Mekanisme meliputi rapat konsultasi dan rapat kerja sesuai peraturan perundang-undangan.
   b. Implikasi: Proses kolaboratif antara eksekutif dan legislatif.
2. Rincian Analisis:
   a. Isu Pokok: Prosedur pembentukan kebijakan pertahanan.
   b. Aturan & Unsur: Pasal 5 ayat (2) UU No. 34/2004 mengatur mekanisme ini.
   c. Penerapan: Proses ini harus transparan dan berlandaskan hukum.
3. Disclaimer: Informasi ini bersifat umum dan tidak menggantikan konsultasi hukum resmi.","[undang_undang] Pasal 5 Isi: TNI berperan sebagai alat negara di bidang pertahanan yang dalam menjalankan tugasnya berdasarkan kebijakan dan keputusan politik negara. Bagian Kedua Fungsi Penjelasan: Yang dimaksud dengan kebijakan dan keputusan politik negara adalah kebijakan politik pemerintah bersama-sama Dewan Perwakilan Rakyat yang dirumuskan melalui mekanisme hubungan kerja antara pemerintah dan Dewan Perwakilan Rakyat, seperti rapat konsultasi dan rapat kerja sesuai dengan peraturan perUUan....

---

[web_article] . Menentang cakupan TNI yang semakin meluas dalam sektor keamanan domestik yang dapat mengganggu keseimbangan antara sipil dan militer5. Mempertahankan kebebasan sipil sebagai pilar utama negara demokrasi, yang bebas dari intervensi militer6. Mendesak agenda yang bertujuan untuk peningkatan profesionalisme dan akuntabilitas TNI7. Menyuarakan penolakan terhadap kebijakan yang dapat membuka peluang kepada kembalinya bentuk dwifungsi ABRI dan pelanggaran hak asasi manusia Seperti dilansir daridetik...

---

[academic_draft] 7 menyelenggarakan pemerintahan negara melalui lembaga- lembaga negara. Lembaga-lembaga negara itu, merupakan representasi dari cabang-cabang kekuasaan negara di bidang legislatif, eksekutif, dan juga yudikatif. Masing-masing lembaga negara menjalankan fungsi, wewenang, dan tugasnya sesuai dengan ketentuan peraturan perUUan guna mewujudkan tujuan negara sebagaimana dimaksud dalam Pembukaan UUD NRI Tahun 1945. Terkait dengan pertahanan negara, Pasal 30 ayat (2) UUD NRI Tahun 1945 mengatur bahwa u...",0.6885467171669006
Bagaimana TNI AL melaksanakan diplomasi Angkatan Laut berdasarkan Pasal 9?,"1. Inti Jawaban:
- Diplomasi Angkatan Laut (naval diplomacy) dilakukan melalui kehadiran kapal perang di negara lain untuk mendukung kebijakan luar negeri pemerintah.
- Implikasi praktis: Kapal perang memiliki kekebalan diplomatik dan kedaulatan penuh di luar yurisdiksi nasional.

2. Rincian Analisis:
a. Isu Pokok: Peran TNI AL dalam diplomasi internasional.
b. Aturan & Unsur: Pasal 9 ayat (1) huruf c dan penjelasannya mengatur fungsi diplomasi sebagai bagian dari kebiasaan internasional.
c. Penerapan: TNI AL dapat mengirim kapal perang untuk misi kemanusiaan, latihan bersama, atau kunjungan persahabatan sebagai instrumen diplomasi.

3. Disclaimer: Pelaksanaan diplomasi harus sesuai dengan kebijakan Kementerian Luar Negeri.",1. Inti Jawaban: Diplomasi Angkatan Laut dilakukan untuk mendukung kebijakan politik luar negeri.2. Rincian Analisis: a. Isu Pokok: Fungsi diplomasi militer. b. Aturan & Unsur: Pasal 9 huruf c UU No. 34/2004 tentang TNI. c. Penerapan: Melalui interaksi multilateral dan kerja sama maritim.3. Disclaimer: Informasi ini bersifat umum.,"[undang_undang] Pasal 9 Isi: Angkatan Laut bertugas: a. melaksanakan tugas TNI matra laut di bidang pertahanan; b. menegakkan hukum dan menjaga keamanan di wilayah laut yurisdiksi nasional sesuai dengan ketentuan hukum nasional dan hukum internasional yang telah diratifikasi; c. melaksanakan tugas diplomasi Angkatan Laut dalam rangka mendukung kebijakan politik luar negeri yang ditetapkan oleh pemerintah; d. melaksanakan tugas TNI dalam pembangunan dan pengembangan kekuatan matra laut; serta e. melaksanakan pem...

---

[legal_request] . (3) TNI terdiri atas Angkatan Darat, Angkatan Laut dan Angkatan Udara sebagai alat negara bertugas mempertahankan, melindungi Kemudian Pasal 3 ayat (1) UU No. 3 Tahun 2002 Tentang Pertahanan Negara, mengatur: Pertahanan negara disusun berdasarkan prinsip demokrasi, hak asasi manusia, kesejahteraan umum, lingkungan hidup, ketentuan hukum nasional, hukum internasional dan kebiasaan internasional, serta prinsip hidup berdampingan secara damai. UU No. 3 Tahun 2025 menyangkut usaha pertahanan dan k...

---

[undang_undang] Pasal 4 Isi: (1) TNI terdiri atas TNI Angkatan Darat, TNI Angkatan Laut, dan TNI Angkatan Udara yang melaksanakan tugasnya secara matra atau gabungan di bawah pimpinan Panglima. (2) Tiap-tiap angkatan sebagaimana dimaksud pada ayat (1) mempunyai kedudukan yang sama dan sederajat....

---

[undang_undang] Pasal 10 Isi: Angkatan Udara bertugas: a. melaksanakan tugas TNI matra udara di bidang pertahanan; b. menegakkan hukum dan menjaga keamanan di wilayah udara yurisdiksi nasional sesuai dengan ketentuan hukum nasional dan hukum internasional yang telah diratifikasi; c. melaksanakan tugas TNI dalam pembangunan dan pengembangan kekuatan matra udara; serta d. melaksanakan pemberdayaan wilayah pertahanan udara Penjelasan: Huruf a Cukup jelas. Huruf b Yang dimaksud dengan menegakkan hukum dan menjaga k...

---

[analysis_report] . Kekurangoptimalan soal diplomasi ini, mengakibatkan komponen pertahanannya belum lengkap dan unsur utamanya kurang memiliki komitmen. Pembangunan pertahanan yang cakupannya banyak akan beresiko untuk mewujudkan efek penggentar yang disegani dalam mendukung posisi tawar di ajang diplomasi. Tanpa mengabaikan peran diplomasi pertahanan nirmiliter dalam konteks pertahanan integratif dan/atau diplomasi total. Diplomasi pertahanan militer yang diperankan TNI/komponen utama atau militer merupakan bag...

---

[undang_undang] Pasal 8 Isi: Angkatan Darat bertugas: a. melaksanakan tugas TNI matra darat di bidang pertahanan; b. melaksanakan tugas TNI dalam menjaga keamanan wilayah perbatasan darat dengan negara lain; c. melaksanakan tugas TNI dalam pembangunan dan pengembangan kekuatan matra darat; serta d. melaksanakan pemberdayaan wilayah pertahanan di darat. Penjelasan: Huruf a Cukup jelas. Huruf b Yang dimaksud dengan menjaga keamanan wilayah perbatasan darat adalah segala upaya, pekerjaan, dan kegiatan untuk menjam...",0.7211695909500122
Apakah Presiden bisa menolak usulan pengangkatan perwira dari Panglima TNI?,"1. Inti Jawaban: Ya, karena Presiden memiliki kewenangan akhir dalam pengangkatan. Implikasi praktisnya adalah Presiden dapat melakukan pertimbangan independen. 2. Rincian Analisis: a. Isu Pokok: Kewenangan Presiden dalam menolak usulan perwira. b. Aturan & Unsur: Pasal 33 ayat (1) UU No. 34 Tahun 2004 memberikan kewenangan pengangkatan kepada Presiden. c. Penerapan: Presiden berhak menolak jika usulan tidak memenuhi kriteria. 3. Disclaimer: Informasi ini merujuk pada UU No. 34 Tahun 2004 tanpa perubahan.","(a) Tidak, karena Pasal 57 UU No. 34/2004 tentang TNI mensyaratkan usulan dari Panglima sebagai prinsip umum. (b) Implikasi: Presiden tidak boleh mengubah mekanisme penunjukan tanpa dasar hukum baru.","[web_article] . Sjafrie menekankan tidak ada intervensi Presiden Prabowo Subianto dalam revisi UU TNI. Itu semuanya adalah hasil kesepakatan pemerintah dengan DPR. Tidak ada permintaan Presiden, kata Sjafrie di gedung MPR/DPR/DPD, Jakarta Pusat, Kamis (20/3). Dia mengatakan Prabowo tidak memberi pesan khusus kepada Kemhan terkait pembahasan maupun pengesahan revisi UU TNI. Dia menegaskan Prabowo mengikuti aturan yang berlaku. Selain itu, dia memastikan pengesahan revisi UU TNI ini tak akan mengembalikan TNI k...

---

[web_article] . Dia mengatakan Prabowo selaku presiden tetap akan mengikuti peraturan yang berlaku. SCROLL TO CONTINUE WITH CONTENT Penekanan Presiden ikuti peraturan yang berlaku. Sekarang kan sudah, ujarnya. Sjafrie juga menegaskan pengesahan revisi UU TNI ini tidak akan mengembalikan TNI ke zaman Orde Baru, seperti di kepemimpinan Presiden ke-2 RI Soeharto. Dia juga membantah pembahasan RUU TNI dinilai tidak transparan. Nggak ada. Orde Baru kita nggak pakai lagi. Sekarang adalah satu orde yang ingin menega...

---

[undang_undang] Pasal 18 Isi: (1) Dalam keadaan memaksa untuk menghadapi ancaman militer dan/atau ancaman bersenjata, Presiden dapat langsung mengerahkan kekuatan TNI. (2) Dalam hal pengerahan langsung kekuatan TNI sebagaimana dimaksud pada ayat (1), dalam waktu 2 X 24 jam terhitung sejak dikeluarkannya keputusan pengerahan kekuatan, Presiden harus melaporkan kepada Dewan Perwakilan Rakyat. (3) Dalam hal Dewan Perwakilan Rakyat tidak menyetujui pengerahan sebagaimana dimaksud pada ayat (1) dan ayat (2), Preside...",0.6626500487327576
Bagaimana prosedur pemberhentian bagi prajurit yang menjabat di lembaga non-TNI?,1. Inti Jawaban: Tetap mengikuti Pasal 59 sesuai pangkat terakhir. Implikasi praktisnya adalah status keprajuritan utama tetap berlaku. 2. Rincian Analisis: a. Isu Pokok: Pemberhentian prajurit pada penugasan khusus. b. Aturan & Unsur: Pasal 59 UU No. 34 Tahun 2004 berlaku tanpa memandang penugasan. c. Penerapan: Prosedur pemberhentian mengacu pada pangkat struktural di TNI. 3. Disclaimer: Kasus khusus mungkin memerlukan pertimbangan tambahan.,"1. Inti Jawaban:
    - Prajurit yang menjabat di lembaga non-TNI wajib mengundurkan diri dari dinas aktif TNI.
2. Rincian Analisis:
    a. Isu Pokok: Proses transisi dari status prajurit ke pegawai negeri sipil.
    b. Aturan & Unsur: Pasal 47 ayat (2) UU No. 34/2004 mensyaratkan undur dari dinas aktif sebagai syarat menduduki jabatan di luar 14 kementerian/lembaga yang disebutkan.
    c. Penerapan: Prajurit harus mengajukan permohonan pensiun atau pemberhentian dengan hormat untuk mengakhiri status militer.
3. Disclaimer: Prosedur teknis dapat bervariasi tergantung instansi tujuan.","[web_article] . Sebagai informasi, dalam UU TNI yang terbaru, Pasal 47 ayat 1 menyatakan prajurit TNI dapat menduduki jabatan sipil di 14 kementerian dan lembaga. Sedangkan pada Pasal 47 ayat 2, prajurit TNI harus mengundurkan diri jika menduduki jabatan di luar 14 kementerian dan lembaga yang sudah ditentukan...

---

[academic_draft] . Penempatan prajurit aktif TNI pada kementerian/lembaga negara dalam praktiknya tidak sebatas kementerian/lembaga negara yang tercantum dalam Pasal 47 ayat (2) UU TNI saja. Seiring dengan adanya kebutuhan sumber daya manusia yang menguasai keahlian di bidang tertentu, saat ini beberapa prajurit aktif TNI dapat juga diperbantukan pada kementerian/lembaga lain yang membutuhkan keahliannya. Sebut saja antara lain misalkan pada: kementerian kelautan dan perikanan, staf kepresidenan, badan nasional ...

---

[web_article] . Dua, memperjelas batasan dan mekanisme pelibatan TNI dalam tugas nonmiliter, ujar Sjafrie. Tiga, meningkatkan kesejahteraan prajurit serta jaminan sosial bagi prajurit. Empat, menyesuaikan ketentuan terkait kepemimpinan jenjang karir dan usia pensiun sesuai dengan kebutuhan organisasi, tambahnya. Lihat juga Video: Anggota DPR Pertanyakan Usulan Usia Pensiun TNI Jabatan Fungsional 65 Tahun [Gambas:Video 20detik] Isi: nan...",0.5967383980751038
Bagaimana proses penganugerahan kenaikan pangkat luar biasa menurut Pasal 44 UU No. 34 Tahun 2004?,"1. Inti Jawaban:
   - Prosesnya diatur dalam Peraturan Pemerintah (PP) sebagaimana disebutkan dalam Pasal 44 ayat (2).
   - Implikasi praktisnya adalah penganugerahan harus disertai piagam yang menjelaskan detail tindakan kepahlawanan.

2. Rincian Analisis:
   a. Isu Pokok: Mekanisme penganugerahan kenaikan pangkat luar biasa.
   b. Aturan & Unsur: Pasal 44 ayat (2) menyatakan ketentuan lebih lanjut diatur dengan PP. Penjelasan pasal menyebutkan piagam harus mencantumkan siapa, apa, kapan, di mana, dan hasil dari tindakan.
   c. Penerapan: Pemerintah harus mengeluarkan PP untuk mengatur teknis penganugerahan, termasuk dokumentasi dan upacara resmi.

3. Disclaimer: Proses spesifik dapat berubah sesuai dengan PP yang berlaku.","1. Inti Jawaban:
    - Proses penganugerahan kenaikan pangkat luar biasa diatur dalam Peraturan Pemerintah.
2. Rincian Analisis:
    a. Isu Pokok: Prosedur administratif penganugerahan kenaikan pangkat.
    b. Aturan & Unsur: Ayat (2) Pasal 44 mewajibkan regulasi teknis untuk implementasi.
    c. Penerapan: Proses harus transparan dan sesuai ketentuan internal TNI.
3. Disclaimer: Informasi ini bersifat umum dan tidak menggantikan konsultasi hukum resmi.","[undang_undang] Pasal 44 Isi: (1) Prajurit yang mendapat tugas dengan pertaruhan jiwa raga secara langsung dan berjasa melampaui panggilan tugas dapat dianugerahi kenaikan pangkat luar biasa. (2) Ketentuan sebagaimana dimaksud pada ayat (1) diatur dengan Peraturan Pemerintah. Penjelasan: Ayat (1) Yang dimaksud dengan melampaui panggilan tugas adalah bahwa seseorang prajurit TNI tanpa memperdulikan keselamatan jiwanya melakukan tindakan kepahlawanan dalam suatu tugas demi bangsa dan negara, walaupun tindakan itu...

---

[legal_request] . Bahwa fakta ini menunjukan perumusan dan pembentukan UU Nomor 3 Tahun 2025 Tentang Perubahan atas UU Nomor 34 Tahun 2004 tentang Tentara Nasional Inonesia tidak disertai dengan naskah akademik maka disebut cacat secara prosedural, RUU a quo prematur dan sagat serampangan yang seharusnya Naskah Akademik adalah bagian yang tidak terpisahkan dari RUU. Perencanaan dan penyusunan pembentukan UU Nomor 3 Tahun 2025 Tentang Perubahan atas UU Nomor 34 Tahun 2004 Tentang TNI (TNI), telah mengabaikan asa...

---

[web_article] . Dia mengatakan naskah akademik pun disampaikan bersamaan dengan permohonan memasukkan RUU TNI ke prolegnas. Akibatnya terjadi kecacatan formil akibat pelanggaran pasal 22a Undang-undang P3 sebagai UU yang mengatur tata cara pembentukan UU telah dilanggar, sehingga proses penyusunan RUU TNI tidak sah secara formil, ungkapnya. Dalam petitumnya, pemohon meminta MK membatalkan UU TNI. Pemohon juga meminta MK memutuskan agar UU Nomor 34 Tahun 2004 berlaku kembali. Menyatakan UU Nomor 3 Tahun 2025 t...

---

[undang_undang] Pasal 42 Isi: (1) Setiap prajurit memperoleh kesempatan untuk mendapat kenaikan pangkat dan/atau jabatan berdasarkan prestasinya, sesuai dengan pola karier yang berlaku dengan mempertimbangkan kepentingan TNI dan memenuhi persyaratan yang ditentukan. (2) Ketentuan sebagaimana dimaksud pada ayat (1) diatur dengan keputusan Panglima....

---

[undang_undang] Pasal 43 Isi: (1) Kenaikan pangkat Kolonel dan Perwira Tinggi ditetapkan oleh Presiden atas usul Panglima. (2) Kenaikan pangkat selain yang dimaksud pada ayat (1) ditetapkan oleh Panglima....

---

[academic_draft] . Adanya ketentuan Pasal 20 UUD NRI Tahun 1945 menegaskan bahwa kekuasaan membentuk UU telah bergeser dari Presiden kepada DPR. Di dalam penyusunan sebuah rancangan UU, ketentuan Pasal 20 selalui disandingkan dengan ketentuan Pasal 21 UUD NRI Tahun 1945 pada dasar hukum mengingat. Adanya ketentuan Pasal 20 dan Pasal 21 pada bagian ketentuan mengingat sebuah rancangan UU, hal ini menunjukkan bahwa rancangan UU dimaksud merupakan rancangan UU yang usulannya berasal dari DPR. Sebaliknya jika pada d...",0.6431297063827515
Bagaimana jika ada perubahan desain seragam TNI?,"1. Inti Jawaban:
- Harus melalui revisi Keputusan Panglima dan tetap merujuk Pasal 40.
- Implikasi: Perubahan tidak boleh mengurangi fungsi seragam.

2. Rincian Analisis:
a. Isu Pokok: Prosedur perubahan seragam.
b. Aturan & Unsur:
- Pasal 40 ayat (2): Panglima berwenang menetapkan.
- Contoh: Perubahan material atau warna harus resmi.
c. Penerapan: Sosialisasi wajib ke seluruh jajaran TNI.

3. Disclaimer: Perubahan bisa terkait teknologi atau kebutuhan operasional.","Perubahan desain seragam TNI diatur dalam Keputusan Panglima sesuai Pasal 40 ayat (2). Prajurit wajib mengikuti ketentuan tersebut. Implikasinya, perubahan harus melalui prosedur resmi.","[web_article] . Anies kemudian mempertanyakan jaminan bahwa revisi UU TNI itu tak akan berdampak selain yang diniatkan pembuat kebijakan. Dia juga menyinggung di tubuh TNI masih ada tantangan tersendiri, yakni meritokrasi dalam jenjang karier. Jika revisi ini bertujuan memperkuat TNI, kita harus pastikan ada rambu hukum yang jelas. Apa mekanisme pengamannya? Bagaimana memastikan bahwa perubahan ini tidak akan membawa dampak di luar niat awal pembuat kebijakan? Selain itu, apakah revisi ini menyelesaikan masal...

---

[academic_draft] . 3. Perlu dilakukan perubahan terhadap Pasal 47 dan Pasal 53 dalam UU TNI. B. Saran Naskah Akademik dan Rancangan UU ini diharapkan dapat memenuhi kebutuhan hukum dan memberi jaminan kepastian hukum kepada prajurit aktif TNI dalam menjalankan tugasnya sebagaimana diamanatkan dalam UU TNI. Atas hal itu, maka perlu segera dilakukan perubahan atas Pasal 47 dan Pasal 53 UU TNI sehingga memberikan landasan hukum bagi penyelenggaraan peran TNI yang lebih optimal dan memberikan kepastian hukum....

---

[web_article] . Menhan sebelumnya mengungkap usulan perubahan pasal pada revisi UU tentang TNI. Pihaknya ingin ada aturan yang memperjelas batasan dan mekanisme pelibatan TNI di jabatan non militer. Perubahan UU TNI diajukan oleh pihak DPR RI diperlukan untuk memberikan landasan hukum yang lebih jelas terhadap peran TNI, ada tugas lain selain perang tanpa melanggar prinsip demokrasi dan supremasi sipil, ujar Sjafrie dalam rapat. Ia menyebut ada empat fokus yang ditekankan oleh pihaknya. Salah satunya, terkait...

---

[undang_undang] Pasal 40 Isi: (1) Setiap prajurit menggunakan pakaian seragam, atribut, perlengkapan, dan peralatan militer sesuai dengan tuntutan tugasnya. (2) Ketentuan sebagaimana dimaksud pada ayat (1) diatur dengan keputusan Panglima. Penjelasan: Ayat (1) Yang dimaksud dengan pakaian seragam adalah pakaian dinas TNI. Yang dimaksud dengan atribut adalah tanda-tanda yang dikenakan oleh prajurit antara lain tanda pa ngkat, tanda jasa, tanda satuan, dan tanda kecakapan. Yang dimaksud dengan perlengkapan dan pe...

---

[academic_draft] 26 BAB V JANGKAUAN, ARAH PENGATURAN, DAN RUANG LINGKUP MATERI MUATAN RANCANGAN UNDANG-UNDANG A. Jangkauan dan Arah Pengaturan Jangkauan dan arah pengaturan perubahan UU TNI terbatas pada peran prajurit aktif TNI pada kementerian/ lembaga lain sesuai kebutuhan institusi dimaksud dan kebijakan Presiden. Di samping itu, perubahan UU TNI juga mengatur mengenai batasan usia masa dinas bagi prajutir TNI sesuai dengan kebutuhan dan mensikronkan dengan berbagai ketentuan peraturan perUUan yang ada, baik...

---

[legal_request] . Namun, UU No. 3 tahun 2025 Tentang Perubahan atas UU Nomor 34 Tahun 2004 tentang TNI ini memperluas daftar jabatan yang dapat diisi oleh prajurit aktif, mencakup posisi di kementerian, lembaga negara, hingga BUMN dan BUMD. Hal ini berpotensi membahayakan karena Keterlibatan militer dalam pemerintahan sipil berisiko mengaburkan batas antara otoritas militer dan sipil, melemahkan supremasi sipil, serta membuka peluang bagi militer untuk kembali terlibat dalam politik praktis. Hal ini mengingatka...",0.48653385043144226
Bagaimana kekuasaan peradilan yang berlaku bagi prajurit yang melanggar hukum pidana militer menurut Pasal 65 ayat (2)?,1. Inti Jawaban: Prajurit yang melanggar hukum pidana militer tunduk pada kekuasaan peradilan militer. Implikasi praktisnya adalah proses hukum dilakukan melalui sistem peradilan militer. 2. Rincian Analisis: a. Isu Pokok: Kekuasaan peradilan untuk pelanggaran pidana militer. b. Aturan & Unsur: Pasal 65 ayat (2) menyatakan prajurit tunduk pada peradilan militer untuk pelanggaran pidana militer. c. Penerapan: Pelanggaran pidana militer oleh prajurit akan diproses sesuai hukum militer. 3. Disclaimer: Penjelasan ini berdasarkan UU No. 34 Tahun 2004 dan tidak mencakup perubahan terbaru jika ada.,"1. Inti Jawaban:
   a. Kekuasaan peradilan militer berlaku untuk pelanggaran hukum pidana militer.
   b. Implikasi: Prajurit harus menghadapi prosedur peradilan militer.
2. Rincian Analisis:
   a. Isu Pokok: Kepentingan prajurit dalam kasus pidana militer.
   b. Aturan & Unsur: Pasal 65 ayat (2) menyatakan bahwa prajurit tunduk pada peradilan militer.
   c. Penerapan: Proses peradilan militer memiliki standar dan prosedur khusus.
3. Disclaimer: Jawaban ini hanya berdasarkan UU tanpa mempertimbangkan faktor lain.","[undang_undang] Pasal 65 Isi: (1) Prajurit Siswa tunduk pada ketentuan hukum yang berlaku bagi prajurit. (2) Prajurit tunduk kepada kekuasaan pera dilan militer dalam hal pelanggaran hukum pidana militer dan tunduk pada kekuasaan peradilan umum dalam hal pelanggaran hukum pidana umum yang diatur dengan UU. (3) Apabila kekuasaan peradilan umum sebagaimana dimaksud pada ayat (2) tidak berfungsi, maka prajurit tunduk di bawah kekuasaan peradilan yang diatur dengan UU. Penjelasan: Ayat (1) Hukum yang dimaksud adala...

---

[undang_undang] Pasal 74 Isi: (1) Ketentuan sebagaimana dimaksud dalam 65 berlaku pada saat UU tentang Peradilan Militer yang baru diberlakukan. (2) Selama UU peradilan militer yang baru belum dibentuk, tetap tunduk pada ketentuan UU Nomor 31 Tahun 1997 te ntang Peradilan Militer....

---

[undang_undang] Pasal 72 Isi: Bagi perwira yang pada tanggal UU ini diundangkan sedang menjalani penahanan dalam dinas keprajuritan berdasarkan UU Nomor 2 Tahun 1988 tentang Prajurit ABRI, tetap berlaku ketentuan tersebut sampai masa penahanan dalam dinas keprajuritannya berakhir....

---

[web_article] . Hal itu akan terjadi jika prajurit TNI tersandung kasus saat melaksanakan jabatan sipil. Jika prajurit TNI tersandung kasus tindak pidana atau administrasi dalam jabatan a quo, apakah tunduk pada hukum acara peradilan militer atau hukum acara sipil atau pidana, ujar pemohon. Dengan demikian menurut penalaran yang wajar jawaban dari pertanyaan a quo hanyalah ketidakpastian hukum. Hal mana telah terbukti secara empiris dengan adanya perdebatan antara KPK dan Mahkamah Militer dalam menangani perk...

---

[undang_undang] Pasal 37 Isi: (1) Prajurit berkewajiban menjunjung tinggi kepercayaan yang diberikan oleh bangsa dan negara untuk melakukan usaha pembelaan negara sebagaimana termuat dalam Sumpah Prajurit (2) Untuk keamanan negara, setiap prajurit yang telah berakhir menjalani dinas keprajuritan atau prajurit siswa yang karena suatu hal tidak dilantik menjadi prajurit, wajib memegang teguh rahasia tentara walaupun yang bersangkutan diberhentikan dengan hormat atau dengan tidak hormat....

---

[undang_undang] Pasal 64 Isi: Hukum militer dibina dan dike mbangkan oleh pemerintah untuk kepentingan penyelenggaraan pertahanan negara. Penjelasan: Yang dimaksud dengan hukum m iliter adalah semua perundang- undangan nasional yang subjek hukumnya adalah anggota militer atau orang yang dipersamakan sebagai militer berdasarkan perUUan yang berlaku. Di samping itu segala hukum dan ketentuan perUUan yang dipakai sebagai dasar pelaksanaan tugas TNI dalam melaksanakan fungsi pertahanan negara dikategorikan sebagai ...",0.8468050956726074
Apakah prajurit TNI bisa mengundurkan diri sebelum masa ikatan dinas berakhir?,"1. Inti Jawaban:
   - Prajurit TNI tidak bisa mengundurkan diri secara sepihak sebelum masa ikatan dinas berakhir.
   - Implikasi praktisnya adalah prajurit harus menyelesaikan masa dinasnya kecuali ada alasan yang diakui hukum.

2. Rincian Analisis:
   a. Isu Pokok: Hak prajurit TNI untuk mengundurkan diri selama masa ikatan dinas.
   b. Aturan & Unsur: Pasal 24 ayat (1) UU No. 34 Tahun 2004 mewajibkan prajurit menjalani dinas berdasarkan ikatan dinas.
   c. Penerapan: Pengunduran diri sebelum masa dinas berakhir dapat dikenai sanksi kecuali ada dispensasi atau alasan yang sah.

3. Disclaimer: Penjelasan ini bersifat umum dan tidak menggantikan konsultasi hukum dengan ahli.","1. Inti Jawaban:
    - Ya, jika memenuhi syarat administratif dan prosedural.
2. Rincian Analisis:
    a. Isu Pokok: Hak prajurit untuk resign.
    b. Aturan & Unsur: Pasal 47 ayat (2) UU TNI tidak membatasi usia resign, asalkan sesuai kontrak.
    c. Penerapan: Prajurit dapat mengajukan pengunduran diri dengan alasan valid.
3. Disclaimer: Kondisi aktual mungkin dipengaruhi oleh kebijakan internal TNI.","[web_article] . Waketum PKB itu mengatakan dalam Pasal 47 UU TNI jelas disebutkan bahwa prajurit hanya dapat menduduki jabatan sipil setelah mengundurkan diri atau pensiun dari dinas aktif keprajuritan. SCROLL TO CONTINUE WITH CONTENT Apakah yang sekarang sudah mengundurkan diri atau pensiun dari dinas aktif keprajuritan? Mari kita koreksi bersama, kata Jazilul. Jazilul heran ketika aturan pasal tersebut tidak dijalankan oleh prajurit, Panglima TNI dan Menteri Pertahanan (Menhan) hanya mengimbau, tidak ada ti...

---

[web_article] . Berikut daftar kementerian/lembaga yang dapat diisi oleh prajurit TNI aktif berdasarkan revisi Pasal 47: Untuk prajurit TNI yang ingin menduduki jabatan sipil di luar 14 lembaga tersebut, mereka harus pensiun atau mengundurkan diri lebih dulu. Sebelumnya, usia pensiun prajurit bintara dan tamtama adalah 53 tahun, sedangkan perwira pensiun pada 58 tahun. Dalam revisi Pasal 53, usia pensiun dinaikkan sebagai berikut: Demikianlah rincian mengenai RUU TNI yang sudah disahkan DPR menjadi UU. Semoga...

---

[web_article] . (2) Selain menduduki jabatan pada kementerian/lembaga sebagaimana dimaksud pada ayat (1), Prajurit dapat menduduki jabatan sipil lain setelah mengundurkan diri atau pensiun dari dinas aktif keprajuritan. Selain soal pengisian jabatan sipil di atas, revisi UU TNI juga mengubah beberapa poin sebagai berikut. Dalam revisi UU TNI, jumlah urusan yang dapat ditangani oleh TNI dalam OMSP meningkat dari 14 menjadi 17. Tugas baru ini termasuk peran dalam mengatasi ancaman siber serta melindungi kepenti...",0.7475295066833496
Bagaimana masyarakat dapat berkontribusi dalam pengembangan hukum militer?,"1. Inti Jawaban: Masyarakat dapat berkontribusi melalui partisipasi dalam proses pembuatan kebijakan dan pengawasan pelaksanaan hukum militer. Implikasi praktisnya adalah peningkatan transparansi dan akuntabilitas. 2. Rincian Analisis: a. Isu Pokok: Peran masyarakat dalam hukum militer. b. Aturan & Unsur: Pasal 64 UU No. 34 Tahun 2004 tidak secara eksplisit mengatur peran masyarakat, tetapi partisipasi publik penting dalam demokrasi. c. Penerapan: Masyarakat dapat memberikan masukan melalui mekanisme yang ada. 3. Disclaimer: Kontribusi masyarakat tidak menggantikan peran pemerintah.","1. Inti Jawaban:
    - Masyarakat dapat berkontribusi melalui partisipasi dalam proses legislatif.
    - Implikasi: Partisipasi publik meningkatkan legitimasi hukum militer.
2. Rincian Analisis:
    a. Isu Pokok: Kontribusi masyarakat dalam pembentukan hukum militer.
    b. Aturan & Unsur: Pasal 65 UU No. 34/2004 mengharuskan transparansi dalam pembentukan hukum militer.
    c. Penerapan: Proses legislatif yang inklusif memastikan hukum militer mencerminkan aspirasi masyarakat.
3. Disclaimer: Jawaban ini merujuk pada UU No. 34/2004 tanpa mempertimbangkan revisi terbaru.","[analysis_report] . Dalam khasanah internasional sesungguhnya kemanunggalan militer dan rakyat bukanlah suatu prilaku penyimpangan. Beberapa konsep yang sudah lama dikenal seperti Civil-Military Cooperation (Terminologi dari NATO) atau Civil Military Coordination (Terminologi dari PBB) merupakan perwujudan dari sinergitas militer dengan masyarakat. Dalam bidang akademis, sebagai sebuah universitas negeri, Universitas Pertahanan Indonesia (Unhan) membuka kesempatan kepada semua lapisan masyarakat untuk menjadi mah...

---

[undang_undang] Pasal 65 Isi: (1) Prajurit Siswa tunduk pada ketentuan hukum yang berlaku bagi prajurit. (2) Prajurit tunduk kepada kekuasaan pera dilan militer dalam hal pelanggaran hukum pidana militer dan tunduk pada kekuasaan peradilan umum dalam hal pelanggaran hukum pidana umum yang diatur dengan UU. (3) Apabila kekuasaan peradilan umum sebagaimana dimaksud pada ayat (2) tidak berfungsi, maka prajurit tunduk di bawah kekuasaan peradilan yang diatur dengan UU. Penjelasan: Ayat (1) Hukum yang dimaksud adala...

---

[analysis_report] . Rakyat sipil boleh tapi tidak terbatas pada perang konvensional dalam mengejawantahkan konsep bela negara dan pertahanan negara. Membela negara lebih menekankan penyatuan jiwa dan semangat kebangsaan bagi seluruh lapisan sosial masyarakat baik pada masa damai maupun di masa darurat perang. Kemampuan profesional anak bangsa di segala bidang ilmu pengetahuan merupakan potensi pertahanan negara yang harus disinergikan demi kepentingan mempertahankan keamanan dan mencapai kesejahteraan bangsa. Ten...

---

[undang_undang] Pasal 74 Isi: (1) Ketentuan sebagaimana dimaksud dalam 65 berlaku pada saat UU tentang Peradilan Militer yang baru diberlakukan. (2) Selama UU peradilan militer yang baru belum dibentuk, tetap tunduk pada ketentuan UU Nomor 31 Tahun 1997 te ntang Peradilan Militer....

---

[web_article] . Dia juga menyampaikan alasan menuntut UU TNI dibatalkan. Mulai proses legislasi yang tidak melibatkan masyarakat hingga khawatir akan adanya perluasan peran militer di jabatan sipil. Sebenernya giniya, UU TNI itu proses legislasinya itu yang tidak akuntabel dan tidak melibatkan masyarakat, itu yang jadiconcernbersama, ucapnya. Sebenernya, sebelum adanya UU TNI, penempatan militer di jabatan sipil sudah ada, dan sudah lebih lebar dibanding UU TNI. Jadisebenernyasudah disahkan apa yangsebenernya...

---

[analysis_report] . Khusus dalam tugas OMSP, berbagai tugas telah dilakukan oleh prajurit TNI dengan sangat baik, bahkan melebihi panggilan tugasnya. Setiap prajurit dituntut mengedepankan tugas dan kepentingan masyarakat di atas kepentingan pribadi. Sekecil apapun sikap dan tindakan primitif akan mengganggu bahkan merusak jati diri TNI, sebagai tentara rakyat, tentara pejuang, tentara nasional dan tentara profesional. Prestasi dan kinerja optimal TNI yang telah mendapatkan penilaian positif dari masyarakat diper...",0.6927534341812134
Berapa lama pendidikan pertama Tamtama menurut UU TNI?,"1. Inti Jawaban:
- Tidak diatur dalam Pasal 32, tetapi ditentukan oleh Panglima.
- Implikasi praktisnya adalah durasi bisa berbeda sesuai kebutuhan.

2. Rincian Analisis:
a. Isu Pokok: Durasi pendidikan Tamtama.
b. Aturan & Unsur: Pasal 32 ayat (2) UU No. 34 Tahun 2004 hanya menyebut kewenangan Panglima.
c. Penerapan: Panglima menetapkan lama pendidikan berdasarkan standar TNI.

3. Disclaimer: Durasi dapat berubah sesuai kebijakan.",Jawaban: Pasal 32 tidak merinci durasi pendidikan Tamtama. Implikasi: Durasi harus ditetapkan oleh Panglima melalui keputusan.,"[undang_undang] Pasal 31 Isi: (1) Bintara dibentuk melalui: a. pendidikan pertama bintara yang berasal langsung dari masyarakat; atau b. pendidikan pembentukan bintara yang berasal dari prajurit golongan tamtama. (2) Pendidikan bintara sebagaimana dimaksud pada ayat (1), diatur lebih lanjut dengan keputusan Panglima....

---

[undang_undang] Pasal 30 Isi: (1) Perwira dibentuk melalui: a. pendidikan pertama perwira bagi yang berasal langsung dari masyarakat: 1. Akademi TNI, dengan masukan dari Sekolah Lanjutan Tingkat Atas; dan 2. Sekolah Perwira, dengan masukan dari Sekolah Lanjutan Tingkat Atas atau Perguruan Tinggi. b. pendidikan pembentukan perwira yang berasal dari prajurit golongan bintara. (2) Pendidikan perwira sebagaimana dimaksud pada ayat (1) diatur lebih lanjut dengan keputusan Panglima....

---

[web_article] . Total ada 14 gugatan yang diterima MK. Jadi semua permohonan yang terkait UU TNI ini ada sekitar 14 dan sebagian besarnya uji formil, kata Saldi. Jadi ini baru pertama dalam sejarah Mahkamah Konstitusi isu yang sama itu disidangkan serentak dalam tiga panel yang berbeda. Ini pertama baru sejarah Mahkamah Konstitusi karena banyak sekali permohonan. Jadi memang antusiasme untuk mengajukan permohonan tinggi, ujar Saldi. Saldi lantas mengusulkan agar para mahasiswa yang mengajukan gugatan untuk me...

---

[undang_undang] Pasal 32 Isi: (1) Tamtama dibentuk melalui pendidikan pertama tamtama yang langsung dari masyarakat. (2) Pendidikan tamtama sebagaimana dimaksud pada ayat (1) diatur lebih lanjut dengan keputusan Panglima....",0.6165164709091187
Apa tugas pokok TNI menurut Pasal 7 UU No. 34 Tahun 2004?,"1. Inti Jawaban:
- Tugas pokok TNI adalah menegakkan kedaulatan negara, mempertahankan keutuhan wilayah NKRI, dan melindungi bangsa dari ancaman.
- Implikasi: TNI harus siap melaksanakan operasi militer untuk perang dan non-perang.

2. Rincian Analisis:
a. Isu Pokok: Definisi tugas konstitusional TNI.
b. Aturan & Unsur: Pasal 7 ayat (1) menyatakan TNI bertugas menegakkan kedaulatan, keutuhan wilayah, dan perlindungan bangsa.
c. Penerapan: TNI wajib mengembangkan postur pertahanan untuk menjamin kedaulatan negara.

3. Disclaimer: Penafsiran harus merujuk pada penjelasan resmi UU.",A. Inti Jawaban: TNI memiliki dua tugas pokok: operasi militer untuk perang dan operasi militer selain perang. Implikasinya adalah TNI harus siap menghadapi ancaman baik dalam maupun di luar negeri. B. Rincian Analisis: 1. Isu Pokok: Definisi tugas TNI. 2. Aturan & Unsur: Pasal 7 ayat (2) UU No. 34/2004 membedakan kedua jenis tugas. 3. Penerapan: TNI harus memprioritaskan tugas sesuai situasi. C. Disclaimer: Informasi ini bersifat umum.,"[web_article] . Peserta sidang menjawab setuju dan dengan demikian, UU yang mengatur perubahan UU Nomor 34 Tahun 2004 sah. Apa saja yang berubah dalam UU tersebut? Simak penjelasannya di bawah ini, yuk! DilihatdetikJogjadari dokumen UU Republik Indonesia Nomor 34 Tahun 2004 tentang TNI, tugas pokok TNI dibedakan menjadi 2 dalam pasal 7 ayat (2), yakni operasi militer untuk perang dan operasi militer selain perang. Untuk operasi militer selain perang, tugas TNI dirinci sebanyak 14 poin sebagaimana tertera dala...

---

[web_article] . Namun, berdasarkan laporandetikNews, terdapat pasal lain yang diubah yaitu Pasal 7. Ingin mengetahui apakah isi perubahan UU TNI yang sudah disahkan DPR tersebut? Mari simak penjelasan lengkap berikut ini yang dihimpun dari laporandetikNewsdandetikEdu. SCROLL TO CONTINUE WITH CONTENT Seperti yang disebutkan sebelumnya, terdapat tiga pasal pada UU RI Nomor 34 Tahun 2004 yang mengalami perubahan, yaitu Pasal 3, Pasal 47, serta Pasal 53. Mari simak uraiannya! Revisi yang pertama terdapat pada Pas...

---

[web_article] . Dia meminta masyarakat tak khawatir anggota TNI aktif mengisi jabatan di BUMN. Tidak ada (prajurit aktif di Agrinas BUMN), semua, mulai Bulog, semua purnawirawan, jadi tenang saja ya. Nggak usah khawatirlah, ujarnya. Diketahui, ada 3 pasal penting dalam perubahan UU Nomor 34 Tahun 2004 tentang TNI tersebut. Pasal itu mengatur mengenai tugas dan kewenangan TNI dan keterlibatan TNI aktif jabatan publik. Dalam Pasal 7 RUU TNI, tercantum 2 tugas baru TNI dalam operasi militer selain perang dari ya...

---

[legal_request] . Perencanaan dan penyusunan pembentukan UU Nomor 3 Tahun 2025 Tentang Perubahan atas UU Nomor 34 Tahun 2004 Tentang TNI (TNI), tidak sesuai dengan tata cara pembentukan peraturan perUUan, tanpa naskah akademik. 13. Bahwa dalam Pasal 43 ayat (3) UU No. 12 Tahun 2011 mengatur secara imperatif dan tegas: Rancangan UU yang berasal dari DPR, Presiden, atau DPD harus disertai Naskah Akademik. Adapun dalam Pasal 1 angka 11 UU No...

---

[legal_request] . Dalam Pokok Perkara 1. Mengabulkan Permohonan para Pemohon untuk seluruhnya; 2. Menyatakan pembentukan UU Nomor 3 Tahun 2025 Tentang Perubahan atas UU Nomor 34 Tahun 2004 Tentang TNI, tidak memenuhi ketentuan...",0.7194649577140808
Apa peran TNI dalam perdamaian dunia?,"1. Inti Jawaban:
- Mengirim kontingen perdamaian PBB atas mandat pemerintah.
- Implikasi: Meningkatkan diplomasi pertahanan.

2. Rincian Analisis:
a. Isu Pokok: Keterlibatan internasional.
b. Aturan & Unsur: Pasal 7 ayat (2) huruf b angka 6.
c. Penerapan: Seperti misi UNIFIL di Lebanon.

3. Disclaimer: Harus sesuai politik luar negeri.",A. Inti Jawaban: TNI berperan dalam perdamaian dunia melalui partisipasi dalam operasi perdamaian PBB. B. Rincian Analisis: Pasal 20 ayat (3) UU No. 34 Tahun 2004 menyatakan bahwa penggunaan kekuatan TNI dalam tugas perdamaian dunia dilakukan sesuai kebijakan politik luar negeri. C. Disclaimer: Informasi ini bersifat umum dan tidak menggantikan konsultasi hukum resmi.,"[analysis_report] . TNI memiliki banyak reputasi yang terbilang gemilang baik dalam negeri maupun dalam dunia internasional, mulai dari keterlibatan pasukan TNI dalam berbagai misi perdamaian dunia hingga dominasi TNI pada berbagai perlombaan di bidang militer, antara lain: A. Peran TNI dalam misi perdamaian dunia. Dalam penugasan di luar negeri, Indonesia telah mendapatkan pengakuan dunia internasional. Hal ini tentu saja mengenai penilaian yang baik dan tinggi tentang pengiriman pasukan perdamaian dari Indonesi...

---

[analysis_report] . Hal tersebut sesuai misi yang dijalankan oleh TNI yaitu misi kemanusiaan. Para prajurit TNI melaksanakan misi perdamaian dunia dalam wujud nyata perbaikan sarana dan prasarana, mengerjakan konstruksi pembuatan jalan, jembatan dan lapangan landas pesawat terbang selain itu juga malakukan Engineering Section (SE) pada daerah setempat. Peranan TNI yang turut serta dalam kebijakan pemeliharan perdamaian dunia menunjukkan keterkaitan TNI dalam kancah lingkungan internasional. Apapun definisinya, ya...

---

[analysis_report] . 3) Kerja Sama Dalam Misi Perdamaian Perserikatan Bangsa-Bangsa. Peran serta Indonesia dalam pengiriman pasukan TNI pada operasi pemeliharaan perdamaian merupakan amanat Pembukaan UUD NRI 1945, dalam rangka ikut serta mewujudkan perdamaian dunia yang berdasarkan kemerdekaan, perdamaian abadi dan keadilan sosial. Partisipasi Indonesia telah memberikan bobot yang semakin baik terhadap hubungan luar negeri dan pelaksanaan politik luar negeri yang bebas aktif...

---

[analysis_report] . Diplomasi dan kerjasama bidang pertahanan dalam mendukung peran TNI di forum regional ataupun internasional dilakukan secara terus menerus dan berkesinambungan melalui kerjasama bilateral, kerangka ASEAN, di forum Internasional dan melalui misi Perdamaian Perserikatan Bangsa- Bangsa untuk mengharumkan nama Bangsa Indonesia di mata dunia Internasional...

---

[undang_undang] Pasal 20 Isi: (1) Penggunaan kekuatan TNI dalam rangka melaksanakan operasi militer untuk perang, dilakukan untuk kepentingan penyelenggaraan pertahanan negara sesuai dengan peraturan perUUan. (2) Penggunaan kekuatan TNI dalam rangka melaksanakan operasi militer selain perang, dilakukan untuk kepentingan pertahanan negara dan/atau dalam rangka mendukung kepentingan nasional sesuai dengan peraturan perundang- undangan. (3) Penggunaan kekuatan TNI dalam rangka tugas perdamaian dunia dilakukan sesu...",0.7680286169052124
Apakah penggunaan kekuatan TNI untuk penanganan konflik internal termasuk dalam lingkup Pasal 19?,"1. Inti Jawaban:
- Ya, selama termasuk kategori operasi militer (Pasal 19 ayat 2 jo. penjelasan).
- Implikasi: Operasi Military Operations Other Than War (MOOTW) tetap memerlukan komando Panglima.

2. Rincian Analisis:
a. Isu Pokok: Klasifikasi jenis operasi militer.
b. Aturan & Unsur:
- Penjelasan Pasal 19: Operasi militer mencakup semua penggunaan kekuatan bersenjata.
- UU No. 34/2004 Pasal 7: Tugas TNI termasuk penanganan konflik.
c. Penerapan: Bila melibatkan unsur tempur (contoh: pengamanan wilayah konflik), maka berlaku mekanisme Pasal 19.

3. Disclaimer: Operasi bantuan sipil (seperti bencana alam) memiliki rezim hukum berbeda.","1. Inti Jawaban: Ya, jika konflik tersebut dianggap sebagai ancaman bersenjata.2. Rincian Analisis:a. Isu Pokok: Status konflik internal sebagai ancaman bersenjata.b. Aturan & Unsur: Pasal 6 ayat (1) huruf a dan b mencakup ancaman dari dalam negeri.c. Penerapan: Konflik seperti separatisme atau pemberontakan dapat dianggap sebagai ancaman bersenjata.3. Disclaimer: Interpretasi ini bergantung pada konteks spesifik kasus.","[undang_undang] Pasal 18 Isi: (1) Dalam keadaan memaksa untuk menghadapi ancaman militer dan/atau ancaman bersenjata, Presiden dapat langsung mengerahkan kekuatan TNI. (2) Dalam hal pengerahan langsung kekuatan TNI sebagaimana dimaksud pada ayat (1), dalam waktu 2 X 24 jam terhitung sejak dikeluarkannya keputusan pengerahan kekuatan, Presiden harus melaporkan kepada Dewan Perwakilan Rakyat. (3) Dalam hal Dewan Perwakilan Rakyat tidak menyetujui pengerahan sebagaimana dimaksud pada ayat (1) dan ayat (2), Preside...

---

[undang_undang] Pasal 20 Isi: (1) Penggunaan kekuatan TNI dalam rangka melaksanakan operasi militer untuk perang, dilakukan untuk kepentingan penyelenggaraan pertahanan negara sesuai dengan peraturan perUUan. (2) Penggunaan kekuatan TNI dalam rangka melaksanakan operasi militer selain perang, dilakukan untuk kepentingan pertahanan negara dan/atau dalam rangka mendukung kepentingan nasional sesuai dengan peraturan perundang- undangan. (3) Penggunaan kekuatan TNI dalam rangka tugas perdamaian dunia dilakukan sesu...

---

[undang_undang] Pasal 19 Isi: (1) Tanggung jawab penggunaan kekuatan TNI berada pada Panglima TNI. (2) Dalam hal penggunaan kekuatan sebagaimana dimaksud pada ayat (1), Panglima bertanggung jawab kepada Presiden. Penjelasan: Ayat (1) Cukup jelas. Ayat (2) Penggunaan kekuatan yang harus dipertanggungjawabkan kepada Presiden adalah tindakan operasi militer....

---

[undang_undang] Pasal 6 Isi: (1) TNI, sebagai alat pertahanan negara, berfungsi sebagai: a. penangkal terhadap setiap bentuk ancaman militer dan ancaman bersenjata dari luar dan dalam negeri terhadap kedaulatan, keutuhan wilayah, dan keselamatan bangsa; b. penindak terhadap setiap bentuk ancaman sebagaimana dimaksud pada ayat (1) huruf a; dan c. pemulih terhadap kondisi keamanan negara yang terganggu akibat kekacauan keamanan. (2) Dalam melaksanakan fungsi sebagaimana dimaksud pada ayat (1), TNI merupakan kompo...

---

[web_article] . Pemohon mengatakan pengajuan permohonan uji materiil Pasal 47 ayat 2 UU TNI bertujuan agar pasal tersebut tidak ditafsirkan secara serampangan. Selain itu, menurutnya perlu ada batasan yang jelas dalam pasal tersebut. Hal mana berlakunya ketentuana quotelah terjadi penyalahgunaan kekuasaan oleh penguasa pemerintah. Penguasa pemerintahan negara yang saat ini menjabat dan telah mengangkat prajurit TNI pada jabatan-jabatan strategis yang hanya ditunjukkan untuk kepentingan pribadi, tanpa memperha...

---

[analysis_report] 7 EDISI KHUSUS 2019 bawah koordinasi Kementerian Pertahanan Republik Indonesia (Huda, 2015: 254). Wujud nyata amanah dalam konstitusi tersebut menempatkan posisi TNI senantiasa berkiprah untuk mencegah terjadinya ancaman militer dan nir militer serta memberikan andil dalam memajukan bangsa dan negara. Pada masa damai TNI dibutuhkan atensinya sebagai kekuatan dalam membantu pemerintahan melalui berbagai macam tugas khusus atau yang dikenal dengan OMSP (OMSP). Oleh karena itu, tantangan yang dihad...",0.7434712648391724
Apa yang dimaksud dengan 'pemberdayaan wilayah pertahanan udara' dalam Pasal 10(1)(d)?,"1. Inti Jawaban:
- Pemberdayaan mencakup pengembangan infrastruktur, pelatihan sumber daya manusia, dan integrasi sistem pertahanan udara.
- Implikasi praktis: Modernisasi radar, pangkalan udara, dan pelibatan masyarakat dalam sistem pertahanan.

2. Rincian Analisis:
a. Isu Pokok: Implementasi konsep pemberdayaan wilayah pertahanan.
b. Aturan & Unsur: Pasal 10(1)(d) UU No. 34 Tahun 2004 menyebutkan tugas ini tanpa rincian teknis, diatur lebih lanjut dalam Peraturan Pemerintah.
c. Penerapan: Contohnya pembangunan sistem pertahanan udara terpadu (Kohanudnas) dan kerja sama dengan instansi terkait.

3. Disclaimer: Implementasi spesifik tergantung pada kebijakan teknis dan anggaran yang ditetapkan pemerintah.",A. Implikasi: Mencakup pengembangan infrastruktur dan sumber daya manusia. B. Dasar: Penjelasan Pasal 10 huruf d. C. Pembuktian: Merujuk pada penjelasan resmi.,"[undang_undang] Pasal 10 Isi: Angkatan Udara bertugas: a. melaksanakan tugas TNI matra udara di bidang pertahanan; b. menegakkan hukum dan menjaga keamanan di wilayah udara yurisdiksi nasional sesuai dengan ketentuan hukum nasional dan hukum internasional yang telah diratifikasi; c. melaksanakan tugas TNI dalam pembangunan dan pengembangan kekuatan matra udara; serta d. melaksanakan pemberdayaan wilayah pertahanan udara Penjelasan: Huruf a Cukup jelas. Huruf b Yang dimaksud dengan menegakkan hukum dan menjaga k...

---

[undang_undang] Pasal 8 Isi: Angkatan Darat bertugas: a. melaksanakan tugas TNI matra darat di bidang pertahanan; b. melaksanakan tugas TNI dalam menjaga keamanan wilayah perbatasan darat dengan negara lain; c. melaksanakan tugas TNI dalam pembangunan dan pengembangan kekuatan matra darat; serta d. melaksanakan pemberdayaan wilayah pertahanan di darat. Penjelasan: Huruf a Cukup jelas. Huruf b Yang dimaksud dengan menjaga keamanan wilayah perbatasan darat adalah segala upaya, pekerjaan, dan kegiatan untuk menjam...

---

[undang_undang] Pasal 7 Isi: (1) Tugas pokok TNI adalah menegakkan kedaulatan negara, mempertahankan keutuhan wilayah Negara Kesatuan Republik Indonesia yang berdasarkan Pancasila dan UU Dasar Negara Republik Indonesia Tahun 1945, serta melindungi segenap bangsa dan seluruh tumpah darah Indonesia dari ancaman dan gangguan terhadap keutuhan bangsa dan negara. (2) Tugas pokok sebagaimana dimaksud pada ayat (1) dilakukan dengan: a. operasi militer untuk perang; b. operasi militer selain perang, yaitu untuk: 1. men...

---

[undang_undang] Pasal 9 Isi: Angkatan Laut bertugas: a. melaksanakan tugas TNI matra laut di bidang pertahanan; b. menegakkan hukum dan menjaga keamanan di wilayah laut yurisdiksi nasional sesuai dengan ketentuan hukum nasional dan hukum internasional yang telah diratifikasi; c. melaksanakan tugas diplomasi Angkatan Laut dalam rangka mendukung kebijakan politik luar negeri yang ditetapkan oleh pemerintah; d. melaksanakan tugas TNI dalam pembangunan dan pengembangan kekuatan matra laut; serta e. melaksanakan pem...

---

[undang_undang] Pasal 11 Isi: (1) Postur TNI dibangun dan dipersiapkan sebagai bagian dari postur pertahanan negara untuk mengatasi setiap ancaman militer dan ancaman bersenjata. (2) Postur TNI sebagaimana dimaksud pada ayat (1) dibangun dan dipersiapkan sesuai dengan kebijakan pertahanan negara. Bagian Kedua Organisasi Penjelasan: Ayat (1) Yang dimaksud dengan postur pertahanan negara adalah wujud penampilan kekuatan pertahanan negara yang tercermin dari keterpaduan kekuatan, kemampuan dan penggelaran sumber d...

---

[undang_undang] Pasal 64 Isi: Hukum militer dibina dan dike mbangkan oleh pemerintah untuk kepentingan penyelenggaraan pertahanan negara. Penjelasan: Yang dimaksud dengan hukum m iliter adalah semua perundang- undangan nasional yang subjek hukumnya adalah anggota militer atau orang yang dipersamakan sebagai militer berdasarkan perUUan yang berlaku. Di samping itu segala hukum dan ketentuan perUUan yang dipakai sebagai dasar pelaksanaan tugas TNI dalam melaksanakan fungsi pertahanan negara dikategorikan sebagai ...",0.7381468415260315
Apa konsekuensi jika DPR tidak menyetujui pengerahan TNI oleh Presiden menurut Pasal 18 ayat (3)?,"1. Inti Jawaban:
- Presiden harus menghentikan pengerahan TNI jika DPR tidak menyetujui.
- Implikasi praktisnya adalah DPR memiliki kekuasaan untuk mengontrol keputusan Presiden dalam pengerahan TNI.

2. Rincian Analisis:
a. Isu Pokok: Kekuasaan DPR dalam menghentikan pengerahan TNI.
b. Aturan & Unsur: Pasal 18 ayat (3) UU No. 34 Tahun 2004 menyatakan bahwa Presiden harus menghentikan pengerahan TNI jika DPR tidak menyetujui.
c. Penerapan: Ketidaksetujuan DPR mengikat secara hukum dan Presiden tidak dapat melanjutkan pengerahan.

3. Disclaimer: Analisis ini bersifat umum dan tidak mencakup dinamika politik atau konstitusional yang mungkin terjadi.",A. Implikasi: Pengerahan TNI harus dihentikan. B. Alasan: Pasal 18 ayat (3) UU No. 34/2004 mensyaratkan persetujuan DPR. C. Rujukan: Pasal 18 ayat (3).,"[web_article] . RUU ini tidak masuk Prolegnas, saya tidak tahu apakah ada naskah akademiknya dan tiba-tiba Presiden mengirim surpres pada 18 Februari. Semua berlangsung begitu tertutup, kata Palguna dalam diskusi Teras FISIP Vol. 1 Pengesahan RUU TNI: Apa yang Perlu Diketahui Masyarakat di Kampus Unud Sudirman, Denpasar, Selasa (25/3/2025) malam. SCROLL TO CONTINUE WITH CONTENT Ketua Majelis Kehormatan Mahkamah Konstitusi (MKMK) itu menilai cara-cara seperti ini berisiko memperlebar jurang antara TNI dan masy...

---

[undang_undang] Pasal 18 Isi: (1) Dalam keadaan memaksa untuk menghadapi ancaman militer dan/atau ancaman bersenjata, Presiden dapat langsung mengerahkan kekuatan TNI. (2) Dalam hal pengerahan langsung kekuatan TNI sebagaimana dimaksud pada ayat (1), dalam waktu 2 X 24 jam terhitung sejak dikeluarkannya keputusan pengerahan kekuatan, Presiden harus melaporkan kepada Dewan Perwakilan Rakyat. (3) Dalam hal Dewan Perwakilan Rakyat tidak menyetujui pengerahan sebagaimana dimaksud pada ayat (1) dan ayat (2), Preside...

---

[web_article] . Dia mengatakan Prabowo selaku presiden tetap akan mengikuti peraturan yang berlaku. SCROLL TO CONTINUE WITH CONTENT Penekanan Presiden ikuti peraturan yang berlaku. Sekarang kan sudah, ujarnya. Sjafrie juga menegaskan pengesahan revisi UU TNI ini tidak akan mengembalikan TNI ke zaman Orde Baru, seperti di kepemimpinan Presiden ke-2 RI Soeharto. Dia juga membantah pembahasan RUU TNI dinilai tidak transparan. Nggak ada. Orde Baru kita nggak pakai lagi. Sekarang adalah satu orde yang ingin menega...

---

[undang_undang] Pasal 17 Isi: (1) Kewenangan dan tanggung jawab pengerahan kekuatan TNI berada pada Presiden. (2) Dalam hal pengerahan kekuatan TNI sebagaimana dimaksud pada ayat (1), Presiden harus mendapat persetujuan Dewan Perwakilan Rakyat....",0.6828629374504089
Mengapa hukum militer perlu dibina dan dikembangkan menurut UU No. 34 Tahun 2004?,"1. Inti Jawaban:
   - Hukum militer perlu dibina dan dikembangkan untuk mencapai kesatuan hukum, kepastian hukum, dan kodifikasi hukum.
   - Implikasi praktisnya adalah terciptanya sistem hukum yang konsisten dan dapat diandalkan bagi TNI.

2. Rincian Analisis:
   a. Isu Pokok: Tujuan pembinaan dan pengembangan hukum militer.
   b. Aturan & Unsur: Pasal 64 UU No. 34 Tahun 2004 menjelaskan bahwa pembinaan hukum militer diperlukan untuk mendukung fungsi pertahanan negara.
   c. Penerapan: Tanpa pembinaan, hukum militer mungkin tidak mampu menanggapi dinamika tugas TNI.

3. Disclaimer: Penjelasan ini terbatas pada ketentuan UU No. 34 Tahun 2004 dan tidak mencakup perkembangan terkini.","Jawaban: Jawaban: Jawaban: 1. Inti Jawaban: Untuk menjaga profesionalisme TNI sebagai alat pertahanan negara. Implikasinya, pengembangan hukum militer harus berorientasi pada kepentingan nasional. 2. Rincian Analisis: a. Isu Pokok: Pentingnya pembinaan hukum militer. b. Aturan & Unsur: Pasal 76 UU No. 34 Tahun 2004 menyatakan bahwa TNI harus menjadi alat pertahanan negara yang profesional. c. Penerapan: Pembinaan hukum militer harus didasari prinsip-prinsip demokratis dan hak asasi manusia. 3. Disclaimer: Penjelasan ini bersifat umum dan tidak menggantikan konsultasi hukum resmi.","[petition] . 31 tahun 1997 tentang Peradilan Militer. Agenda revisi UU ini lebih penting ketimbang RUU TNI, karena agenda itu merupakan kewajiban konstitusional negara untuk menjalankan prinsip persamaan di hadapan hukum (equality before the law) bagi semua warga negara, tanpa kecuali. Reformasi peradilan militer merupakan mandat TAP MPR No. VII Tahun 2000 dan UU No. 34 tahun 2004 tentang TNI. Kami menilai RUU TNI akan mengembalikan Dwifungsi TNI, yaitu militer aktif menduduki jabatan-jabatan sipil. Perlua...

---

[legal_request] . Namun, UU No. 3 tahun 2025 Tentang Perubahan atas UU Nomor 34 Tahun 2004 tentang TNI ini memperluas daftar jabatan yang dapat diisi oleh prajurit aktif, mencakup posisi di kementerian, lembaga negara, hingga BUMN dan BUMD. Hal ini berpotensi membahayakan karena Keterlibatan militer dalam pemerintahan sipil berisiko mengaburkan batas antara otoritas militer dan sipil, melemahkan supremasi sipil, serta membuka peluang bagi militer untuk kembali terlibat dalam politik praktis. Hal ini mengingatka...

---

[legal_request] . Bahwa fakta ini menunjukan perumusan dan pembentukan UU Nomor 3 Tahun 2025 Tentang Perubahan atas UU Nomor 34 Tahun 2004 tentang Tentara Nasional Inonesia tidak disertai dengan naskah akademik maka disebut cacat secara prosedural, RUU a quo prematur dan sagat serampangan yang seharusnya Naskah Akademik adalah bagian yang tidak terpisahkan dari RUU. Perencanaan dan penyusunan pembentukan UU Nomor 3 Tahun 2025 Tentang Perubahan atas UU Nomor 34 Tahun 2004 Tentang TNI (TNI), telah mengabaikan asa...

---

[academic_draft] 22 C. UU Nomor 34 Tahun 2004 tentang TNI UU Nomor 34 Tahun 2004 tentang TNI (UU TNI) saat ini telah berlaku lebih kurang 20 (dua puluh) tahun. Tentu selama berlaku, ada beberapa ketentuan atau materi muatan yang sudah tidak sesuai dengan dinamika dan perkembangan yang ada. Salah satunya, terkait peran prajurit aktif TNI pada Kementerian/lembaga lain serta batasan usia prajurit TNI. D. Putusan Mahkamah Konstitusi UU TNI pernah diuji di Mahkamah Konstitusi...

---

[analysis_report] 21 EDISI KHUSUS 2019 syarat-syarat keikutsertaan warga negara dalam usaha pertahanan dan keamanan negara harus diatur dalam UU. Sebagai tindak lanjut amanat UU Dasar, masing-masing institusi telah memiliki dasar peraturan perundang- undangan, seperti UU Nomor 2 Tahun 2002 tentang Kepolisian Republik Indonesia yang lahir bersamaan dengan Undang- Undang Nomor 3 tentang Pertahanan Negara, dan UU Nomor 34 tahun 2004 mengenai TNI. Namun, UU mengenai keikutsertaan warga negara dalam pertahanan negara ...

---

[undang_undang] Pasal 64 Isi: Hukum militer dibina dan dike mbangkan oleh pemerintah untuk kepentingan penyelenggaraan pertahanan negara. Penjelasan: Yang dimaksud dengan hukum m iliter adalah semua perundang- undangan nasional yang subjek hukumnya adalah anggota militer atau orang yang dipersamakan sebagai militer berdasarkan perUUan yang berlaku. Di samping itu segala hukum dan ketentuan perUUan yang dipakai sebagai dasar pelaksanaan tugas TNI dalam melaksanakan fungsi pertahanan negara dikategorikan sebagai ...",0.658841609954834
Bagaimana proses pemanggilan kembali prajurit menurut Pasal 60 UU TNI?,"1. Inti Jawaban:
- Proses pemanggilan kembali prajurit diatur lebih lanjut dengan undang-undang.
- Implikasi praktis: Tidak ada mekanisme detail dalam pasal ini.

2. Rincian Analisis:
a. Isu Pokok: Prosedur pemanggilan kembali prajurit.
b. Aturan & Unsur: Pasal 60 ayat (2) menyatakan bahwa kewajiban aktif kembali diatur dengan undang-undang.
c. Penerapan: Perlu merujuk pada undang-undang lain yang mengatur hal ini.

3. Disclaimer: Proses spesifik mungkin berbeda tergantung situasi.","1. Inti Jawaban:
   a. Proses pemanggilan kembali prajurit diatur dalam Pasal 60 ayat (1) UU No. 34/2004.
   b. Implikasi: Prajurit Sukarela dan Prajurit Wajib yang telah berakhir dinas dapat dipanggil kembali saat keadaan darurat militer atau perang.
2. Rincian Analisis:
   a. Isu Pokok: Prosedur pemanggilan kembali prajurit.
   b. Aturan & Unsur: Pasal 60 ayat (1) UU No. 34/2004 menyatakan bahwa prajurit dapat dipanggil kembali dalam keadaan darurat militer dan perang.
   c. Penerapan: Proses pemanggilan kembali diatur dengan UU yang berbeda untuk masing-masing kasus.
3. Disclaimer: Informasi ini hanya untuk edukasi dan tidak menggantikan nasihat hukum resmi.","[undang_undang] Pasal 60 Isi: (1) Dalam menghadapi keadaan darurat militer dan keadaan perang, setiap Prajurit Sukarela dan Prajurit Wajib yang telah berakhir menjalani dinas keprajuritan dapat diwajibkan aktif kembali (2) Kewajiban sebagaimana dimaksud pada ayat (1) diatur dengan UU....

---

[undang_undang] Pasal 58 Isi: (1) Prajurit yang dalam melaksanakan tugas tidak kembali bergabung dengan kesatuannya sebagai akibat dari atau diduga diakibatkan oleh tindakan musuh atau di luar kekuasaannya, dinyatakan hilang dalam tugas, wajib terus dicari. (2) Prajurit sebagaimana dimaksud pada ayat (1) apabila setelah 1 (satu) tahun tidak ada kepastian atas dirinya, diberhentikan dengan hormat dan kepada ahli warisnya diberikan hak sebagaimana hak prajurit yang gugur sesuai dengan peraturan perUUan. (3) Praju...

---

[academic_draft] . 3. Perlu dilakukan perubahan terhadap Pasal 47 dan Pasal 53 dalam UU TNI. B. Saran Naskah Akademik dan Rancangan UU ini diharapkan dapat memenuhi kebutuhan hukum dan memberi jaminan kepastian hukum kepada prajurit aktif TNI dalam menjalankan tugasnya sebagaimana diamanatkan dalam UU TNI. Atas hal itu, maka perlu segera dilakukan perubahan atas Pasal 47 dan Pasal 53 UU TNI sehingga memberikan landasan hukum bagi penyelenggaraan peran TNI yang lebih optimal dan memberikan kepastian hukum....

---

[undang_undang] Pasal 56 Isi: (1) Hak prajurit yang gugur atau tewas diberikan kepada ahli warisnya. (2) Ketentuan sebagaimana dimaksud pada ayat (1) diatur dengan Peraturan Pemerintah....

---

[web_article] . Sebab itu, kata dia, pasal tersebut berpotensi merugikan hak-hak konstitusional warga negara. Karena terdapat dalam pasal 47 ayat 1 yang menyatakan prajurit dapat menduduki jabatan di kementerian atau lembaga dan seterusnya tanpa harus mengundurkan diri atau pensiun dari dinas aktif keprajuritan, akibat berlakunya ketentuan a quo, yang memberikan dua alternatif keleluasaan bagi prajurit TNI untuk menduduki jabatan tersebut dan jabatan sipil lain, ujarnya. Kemudian bahwa kerugian konstitusional...",0.7143323421478271
Bagaimana TNI berperan sebagai 'penindak' menurut Pasal 6 ayat (1) huruf b?,"1. Inti Jawaban:
- Fungsi 'penindak' adalah kemampuan TNI untuk menghancurkan ancaman yang terjadi.
- Implikasi praktis: TNI harus siap bertindak tegas terhadap ancaman.

2. Rincian Analisis:
a. Isu Pokok: Peran TNI dalam menindak ancaman.
b. Aturan & Unsur: Pasal 6 ayat (1) huruf b dan penjelasannya menyebutkan penindak sebagai kekuatan untuk menghancurkan ancaman.
c. Penerapan: TNI harus memiliki strategi dan alat untuk menetralisir ancaman.

3. Disclaimer: Jawaban ini berdasarkan UU No. 34 Tahun 2004.","1. Inti Jawaban:
    - TNI sebagai penindak memiliki wewenang untuk menghancurkan ancaman militer dan bersenjata.
2. Rincian Analisis:
    a. Isu Pokok: Wewenang penindakan TNI.
    b. Aturan & Unsur: Huruf b Pasal 6 UU TNI menyatakan bahwa TNI bertugas menindak ancaman militer dan bersenjata.
    c. Penerapan: TNI dapat menggunakan operasi militer atau tindakan represif untuk menghalangi ancaman tersebut.
3. Disclaimer: Interpretasi ini berdasarkan teks UU TNI.","[undang_undang] Pasal 6 Isi: (1) TNI, sebagai alat pertahanan negara, berfungsi sebagai: a. penangkal terhadap setiap bentuk ancaman militer dan ancaman bersenjata dari luar dan dalam negeri terhadap kedaulatan, keutuhan wilayah, dan keselamatan bangsa; b. penindak terhadap setiap bentuk ancaman sebagaimana dimaksud pada ayat (1) huruf a; dan c. pemulih terhadap kondisi keamanan negara yang terganggu akibat kekacauan keamanan. (2) Dalam melaksanakan fungsi sebagaimana dimaksud pada ayat (1), TNI merupakan kompo...

---

[web_article] . Oleh karena itu, Pasal 47 ayat (2) UU TNI berpotensi bertentangan dengan Pasal 1 ayat (3) UUD NRI 1945 karena tidak sepenuhnya mencerminkan prinsip negara hukum yang menuntut adanya kepastian hukum, keadilan, dan supremasi sipil dalam setiap aspek penyelenggaraan negara, paparnya. Sebagai bentuk pencegahan terhadap dwifungsi militer dalam menduduki jabatan sipil sehingga pasal 47 ayat 2 UU TNI sudah seharusnya memperhatikan batasana quo, sesuai dengan huruf d TAP MPR Nomor 6 Tahun 2000, imbuhn...

---

[undang_undang] Pasal 5 Isi: TNI berperan sebagai alat negara di bidang pertahanan yang dalam menjalankan tugasnya berdasarkan kebijakan dan keputusan politik negara. Bagian Kedua Fungsi Penjelasan: Yang dimaksud dengan kebijakan dan keputusan politik negara adalah kebijakan politik pemerintah bersama-sama Dewan Perwakilan Rakyat yang dirumuskan melalui mekanisme hubungan kerja antara pemerintah dan Dewan Perwakilan Rakyat, seperti rapat konsultasi dan rapat kerja sesuai dengan peraturan perUUan....

---

[undang_undang] Pasal 11 Isi: (1) Postur TNI dibangun dan dipersiapkan sebagai bagian dari postur pertahanan negara untuk mengatasi setiap ancaman militer dan ancaman bersenjata. (2) Postur TNI sebagaimana dimaksud pada ayat (1) dibangun dan dipersiapkan sesuai dengan kebijakan pertahanan negara. Bagian Kedua Organisasi Penjelasan: Ayat (1) Yang dimaksud dengan postur pertahanan negara adalah wujud penampilan kekuatan pertahanan negara yang tercermin dari keterpaduan kekuatan, kemampuan dan penggelaran sumber d...

---

[undang_undang] Pasal 19 Isi: (1) Tanggung jawab penggunaan kekuatan TNI berada pada Panglima TNI. (2) Dalam hal penggunaan kekuatan sebagaimana dimaksud pada ayat (1), Panglima bertanggung jawab kepada Presiden. Penjelasan: Ayat (1) Cukup jelas. Ayat (2) Penggunaan kekuatan yang harus dipertanggungjawabkan kepada Presiden adalah tindakan operasi militer....

---

[undang_undang] Pasal 46 Isi: (1) Jabatan tertentu dalam struktur di lingkungan TNI dapat diduduki oleh pegawai negeri sipil. (2) Ketentuan sebagaimana dimaksud pada ayat (1) diatur dengan keputusan Panglima....",0.7214100956916809
Bagaimana cara TNI memastikan kepatuhan mantan prajurit terhadap Pasal 37 ayat (2)?,"1. Inti Jawaban:
- Melalui pembekalan reguler, sistem pengawasan, dan ancaman sanksi hukum.
- Implikasi: Pendekatan preventif dan represif dilakukan simultan.

2. Rincian Analisis:
a. Isu Pokok: Strategi penegakan kewajiban.
b. Aturan & Unsur: Diatur dalam Peraturan Panglima TNI tentang Pengawasan Mantan Prajurit.
c. Penerapan: Contoh: pembatasan bepergian ke luar negeri bagi mantan intelijen.

3. Disclaimer: Mekanisme pengawasan harus menghormati HAM.","1. Inti Jawaban:
   a. Melalui mekanisme verifikasi dan pelaporan.
   b. Implikasi: Meminimalkan risiko korupsi.
2. Rincian Analisis:
   a. Isu Pokok: Implementasi penegakan hukum.
   b. Aturan & Unsur: Pasal 37 ayat (2) UU No. 3 Tahun 2025 mensyaratkan transparansi.
   c. Penerapan: TNI harus memiliki sistem monitoring internal.
3. Disclaimer: Jawaban ini bersifat umum.","[web_article] . Oleh karena itu, Pasal 47 ayat (2) UU TNI berpotensi bertentangan dengan Pasal 1 ayat (3) UUD NRI 1945 karena tidak sepenuhnya mencerminkan prinsip negara hukum yang menuntut adanya kepastian hukum, keadilan, dan supremasi sipil dalam setiap aspek penyelenggaraan negara, paparnya. Sebagai bentuk pencegahan terhadap dwifungsi militer dalam menduduki jabatan sipil sehingga pasal 47 ayat 2 UU TNI sudah seharusnya memperhatikan batasana quo, sesuai dengan huruf d TAP MPR Nomor 6 Tahun 2000, imbuhn...

---

[web_article] . Ketiga pasal itu adalah Pasal 2 huruf d mengenai jati diri TNI yang profesional dengan tidak berpolitik praktis dan tidak berbisnis. Kemudian, Pasal 39 huruf 2, 3, dan 4 berkaitan larangan prajurit terlibat dalam kegiatan politik praktis, bisnis, maupun dipilih menjadi anggota legislatif. Serta Pasal 47 ayat (2) tentang sejumlah jabatan yang dapat diduduki prajurit aktif. Permohonan itu mulanya diajukan pada 13 Maret 2025. Di mana saat itu, DPR masih membahas revisiUU TNI. Kemudian, pada 20 Ma...

---

[undang_undang] Pasal 44 Isi: (1) Prajurit yang mendapat tugas dengan pertaruhan jiwa raga secara langsung dan berjasa melampaui panggilan tugas dapat dianugerahi kenaikan pangkat luar biasa. (2) Ketentuan sebagaimana dimaksud pada ayat (1) diatur dengan Peraturan Pemerintah. Penjelasan: Ayat (1) Yang dimaksud dengan melampaui panggilan tugas adalah bahwa seseorang prajurit TNI tanpa memperdulikan keselamatan jiwanya melakukan tindakan kepahlawanan dalam suatu tugas demi bangsa dan negara, walaupun tindakan itu...

---

[academic_draft] 27 BAB VI PENUTUP A. Simpulan Berdasarkan uraian yang telah disampaikan pada bab-bab sebelumnya, dapat disimpulkan hal-hal sebagai berikut: 1. Adanya kebutuhan hukum untuk mengubah ketentuan Pasal 47 terkait peran prajurit aktif TNI pada kementerian/ lembaga lain sesuai dengan kebutuhan. Selain itu, perlu diubah ketentuan dalam Pasal 53 terkait batasan usia masa dinas prajurit TNI sesuai dengan kepangkatan dan beban kerjanya. 2. Adanya kebutuhan-kebutuhan yang nyata dan mendesak dalam penyelengg...",0.7577337026596069
Bagaimana bentuk penugasan yang dimaksud dalam Pasal 41?,"1. Inti Jawaban:
   - Penugasan dapat berupa tugas operasional, khusus, atau pengembangan karir.
   - Implikasi praktisnya adalah variasi penugasan sesuai kebutuhan TNI.

2. Rincian Analisis:
   a. Isu Pokok: Jenis-jenis penugasan prajurit.
   b. Aturan & Unsur: Pasal 41 ayat (1) UU No. 34 Tahun 2004 tidak membatasi bentuk penugasan.
   c. Penerapan: Penugasan dapat bersifat temporer atau permanen, tergantung situasi.

3. Disclaimer: Jenis penugasan dapat berkembang sesuai dinamika TNI.","1. Inti Jawaban:
    - Penugasan dapat berupa tugas operasional, latihan, atau pendidikan.
2. Rincian Analisis:
    a. Isu Pokok: Jenis-jenis penugasan prajurit.
    b. Aturan & Unsur: Pasal 41 tidak merinci jenis penugasan, tetapi secara umum mencakup semua aktivitas dinas keprajuritan.
    c. Penerapan: Penugasan harus sesuai dengan jabatan dan tanggung jawab prajurit.
3. Disclaimer: Informasi ini bersifat informatif dan tidak menggantikan konsultasi hukum resmi.","[undang_undang] Pasal 26 Isi: (1) Prajurit dikelompokkan dalam golongan kepangkatan perwira, bintara, dan tamtama. (2) Golongan kepangkatan sebagaimana dimaksud pada ayat (1), diatur lebih lanjut dengan keputusan Panglima....

---

[undang_undang] Pasal 51 Isi: (1) Prajurit yang diberhentikan dengan hormat memperoleh rawatan dan layanan purnadinas. (2) Rawatan dan layanan purnadinas sebagaimana dimaksud pada ayat (1), meliputi pensiun, tunjangan bersifat pensiun, tunjangan atau pesangon dan rawatan kesehatan. (3) Pelaksanaan ketentuan sebagaimana dimaksud pada ayat (1) dan ayat (2) diatur dengan Peraturan Pemerintah. Penjelasan: Ayat (1) Cukup jelas. Ayat (2) Prajurit karier yang diberhentikan dengan hormat dari dinas keprajuritan menerim...

---

[undang_undang] Pasal 24 Isi: (1) Prajurit Wajib menjalani dinas keprajuritan berdasarkan ikatan dinas. (2) Ketentuan sebagaimana dimaksud pada ayat (1), diatur lebih lanjut dalam UU....

---

[academic_draft] . B. Materi Muatan RUU Materi muatan RUU memuat materi perubahan dalam Pasal 47 dan Pasal 53 UU TNI. Di samping itu, dimuat juga ketentuan mengenai tugas pemantauan dan peninjauan atas UU TNI ini oleh DPR melalui alat kelengkapan yang menangani bidang legislasi. Rumusan materi muatan perubahan Pasal 47, Pasal 53, dan tugas pemantauan dan peninjauan UU TNI sebagaimana dimuat dalam rancangan UU tentang perubahan atas UU TNI....

---

[undang_undang] Pasal 56 Isi: (1) Hak prajurit yang gugur atau tewas diberikan kepada ahli warisnya. (2) Ketentuan sebagaimana dimaksud pada ayat (1) diatur dengan Peraturan Pemerintah....

---

[undang_undang] Pasal 48 Isi: Pemberhentian sementara dari jabatan dilakukan oleh pejabat yang berwenang mengangkat dan memberhentikan dalam jabatan tersebut, berdasarkan peraturan perUUan. Bagian Kelima Kesejahteraan...",0.6995702981948853
Mengapa Komando Utama Pembinaan berada di bawah Kepala Staf Angkatan?,"1. Inti Jawaban:
   - Untuk memastikan pembinaan sesuai kebutuhan spesifik angkatan.
   - Implikasi praktisnya adalah pengembangan yang terfokus.

2. Rincian Analisis:
   a. Isu Pokok: Alasan desentralisasi pembinaan.
   b. Aturan & Unsur: Pasal 12 ayat (3) menjelaskan posisi Komando Utama Pembinaan.
   c. Penerapan: Desentralisasi memungkinkan pembinaan yang relevan.

3. Disclaimer: Berdasarkan UU No. 34 Tahun 2004.","1. Inti Jawaban: Untuk memastikan profesionalisme dan kesinambungan dalam pembinaan kekuatan militer.
2. Rincian Analisis:
    a. Isu Pokok: Alasan struktural pembagian wewenang.
    b. Aturan & Unsur: Pasal 16 ayat (1) menegaskan tanggung jawab Kepala Staf Angkatan untuk memimpin Angkatan.
    c. Penerapan: Ini memastikan fokus pada pengembangan kapasitas operasional tanpa gangguan politik.
3. Disclaimer: Analisis ini berdasarkan UU No. 34 Tahun 2004.","[undang_undang] Pasal 16 Isi: Tugas dan kewajiban Kepala Staf Angkatan adalah: 1. memimpin Angkatan dalam pembinaan kekuatan dan kesiapan operasional Angkatan; 2. membantu Panglima dalam menyusun kebijakan tentang pengembangan postur, doktrin, dan strategi serta operasi militer sesuai dengan matra masing-masing 3. membantu Panglima dalam penggunaan komponen pertahanan negara sesuai dengan kebutuhan Angkatan; serta 4. melaksanakan tugas lain sesuai dengan matra masing- masing yang diberikan oleh Panglima....

---

[undang_undang] Pasal 14 Isi: (1) Angkatan dipimpin oleh seor ang Kepala Staf Angkatan dan berkedudukan di bawah Panglima serta bertanggung jawab kepada Panglima. (2) Kepala Staf Angkatan diangkat dan diberhentikan oleh Presiden atas usul Panglima. (3) Kepala Staf Angkatan sebagaimana dimaksud pada ayat (2) diangkat dari Perwira Tinggi aktif dari angkatan yang bersangkutan dengan memperhatikan jenjang kepangkatan dan karier. (4) Tata cara pengangkatan dan pemberhentian Kepala Staf Angkatan sebagaimana dimaksud ...

---

[undang_undang] Pasal 3 Isi: (1) Dalam pengerahan dan penggu naan kekuatan militer, TNI berkedudukan di bawah Presiden. (2) Dalam kebijakan dan strategi pertahanan serta dukungan administrasi, TNI di bawah koordinasi Departemen Pertahanan. Penjelasan: Ayat (1) Yang dimaksud berkedudukan di bawah Presiden adalah bahwa keberadaan TNI di bawah kekuasaan Presiden. Ayat (2) Yang dimaksud dengan di bawah koordinasi Departemen Pertahanan adalah segala sesuatu yang berkaitan dengan perencanaan strategis yang meliputi a...

---

[web_article] . Koalisi mengatakan sebelumnya dalam Perpres Nomor 55 Tahun 2020 tentang Sekretariat Kabinet, Pasal 1 ayat (1) mengatur bahwa Sekretariat Kabinet berada di bawah dan bertanggung jawab kepada Presiden. Struktur ini kemudian diubah melalui Pepres No. 148 Tahun 2024 tentang Kementerian Sekretariat Negara karena dalam Pasal 48 ayat (1) Perpres a quo, Sekretaris Kabinet disebutkan menjadi bagian dari Sekretariat Militer Presiden. Koalisi mencatat terdapat 2.569 prajurit TNI aktif di jabatan sipil pa...

---

[undang_undang] Pasal 45 Isi: Pengangkatan dan pemberhentian jabatan di dalam struktur TNI selain jabatan Panglima dan Kepala Staf Angkatan, diatur dengan keputusan Panglima....

---

[academic_draft] . Selain itu, beberapa prajurit aktif TNI antara lain juga dapat diperbantukan pada kementerian kelautan dan perikanan, staf kepresidenan, badan nasional penanggulangan terorisme, badan nasional penanggulangan bencana, badan nasional pengelolaan perbatasan, kejaksaan agung, serta kementerian/ lembaga lainnya atas kebijakan Presiden. Presiden selaku kepala pemerintahan dan panglima tertinggi atas angkatan darat, angkatan laut, dan angkatan udara berwenang menempatkan prajurit aktif TNI pada kemen...",0.615451455116272
Bagaimana status hukum 'dukungan administrasi' dalam revisi UU TNI?,"1. Inti Jawaban:
- Didefinisikan lebih rinci mencakup pemeliharaan/perawatan.
- Implikasi: Penegasan tanggung jawab Kemenhan atas sustainabilitas alat militer.

2. Rincian Analisis:
a. Isu Pokok: Legalitas aktivitas pendukung.
b. Aturan & Unsur: Perubahan Penjelasan Pasal 3 ayat (2) menambahkan unsur maintenance.
c. Penerapan: Memastikan kesiapan operasional jangka panjang.

3. Disclaimer: Implementasi memerlukan SOP teknis lebih lanjut.",(a) Inti Jawaban: Status hukum dukungan administrasi diatur dalam Pasal... UU TNI. (b) Rincian: Pasal... UU TNI mendefinisikan dukungan administrasi sebagai mekanisme penunjang operasional TNI. (c) Disclaimer: Interpretasi lebih lanjut merujuk pada konteks implementasi.,"[web_article] . SCROLL TO CONTINUE WITH CONTENT Kristomei mengatakan revisi UU TNI yang baru tetap dalam kerangka supremasi sipil dan telah memenuhi ketentuan hukum yang berlaku. UU TNI yang baru disahkan oleh DPR tentunya telah melalui proses legislasi yang melibatkan berbagai pihak, termasuk pemerintah dan DPR, dengan mempertimbangkan kepentingan pertahanan negara serta profesionalisme TNI, ujarnya. Perubahan UU ini tetap menghormati dan dalam kerangka supremasi sipil, tetap berdasarkan nilai dan prinsip de...

---

[web_article] . SCROLL TO CONTINUE WITH CONTENT Selain itu, dia menegaskan UU TNI ini sebagai upaya memperkuat reformasi TNI. Dia berharap, dengan aturan ini, anggota TNI tetap profesional dan fokus terhadap tugas pokoknya dalam pertahanan negara. Kita ingin memastikan bahwa aturan ini berjalan dengan baik dan semua pihak menjalankan tugasnya sesuai dengan ketentuan yang berlaku, katanya. Sebagai informasi, DPR telah mengesahkan revisi UU tentang Perubahan atas UU Nomor 34 Tahun 2004 tentang TNI atau RUU TNI ...

---

[web_article] . Dia menyebut perubahan dalam UU TNI yang baru tetap dalam kerangka supremasi sipil dan telah memenuhi ketentuan hukum yang berlaku. UU TNI yang baru disahkan oleh DPR tentunya telah melalui proses legislasi yang melibatkan berbagai pihak, termasuk pemerintah dan DPR, dengan mempertimbangkan kepentingan pertahanan negara serta profesionalisme TNI, ujarnya. Perubahan UU ini tetap menghormati dan dalam kerangka supremasi sipil, tetap berdasarkan nilai dan prinsip demokrasi serta memenuhi ketentua...",0.7767207026481628
Apa ketentuan usia pensiun bagi perwira TNI berdasarkan Pasal 71 UU No. 34 Tahun 2004?,"1. Inti Jawaban:
- Usia pensiun tertinggi bagi perwira TNI adalah 58 tahun.
- Implikasi praktis: Perwira yang belum pensiun saat UU ini diundangkan akan mengikuti ketentuan bertahap sesuai usia mereka.

2. Rincian Analisis:
a. Isu Pokok: Penetapan usia pensiun perwira TNI secara bertahap.
b. Aturan & Unsur: Pasal 71 huruf a dan b (1-3) UU No. 34/2004 mengatur:
   - Perwira berusia 55 tahun atau kurang: pensiun maksimal 56 tahun.
   - Perwira berusia di bawah 54 tahun: pensiun maksimal 57 tahun.
   - Perwira berusia di bawah 53 tahun: pensiun maksimal 58 tahun.
c. Penerapan: Ketentuan berlaku progresif untuk memastikan transisi yang terukur.

3. Disclaimer: Analisis ini bersifat umum dan tidak menggantikan konsultasi hukum.",A. Inti Jawaban: Ketentuan usia pensiun perwira TNI diatur dalam Pasal 71 ayat (2) UU No. 34 Tahun 2004. Implikasinya adalah adanya penyesuaian batas usia pensiun. B. Rincian: 1. Aturan: a. Pasal 71 ayat (2) UU No. 34 Tahun 2004 mengatur usia pensiun perwira TNI. b. Ayat (2)(a)-(d) menjelaskan detail ketentuan. 2. Unsur: a. Batas usia pensiun perwira TNI. b. Mekanisme pelaksanaan. C. Disclaimer: Informasi ini bersifat umum.,"[undang_undang] Pasal 71 Isi: Pada saat berlakunya UU ini, ketentuan tentang usia pensiun sebagaimana dimaksud pada 53, diatur sebagai berikut: a. Usia pensiun paling tinggi 58 (lima puluh delapan) tahun bagi perwira dan 53 (lima puluh tiga) tahun bagi bintara dan tamtama, hanya berlaku bagi prajurit TNI yang pada tanggal UU ini diundangkan belum dinyatakan pensiun dari dinas TNI; b. Pelaksanaan ketentuan sebagaimana dimaksud pada huruf a diatur secara bertahap: 1. Perwira yang tepat berusia atau belum genap be...

---

[web_article] . Dalam Pasal 53 RUU TNI mengubah batas usia pensiun prajurit. Ketentuan ini diatur dalam ayat (2) dengan batas usia pensiun yang variatif berdasarkan pangkat dan jabatan. Khusus untuk perwira tinggi bintang 4, batas usia pensiun maksimal 63 tahun dan dapat diperpanjang maksimal 2 kali atau 2 tahun sesuai dengan kebutuhan yang ditetapkan dengan Keputusan Presiden. Isi: nan...

---

[academic_draft] 12 batasan usia pensiun prajurit TNI saat ini serta kebijakan dalam menyikapi perkembangan tersebut. 3. Guna mengetahui teori dan praktik terkait pengaturan keterlibatan prajurit aktif TNI pada Kementerian/lembaga negara serta batasan usia pensiun prajurit TNI. 4. Guna mengetahui hasil evaluasi dan analisis terhadap UU Nomor 34 Tahun 2004 tentang TNI. 5. Guna mengetahui pertimbangan atau landasan filosofis, sosiologis, dan yuridis pembentukan Rancangan Undang- Undang Perubahan atas UU Nomor 34 T...

---

[academic_draft] 11 negara serta pengaturan terkait batasan usia pensiun bagi prajurit TNI dikaitkan dengan Putusan Mahkamah Konstitusi Nomor 62/PUU-XIV/2016 yang menyatakan bahwa hal ini merupakan kebijakan hukum terbuka (open legal policy)? 2. Bagaimana perkembangan pengaturan keterlibatan prajurit aktif TNI pada Kementerian/lembaga negara dan batasan usia pensiun prajurit TNI saat ini serta kebijakan dalam menyikapi perkembangan tersebut? 3. Bagaimana teori dan praktik terkait pengaturan keterlibatan prajurit...",0.8453029990196228
Bagaimana kedudukan prajurit di Mahkamah Agung menurut UU ini?,"1. Inti Jawaban:
- Diperbolehkan baik dalam versi lama maupun perubahan (Pasal 47 ayat (2) dan ayat (1)).
- Implikasi praktis: Khusus untuk kasus-kasus militer.

2. Rincian Analisis:
a. Isu Pokok: Peran prajurit di yudikatif.
b. Aturan & Unsur:
- MA termasuk dalam daftar lembaga.
- Terbatas pada kamar militer.
c. Penerapan: Sesuai UU Peradilan Militer.

3. Disclaimer: Tidak boleh menangani perkara sipil.","1. Inti Jawaban: Prajurit tidak memiliki status khusus di MA. 2. Rincian Analisis: a. Isu Pokok: Status prajurit di MA. b. Aturan & Unsur: Pasal 63 hanya mengatur perkawinan/prajurit, bukan status di MA. c. Penerapan: Prajurit tetap tunduk pada prosedur peradilan umum.","[undang_undang] Pasal 37 Isi: (1) Prajurit berkewajiban menjunjung tinggi kepercayaan yang diberikan oleh bangsa dan negara untuk melakukan usaha pembelaan negara sebagaimana termuat dalam Sumpah Prajurit (2) Untuk keamanan negara, setiap prajurit yang telah berakhir menjalani dinas keprajuritan atau prajurit siswa yang karena suatu hal tidak dilantik menjadi prajurit, wajib memegang teguh rahasia tentara walaupun yang bersangkutan diberhentikan dengan hormat atau dengan tidak hormat....

---

[undang_undang] Pasal 65 Isi: (1) Prajurit Siswa tunduk pada ketentuan hukum yang berlaku bagi prajurit. (2) Prajurit tunduk kepada kekuasaan pera dilan militer dalam hal pelanggaran hukum pidana militer dan tunduk pada kekuasaan peradilan umum dalam hal pelanggaran hukum pidana umum yang diatur dengan UU. (3) Apabila kekuasaan peradilan umum sebagaimana dimaksud pada ayat (2) tidak berfungsi, maka prajurit tunduk di bawah kekuasaan peradilan yang diatur dengan UU. Penjelasan: Ayat (1) Hukum yang dimaksud adala...

---

[undang_undang] Pasal 56 Isi: (1) Hak prajurit yang gugur atau tewas diberikan kepada ahli warisnya. (2) Ketentuan sebagaimana dimaksud pada ayat (1) diatur dengan Peraturan Pemerintah....

---

[undang_undang] Pasal 44 Isi: (1) Prajurit yang mendapat tugas dengan pertaruhan jiwa raga secara langsung dan berjasa melampaui panggilan tugas dapat dianugerahi kenaikan pangkat luar biasa. (2) Ketentuan sebagaimana dimaksud pada ayat (1) diatur dengan Peraturan Pemerintah. Penjelasan: Ayat (1) Yang dimaksud dengan melampaui panggilan tugas adalah bahwa seseorang prajurit TNI tanpa memperdulikan keselamatan jiwanya melakukan tindakan kepahlawanan dalam suatu tugas demi bangsa dan negara, walaupun tindakan itu...

---

[undang_undang] Pasal 63 Isi: (1) Perkawinan, perceraian, dan rujuk bagi setiap prajurit dilaksanakan berdasarkan peraturan perUUan. (2) Pelaksanaan sebagaimana dimaksud pada ayat (1) diatur dengan keputusan Panglima Bagian Ketujuh Ketentuan Hukum...

---

[undang_undang] Pasal 74 Isi: (1) Ketentuan sebagaimana dimaksud dalam 65 berlaku pada saat UU tentang Peradilan Militer yang baru diberlakukan. (2) Selama UU peradilan militer yang baru belum dibentuk, tetap tunduk pada ketentuan UU Nomor 31 Tahun 1997 te ntang Peradilan Militer....",0.6839259266853333
Apa kewajiban utama prajurit TNI berdasarkan Pasal 37 ayat (1) UU No. 34 Tahun 2004?,"1. Inti Jawaban:
- Prajurit TNI wajib menjunjung tinggi kepercayaan bangsa dan negara untuk membela negara sesuai Sumpah Prajurit.
- Implikasi: Prajurit harus selalu siap melaksanakan tugas pembelaan negara dengan integritas tinggi.

2. Rincian Analisis:
a. Isu Pokok: Kewajiban moral dan hukum prajurit dalam pembelaan negara.
b. Aturan & Unsur: Pasal 37 ayat (1) menyatakan prajurit harus memegang teguh Sumpah Prajurit sebagai bentuk tanggung jawab konstitusional.
c. Penerapan: Setiap tindakan prajurit harus mencerminkan kesetiaan pada negara, termasuk dalam operasi militer dan pelayanan publik.

3. Disclaimer: Analisis ini bersifat umum dan tidak menggantikan konsultasi hukum spesifik.","A. Inti Jawaban: Prajurit TNI wajib menjunjung tinggi nilai-nilai Pancasila dan UUD 1945.
B. Rincian Analisis: Pasal 37 ayat (1) UU No. 34 Tahun 2004 menyatakan bahwa prajurit TNI wajib menjunjung tinggi nilai-nilai Pancasila dan UUD 1945. C. Disclaimer: Informasi ini bersifat informatif dan tidak menggantikan konsultasi hukum resmi.","[legal_request] . (3) TNI terdiri atas Angkatan Darat, Angkatan Laut dan Angkatan Udara sebagai alat negara bertugas mempertahankan, melindungi Kemudian Pasal 3 ayat (1) UU No. 3 Tahun 2002 Tentang Pertahanan Negara, mengatur: Pertahanan negara disusun berdasarkan prinsip demokrasi, hak asasi manusia, kesejahteraan umum, lingkungan hidup, ketentuan hukum nasional, hukum internasional dan kebiasaan internasional, serta prinsip hidup berdampingan secara damai. UU No. 3 Tahun 2025 menyangkut usaha pertahanan dan k...

---

[web_article] . Oleh karena itu, Pasal 47 ayat (2) UU TNI berpotensi bertentangan dengan Pasal 1 ayat (3) UUD NRI 1945 karena tidak sepenuhnya mencerminkan prinsip negara hukum yang menuntut adanya kepastian hukum, keadilan, dan supremasi sipil dalam setiap aspek penyelenggaraan negara, paparnya. Sebagai bentuk pencegahan terhadap dwifungsi militer dalam menduduki jabatan sipil sehingga pasal 47 ayat 2 UU TNI sudah seharusnya memperhatikan batasana quo, sesuai dengan huruf d TAP MPR Nomor 6 Tahun 2000, imbuhn...

---

[undang_undang] Pasal 44 Isi: (1) Prajurit yang mendapat tugas dengan pertaruhan jiwa raga secara langsung dan berjasa melampaui panggilan tugas dapat dianugerahi kenaikan pangkat luar biasa. (2) Ketentuan sebagaimana dimaksud pada ayat (1) diatur dengan Peraturan Pemerintah. Penjelasan: Ayat (1) Yang dimaksud dengan melampaui panggilan tugas adalah bahwa seseorang prajurit TNI tanpa memperdulikan keselamatan jiwanya melakukan tindakan kepahlawanan dalam suatu tugas demi bangsa dan negara, walaupun tindakan itu...

---

[undang_undang] Pasal 42 Isi: (1) Setiap prajurit memperoleh kesempatan untuk mendapat kenaikan pangkat dan/atau jabatan berdasarkan prestasinya, sesuai dengan pola karier yang berlaku dengan mempertimbangkan kepentingan TNI dan memenuhi persyaratan yang ditentukan. (2) Ketentuan sebagaimana dimaksud pada ayat (1) diatur dengan keputusan Panglima....

---

[undang_undang] Pasal 60 Isi: (1) Dalam menghadapi keadaan darurat militer dan keadaan perang, setiap Prajurit Sukarela dan Prajurit Wajib yang telah berakhir menjalani dinas keprajuritan dapat diwajibkan aktif kembali (2) Kewajiban sebagaimana dimaksud pada ayat (1) diatur dengan UU....",0.7259959578514099
Bagaimana proses pembentukan Tamtama menurut UU No. 34 Tahun 2004 tentang TNI?,"1. Inti Jawaban:
- Tamtama dibentuk melalui pendidikan pertama tamtama yang langsung dari masyarakat.
- Implikasi praktisnya adalah bahwa calon Tamtama harus mengikuti pendidikan dasar sebelum resmi menjadi anggota TNI.

2. Rincian Analisis:
a. Isu Pokok: Proses rekrutmen dan pendidikan awal Tamtama.
b. Aturan & Unsur: Pasal 32 ayat (1) UU No. 34 Tahun 2004 menyatakan bahwa Tamtama dibentuk melalui pendidikan pertama yang langsung dari masyarakat. Pendidikan ini diatur lebih lanjut oleh Panglima (Pasal 32 ayat 2).
c. Penerapan: Calon Tamtama harus mengikuti pendidikan dasar yang diselenggarakan oleh TNI sebelum diangkat menjadi anggota. Proses ini memastikan standar kualitas dan kedisiplinan.

3. Disclaimer: Penjelasan ini berdasarkan UU No. 34 Tahun 2004 dan tidak mencakup peraturan turunan atau kebijakan internal TNI.",(a) Inti Jawaban: Proses pembentukan Tamtama diatur dalam UU No. 34 Tahun 2004. (b) Rincian: 1. Isu Pokok: Mekanisme pembentukan Tamtama. 2. Aturan & Unsur: Pasal 67 UU No. 34 Tahun 2004 tentang TNI mengatur pembentukan Tamtama. 3. Penerapan: Proses ini melibatkan DPR dan Presiden. (c) Disclaimer: Informasi ini bersifat umum.,"[legal_request] . Perencanaan dan penyusunan pembentukan UU Nomor 3 Tahun 2025 Tentang Perubahan atas UU Nomor 34 Tahun 2004 Tentang TNI (TNI), tidak sesuai dengan tata cara pembentukan peraturan perUUan, tanpa naskah akademik. 13. Bahwa dalam Pasal 43 ayat (3) UU No. 12 Tahun 2011 mengatur secara imperatif dan tegas: Rancangan UU yang berasal dari DPR, Presiden, atau DPD harus disertai Naskah Akademik. Adapun dalam Pasal 1 angka 11 UU No...

---

[web_article] . Dia mengatakan naskah akademik pun disampaikan bersamaan dengan permohonan memasukkan RUU TNI ke prolegnas. Akibatnya terjadi kecacatan formil akibat pelanggaran pasal 22a Undang-undang P3 sebagai UU yang mengatur tata cara pembentukan UU telah dilanggar, sehingga proses penyusunan RUU TNI tidak sah secara formil, ungkapnya. Dalam petitumnya, pemohon meminta MK membatalkan UU TNI. Pemohon juga meminta MK memutuskan agar UU Nomor 34 Tahun 2004 berlaku kembali. Menyatakan UU Nomor 3 Tahun 2025 t...

---

[legal_request] . Pengambilan keputusan RUU revisi UU TNI yang sudah menjadi Undang- Undang Nomor 3 Tahun 2025 Tentang Perubahan atas UU Nomor 34 Tahun 2004 Tentang TNI (TNI), dilaksanakan pada Rapat Paripurna Pembukaan masa sidang DPR RI ke-13, pada 18 Februari 2025,yang dimana Para Permohonan menilai banyak kejanggalan dalam pengambilan keputusannya. Pertama, pengambilan keputusan untuk memasukkan RUU Revisi UU TNI yang sudah menjadi UU Nomor 3 Tahun 2025 Tentang Perubahan atas UU Nomor 34 Tahun 2004 Tentang ...

---

[academic_draft] 22 C. UU Nomor 34 Tahun 2004 tentang TNI UU Nomor 34 Tahun 2004 tentang TNI (UU TNI) saat ini telah berlaku lebih kurang 20 (dua puluh) tahun. Tentu selama berlaku, ada beberapa ketentuan atau materi muatan yang sudah tidak sesuai dengan dinamika dan perkembangan yang ada. Salah satunya, terkait peran prajurit aktif TNI pada Kementerian/lembaga lain serta batasan usia prajurit TNI. D. Putusan Mahkamah Konstitusi UU TNI pernah diuji di Mahkamah Konstitusi...",0.6877772808074951
Siapa yang disebut sebagai Kepala Staf Angkatan?,"1. Inti Jawaban:
- Kepala Staf AD, AL, dan AU (Pasal 1 angka 12).
- Implikasi: Pimpinan profesional masing-masing angkatan.

2. Rincian Analisis:
a. Isu Pokok: Komando teknis angkatan.
b. Aturan & Unsur: Pasal 1 angka 12 UU No 34/2004 tentang posisi KAS.
c. Penerapan: Bertanggung jawab atas kesiapan operasional.

3. Disclaimer: Berada di bawah Panglima TNI.","1. Inti Jawaban:
   a. Kepala Staf Angkatan adalah seorang perwira tinggi yang memimpin masing-masing angkatan.
   b. Implikasi: Kepala Staf Angkatan memiliki otoritas teknis dan operasional atas angkatannya.
2. Rincian Analisis:
   a. Isu Pokok: Definisi Kepala Staf Angkatan.
   b. Aturan & Unsur: Pasal 14 ayat (1) UU No. 34 Tahun 2004 mengamanatkan bahwa Kepala Staf Angkatan adalah pimpinan angkatan yang bertanggung jawab kepada Panglima.
   c. Penerapan: Kepala Staf Angkatan harus memenuhi syarat menjadi perwira tinggi aktif dari angkatan yang bersangkutan.
3. Disclaimer: Informasi ini hanya untuk edukasi dan tidak menggantikan konsultasi hukum resmi.","[undang_undang] Pasal 16 Isi: Tugas dan kewajiban Kepala Staf Angkatan adalah: 1. memimpin Angkatan dalam pembinaan kekuatan dan kesiapan operasional Angkatan; 2. membantu Panglima dalam menyusun kebijakan tentang pengembangan postur, doktrin, dan strategi serta operasi militer sesuai dengan matra masing-masing 3. membantu Panglima dalam penggunaan komponen pertahanan negara sesuai dengan kebutuhan Angkatan; serta 4. melaksanakan tugas lain sesuai dengan matra masing- masing yang diberikan oleh Panglima....

---

[undang_undang] Pasal 14 Isi: (1) Angkatan dipimpin oleh seor ang Kepala Staf Angkatan dan berkedudukan di bawah Panglima serta bertanggung jawab kepada Panglima. (2) Kepala Staf Angkatan diangkat dan diberhentikan oleh Presiden atas usul Panglima. (3) Kepala Staf Angkatan sebagaimana dimaksud pada ayat (2) diangkat dari Perwira Tinggi aktif dari angkatan yang bersangkutan dengan memperhatikan jenjang kepangkatan dan karier. (4) Tata cara pengangkatan dan pemberhentian Kepala Staf Angkatan sebagaimana dimaksud ...

---

[academic_draft] . Selain itu, beberapa prajurit aktif TNI antara lain juga dapat diperbantukan pada kementerian kelautan dan perikanan, staf kepresidenan, badan nasional penanggulangan terorisme, badan nasional penanggulangan bencana, badan nasional pengelolaan perbatasan, kejaksaan agung, serta kementerian/ lembaga lainnya atas kebijakan Presiden. Presiden selaku kepala pemerintahan dan panglima tertinggi atas angkatan darat, angkatan laut, dan angkatan udara berwenang menempatkan prajurit aktif TNI pada kemen...

---

[undang_undang] Pasal 27 Isi: (1) Setiap prajurit diberi pangkat sebagai keabsahan wewenang dan tanggung jawab hierarki keprajuritan. (2) Pangkat menurut sifatnya dibedakan sebagai berikut: a. pangkat efektif diberikan kepada prajurit selama menjalani dinas keprajuritan dan membawa akibat administrasi penuh; b. pangkat lokal diberikan untuk sementara kepada prajurit yang menjalankan tugas dan jabatan khusus yang sifatnya sementara, serta memerlukan pangkat yang lebih tinggi dari pangkat yang disandangnya, guna ...

---

[web_article] . Menurut mantan Gubernur Lembaga Ketahanan Nasional (Lemhannas) Andi Widjajanto, ketika ia masih mendampingi Presiden Joko Widodo, ada sejumlah usulan agar perwira TNI aktif bisa ditempatkan di jabatan sipil di luar yang diizinkan UU TNI. Salah satu contoh yang menonjol adalah penunjukan Doni Monardo sebagai Kepala Badan Nasional Penanggulangan Bencana (BNPB) dengan status perwira aktif bintang tiga. Sebelumnya, Kepala BNPB dari unsur TNI harus beralih status menjadi aparatur sipil negara (ASN)...

---

[analysis_report] 45 EDISI KHUSUS 2019 KIPRAH TNI SEBAGAI KOMPONEN UTAMA PERTAHANAN NEGARA DI KANCAH DUNIA INTERNASIONAL Oleh: Brigjen TNI Bonifasius Widiyanto. S, SH., MH Direktur Kebijakan Strategis Pertahanan Direktorat Jenderal Strategi Pertahanan Kemhan P Pendahuluan TNI dalam menjalankan tugasnya sebagai alat negara di bidang pertahanan dan juga dalam menjaga perdamaian serta keamanan dalam arti yang luas, adalah mengerti dengan jelas makna tugasnya dalam menjaga kedaulatan negara dan menjaga keutuhan wilay...",0.5775279998779297
Apakah TNI boleh menolak calon yang memenuhi semua syarat di Pasal 28?,"1. Inti Jawaban:
- Ya, jika tidak memenuhi kriteria tambahan yang sah (Pasal 28 ayat (2)).
- Implikasi: Pemenuhan syarat dasar tidak menjamin diterima.

2. Rincian Analisis:
a. Isu Pokok: Diskresi rekrutmen.
b. Aturan & Unsur: Pasal 28 ayat (2) memberikan kewenangan regulasi.
c. Penerapan: Seleksi akhir tetap menjadi hak TNI.

3. Disclaimer: Penolakan harus berdasar alasan objektif dan dapat dipertanggungjawabkan.","1. Inti Jawaban:
    - Ya, jika ada konflik kepentingan atau pelanggaran etika.
    - Implikasi: Proses seleksi harus transparan dan objektif.
2. Rincian Analisis:
    a. Isu Pokok: Hak menolak calon Panglima.
    b. Aturan & Unsur: Pasal 28 ayat (2) menyebut 'kepentingan organisasi' sebagai dasar penolakan.
    c. Penerapan: Keputusan harus didokumentasikan dan rasional.
3. Disclaimer: Interpretasi ini bersifat umum.","[undang_undang] Pasal 13 Isi: (1) TNI dipimpin oleh seorang Panglima. (2) Panglima sebagaimana dimaksud pada ayat (1) diangkat dan diberhentikan oleh Presiden setelah mendapat persetujuan Dewan Perwakilan Rakyat. (3) Pengangkatan dan pemberhentian Panglima dilakukan berdasarkan kepentingan organisasi TNI. (4) Jabatan Panglima sebagaimana dimaksud pada ayat (3) dapat dijabat secara bergantian oleh Perwira Tinggi aktif dari tiap-tiap Angkatan yang seda ng atau pernah menjabat sebagai Kepala Staf Angkatan. (5) Unt...

---

[web_article] . Beberapa juga berupaya membuka pagar yang dikunci dengan batu. Keluar, keluar! teriak satu peserta lain. Sebelumnya, gelombang penolakan disampaikan publik melalui berbagai pernyataan. Pada Senin (17/3), Koalisi Masyarakat Sipil mereka mengeluarkan petisi yang isinya mereka menolak kembalinya dwifungsi TNI dalam RUU TNI. Isi petisi tersebut terkait pasal-pasal yang direvisi berdasarkan daftar inventaris masalah (DIM), yang diajukan oleh pemerintah. Koalisi Masyarakat Sipil menegaskan revisi RU...

---

[web_article] . Karena posisi-posisi itu ditempati oleh TNI, maka ya otomatis yang masyarakat sipilnya akan terpinggirkan. ya mereka akan menjadi kelompok-kelompok marjinal, terangnya. Menurut Aan, penolakan masyarakat tidak dapat memengaruhi UU TNI. Sebab, kalau terpengaruh, sejak awal tidak disahkan terlebih dahulu atau dihentikan dahulu pembahasannya. Kalau berpengaruh kan tidak akan disahkan dahulu. Ya tentunya akan dihentikan dulu pembahasannya atau proses tahap berikutnya yaitu proses pengesahan. Tentun...",0.5994266867637634
Apa persyaratan untuk menjadi Kepala Staf Angkatan berdasarkan Pasal 14 UU No. 34 Tahun 2004?,"1. Inti Jawaban:
   - Kepala Staf Angkatan harus berasal dari Perwira Tinggi aktif dari angkatan yang bersangkutan dengan memperhatikan jenjang kepangkatan dan karier.
   - Implikasi praktisnya adalah hanya perwira yang memenuhi kualifikasi dan pengalaman yang dapat menduduki posisi ini.

2. Rincian Analisis:
   a. Isu Pokok: Persyaratan untuk menjadi Kepala Staf Angkatan.
   b. Aturan & Unsur: Pasal 14 ayat (3) UU No. 34 Tahun 2004 menyatakan bahwa Kepala Staf Angkatan diangkat dari Perwira Tinggi aktif dengan memperhatikan jenjang kepangkatan dan karier.
   c. Penerapan: Persyaratan ini memastikan bahwa pimpinan Angkatan memiliki kompetensi dan pengalaman yang memadai.

3. Disclaimer: Jawaban ini berdasarkan UU No. 34 Tahun 2004 dan tidak mencakup perubahan atau interpretasi lain.","A. Inti Jawaban:
1. Persyaratan: Diangkat dari Perwira Tinggi aktif dengan mempertimbangkan jenjang kepangkatan dan karier.
2. Implikasi: Proses seleksi harus transparan dan berbasis prestasi.
B. Rincian:
1. Isu Pokok: Syarat administratif jabatan Kepala Staf Angkatan.
2. Aturan & Unsur:
   a. Pasal 14 ayat (3): 'Diangkat dari Perwira Tinggi aktif... dengan memperhatikan jenjang kepangkatan dan karier'.
   b. Ayat (2): 'Atas usul Panglima' menunjukkan prosedur hierarkis.
3. Penerapan: Pelamar harus memiliki rekam jejak unggul dan rekomendasi resmi.
C. Disclaimer: Interpretasi ini berdasarkan teks asli tanpa konflik internal.","[undang_undang] Pasal 14 Isi: (1) Angkatan dipimpin oleh seor ang Kepala Staf Angkatan dan berkedudukan di bawah Panglima serta bertanggung jawab kepada Panglima. (2) Kepala Staf Angkatan diangkat dan diberhentikan oleh Presiden atas usul Panglima. (3) Kepala Staf Angkatan sebagaimana dimaksud pada ayat (2) diangkat dari Perwira Tinggi aktif dari angkatan yang bersangkutan dengan memperhatikan jenjang kepangkatan dan karier. (4) Tata cara pengangkatan dan pemberhentian Kepala Staf Angkatan sebagaimana dimaksud ...

---

[web_article] . Perubahan selanjutnya terdapat di pasal 47 UU Nomor 34 Tahun 2004. Pasal ini mengatur tentang kementerian atau lembaga yang dapat diisi TNI. Dalam ayat (2) pasal tersebut, tertulis: Prajurit aktif dapat menduduki jabatan pada kantor yang membidangi koordinator bidang Politik dan Keamanan Negara, Pertahanan Negara, Sekretaris Militer Presiden, Intelijen Negara, Sandi Negara, Lembaga Ketahanan Nasional, Dewan Pertahanan Nasional, Search and Rescue (SAR) Nasional, Narkotika Nasional, dan Mahkamah...

---

[undang_undang] Pasal 16 Isi: Tugas dan kewajiban Kepala Staf Angkatan adalah: 1. memimpin Angkatan dalam pembinaan kekuatan dan kesiapan operasional Angkatan; 2. membantu Panglima dalam menyusun kebijakan tentang pengembangan postur, doktrin, dan strategi serta operasi militer sesuai dengan matra masing-masing 3. membantu Panglima dalam penggunaan komponen pertahanan negara sesuai dengan kebutuhan Angkatan; serta 4. melaksanakan tugas lain sesuai dengan matra masing- masing yang diberikan oleh Panglima....

---

[undang_undang] Pasal 42 Isi: (1) Setiap prajurit memperoleh kesempatan untuk mendapat kenaikan pangkat dan/atau jabatan berdasarkan prestasinya, sesuai dengan pola karier yang berlaku dengan mempertimbangkan kepentingan TNI dan memenuhi persyaratan yang ditentukan. (2) Ketentuan sebagaimana dimaksud pada ayat (1) diatur dengan keputusan Panglima....

---

[legal_request] . Namun, UU No. 3 tahun 2025 Tentang Perubahan atas UU Nomor 34 Tahun 2004 tentang TNI ini memperluas daftar jabatan yang dapat diisi oleh prajurit aktif, mencakup posisi di kementerian, lembaga negara, hingga BUMN dan BUMD. Hal ini berpotensi membahayakan karena Keterlibatan militer dalam pemerintahan sipil berisiko mengaburkan batas antara otoritas militer dan sipil, melemahkan supremasi sipil, serta membuka peluang bagi militer untuk kembali terlibat dalam politik praktis. Hal ini mengingatka...

---

[academic_draft] 27 BAB VI PENUTUP A. Simpulan Berdasarkan uraian yang telah disampaikan pada bab-bab sebelumnya, dapat disimpulkan hal-hal sebagai berikut: 1. Adanya kebutuhan hukum untuk mengubah ketentuan Pasal 47 terkait peran prajurit aktif TNI pada kementerian/ lembaga lain sesuai dengan kebutuhan. Selain itu, perlu diubah ketentuan dalam Pasal 53 terkait batasan usia masa dinas prajurit TNI sesuai dengan kepangkatan dan beban kerjanya. 2. Adanya kebutuhan-kebutuhan yang nyata dan mendesak dalam penyelengg...",0.7503129243850708
Apa konsekuensi hukum melanggar Sumpah Perwira menurut UU TNI?,"1. Inti Jawaban:
   - Termasuk pelanggaran disiplin militer yang dapat dikenai sanksi administratif hingga pidana militer.
   - Implikasi praktis: Dapat menjadi dasar pemberhentian tidak hormat dari dinas militer.

2. Rincian Analisis:
   a. Isu Pokok: Pertanggungjawaban atas pelanggaran sumpah.
   b. Aturan & Unsur: Pasal 36 diintegrasikan dengan ketentuan pidana militer (UU No. 31/1997) dan kode etik perwira.
   c. Penerapan: Pelanggaran dinilai berdasarkan berat-ringannya pelanggaran terhadap butir-butir sumpah.

3. Disclaimer: Sanksi spesifik tergantung putusan Mahkamah Militer.","1. Inti Jawaban:
    - Konsekuensi dapat berupa sanksi pidana atau administratif.
2. Rincian Analisis:
    a. Isu Pokok: Akibat pelanggaran sumpah.
    b. Aturan & Unsur: Pasal 47 ayat (1) UU No. 34/2004 menyatakan sumpah sebagai dasar moral.
    c. Penerapan: Pelanggaran dapat diproses melalui mekanisme internal atau eksternal.
3. Disclaimer: Penjelasan bersifat umum.","[web_article] . Kemudian dalam melaksanakan tugas pemerintahan jika terjadi tindak pidana juga perlu dikhawatirkan. Misalnya tindak bidana korupsi, itu lalu diadili lewat apa mekanismenya, karena dia anggota TNI aktif, yang dalam jabatan yang dimungkinkan oleh UU TNI lagi, jadi ini akan jadi persoalan hukum, tambahnya. Menurut Rahadian, perlu diberikan definisi yang lebih ketat untuk memperjelas peran-peran TNI sebagaimana UU yang baru disahkan itu. Di luar operasi militer, misalnya di situ dalam siper, ini p...

---

[web_article] . Hal itu akan terjadi jika prajurit TNI tersandung kasus saat melaksanakan jabatan sipil. Jika prajurit TNI tersandung kasus tindak pidana atau administrasi dalam jabatan a quo, apakah tunduk pada hukum acara peradilan militer atau hukum acara sipil atau pidana, ujar pemohon. Dengan demikian menurut penalaran yang wajar jawaban dari pertanyaan a quo hanyalah ketidakpastian hukum. Hal mana telah terbukti secara empiris dengan adanya perdebatan antara KPK dan Mahkamah Militer dalam menangani perk...

---

[web_article] . Jika benar bahwa perwira TNI bisa di jabatan sipil tanpa mundur dari TNI, ini sangat merugikan meritokrasi. Anehnya, kalau terbukti korupsi, pengadilan tetap di militer, tutupnya. Pengajar Hukum Tata Negara, Fakultas Hukum Universitas Islam Indonesia (UII), Allan Fatchan Gani Wardhana mempertanyakan keabsahan UU tersebut. Allan bilang, sejak awal pembentukan RUU itu sudah bermasalah. Selain tidak ada partisipasi publik, dia menilai naskah akademik juga disusun secara serampangan. Jika UU terse...",0.692175030708313
Bagaimana pengaturan teknis penempatan prajurit di kementerian?,"1. Inti Jawaban:
- Diatur lebih lanjut dalam Peraturan Pemerintah (Pasal 47 ayat (6)).
- Implikasi praktis: Fleksibilitas implementasi kebijakan.

2. Rincian Analisis:
a. Isu Pokok: Delegasi pengaturan teknis.
b. Aturan & Unsur:
- Pasal 47 ayat (6) sebagai payung hukum PP.
- PP akan mengdetailkan prosedur dan kriteria.
c. Penerapan: Menunggu turunan peraturan.

3. Disclaimer: PP belum diterbitkan hingga kini.",(a) Inti: Melalui mekanisme permintaan K/L dan regulasi internal TNI. (b) Rincian: Proses melibatkan koordinasi antara K/L dan TNI untuk memenuhi kebutuhan SDM. (c) Disclaimer: Praktiknya mungkin bervariasi.,"[academic_draft] . Guna mengetahui dan mengevaluasi keterlibatan prajurit aktif TNI pada kementerian/lembaga negara serta pengaturan terkait batasan usia pensiun bagi prajurit TNI dikaitkan dengan Putusan Mahkamah Konstitusi Nomor 62/PUU- XIV/2016 yang menyatakan bahwa hal ini merupakan kebijakan hukum terbuka (open legal policy). 2. Guna mengetahui perkembangan pengaturan keterlibatan prajurit aktif TNI pada Kementerian/lembaga negara dan...

---

[web_article] . Adapun pada UU TNI yang lama, prajurit aktif hanya menduduki 10 kementerian/lembaga. Pasal kedua yang dibahas adalah Pasal 47 terkait dengan penempatan prajurit TNI pada K/L, sebagaimana diketahui bahwa prajurit aktif dapat menduduki jabatan di berbagai K/L yang semula berjumlah 10 menjadi 14, berdasarkan permintaan pimpinan dan kementerian lembaga dan tetap tunduk pada peraturan administrasi yang berlaku di lingkungan K/L tersebut, ucap Puan. Di luar penempatan pada 14 K/L yang telah disebutk...

---

[web_article] . Tiga, meningkatkan kesejahteraan prajurit serta jaminan sosial bagi prajurit. Empat, menyesuaikan ketentuan terkait kepemimpinan jenjang karir dan usia pensiun sesuai dengan kebutuhan organisasi, tambahnya. Dalam momen ini, Menhan juga menyertakan pasal-pasal perubahan di RUU TNI dari pemerintah. Adapun yang ditekankan adalah kedudukan TNI di (Pasal 3), penempatan prajurit TNI di kementerian atau lembaga (pasal 47), dan batas usia pensiun (pasal 53). Simak juga video: Baleg DPR Batalkan Pembah...

---

[academic_draft] . Jadi penempatan prajurit aktif TNI pada kementerian/ lembaga lain selain atas permintaan juga dalam rangka meringankan beban kebutuhan sumber daya manusia di kementerian/lembaga lain. Kebijakan ini pada aspek beban keuangan negara juga dapat meringkankan beban TNI. Di samping itu, dengan adanya distribusi potensi sumber daya manusia dari TNI kepada kementerian/lembaga lain, TNI secara internal juga dapat menata organisasinya secara optimal. Implikasi penerapan sistem baru terkait perubahan dan...

---

[academic_draft] . Penempatan prajurit aktif TNI pada kementerian/lembaga negara dalam praktiknya tidak sebatas kementerian/lembaga negara yang tercantum dalam Pasal 47 ayat (2) UU TNI saja. Seiring dengan adanya kebutuhan sumber daya manusia yang menguasai keahlian di bidang tertentu, saat ini beberapa prajurit aktif TNI dapat juga diperbantukan pada kementerian/lembaga lain yang membutuhkan keahliannya. Sebut saja antara lain misalkan pada: kementerian kelautan dan perikanan, staf kepresidenan, badan nasional ...",0.6612737774848938
Bagaimana proses rekrutmen Prajurit Sukarela berdasarkan Pasal 23 UU No. 34 Tahun 2004?,1. Inti Jawaban: Proses rekrutmen diatur lebih lanjut oleh Peraturan Pemerintah. Implikasi praktisnya adalah ada prosedur resmi yang harus diikuti. 2. Rincian Analisis: a. Isu Pokok: Mekanisme rekrutmen. b. Aturan & Unsur: Pasal 23 ayat (2) UU No. 34 Tahun 2004 menyatakan bahwa ketentuan diatur lebih lanjut. c. Penerapan: Pemerintah menetapkan aturan teknis untuk rekrutmen. 3. Disclaimer: Penjelasan ini bersifat umum dan tidak menggantikan konsultasi hukum.,"1. Inti Jawaban:
    - Proses rekrutmen Prajurit Sukarela diatur melalui mekanisme ikatan dinas.
    - Implikasi: Prajurit Sukarela harus memenuhi persyaratan dan prosedur yang ditetapkan.
2. Rincian Analisis:
    a. Isu Pokok: Prosedur rekrutmen Prajurit Sukarela.
    b. Aturan & Unsur: Pasal 23 ayat (1) menyatakan bahwa Prajurit Sukarela menjalani dinas keprajuritan dengan ikatan dinas. Ayat (2) merujuk pada PP yang mengatur detailnya.
    c. Penerapan: Proses rekrutmen mencakup seleksi dan kontrak dinas.
3. Disclaimer: Informasi ini bersifat umum dan tidak menggantikan nasihat hukum resmi.","[undang_undang] Pasal 23 Isi: (1) Prajurit Sukarela menjalani dinas keprajuritan dengan ikatan dinas. (2) Ketentuan sebagaimana dimaksud pada ayat (1), diatur lebih lanjut dengan Peraturan Pemerintah....

---

[web_article] . Dia mengatakan naskah akademik pun disampaikan bersamaan dengan permohonan memasukkan RUU TNI ke prolegnas. Akibatnya terjadi kecacatan formil akibat pelanggaran pasal 22a Undang-undang P3 sebagai UU yang mengatur tata cara pembentukan UU telah dilanggar, sehingga proses penyusunan RUU TNI tidak sah secara formil, ungkapnya. Dalam petitumnya, pemohon meminta MK membatalkan UU TNI. Pemohon juga meminta MK memutuskan agar UU Nomor 34 Tahun 2004 berlaku kembali. Menyatakan UU Nomor 3 Tahun 2025 t...

---

[web_article] Judul: Imparsial Ingatkan Revisi Pasal 47 RUU TNI Bisa Kacaukan Rekrutmen ASN,11 Mar 2025 13:44,https://news.detik.com/berita/d-7817596/imparsial-ingatkan-revisi-pasal-47-ruu-tni-bisa-kacaukan-rekrutmen-asn,Imparsialmengkritik pembahasan RUU TNI yang saat ini bergulir. Revisi pasal 47 RUU TNI dinilai berpotensi memperluas jabatan prajurit TNI di ranah sipil dan bisa berdampak negatif pada jenjang karier ASN. Penempatan prajurit TNI aktif pada jabatan-jabatan sipil juga berpotensi berdampak negat...

---

[undang_undang] Pasal 22 Isi: Prajurit terdiri atas Prajurit Sukarela dan Prajurit Wajib....

---

[academic_draft] 27 BAB VI PENUTUP A. Simpulan Berdasarkan uraian yang telah disampaikan pada bab-bab sebelumnya, dapat disimpulkan hal-hal sebagai berikut: 1. Adanya kebutuhan hukum untuk mengubah ketentuan Pasal 47 terkait peran prajurit aktif TNI pada kementerian/ lembaga lain sesuai dengan kebutuhan. Selain itu, perlu diubah ketentuan dalam Pasal 53 terkait batasan usia masa dinas prajurit TNI sesuai dengan kepangkatan dan beban kerjanya. 2. Adanya kebutuhan-kebutuhan yang nyata dan mendesak dalam penyelengg...

---

[legal_request] . c. Pasal 22A UUD 1945 berbunyi: Ketentuan lebih lanjut tentang tata cara pembentukan UU diatur dengan UU. Selanjutnya, Pasal 96 UU No. 13 Tahun 2022 mengatur: a. Pasal 96 ayat (1): Masyarakat berhak memberikan masukan secara lisan dan/ atau tertulis dalam setiap tahapan Pembentukan Peraturan PerUUan. b. Pasal 96 ayat (2): Pemberian masukan masyarakat sebagaimana dimaksud pada ayat (1) dilakukan secara daring dan/atau luring. c. Pasal 96 ayat (3): Masyarakat sebagaimana dimaksud pada ayat (1) m...",0.5229865312576294
Apakah warga sipil bisa mendapatkan pangkat dalam TNI?,"1. Inti Jawaban:
- Ya, melalui pangkat tituler untuk warga negara yang menjalankan tugas keprajuritan tertentu.
- Implikasi praktisnya adalah keterlibatan terbatas warga sipil dalam TNI.

2. Rincian Analisis:
a. Isu Pokok: Keterlibatan warga sipil dalam TNI.
b. Aturan & Unsur: Pasal 27 ayat (2) huruf c UU No. 34 Tahun 2004 mengatur pemberian pangkat tituler untuk warga negara.
c. Penerapan: Warga sipil bisa terlibat dalam tugas tertentu dengan pangkat tituler.

3. Disclaimer: Penjelasan ini berdasarkan UU No. 34 Tahun 2004 dan tidak mencakup perubahan atau revisi setelahnya.","Jawaban: Tidak, karena Pangkat hanya diberikan kepada Prajurit TNI sesuai Pasal 44 UU No. 34/2004 tentang TNI. Implikasinya, warga sipil tidak memiliki hak atas pangkat militer. Pembahasan lebih lanjut dapat merujuk pada Pasal 44 UU TNI.","[web_article] . Penempatan prajurit TNI aktif dalam jabatan sipil mengabaikan spesialisasi, kompetensi, pengalaman, serta masa pengabdian ASN di instansi terkait. Selain itu, perubahan ini juga dapat menjadi legitimasi kebijakan keliru dalam pelibatan dan mobilisasi TNI dalam menjalankan program-program Pemerintahan Prabowo dalam urusan sipil dan domestik, seperti Makan Bergizi Gratis (MBG), Distribusi Gas Elpiji, ketahanan pangan, penjagaan kebun sawit, pelaksanaan Proyek Strategis Nasional (PSN) serta pener...

---

[web_article] . Imparsial menilai penempatan prajurit aktif di jabatan sipil bisa mengabaikan kompetensi. Hal ini juga bisa mengacaukan oleh rekrutmen karier ASN. SCROLL TO CONTINUE WITH CONTENT Penempatan perwira TNI aktif dalam jabatan sipil mengabaikan spesialisasi, kompetensi, pengalaman, serta masa pengabdian ASN di instansi terkait. Selain mengacaukan pola rekrutmen dan pembinaan karirr ASN yang seharusnya diatur ajeg dan berjenjang, tegasnya. Sebelumnya, Ketua Komisi I DPR Utut Adianto mengatakan dalam...

---

[petition] . Selain itu, merebut jabatan sipil dan memarginalkan ASN dan Perempuan dalam akses posisi-posisi strategis. Perluasan jabatan sipil dalam RUU TNI itu diantaranya adalah dengan menempatkan militer aktif di Kejaksaan Agung hingga Kementerian Kelautan dan Perikanan. Ingat: TNI adalah alat pertahanan negara untuk perang; sedangkan Kejaksaan Agung, adalah lembaga penegak hukum. Maka, salah jika anggota TNI aktif duduk di institusi Kejaksaan Agung. Dan salah, jika ingin menempatkan militer aktif di K...

---

[undang_undang] Pasal 44 Isi: (1) Prajurit yang mendapat tugas dengan pertaruhan jiwa raga secara langsung dan berjasa melampaui panggilan tugas dapat dianugerahi kenaikan pangkat luar biasa. (2) Ketentuan sebagaimana dimaksud pada ayat (1) diatur dengan Peraturan Pemerintah. Penjelasan: Ayat (1) Yang dimaksud dengan melampaui panggilan tugas adalah bahwa seseorang prajurit TNI tanpa memperdulikan keselamatan jiwanya melakukan tindakan kepahlawanan dalam suatu tugas demi bangsa dan negara, walaupun tindakan itu...",0.6232666969299316
Apa yang dimaksud Pendidikan Pertama?,"1. Inti Jawaban:
- Pendidikan dasar untuk membentuk Prajurit Siswa.
- Implikasi: Pembentukan karakter militer.

2. Rincian Analisis:
a. Isu Pokok: Kurikulum pendidikan militer.
b. Aturan & Unsur: Pasal 1 angka 18 UU No 34/2004 tentang pendidikan dasar.
c. Penerapan: Dilakukan di lembaga pendidikan TNI.

3. Disclaimer: Berbeda dengan pendidikan lanjutan.",Pendidikan Pertama adalah pendidikan yang diberikan kepada calon prajurit yang baru saja keluar dari dunia sipil tanpa pengalaman militer sebelumnya. Implikasi praktisnya adalah bahwa sistem pendidikan ini dirancang untuk mempersiapkan individu yang belum memiliki latar belakang militer menjadi prajurit yang kompeten.,"[undang_undang] Pasal 32 Isi: (1) Tamtama dibentuk melalui pendidikan pertama tamtama yang langsung dari masyarakat. (2) Pendidikan tamtama sebagaimana dimaksud pada ayat (1) diatur lebih lanjut dengan keputusan Panglima....

---

[undang_undang] Pasal 31 Isi: (1) Bintara dibentuk melalui: a. pendidikan pertama bintara yang berasal langsung dari masyarakat; atau b. pendidikan pembentukan bintara yang berasal dari prajurit golongan tamtama. (2) Pendidikan bintara sebagaimana dimaksud pada ayat (1), diatur lebih lanjut dengan keputusan Panglima....

---

[undang_undang] Pasal 30 Isi: (1) Perwira dibentuk melalui: a. pendidikan pertama perwira bagi yang berasal langsung dari masyarakat: 1. Akademi TNI, dengan masukan dari Sekolah Lanjutan Tingkat Atas; dan 2. Sekolah Perwira, dengan masukan dari Sekolah Lanjutan Tingkat Atas atau Perguruan Tinggi. b. pendidikan pembentukan perwira yang berasal dari prajurit golongan bintara. (2) Pendidikan perwira sebagaimana dimaksud pada ayat (1) diatur lebih lanjut dengan keputusan Panglima....

---

[undang_undang] Pasal 29 Isi: (1) Pendidikan untuk pengangk atan prajurit terdiri atas pendidikan perwira, bintara, dan tamtama. (2) Pelaksanaan pendidikan sebagaimana dimaksud pada ayat (1) diatur lebih lanjut dengan keputusan Panglima....

---

[analysis_report] . Hal tersebut tercermin pula dalam Tri Pola Dasar Pendidikan yaitu memiliki sikap dan perilaku, memiliki pengetahuan dan keterampilan serta memiliki Jasmani yang sehat. Hal ini seiring dengan apa yang dijelaskan dalam Teori (konsep) tentang Manajemen Sumber Daya Manusia (SDM), menyatakan : Tanpa Mutu Sumber Daya Manusia (SDM) yang baik, sulit bagi negara untuk mencapai kemajuan yang cepat. Sementara peningkatan mutu SDM hanya dapat dilakukan dengan perencanaan SDM yang baik dan benar (Drs. H . ...

---

[analysis_report] . Oleh sebab itu konsep pengembangan ilmu pertahanan di Unhan dimulai dari strata pendidikan Magister (S2) dengan asumsi bahwa mahasiswa yang akan masuk Unhan sudah memiliki bekal berbagai disiplin ilmu di strata sarjana (S1) sebelumnya. Berbekal berbagai sumber keilmuan tersebut maka ilmu pertahanan akan mengalami proses pengayaan konseptual secara berkelanjutan sehingga ilmu pertahanan akan menjadi suatu cabang ilmu yang sangat dinamis seiring dengan berkembangnya ilmu pengetahuan dan teknolog...",0.6656771302223206
Apa beda perlengkapan perorangan dan satuan dalam Pasal 40?,"1. Inti Jawaban:
- Perorangan: Untuk penggunaan individu (senjata, helm).
- Satuan: Untuk unit operasional (tank, pesawat).
- Implikasi: Sistem pertanggungjawaban berbeda.

2. Rincian Analisis:
a. Isu Pokok: Klasifikasi perlengkapan militer.
b. Aturan & Unsur:
- Penjelasan Pasal 40: Dibedakan berdasarkan skala penggunaan.
- Contoh perorangan: Senjata laras panjang.
- Contoh satuan: Rudal atau kapal perang.
c. Penerapan: Pelatihan dan prosedur operasi disesuaikan.

3. Disclaimer: Daftar perlengkapan dapat diperbarui sesuai kebutuhan.","A. Inti Jawaban: Perlengkapan perorangan adalah alat pribadi prajurit, sedangkan satuan adalah alat kolektif. B. Rincian: 1. Mekanisme: Pasal 40 ayat (1) membedakan jenis perlengkapan. 2. Implikasi: Prajurit harus menyiapkan dua jenis perlengkapan. C. Disclaimer: Penjelasan bersifat umum.","[undang_undang] Pasal 40 Isi: (1) Setiap prajurit menggunakan pakaian seragam, atribut, perlengkapan, dan peralatan militer sesuai dengan tuntutan tugasnya. (2) Ketentuan sebagaimana dimaksud pada ayat (1) diatur dengan keputusan Panglima. Penjelasan: Ayat (1) Yang dimaksud dengan pakaian seragam adalah pakaian dinas TNI. Yang dimaksud dengan atribut adalah tanda-tanda yang dikenakan oleh prajurit antara lain tanda pa ngkat, tanda jasa, tanda satuan, dan tanda kecakapan. Yang dimaksud dengan perlengkapan dan pe...

---

[undang_undang] Pasal 50 Isi: (1) Prajurit dan prajurit siswa memperoleh kebutuhan dasar prajurit yang meliputi: a. perlengkapan perseorangan; dan b. pakaian seragam dinas (2) Prajurit dan prajurit siswa memperoleh rawatan dan layanan kedinasan, yang meliputi: a. penghasilan yang layak; b. tunjangan keluarga; c. perumahan/asrama/mess; d. rawatan kesehatan; e. pembinaan mental dan pelayanan keagamaan; f. bantuan hukum; g. asuransi kesehatan dan jiwa; h. tunjangan hari tua; dan i. asuransi penugasan operasi milit...

---

[web_article] . Peserta sidang menjawab setuju dan dengan demikian, UU yang mengatur perubahan UU Nomor 34 Tahun 2004 sah. Apa saja yang berubah dalam UU tersebut? Simak penjelasannya di bawah ini, yuk! DilihatdetikJogjadari dokumen UU Republik Indonesia Nomor 34 Tahun 2004 tentang TNI, tugas pokok TNI dibedakan menjadi 2 dalam pasal 7 ayat (2), yakni operasi militer untuk perang dan operasi militer selain perang. Untuk operasi militer selain perang, tugas TNI dirinci sebanyak 14 poin sebagaimana tertera dala...

---

[academic_draft] 27 BAB VI PENUTUP A. Simpulan Berdasarkan uraian yang telah disampaikan pada bab-bab sebelumnya, dapat disimpulkan hal-hal sebagai berikut: 1. Adanya kebutuhan hukum untuk mengubah ketentuan Pasal 47 terkait peran prajurit aktif TNI pada kementerian/ lembaga lain sesuai dengan kebutuhan. Selain itu, perlu diubah ketentuan dalam Pasal 53 terkait batasan usia masa dinas prajurit TNI sesuai dengan kepangkatan dan beban kerjanya. 2. Adanya kebutuhan-kebutuhan yang nyata dan mendesak dalam penyelengg...

---

[undang_undang] Pasal 29 Isi: (1) Pendidikan untuk pengangk atan prajurit terdiri atas pendidikan perwira, bintara, dan tamtama. (2) Pelaksanaan pendidikan sebagaimana dimaksud pada ayat (1) diatur lebih lanjut dengan keputusan Panglima....",0.6619275808334351
Siapa yang bertanggung jawab untuk membina dan mengembangkan hukum militer berdasarkan UU TNI?,"1. Inti Jawaban: Pemerintah, khususnya departemen yang melaksanakan fungsi pemerintahan di bidang pertahanan negara, bertanggung jawab untuk membina dan mengembangkan hukum militer. Implikasi praktisnya adalah perlunya koordinasi antarlembaga untuk memastikan efektivitas hukum militer. 2. Rincian Analisis: a. Isu Pokok: Tanggung jawab pengembangan hukum militer. b. Aturan & Unsur: Pasal 64 UU No. 34 Tahun 2004 menegaskan bahwa pemerintah bertugas membina dan mengembangkan hukum militer untuk kepentingan pertahanan negara. c. Penerapan: Departemen Pertahanan harus memastikan hukum militer selalu relevan dengan kebutuhan operasional TNI. 3. Disclaimer: Interpretasi hukum dapat bervariasi tergantung konteks.",1. Inti Jawaban: Pemerintah (terutama Kementerian Pertahanan). Implikasi: Pemerintah memiliki kewenangan eksklusif untuk merancang hukum militer. 2. Rincian Analisis: a. Isu Pokok: Subjek kewenangan pembinaan hukum militer. b. Aturan & Unsur: Pasal 64 ayat (1) UU No. 3 Tahun 2002 menyatakan bahwa hukum militer dibina dan dikembangkan oleh pemerintah. c. Penerapan: Hal ini menunjukkan bahwa pembentukan hukum militer menjadi tanggung jawab pemerintah sebagai pengelola negara. 3. Disclaimer: Jawaban ini bersifat informatif dan tidak menggantikan konsultasi hukum resmi.,"[undang_undang] Pasal 64 Isi: Hukum militer dibina dan dike mbangkan oleh pemerintah untuk kepentingan penyelenggaraan pertahanan negara. Penjelasan: Yang dimaksud dengan hukum m iliter adalah semua perundang- undangan nasional yang subjek hukumnya adalah anggota militer atau orang yang dipersamakan sebagai militer berdasarkan perUUan yang berlaku. Di samping itu segala hukum dan ketentuan perUUan yang dipakai sebagai dasar pelaksanaan tugas TNI dalam melaksanakan fungsi pertahanan negara dikategorikan sebagai ...

---

[web_article] . Menhan sebelumnya mengungkap usulan perubahan pasal pada revisi UU tentang TNI. Pihaknya ingin ada aturan yang memperjelas batasan dan mekanisme pelibatan TNI di jabatan non militer. Perubahan UU TNI diajukan oleh pihak DPR RI diperlukan untuk memberikan landasan hukum yang lebih jelas terhadap peran TNI, ada tugas lain selain perang tanpa melanggar prinsip demokrasi dan supremasi sipil, ujar Sjafrie dalam rapat. Ia menyebut ada empat fokus yang ditekankan oleh pihaknya. Salah satunya, terkait...

---

[petition] . 31 tahun 1997 tentang Peradilan Militer. Agenda revisi UU ini lebih penting ketimbang RUU TNI, karena agenda itu merupakan kewajiban konstitusional negara untuk menjalankan prinsip persamaan di hadapan hukum (equality before the law) bagi semua warga negara, tanpa kecuali. Reformasi peradilan militer merupakan mandat TAP MPR No. VII Tahun 2000 dan UU No. 34 tahun 2004 tentang TNI. Kami menilai RUU TNI akan mengembalikan Dwifungsi TNI, yaitu militer aktif menduduki jabatan-jabatan sipil. Perlua...

---

[legal_request] . (3) TNI terdiri atas Angkatan Darat, Angkatan Laut dan Angkatan Udara sebagai alat negara bertugas mempertahankan, melindungi Kemudian Pasal 3 ayat (1) UU No. 3 Tahun 2002 Tentang Pertahanan Negara, mengatur: Pertahanan negara disusun berdasarkan prinsip demokrasi, hak asasi manusia, kesejahteraan umum, lingkungan hidup, ketentuan hukum nasional, hukum internasional dan kebiasaan internasional, serta prinsip hidup berdampingan secara damai. UU No. 3 Tahun 2025 menyangkut usaha pertahanan dan k...

---

[academic_draft] . Penempatan prajurit aktif TNI pada kementerian/lembaga negara dalam praktiknya tidak sebatas kementerian/lembaga negara yang tercantum dalam Pasal 47 ayat (2) UU TNI saja. Seiring dengan adanya kebutuhan sumber daya manusia yang menguasai keahlian di bidang tertentu, saat ini beberapa prajurit aktif TNI dapat juga diperbantukan pada kementerian/lembaga lain yang membutuhkan keahliannya. Sebut saja antara lain misalkan pada: kementerian kelautan dan perikanan, staf kepresidenan, badan nasional ...",0.8350807428359985
Apakah penjelasan Pasal 56 UU No. 34 Tahun 2004 memberikan klarifikasi lebih lanjut?,"1. Inti Jawaban:
- Penjelasan pasal hanya menyatakan 'Cukup jelas'.
- Implikasi: Tidak ada interpretasi tambahan dari legislator.

2. Rincian Analisis:
a. Isu Pokok: Ketiadaan penjelasan mendetail.
b. Aturan & Unsur: Penjelasan Pasal 56 tidak menguraikan lebih lanjut selain frasa 'Cukup jelas'.
c. Penerapan: Pemahaman harus merujuk pada teks utama dan peraturan turunan.

3. Disclaimer: Penafsiran dapat merujuk pada praktik atau yurisprudensi terkait.","1. Inti Jawaban:
   a. Ya, Pasal 56 UU No. 34 Tahun 2004 memberikan penjelasan tentang perubahan.
   b. Implikasi: Penjelasan ini penting untuk memahami maksud perubahan.
2. Rincian Analisis:
   a. Isu Pokok: Interpretasi Pasal 56.
   b. Aturan & Unsur: Pasal 56 UU No. 34 Tahun 2004 menegaskan bahwa perubahan hanya terbatas pada Pasal 3, 47, dan 53.
   c. Penerapan: Penjelasan ini membantu dalam interpretasi perubahan.
3. Disclaimer: Informasi ini bersifat umum dan tidak menggantikan konsultasi hukum resmi.","[web_article] . Namun, berdasarkan laporandetikNews, terdapat pasal lain yang diubah yaitu Pasal 7. Ingin mengetahui apakah isi perubahan UU TNI yang sudah disahkan DPR tersebut? Mari simak penjelasan lengkap berikut ini yang dihimpun dari laporandetikNewsdandetikEdu. SCROLL TO CONTINUE WITH CONTENT Seperti yang disebutkan sebelumnya, terdapat tiga pasal pada UU RI Nomor 34 Tahun 2004 yang mengalami perubahan, yaitu Pasal 3, Pasal 47, serta Pasal 53. Mari simak uraiannya! Revisi yang pertama terdapat pada Pas...

---

[web_article] . Ia memastikan tak adanya dwifungsi TNI dalam pembahasan revisi UU ini. Selepas Utut menyampaikan laporannya, Puan lantas menanyakan kepada anggota Dewan yang hadir apakah RUU tersebut dapat disepakati menjadi UU. Mayoritas menjawab setuju. Kami menanyakan kepada seluruh anggota apakah Rancangan UU tentang Perubahan atas UU Nomor 34 Tahun 2004 tentang TNI, apakah dapat disetujui untuk disahkan menjadi UU? kata Puan Maharani. Setuju, jawab peserta sidang diikuti dengan ketukan palu tanda pengesa...

---

[legal_request] . Bahwa fakta ini menunjukan perumusan dan pembentukan UU Nomor 3 Tahun 2025 Tentang Perubahan atas UU Nomor 34 Tahun 2004 tentang Tentara Nasional Inonesia tidak disertai dengan naskah akademik maka disebut cacat secara prosedural, RUU a quo prematur dan sagat serampangan yang seharusnya Naskah Akademik adalah bagian yang tidak terpisahkan dari RUU. Perencanaan dan penyusunan pembentukan UU Nomor 3 Tahun 2025 Tentang Perubahan atas UU Nomor 34 Tahun 2004 Tentang TNI (TNI), telah mengabaikan asa...

---

[legal_request] . Hal ini bisa menghambat dinamika dan modernisasi dalam tubuh TNI. Bahwa dengan memahami subtansi di atas terkait dengan jenis dan Muatan materi pembentukan UU TNI Nomor 3 Tahun 2025 Tentang Perubahan atas UU Nomor 34 Tahun 2004 jelas tidak bersesuaian dengan Pasal 28 D ayat (1) UUD 1945 yang menyatakan bahwa setiap orang berhak atas pengakuan, jaminan, perlindungan, dan kepastian hukum yang adildengan asas-asas muatan materi yang diatur dalam suatu peraturan perUUan, yang justru sebaliknya UU ...",0.6958091259002686
Apa yang terjadi jika peradilan umum tidak berfungsi dalam mengadili Prajurit TNI menurut Pasal 65 ayat (3)?,"1. Inti Jawaban:
- Jika peradilan umum tidak berfungsi, Prajurit TNI tunduk pada peradilan yang diatur undang-undang lain.
- Implikasi praktisnya adalah adanya mekanisme darurat untuk memastikan penegakan hukum.

2. Rincian Analisis:
a. Isu Pokok: Penyelesaian hukum ketika peradilan umum tidak beroperasi.
b. Aturan & Unsur: Pasal 65 ayat (3) mengatur bahwa ketidakberfungsian peradilan umum mengalihkan kewenangan ke peradilan lain yang sah.
c. Penerapan: Dalam keadaan darurat (misalnya konflik), peradilan militer mungkin mengambil alih kewenangan peradilan umum.

3. Disclaimer: Kondisi 'tidak berfungsi' harus ditafsirkan secara hati-hati sesuai konteks.","1. Inti Jawaban: Prajurit TNI dapat mengajukan gugatan ke Pengadilan Militer.
2. Rincian Analisis:
    a. Isu Pokok: Alternatif peradilan bagi prajurit TNI.
    b. Aturan & Unsur: Pasal 65 ayat (3) UU No. 34/2004 tentang TNI.
    c. Penerapan: Sistem dualistik peradilan militer-sipil.
3. Disclaimer: Informasi ini untuk edukasi hukum.","[web_article] . Hal itu akan terjadi jika prajurit TNI tersandung kasus saat melaksanakan jabatan sipil. Jika prajurit TNI tersandung kasus tindak pidana atau administrasi dalam jabatan a quo, apakah tunduk pada hukum acara peradilan militer atau hukum acara sipil atau pidana, ujar pemohon. Dengan demikian menurut penalaran yang wajar jawaban dari pertanyaan a quo hanyalah ketidakpastian hukum. Hal mana telah terbukti secara empiris dengan adanya perdebatan antara KPK dan Mahkamah Militer dalam menangani perk...

---

[web_article] . Pemohon mengatakan pengajuan permohonan uji materiil Pasal 47 ayat 2 UU TNI bertujuan agar pasal tersebut tidak ditafsirkan secara serampangan. Selain itu, menurutnya perlu ada batasan yang jelas dalam pasal tersebut. Hal mana berlakunya ketentuana quotelah terjadi penyalahgunaan kekuasaan oleh penguasa pemerintah. Penguasa pemerintahan negara yang saat ini menjabat dan telah mengangkat prajurit TNI pada jabatan-jabatan strategis yang hanya ditunjukkan untuk kepentingan pribadi, tanpa memperha...

---

[legal_request] . Hal ini bisa menghambat dinamika dan modernisasi dalam tubuh TNI. Bahwa dengan memahami subtansi di atas terkait dengan jenis dan Muatan materi pembentukan UU TNI Nomor 3 Tahun 2025 Tentang Perubahan atas UU Nomor 34 Tahun 2004 jelas tidak bersesuaian dengan Pasal 28 D ayat (1) UUD 1945 yang menyatakan bahwa setiap orang berhak atas pengakuan, jaminan, perlindungan, dan kepastian hukum yang adildengan asas-asas muatan materi yang diatur dalam suatu peraturan perUUan, yang justru sebaliknya UU ...

---

[legal_request] . d. adanya hubungan sebab akibat (causal verband) antara kerugian dan berlakunya UU yang dimohonkan untuk diuji. e. adanya kemungkinan bahwa dengan dikabulkannya permohonan tersebut maka kerugian konstitusional yang didalilkan tidak akan tidak lagi terjadi. Selanjutnya, dalam Pasal 4 ayat (2) PMK No. 2 Tahun 2021, mengatur: Hak dan/atau kewenangan konstitusional Pemohon sebagaimana dimaksud pada ayat (1) dianggap dirugikan oleh berlakunya UU atau Perppu apabila: a. ada hak dan/atau kewenangan k...",0.6887277364730835
Bagaimana ikatan dinas prajurit TNI diatur dalam situasi darurat?,1. Inti Jawaban: Ikatan dinas prajurit TNI dalam situasi darurat diatur berdasarkan ketentuan undang-undang. Implikasi praktisnya adalah adanya penyesuaian dalam masa dinas. 2. Rincian Analisis: a. Isu Pokok: Pengaturan ikatan dinas dalam situasi darurat. b. Aturan & Unsur: Pasal 24 ayat (2) UU No. 34 Tahun 2004 menyatakan bahwa ketentuan tentang ikatan dinas diatur lebih lanjut dalam undang-undang. c. Penerapan: Situasi darurat memerlukan penyesuaian sesuai hukum yang berlaku. 3. Disclaimer: Informasi ini bersifat umum dan tidak menggantikan konsultasi hukum.,"1. Inti Jawaban: Ikatan dinas prajurit TNI dalam situasi darurat tetap berlaku karena bersifat statutary obligation.
2. Rincian Analisis:
    a. Isu Pokok: Status hukum ikatan dinas darurat.
    b. Aturan & Unsur: Pasal 48 UU No. 34 TNI tentang ikatan dinas.
    c. Penerapan: Darurat memperkuat tanggung jawab prajurit tanpa mengubah status hukum.
3. Disclaimer: Situasi darurat mungkin memerlukan penyesuaian prosedural.","[analysis_report] . Hal tersebut sesuai misi yang dijalankan oleh TNI yaitu misi kemanusiaan. Para prajurit TNI melaksanakan misi perdamaian dunia dalam wujud nyata perbaikan sarana dan prasarana, mengerjakan konstruksi pembuatan jalan, jembatan dan lapangan landas pesawat terbang selain itu juga malakukan Engineering Section (SE) pada daerah setempat. Peranan TNI yang turut serta dalam kebijakan pemeliharan perdamaian dunia menunjukkan keterkaitan TNI dalam kancah lingkungan internasional. Apapun definisinya, ya...

---

[web_article] . Dua, memperjelas batasan dan mekanisme pelibatan TNI dalam tugas nonmiliter, ujar Sjafrie. Tiga, meningkatkan kesejahteraan prajurit serta jaminan sosial bagi prajurit. Empat, menyesuaikan ketentuan terkait kepemimpinan jenjang karir dan usia pensiun sesuai dengan kebutuhan organisasi, tambahnya. Lihat juga Video: Anggota DPR Pertanyakan Usulan Usia Pensiun TNI Jabatan Fungsional 65 Tahun [Gambas:Video 20detik] Isi: nan...

---

[academic_draft] . Penempatan prajurit aktif TNI pada kementerian/lembaga negara dalam praktiknya tidak sebatas kementerian/lembaga negara yang tercantum dalam Pasal 47 ayat (2) UU TNI saja. Seiring dengan adanya kebutuhan sumber daya manusia yang menguasai keahlian di bidang tertentu, saat ini beberapa prajurit aktif TNI dapat juga diperbantukan pada kementerian/lembaga lain yang membutuhkan keahliannya. Sebut saja antara lain misalkan pada: kementerian kelautan dan perikanan, staf kepresidenan, badan nasional ...

---

[analysis_report] . Khusus dalam tugas OMSP, berbagai tugas telah dilakukan oleh prajurit TNI dengan sangat baik, bahkan melebihi panggilan tugasnya. Setiap prajurit dituntut mengedepankan tugas dan kepentingan masyarakat di atas kepentingan pribadi. Sekecil apapun sikap dan tindakan primitif akan mengganggu bahkan merusak jati diri TNI, sebagai tentara rakyat, tentara pejuang, tentara nasional dan tentara profesional. Prestasi dan kinerja optimal TNI yang telah mendapatkan penilaian positif dari masyarakat diper...",0.6572165489196777
Apa implikasi dari Pasal 74 ayat (2) UU No. 34 Tahun 2004 tentang TNI?,"1. Inti Jawaban:
   - Pasal 74 ayat (2) menegaskan bahwa UU No. 31 Tahun 1997 tetap berlaku sampai undang-undang baru tentang Peradilan Militer dibentuk.
   - Implikasi praktisnya adalah tidak ada perubahan signifikan dalam sistem peradilan militer sampai undang-undang baru diterbitkan.

2. Rincian Analisis:
   a. Isu Pokok: Dampak hukum dari belum adanya undang-undang baru tentang Peradilan Militer.
   b. Aturan & Unsur: Pasal 74 ayat (2) UU No. 34 Tahun 2004 mengacu pada UU No. 31 Tahun 1997 sebagai dasar hukum sementara.
   c. Penerapan: Selama belum ada perubahan, semua proses peradilan militer tetap mengikuti UU No. 31 Tahun 1997.

3. Disclaimer: Informasi ini tidak dimaksudkan sebagai saran hukum resmi.","A. Inti Jawaban: Implikasi adalah penegakan hukum yang adil dan transparan. B. Rincian: 1. Isu Pokok: Penegakan hukum. 2. Aturan & Unsur: Pasal 74 ayat (2) UU No. 34 Tahun 2004 tentang TNI. 3. Penerapan: Harus memastikan proses hukum yang adil. C. Disclaimer: Informasi ini hanya untuk edukasi.
### Catatan: Jawaban ini merujuk pada sumber-sumber yang diberikan.","[legal_request] . Perencanaan dan penyusunan pembentukan UU Nomor 3 Tahun 2025 Tentang Perubahan atas UU Nomor 34 Tahun 2004 Tentang TNI (TNI), tidak sesuai dengan tata cara pembentukan peraturan perUUan, tanpa naskah akademik. 13. Bahwa dalam Pasal 43 ayat (3) UU No. 12 Tahun 2011 mengatur secara imperatif dan tegas: Rancangan UU yang berasal dari DPR, Presiden, atau DPD harus disertai Naskah Akademik. Adapun dalam Pasal 1 angka 11 UU No...

---

[web_article] . Peserta sidang menjawab setuju dan dengan demikian, UU yang mengatur perubahan UU Nomor 34 Tahun 2004 sah. Apa saja yang berubah dalam UU tersebut? Simak penjelasannya di bawah ini, yuk! DilihatdetikJogjadari dokumen UU Republik Indonesia Nomor 34 Tahun 2004 tentang TNI, tugas pokok TNI dibedakan menjadi 2 dalam pasal 7 ayat (2), yakni operasi militer untuk perang dan operasi militer selain perang. Untuk operasi militer selain perang, tugas TNI dirinci sebanyak 14 poin sebagaimana tertera dala...

---

[web_article] Judul: Apa Isi UU TNI Terbaru? Ini Daftar Pasal yang Direvisi dan Disahkan DPR,21 Mar 2025 13:05,https://www.detik.com/jogja/berita/d-7834561/apa-isi-uu-tni-terbaru-ini-daftar-pasal-yang-direvisi-dan-disahkan-dpr,Dewan Perwakilan Rakyat (DPR) resmi mengesahkan Rancangan UU (RUU) Perubahan UU Nomor 34 Tahun 2004 tentang TNI. Apa isi UU TNI terbaru? Berikut ini daftar pasal yang direvisi! DilansirdetikNews, pengesahan RUU TNI dilakukan melalui rapat paripurna yang digelar pada Kamis, 20 Maret 2025...

---

[petition] . 31 tahun 1997 tentang Peradilan Militer. Agenda revisi UU ini lebih penting ketimbang RUU TNI, karena agenda itu merupakan kewajiban konstitusional negara untuk menjalankan prinsip persamaan di hadapan hukum (equality before the law) bagi semua warga negara, tanpa kecuali. Reformasi peradilan militer merupakan mandat TAP MPR No. VII Tahun 2000 dan UU No. 34 tahun 2004 tentang TNI. Kami menilai RUU TNI akan mengembalikan Dwifungsi TNI, yaitu militer aktif menduduki jabatan-jabatan sipil. Perlua...

---

[legal_request] . Hal ini bisa menghambat dinamika dan modernisasi dalam tubuh TNI. Bahwa dengan memahami subtansi di atas terkait dengan jenis dan Muatan materi pembentukan UU TNI Nomor 3 Tahun 2025 Tentang Perubahan atas UU Nomor 34 Tahun 2004 jelas tidak bersesuaian dengan Pasal 28 D ayat (1) UUD 1945 yang menyatakan bahwa setiap orang berhak atas pengakuan, jaminan, perlindungan, dan kepastian hukum yang adildengan asas-asas muatan materi yang diatur dalam suatu peraturan perUUan, yang justru sebaliknya UU ...

---

[legal_request] . c. Pasal 22A UUD 1945 berbunyi: Ketentuan lebih lanjut tentang tata cara pembentukan UU diatur dengan UU. Selanjutnya, Pasal 96 UU No. 13 Tahun 2022 mengatur: a. Pasal 96 ayat (1): Masyarakat berhak memberikan masukan secara lisan dan/ atau tertulis dalam setiap tahapan Pembentukan Peraturan PerUUan. b. Pasal 96 ayat (2): Pemberian masukan masyarakat sebagaimana dimaksud pada ayat (1) dilakukan secara daring dan/atau luring. c. Pasal 96 ayat (3): Masyarakat sebagaimana dimaksud pada ayat (1) m...",0.70408695936203
Bagaimana penyesuaian pendidikan prajurit dengan perkembangan teknologi?,1. Inti Jawaban: Penyesuaian dilakukan melalui keputusan Panglima. Implikasi praktisnya adalah adaptasi kurikulum sesuai kebutuhan. 2. Rincian Analisis: a. Isu Pokok: Pembaruan pendidikan sesuai kemajuan teknologi. b. Aturan & Unsur: Pasal 29 ayat (2) UU No. 34 Tahun 2004 memberikan fleksibilitas kepada Panglima. c. Penerapan: Panglima dapat memodifikasi pendidikan untuk mencakup teknologi mutakhir. 3. Disclaimer: Perubahan spesifik tidak diatur dalam UU ini.,"1. Inti Jawaban:
    - Pasal 29 ayat (1) UU No. 34/2004 mewajibkan pendidikan perwira, bintara, dan tamtama.
    - Implikasi: Pendidikan harus mencakup aspek teknologi modern seperti cyber warfare.
2. Rincian Analisis:
    a. Isu Pokok: Adaptasi pendidikan militer terhadap inovasi teknologi.
    b. Aturan & Unsur: Ayat (1) menyebut pendidikan sebagai bagian dari pengembangan SDM.
    c. Penerapan: Kerjasama dengan lembaga riset teknologi untuk kurikulum baru.
3. Disclaimer: Penjelasan ini bersifat umum.","[undang_undang] Pasal 29 Isi: (1) Pendidikan untuk pengangk atan prajurit terdiri atas pendidikan perwira, bintara, dan tamtama. (2) Pelaksanaan pendidikan sebagaimana dimaksud pada ayat (1) diatur lebih lanjut dengan keputusan Panglima....

---

[analysis_report] . Disamping itu kebijakan pengembangan SDM TNI pada bidang ilmu pengetahuan dan teknologi juga perlu membuka peluang untuk menjalin kerja sama dengan negara lain terutama negara maju dalam bidang Pendidikan. Ketiga, pembangunan dan pengembangan SDM komponen utama (prajurit TNI) sebagai kekuatan militer disesuaikan dengan tatanan strategi militer. Era perkembangan dan dinamika kondisi kekinian dengan berbagai dampaknya secara positif maupun negatif mempengaruhi tata kehidupan berbangsa dan berneg...

---

[analysis_report] . pendidikan kewarganegaraan; b. pelatihan dasar kemiliteran secara wajib; c. pengabdian sebagai prajurit TNI secara suka rela atau secara wajib; dan d. pengabdian sesuai dengan profesi. Usaha pembelaan negara dalam rangka penyelenggaraan pertahanan perlu dibangun dan dikembangkan secara berlanjut dan terarah agar dalam pengerahan dan penggunaan kesiapannya dapat terwujud. Usaha-usaha tersebut Sumber : Biro Humas Kemhan Sumber : Biro Humas Kemhan...

---

[undang_undang] Pasal 41 Isi: (1) Setiap prajurit memperoleh kesempatan untuk mengembangkan kemampuannya melalui pendidikan dan penugasan, dengan mempertimbangkan kepentingan TNI serta memenuhi persyaratan yang ditentukan. (2) Ketentuan sebagaimana dimaksud pada ayat (1) diatur dengan keputusan Panglima....

---

[analysis_report] . Pada Era perkembangan dan dinamika kondisi kekinian yang diwarnai dengan pesatnya kemajuan ilmu pengetahuan, teknologi, komunikasi dan informasi sangatlah mempengaruhi dan memberi dampak MEMBANGUN KAPABILITAS SUMBER DAYA MANUSIA KOMPONEN UTAMA MENGHADAPI ERA PERKEMBANGAN DAN DINAMIKA KONDISI KEKINIAN Oleh: Brigjen TNI Raden Tjahya Komara Direktur Sumber Daya Manusia Direktorat Jenderal Kekuatan Pertahanan Kemhan Bagaimana meletakan pondasi besar arah kebijakan pertahanan negara dengan menata u...",0.7450070977210999
Bagaimana hubungan antara Presiden dan DPR dalam pengerahan TNI menurut UU No. 34 Tahun 2004?,"1. Inti Jawaban: Hubungannya bersifat checks and balances, di mana Presiden memegang kewenangan tetapi harus mendapat persetujuan DPR. Implikasi praktisnya adalah keseimbangan kekuasaan. 2. Rincian Analisis: a. Isu Pokok: Dinamika eksekutif-legislatif. b. Aturan & Unsur: Pasal 17 ayat (1) dan (2) UU No. 34 Tahun 2004 mengatur hubungan ini. c. Penerapan: Kerja sama antara Presiden dan DPR sangat penting. 3. Disclaimer: Hubungan dapat dipengaruhi oleh faktor politik.","(a) Inti: Presiden memiliki otoritas tertentu tetapi DPR dapat mengawasi. (b) Rincian: Pasal 7 ayat (1) UU No. 34 Tahun 2004 memberikan wewenang kepada Presiden untuk menggerakkan TNI, sedangkan DPR memiliki peran pengawasan. (c) Disclaimer: Penafsiran ini didasarkan pada teks UU.","[web_article] . SCROLL TO CONTINUE WITH CONTENT Diundangkan, dimasukkan dalam lembaran negara dan diberi nomor, ujarnya. Sebagai informasi, DPR RI resmi mengesahkan Rancangan UU tentang Perubahan atas UU Nomor 34 Tahun 2004 tentang TNI atau RUU TNI menjadi UU. Keputusan ini diambil dalam rapat paripurna yang dihadiri oleh sejumlah menteri. Wakil Ketua DPR RI Sufmi Dasco Ahmad mengatakan draf revisi UU TNI telah disampaikan kepada Koalisi Masyarakat Sipil. Dasco juga memastikan draf itu akan diunggah di laman ...

---

[web_article] . Cabut UU TNI yang Telah Disahkan2. Kembalikan TNI ke Fungsi Militer3. Perlindungan Hak Asasi Manusia4. Jaga Stabilitas Demokrasi5. Tuntut Pemerintah Menghargai Reformasi dan Supremasi Sipil Sebelumnya diberitakan, Rancangan UU tentang Perubahan atas UU Nomor 34 Tahun 2004 tentang TNI atau RUU TNI resmi disahkan DPR menjadi Undang-undang. Ketok palu berlangsung pada Kamis (20/3) pagi. Dilansir detikNews, pada rapat paripurna, Ketua Panja RUU TNI Utut Adianto menyampaikan beberapa poin krusial. ...

---

[web_article] . RUU ini tidak masuk Prolegnas, saya tidak tahu apakah ada naskah akademiknya dan tiba-tiba Presiden mengirim surpres pada 18 Februari. Semua berlangsung begitu tertutup, kata Palguna dalam diskusi Teras FISIP Vol. 1 Pengesahan RUU TNI: Apa yang Perlu Diketahui Masyarakat di Kampus Unud Sudirman, Denpasar, Selasa (25/3/2025) malam. SCROLL TO CONTINUE WITH CONTENT Ketua Majelis Kehormatan Mahkamah Konstitusi (MKMK) itu menilai cara-cara seperti ini berisiko memperlebar jurang antara TNI dan masy...",0.7041337490081787
Apa yang diatur dalam Pasal 76 UU No. 34 Tahun 2004 tentang TNI?,"1. Inti Jawaban:
   - Pasal 76 mengatur kewajiban Pemerintah untuk mengambil alih seluruh aktivitas bisnis TNI dalam waktu 5 tahun sejak UU ini berlaku.
   - Implikasi praktisnya adalah TNI harus melepaskan seluruh kepemilikan dan pengelolaan bisnisnya kepada Pemerintah.

2. Rincian Analisis:
   a. Isu Pokok: Kewajiban Pemerintah dalam mengambil alih bisnis TNI.
   b. Aturan & Unsur: Berdasarkan Pasal 76 ayat (1), Pemerintah wajib mengambil alih bisnis TNI (langsung/tidak langsung) dalam 5 tahun. Ayat (2) mengatur tata cara pelaksanaannya melalui Keputusan Presiden.
   c. Penerapan: Pemerintah harus memastikan tidak ada lagi unit bisnis TNI setelah 5 tahun, dengan mekanisme yang diatur Presiden.

3. Disclaimer: Analisis ini bersifat umum dan tidak menggantikan konsultasi hukum.",A. Inti Jawaban: Pasal 76 UU No. 34 Tahun 2004 tentang TNI mengatur tentang tugas pokok TNI yang terdiri dari dua jenis: operasi militer untuk perang dan operasi militer selain perang. Implikasinya adalah bahwa TNI memiliki dua fungsi utama yang berbeda dalam pelaksanaannya.B. Rincian Analisis:1. Isu Pokok: Penjelasan tentang tugas pokok TNI.2. Aturan & Unsur: a. Pasal 76 ayat (1): Menyatakan bahwa tugas pokok TNI adalah operasi militer untuk perang dan operasi militer selain perang. b. Pasal 76 ayat (2): Membedakan antara kedua jenis operasi tersebut.3. Penerapan: Informasi ini penting karena menunjukkan peran TNI dalam berbagai situasi militer.C. Disclaimer: Interpretasi ini didasarkan pada teks UU dan tidak mempertimbangkan konteks historis atau politik.,"[web_article] . Peserta sidang menjawab setuju dan dengan demikian, UU yang mengatur perubahan UU Nomor 34 Tahun 2004 sah. Apa saja yang berubah dalam UU tersebut? Simak penjelasannya di bawah ini, yuk! DilihatdetikJogjadari dokumen UU Republik Indonesia Nomor 34 Tahun 2004 tentang TNI, tugas pokok TNI dibedakan menjadi 2 dalam pasal 7 ayat (2), yakni operasi militer untuk perang dan operasi militer selain perang. Untuk operasi militer selain perang, tugas TNI dirinci sebanyak 14 poin sebagaimana tertera dala...

---

[web_article] Judul: Apa Isi UU TNI Terbaru? Ini Daftar Pasal yang Direvisi dan Disahkan DPR,21 Mar 2025 13:05,https://www.detik.com/jogja/berita/d-7834561/apa-isi-uu-tni-terbaru-ini-daftar-pasal-yang-direvisi-dan-disahkan-dpr,Dewan Perwakilan Rakyat (DPR) resmi mengesahkan Rancangan UU (RUU) Perubahan UU Nomor 34 Tahun 2004 tentang TNI. Apa isi UU TNI terbaru? Berikut ini daftar pasal yang direvisi! DilansirdetikNews, pengesahan RUU TNI dilakukan melalui rapat paripurna yang digelar pada Kamis, 20 Maret 2025...

---

[legal_request] . Maka UU Nomor 3 Tahun 2025 Tentang Perubahan atas UU Nomor 34 Tahun 2004 Tentang TNI (TNI) diputuskan masuk dalam Prolegnas 2025 tanpa ada pertimbangan dari Badan Legislasi (Baleg) DPR (sebagaimana diatur dalam Pasal 66 huruf f Tatib DPR), yaitu mencakup pertimbangan dapat atau tidak dapatnya suatu RUU masuk ke dalam prolegnas perubahan...

---

[academic_draft] 22 C. UU Nomor 34 Tahun 2004 tentang TNI UU Nomor 34 Tahun 2004 tentang TNI (UU TNI) saat ini telah berlaku lebih kurang 20 (dua puluh) tahun. Tentu selama berlaku, ada beberapa ketentuan atau materi muatan yang sudah tidak sesuai dengan dinamika dan perkembangan yang ada. Salah satunya, terkait peran prajurit aktif TNI pada Kementerian/lembaga lain serta batasan usia prajurit TNI. D. Putusan Mahkamah Konstitusi UU TNI pernah diuji di Mahkamah Konstitusi...

---

[legal_request] . Perencanaan dan penyusunan pembentukan UU Nomor 3 Tahun 2025 Tentang Perubahan atas UU Nomor 34 Tahun 2004 Tentang TNI (TNI), tidak sesuai dengan tata cara pembentukan peraturan perUUan, tanpa naskah akademik. 13. Bahwa dalam Pasal 43 ayat (3) UU No. 12 Tahun 2011 mengatur secara imperatif dan tegas: Rancangan UU yang berasal dari DPR, Presiden, atau DPD harus disertai Naskah Akademik. Adapun dalam Pasal 1 angka 11 UU No...

---

[legal_request] . Pengambilan keputusan RUU revisi UU TNI yang sudah menjadi Undang- Undang Nomor 3 Tahun 2025 Tentang Perubahan atas UU Nomor 34 Tahun 2004 Tentang TNI (TNI), dilaksanakan pada Rapat Paripurna Pembukaan masa sidang DPR RI ke-13, pada 18 Februari 2025,yang dimana Para Permohonan menilai banyak kejanggalan dalam pengambilan keputusannya. Pertama, pengambilan keputusan untuk memasukkan RUU Revisi UU TNI yang sudah menjadi UU Nomor 3 Tahun 2025 Tentang Perubahan atas UU Nomor 34 Tahun 2004 Tentang ...",0.6898407936096191
Apakah alasan pemberhentian Prajurit TNI harus diumumkan publik?,"1. Inti Jawaban: Tidak selalu, karena tergantung pada kebijakan TNI dan sensitivitas kasus. Implikasi praktisnya adalah perlindungan privasi atau transparansi. 2. Rincian Analisis: a. Isu Pokok: Keterbukaan informasi pemberhentian. b. Aturan & Unsur: Pasal 34 UU No. 34 Tahun 2004 tidak mengatur kewajiban pengumuman. c. Penerapan: Umumnya, TNI memiliki protokol internal. 3. Disclaimer: Pengumuman dapat dilakukan secara terbatas.","(a) Inti Jawaban: Ya, Pasal 42 ayat (1) UU No. 34/2004 menyatakan bahwa pemberhentian harus diumumkan melalui surat keputusan Panglima. (b) Rincian Analisis: 1. Isu Pokok: Kewajiban pengumuman pemberhentian. 2. Aturan & Unsur: Pasal 42 ayat (1) UU TNI mensyaratkan pengumuman sebagai bagian dari prosedur hukum. 3. Penerapan: Pengumuman penting untuk transparansi dan akuntabilitas administratif. (c) Disclaimer: Penjelasan ini bersifat umum dan tidak menggantikan konsultasi hukum.","[web_article] . SCROLL TO CONTINUE WITH CONTENT Prabowo sebelumnya bicara soal urgensi pengesahan UU TNI dan mengungkap alasan pengesahan UU TNI dipercepat. Hal itu menuai kritik publik hingga terjadi aksi di berbagai daerah. RUU TNI dipercepat karena kita mengalami suatu fenomena dalam berapa tahun itu. Panglima TNI satu tahun ganti, KSAD satu tahun ganti, kan usianya habis, waktu dia untuk karirnya begitu mau dipakai usia habis. Gimana kita bisa punya suatu organisasi yang pemimpinnya ganti tiap tahun, ucap...

---

[web_article] Judul: UU TNI dan Pesan Hati-hati untuk Prabowo,24 Mar 2025 12:50,https://news.detik.com/kolom/d-7838763/uu-tni-dan-pesan-hati-hati-untuk-prabowo,UU TNI resmi disahkan DPR pada Kamis, 20 Maret 2025 hingga memantik perdebatan panas di tengah masyarakat.Prabowo Subiantosebagai pemimpin nasional dan mantan jenderal berada di persimpangan sulit antara menjaga hubungan dengan TNI dan memastikan demokrasi tidak mundur. Polemik yang muncul lantaran usulan perluasan jabatan sipil bagi prajurit aktif dal...

---

[web_article] Judul: Imparsial Minta Pembahasan Revisi UU TNI Dihentikan, Beri Catatan Kritis,18 Jul 2024 12:18,https://news.detik.com/berita/d-7444824/imparsial-minta-pembahasan-revisi-uu-tni-dihentikan-beri-catatan-kritis,Direktur ImparsialGufron Mabrurimengkritik pembahasan revisi UU TNI yang saat ini menjadi inisiatif DPR. Gufron menilai revisi UU TNI tidak mendesak dan diwarnai dengan beberapa usulan yang bermasalah. Kami memandang DPR RI sebaiknya menghentikan segala bentuk pembahasan agenda revisi UU T...",0.6413264274597168
Bagaimana mekanisme pemberian hak kepada ahli waris prajurit TNI yang gugur?,1. Inti Jawaban: Mekanisme pemberian hak kepada ahli waris prajurit TNI yang gugur diatur melalui Peraturan Pemerintah sebagaimana disebutkan dalam Pasal 56 ayat (2) UU No. 34 Tahun 2004. Implikasi praktisnya adalah pemerintah wajib menerbitkan aturan turunan untuk menjamin hak tersebut. 2. Rincian Analisis: a. Isu Pokok: Implementasi hak ahli waris prajurit TNI. b. Aturan & Unsur: Pasal 56 ayat (2) menjadi dasar hukum bagi pembuatan Peraturan Pemerintah. c. Penerapan: Peraturan Pemerintah akan memuat prosedur dan persyaratan pencairan hak. 3. Disclaimer: Detail teknis tergantung pada Peraturan Pemerintah yang berlaku.,"1. Inti Jawaban:
   a. Ahli waris dapat mengajukan klaim melalui jalur administratif sesuai prosedur yang ditetapkan.
   b. Implikasi: Perlunya sistem informasi yang transparan dan efektif.
2. Rincian Analisis:
   a. Isu Pokok: Hak ahli waris prajurit TNI.
   b. Aturan & Unsur: Pasal 44 UU TNI tidak secara eksplisit menyebutkan hak ahli waris, tetapi prinsip umum hukum Indonesia mengakui hak ini.
   c. Penerapan: Proses klaim harus memenuhi syarat administratif dan verifikasi.
3. Disclaimer: Informasi ini bersifat umum dan tidak menggantikan konsultasi hukum resmi.","[web_article] . Anies kemudian mempertanyakan jaminan bahwa revisi UU TNI itu tak akan berdampak selain yang diniatkan pembuat kebijakan. Dia juga menyinggung di tubuh TNI masih ada tantangan tersendiri, yakni meritokrasi dalam jenjang karier. Jika revisi ini bertujuan memperkuat TNI, kita harus pastikan ada rambu hukum yang jelas. Apa mekanisme pengamannya? Bagaimana memastikan bahwa perubahan ini tidak akan membawa dampak di luar niat awal pembuat kebijakan? Selain itu, apakah revisi ini menyelesaikan masal...

---

[web_article] . Kemudian dalam melaksanakan tugas pemerintahan jika terjadi tindak pidana juga perlu dikhawatirkan. Misalnya tindak bidana korupsi, itu lalu diadili lewat apa mekanismenya, karena dia anggota TNI aktif, yang dalam jabatan yang dimungkinkan oleh UU TNI lagi, jadi ini akan jadi persoalan hukum, tambahnya. Menurut Rahadian, perlu diberikan definisi yang lebih ketat untuk memperjelas peran-peran TNI sebagaimana UU yang baru disahkan itu. Di luar operasi militer, misalnya di situ dalam siper, ini p...

---

[undang_undang] Pasal 44 Isi: (1) Prajurit yang mendapat tugas dengan pertaruhan jiwa raga secara langsung dan berjasa melampaui panggilan tugas dapat dianugerahi kenaikan pangkat luar biasa. (2) Ketentuan sebagaimana dimaksud pada ayat (1) diatur dengan Peraturan Pemerintah. Penjelasan: Ayat (1) Yang dimaksud dengan melampaui panggilan tugas adalah bahwa seseorang prajurit TNI tanpa memperdulikan keselamatan jiwanya melakukan tindakan kepahlawanan dalam suatu tugas demi bangsa dan negara, walaupun tindakan itu...

---

[analysis_report] . Khusus dalam tugas OMSP, berbagai tugas telah dilakukan oleh prajurit TNI dengan sangat baik, bahkan melebihi panggilan tugasnya. Setiap prajurit dituntut mengedepankan tugas dan kepentingan masyarakat di atas kepentingan pribadi. Sekecil apapun sikap dan tindakan primitif akan mengganggu bahkan merusak jati diri TNI, sebagai tentara rakyat, tentara pejuang, tentara nasional dan tentara profesional. Prestasi dan kinerja optimal TNI yang telah mendapatkan penilaian positif dari masyarakat diper...",0.6113718748092651
Bagaimana TNI menjalin kerja sama dengan pihak luar negeri?,"1. Inti Jawaban: TNI dapat menjalin kerja sama luar negeri dalam operasional, teknik, serta pendidikan dan latihan. Implikasinya adalah TNI harus memastikan kerja sama tersebut mendukung tugas pertahanan. 2. Rincian Analisis: a. Isu Pokok: Ruang lingkup kerja sama TNI dengan luar negeri. b. Aturan & Unsur: Pasal 70 ayat (2) UU No. 34/2004 mengatur kerja sama luar negeri harus terkait tugas operasional atau pelatihan. c. Penerapan: Misalnya, latihan militer bersama dengan negara lain harus sesuai kebijakan pertahanan. 3. Disclaimer: Interpretasi hukum dapat bervariasi tergantung konteks.","1. Inti Jawaban:
   a. Melalui kerja sama bilateral dan partisipasi dalam misi perdamaian PBB.
   b. Implikasi: Mendukung kebijakan politik luar negeri dan kepentingan nasional.
2. Rincian Analisis:
   a. Isu Pokok: Mekanisme kerja sama internasional TNI.
   b. Aturan & Unsur: Pasal 70 ayat (2) UU No. 34 Tahun 2004 tentang hubungan kerja sama luar negeri.
   c. Penerapan: Contoh kerja sama termasuk latihan bersama dan pengiriman pasukan perdamaian.
3. Disclaimer: Informasi ini bersifat umum dan tidak menggantikan konsultasi hukum resmi.","[undang_undang] Pasal 70 Isi: (1) Hubungan dan kerja sama TNI dengan lembaga, badan, serta instansi di dalam negeri didasarkan atas kepentingan pelaksanaan tugas TNI dalam kerangka pertahanan negara. (2) Hubungan dan kerja sama luar negeri dilakukan dalam rangka tugas operasional, kerja sama teknik, serta pendidikan dan latihan. (3) Hubungan dan kerja sama dalam dan luar negeri sebagaimana dimaksud pada ayat (1) dan ayat (2) dilaksanakan berdasarkan kebijakan pemerintah di bidang pertahanan negara....

---

[analysis_report] . Disamping itu kebijakan pengembangan SDM TNI pada bidang ilmu pengetahuan dan teknologi juga perlu membuka peluang untuk menjalin kerja sama dengan negara lain terutama negara maju dalam bidang Pendidikan. Ketiga, pembangunan dan pengembangan SDM komponen utama (prajurit TNI) sebagai kekuatan militer disesuaikan dengan tatanan strategi militer. Era perkembangan dan dinamika kondisi kekinian dengan berbagai dampaknya secara positif maupun negatif mempengaruhi tata kehidupan berbangsa dan berneg...

---

[analysis_report] . Dalam konteks ini, diplomasi pertahanan mempunyai konsekuensi yang harus dijalankan secara total, terpadu, terarah, dan berlanjut sebagaimana makna sistem pertahanan negara itu sendiri. Dapat pula didefinisikan bahwa sebagai diplomasi yang dilaksanakan oleh TNI adalah mendukung kebijakan politik luar negeri atau melaksanakan keputusan politik negara/kebijakan pertahanan serta mendukung penyelesaian berbagai permasalahan internasional. Indonesia sebagai bagian dari masyarakat internasional dan ...

---

[analysis_report] . Dalam konteks tersebut, kerja sama internasional bidang pertahanan akan dikembangkan sebagai salah satu instrumen diplomasi pertahanan dalam mewujudkan kepentingan nasional di bidang pertahanan. Sejalan dengan itu, sebagai instrumen diplomasi pertahanan maka kerja sama internasional bidang pertahanan akan lebih diefektifkan melalui langkah- langkah yang lebih konkret, aktif, dan bermartabat. A. Kerja Sama Bilateral. Kerja sama bilateral di bidang pertahanan dimaksudkan sebagai upaya merealisas...

---

[analysis_report] . 3) Kerja Sama Dalam Misi Perdamaian Perserikatan Bangsa-Bangsa. Peran serta Indonesia dalam pengiriman pasukan TNI pada operasi pemeliharaan perdamaian merupakan amanat Pembukaan UUD NRI 1945, dalam rangka ikut serta mewujudkan perdamaian dunia yang berdasarkan kemerdekaan, perdamaian abadi dan keadilan sosial. Partisipasi Indonesia telah memberikan bobot yang semakin baik terhadap hubungan luar negeri dan pelaksanaan politik luar negeri yang bebas aktif...

---

[analysis_report] 41 EDISI KHUSUS 2019 maupun multilateral sesuai dengan amanat UU 16 Tahun 2012 Pasal 48. Kerja sama ini memiliki tujuan dalam hal percepatan peningkatan penguasaan teknologi pertahanan dan keamanan, meliputi pendidikan, pelatihan, alih teknologi, litbang, perekayasaan, produksi, pemasaran, serta pembiayaan. Kerja sama dilakukan antar negara yang kemudian diimplementasikan oleh industri pertahanan, maupun kerjasama langsung antar industri pertahanan. Tujuan dari kerja sama ini untuk percepatan pe...",0.7849289774894714
Siapa yang menetapkan kebijakan hubungan kerja sama TNI dengan dalam/luar negeri?,"1. Inti Jawaban:
- Pemerintah yang menetapkan kebijakan (Pasal 70 ayat (3)).
- Implikasi praktis: TNI tidak bisa melakukan kerja sama tanpa persetujuan pemerintah.

2. Rincian Analisis:
a. Isu Pokok: Kewenangan penetapan kebijakan kerja sama.
b. Aturan & Unsur: Pasal 70 ayat (3) menyatakan kerja sama dilaksanakan berdasarkan kebijakan pemerintah di bidang pertahanan.
c. Penerapan: Pemerintah bertindak sebagai regulator utama untuk memastikan kerja sama sesuai kepentingan nasional.

3. Disclaimer: Analisis terbatas pada UU TNI tanpa membahas peran lembaga lain.",1. Inti Jawaban: Kebijakan hubungan kerja sama TNI ditetapkan oleh pemerintah dalam kerangka pertahanan negara. Implikasi praktisnya adalah bahwa TNI harus mengacu pada kebijakan yang sudah disahkan oleh pemerintah. 2. Rincian Analisis: a. Isu Pokok: Subyek yang menetapkan kebijakan hubungan kerja sama TNI. b. Aturan & Unsur: Pasal 70 ayat (3) menyatakan kebijakan pemerintah di bidang pertahanan negara sebagai dasar pelaksanaannya. c. Penerapan: Kebijakan ini biasanya dihasilkan melalui proses pembuatan kebijakan nasional yang melibatkan stakeholder terkait. 3. Disclaimer: Informasi ini tidak dapat menggantikan konsultasi hukum resmi.,"[undang_undang] Pasal 70 Isi: (1) Hubungan dan kerja sama TNI dengan lembaga, badan, serta instansi di dalam negeri didasarkan atas kepentingan pelaksanaan tugas TNI dalam kerangka pertahanan negara. (2) Hubungan dan kerja sama luar negeri dilakukan dalam rangka tugas operasional, kerja sama teknik, serta pendidikan dan latihan. (3) Hubungan dan kerja sama dalam dan luar negeri sebagaimana dimaksud pada ayat (1) dan ayat (2) dilaksanakan berdasarkan kebijakan pemerintah di bidang pertahanan negara....

---

[undang_undang] Pasal 5 Isi: TNI berperan sebagai alat negara di bidang pertahanan yang dalam menjalankan tugasnya berdasarkan kebijakan dan keputusan politik negara. Bagian Kedua Fungsi Penjelasan: Yang dimaksud dengan kebijakan dan keputusan politik negara adalah kebijakan politik pemerintah bersama-sama Dewan Perwakilan Rakyat yang dirumuskan melalui mekanisme hubungan kerja antara pemerintah dan Dewan Perwakilan Rakyat, seperti rapat konsultasi dan rapat kerja sesuai dengan peraturan perUUan....

---

[analysis_report] 46 EDISI KHUSUS 2019 TNI dengan tetap meneguhkan komitmen untuk menjadi TNI yang kuat, hebat dan professional. Bentuk komitmen TNI tersebut diperlihatkan dengan terus memantapkan kemanunggalan TNI rakyat, meningkatkan semangat pengabdian, kualitas kinerja, etos kerja dan memberikan yang terbaik untuk bangsa dalam mengemban setiap tugas. Untuk melaksanakan tugas pokoknya selain penugasan di dalam negeri, TNI juga melaksanakan kegiatan di luar negeri dalam rangka menjaga nama baik Bangsa Indonesia...

---

[analysis_report] . 3) Kerja Sama Dalam Misi Perdamaian Perserikatan Bangsa-Bangsa. Peran serta Indonesia dalam pengiriman pasukan TNI pada operasi pemeliharaan perdamaian merupakan amanat Pembukaan UUD NRI 1945, dalam rangka ikut serta mewujudkan perdamaian dunia yang berdasarkan kemerdekaan, perdamaian abadi dan keadilan sosial. Partisipasi Indonesia telah memberikan bobot yang semakin baik terhadap hubungan luar negeri dan pelaksanaan politik luar negeri yang bebas aktif...

---

[analysis_report] 41 EDISI KHUSUS 2019 maupun multilateral sesuai dengan amanat UU 16 Tahun 2012 Pasal 48. Kerja sama ini memiliki tujuan dalam hal percepatan peningkatan penguasaan teknologi pertahanan dan keamanan, meliputi pendidikan, pelatihan, alih teknologi, litbang, perekayasaan, produksi, pemasaran, serta pembiayaan. Kerja sama dilakukan antar negara yang kemudian diimplementasikan oleh industri pertahanan, maupun kerjasama langsung antar industri pertahanan. Tujuan dari kerja sama ini untuk percepatan pe...

---

[analysis_report] . Berlandaskan UU Nomor 34 Tahun 2004 tentang TNI, yang mengamanatkan bahwa tugas pokok TNI selain perang adalah melaksanakan tugas perdamaian dunia sesuai dengan kebijakan politik luar negeri, maka TNI terus ikut dalam usaha misi perdamaian dunia sebagaimana yang telah dilaksanakan setiap tahunnya dalam kurun waktu dua puluh tahun ini. Disamping tugas dalam misi perdamianan dunia, TNI juga berusaha aktif membantu negara lain jika tertimpa bencana alam. Yang pasti TNI akan selalu siap kapanpun d...",0.7837523221969604
Bagaimana proses pengambilan keputusan untuk pengerahan pasukan TNI?,"1. Inti Jawaban:
   - Presiden mengambil keputusan berdasarkan pertimbangan strategis.
   - Implikasi praktisnya adalah sentralisasi komando operasi militer.

2. Rincian Analisis:
   a. Isu Pokok: Prosedur pengerahan kekuatan militer.
   b. Aturan & Unsur: Pasal 3 ayat (1) menetapkan Presiden sebagai decision maker tunggal.
   c. Penerapan: Melibatkan analisis dari TNI dan instansi terkait.

3. Disclaimer: Proses detail diatur dalam mekanisme staf gabungan.","1. Inti Jawaban:
   a. Keputusan Panglima setelah persetujuan Presiden.
   b. Implikasi: Proses koordinasi tingkat tinggi.
2. Rincian Analisis:
   a. Isu Pokok: Prosedur pengerahan pasukan.
   b. Aturan & Unsur: Pasal 45 ayat (1) UU No. 34/2004 mewajibkan keputusan Panglima setelah persetujuan Presiden.
   c. Penerapan: Proses melibatkan dua level pengambilan keputusan.
3. Disclaimer: Informasi ini bersifat umum.","[undang_undang] Pasal 45 Isi: Pengangkatan dan pemberhentian jabatan di dalam struktur TNI selain jabatan Panglima dan Kepala Staf Angkatan, diatur dengan keputusan Panglima....

---

[academic_draft] 26 BAB V JANGKAUAN, ARAH PENGATURAN, DAN RUANG LINGKUP MATERI MUATAN RANCANGAN UNDANG-UNDANG A. Jangkauan dan Arah Pengaturan Jangkauan dan arah pengaturan perubahan UU TNI terbatas pada peran prajurit aktif TNI pada kementerian/ lembaga lain sesuai kebutuhan institusi dimaksud dan kebijakan Presiden. Di samping itu, perubahan UU TNI juga mengatur mengenai batasan usia masa dinas bagi prajutir TNI sesuai dengan kebutuhan dan mensikronkan dengan berbagai ketentuan peraturan perUUan yang ada, baik...

---

[web_article] . Anies kemudian mempertanyakan jaminan bahwa revisi UU TNI itu tak akan berdampak selain yang diniatkan pembuat kebijakan. Dia juga menyinggung di tubuh TNI masih ada tantangan tersendiri, yakni meritokrasi dalam jenjang karier. Jika revisi ini bertujuan memperkuat TNI, kita harus pastikan ada rambu hukum yang jelas. Apa mekanisme pengamannya? Bagaimana memastikan bahwa perubahan ini tidak akan membawa dampak di luar niat awal pembuat kebijakan? Selain itu, apakah revisi ini menyelesaikan masal...

---

[academic_draft] . Hal-hal yang terkait dengan sistem pertahanan dan keamanan negara, termasuk susunan dan kedudukan TNI diatur dengan UU. Ketentuan ini merupakan materi muatan delegasi yang harus diatur dengan UU TNI, termasuk ketentuan mengenai keterlibatan prajurit aktif TNI pada kementerian/lembaga lain serta penambahan usia masa dinas prajurit TNI. B. Ketetapan MPR Ketetapan Majelis Permusyawaratan Rakyat Nomor VI/MPR/2000 tentang Pemisahan TNI dan Kepolisian Negara Republik Indonesia, serta Ketetapan Majel...

---

[academic_draft] 12 batasan usia pensiun prajurit TNI saat ini serta kebijakan dalam menyikapi perkembangan tersebut. 3. Guna mengetahui teori dan praktik terkait pengaturan keterlibatan prajurit aktif TNI pada Kementerian/lembaga negara serta batasan usia pensiun prajurit TNI. 4. Guna mengetahui hasil evaluasi dan analisis terhadap UU Nomor 34 Tahun 2004 tentang TNI. 5. Guna mengetahui pertimbangan atau landasan filosofis, sosiologis, dan yuridis pembentukan Rancangan Undang- Undang Perubahan atas UU Nomor 34 T...",0.6589831113815308
Bagaimana TNI menerapkan prinsip tidak berpolitik praktis?,"1. Inti Jawaban:
   - TNI menerapkannya dengan tidak terlibat dalam partai politik atau pemilihan umum.
   - Implikasi praktisnya adalah TNI harus fokus pada tugas militer.

2. Rincian Analisis:
   a. Isu Pokok: Netralitas politik TNI.
   b. Aturan & Unsur: Pasal 2 huruf d UU No. 34 Tahun 2004 melarang TNI berpolitik praktis.
   c. Penerapan: Anggota TNI tidak boleh menjadi anggota partai politik atau ikut kampanye.

3. Disclaimer: Penerapan ini berdasarkan UU No. 34 Tahun 2004.","1. Inti Jawaban:
   a. Melalui pembatasan tugas nonmilitary dan kontrol legislatif.
   b. Implikasi: Mencegah campur tangan dalam isu sipil.
2. Rincian Analisis:
   a. Isu Pokok: Implementasi prinsip netralitas TNI.
   b. Aturan & Unsur: Pasal 2 huruf e UU No. 34/2004 tentang tugas TNI.
   c. Penerapan: Pembatasan partisipasi TNI hanya dalam ranah pertahanan.
3. Disclaimer: Penafsiran dapat bervariasi.","[web_article] . Kemudian mereka mendesak DPR dan pemerintah untuk memastikan TNI tetap netral dan tidak terseret dalam dinamika politik praktis melalui mekanisme hukum yang lebih ketat dan membatasi keterlibatan TNI dalam urusan sipil sesuai amanat UU No. 34 Tahun 2004 agar tidak terjadi penyalahgunaan kekuasaan dan pelanggaran hak asasi manusia. Mendesak DPR untuk melibatkan publik, akademisi, dan masyarakat sipil dalam proses pembahasan revisi RUU TNI guna memastikan perubahan UU tetap sesuai dengan prinsip...

---

[web_article] . Ia mengatakan tak ingin ada pelanggaran prinsip demokrasi. Perubahan UU TNI diajukan oleh pihak DPR RI diperlukan untuk memberikan landasan hukum yang lebih jelas terhadap peran TNI, ada tugas lain selain perang tanpa melanggar prinsip demokrasi dan supremasi sipil, ujar Sjafrie dalam rapat, Selasa (11/3/2025). SCROLL TO CONTINUE WITH CONTENT Ia menyebut ada empat fokus yang ditekankan oleh pihaknya. Salah satunya terkait kebijakan modernisasi alutsista hingga batasan pelibatan TNI di tugas no...

---

[web_article] . Kalau kebijakan dibuat terburu-buru, bagaimana memastikan hasilnya benar-benar baik bagi negara dan utamanya bagi TNI sendiri? ujar dia. Anies lalu mempertanyakan jaminan bahwa revisi UU TNI itu tak akan berdampak lain selain niat pembuat kebijakan. Dia juga menyinggung soal adanya tantangan meritokrasi dalam jenjang karier di tubuh TNI. Jika revisi ini bertujuan memperkuat TNI, kita harus pastikan ada rambu hukum yang jelas. Apa mekanisme pengamannya? Bagaimana memastikan bahwa perubahan ini ...",0.7614438533782959
Apa konsekuensi hukum jika Panglima TNI melanggar aturan dalam pengangkatan atau pemberhentian jabatan?,"1. Inti Jawaban: Pelanggaran bisa berakibat sanksi administratif atau hukum tergantung tingkat pelanggaran. Implikasi praktisnya adalah penegakan disiplin dan hukum. 2. Rincian Analisis: a. Isu Pokok: Akibat pelanggaran oleh Panglima. b. Aturan & Unsur: Pasal 45 UU No. 34 Tahun 2004 tidak mengatur sanksi, tetapi hukum umum berlaku. c. Penerapan: Sanksi harus proporsional dan sesuai dengan hierarki militer. 3. Disclaimer: Penjelasan ini tidak menjamin hasil tertentu dalam kasus nyata.",1. Inti Jawaban: Pelanggaran dapat dipidanakan atas nama negara. Implikasi: Potensi sanksi administratif dan pidana. 2. Rincian Analisis: a. Isu Pokok: Akibat pelanggaran prosedural. b. Aturan & Unsur: Pasal 45 UU No. 34/2004 tentang pelanggaran tugas. c. Penerapan: Panglima dapat dikenai sanksi sesuai UU. 3. Disclaimer: Penjelasan bersifat umum.,"[web_article] . Hal itu akan terjadi jika prajurit TNI tersandung kasus saat melaksanakan jabatan sipil. Jika prajurit TNI tersandung kasus tindak pidana atau administrasi dalam jabatan a quo, apakah tunduk pada hukum acara peradilan militer atau hukum acara sipil atau pidana, ujar pemohon. Dengan demikian menurut penalaran yang wajar jawaban dari pertanyaan a quo hanyalah ketidakpastian hukum. Hal mana telah terbukti secara empiris dengan adanya perdebatan antara KPK dan Mahkamah Militer dalam menangani perk...

---

[undang_undang] Pasal 45 Isi: Pengangkatan dan pemberhentian jabatan di dalam struktur TNI selain jabatan Panglima dan Kepala Staf Angkatan, diatur dengan keputusan Panglima....

---

[web_article] . Oleh karena itu, Pasal 47 ayat (2) UU TNI berpotensi bertentangan dengan Pasal 1 ayat (3) UUD NRI 1945 karena tidak sepenuhnya mencerminkan prinsip negara hukum yang menuntut adanya kepastian hukum, keadilan, dan supremasi sipil dalam setiap aspek penyelenggaraan negara, paparnya. Sebagai bentuk pencegahan terhadap dwifungsi militer dalam menduduki jabatan sipil sehingga pasal 47 ayat 2 UU TNI sudah seharusnya memperhatikan batasana quo, sesuai dengan huruf d TAP MPR Nomor 6 Tahun 2000, imbuhn...

---

[academic_draft] 26 BAB V JANGKAUAN, ARAH PENGATURAN, DAN RUANG LINGKUP MATERI MUATAN RANCANGAN UNDANG-UNDANG A. Jangkauan dan Arah Pengaturan Jangkauan dan arah pengaturan perubahan UU TNI terbatas pada peran prajurit aktif TNI pada kementerian/ lembaga lain sesuai kebutuhan institusi dimaksud dan kebijakan Presiden. Di samping itu, perubahan UU TNI juga mengatur mengenai batasan usia masa dinas bagi prajutir TNI sesuai dengan kebutuhan dan mensikronkan dengan berbagai ketentuan peraturan perUUan yang ada, baik...",0.7712957262992859
Apa saja kebutuhan dasar yang diperoleh prajurit dan prajurit siswa menurut UU No 34 Tahun 2004 tentang TNI?,"1. Inti Jawaban: Prajurit dan prajurit siswa memperoleh kebutuhan dasar berupa perlengkapan perseorangan dan pakaian seragam dinas. 2. Rincian Analisis: a. Isu Pokok: Kebutuhan dasar prajurit. b. Aturan & Unsur: Pasal 50 ayat (1) UU No 34 Tahun 2004 menyebutkan dua jenis kebutuhan dasar, yaitu perlengkapan perseorangan dan pakaian seragam dinas. c. Penerapan: Kebutuhan ini diberikan untuk mendukung tugas dan penampilan prajurit dalam dinas. 3. Disclaimer: Informasi ini berdasarkan UU No 34 Tahun 2004 dan dapat berubah sesuai peraturan terbaru.","A. Inti Jawaban:
1. Kebutuhan Dasar: a. Perlengkapan perseorangan; b. Pakaian seragam dinas.
2. Implikasi: Kedua item ini merupakan hak prajurit untuk menjalankan tugas.
B. Rincian Analisis:
1. Isu Pokok: Kewajiban negara memberikan fasilitas dasar bagi prajurit.
2. Aturan & Unsur: Pasal 50 ayat (1) UU No 34 Tahun 2004 menyatakan bahwa prajurit harus mendapatkan dua jenis kebutuhan tersebut.
C. Disclaimer: Informasi ini bersifat umum dan tidak menggantikan konsultasi hukum resmi.","[undang_undang] Pasal 50 Isi: (1) Prajurit dan prajurit siswa memperoleh kebutuhan dasar prajurit yang meliputi: a. perlengkapan perseorangan; dan b. pakaian seragam dinas (2) Prajurit dan prajurit siswa memperoleh rawatan dan layanan kedinasan, yang meliputi: a. penghasilan yang layak; b. tunjangan keluarga; c. perumahan/asrama/mess; d. rawatan kesehatan; e. pembinaan mental dan pelayanan keagamaan; f. bantuan hukum; g. asuransi kesehatan dan jiwa; h. tunjangan hari tua; dan i. asuransi penugasan operasi milit...

---

[academic_draft] . Penempatan prajurit aktif TNI pada kementerian/lembaga negara dalam praktiknya tidak sebatas kementerian/lembaga negara yang tercantum dalam Pasal 47 ayat (2) UU TNI saja. Seiring dengan adanya kebutuhan sumber daya manusia yang menguasai keahlian di bidang tertentu, saat ini beberapa prajurit aktif TNI dapat juga diperbantukan pada kementerian/lembaga lain yang membutuhkan keahliannya. Sebut saja antara lain misalkan pada: kementerian kelautan dan perikanan, staf kepresidenan, badan nasional ...

---

[analysis_report] . pendidikan kewarganegaraan; b. pelatihan dasar kemiliteran secara wajib; c. pengabdian sebagai prajurit TNI secara suka rela atau secara wajib; dan d. pengabdian sesuai dengan profesi. Usaha pembelaan negara dalam rangka penyelenggaraan pertahanan perlu dibangun dan dikembangkan secara berlanjut dan terarah agar dalam pengerahan dan penggunaan kesiapannya dapat terwujud. Usaha-usaha tersebut Sumber : Biro Humas Kemhan Sumber : Biro Humas Kemhan...

---

[web_article] . Adapun aturan di dalamnya berisi penugasan prajurit di lingkungan kejaksaan hingga bantuan personel TNI. Kemudian juga, ada nota kesepahaman TNI dengan Kejaksaan Nomor 4 Tahun 2023 yang isinya yaitu tentang pendidikan dan latihan, kemudian pertukaran informasi, kemudian penugasan prajurit TNI di lingkungan kejaksaan, ujar Agus. Kemudian dukungan kepada TNI di bidang Perdata dan TU, kemudian pemanfaatan sarana-prasarana, dan koordinasi teknis penyelidikan dan penuntutan serta penanganan perkara...

---

[analysis_report] 18 EDISI KHUSUS 2019 terdidik, diperlengkapi secara baik, tidak berpolitik praktis, tidak berbisnis, dan dijamin kesejahteraannya, serta mengikuti kebijakan politik negara yang menganut prinsip demokrasi, supremasi sipil, hak asasi manusia, ketentuan hukum nasional, dan hukum internasional yang telah diratifikasi. Kriteria profesionalisme yang harus dipenuhi dan dimiliki oleh prajurit TNI adalah terlatih, terdidik, dan diperlengkapi dengan baik. Ketiga persyaratan tersebut perlu dicapai seiring ...",0.7731004357337952
Apakah pensiun dini diperbolehkan sebelum usia maksimum?,"1. Inti Jawaban:
- Diperbolehkan sesuai ketentuan lain yang berlaku.
- Implikasi praktis: Ada prosedur khusus untuk pensiun dini.

2. Rincian Analisis:
a. Isu Pokok: Fleksibilitas sistem pensiun.
b. Aturan & Unsur: Pasal 71 UU No. 34/2004 hanya mengatur batas maksimal:
   - Unsur sukarela diatur terpisah.
   - Syarat kesehatan/kinerja mungkin berlaku.
c. Penerapan: Kebijakan pensiun dini bersifat kasuistis.

3. Disclaimer: Persyaratan lengkap ada di peraturan teknis TNI.","Pensiun dini boleh dilakukan jika mencapai usia minimum pensiun, tetapi tidak melebihi batas maksimum yang ditentukan dalam UU TNI. Implikasi praktisnya adalah adanya fleksibilitas dalam sistem pensiun militer.","[web_article] . Setelah mereka pensiun, maka baru bisa menduduki jabatan apa saja, karena statusnya sama dengan orang sipil, tegasnya. Ia juga mengkritisi ketidakpastian dalam usia pensiun prajurit TNI, yang dinilai bergantung pada keputusan pejabat berwenang. Terkait usia pensiun, tidak memberikan kepastian, karena tergantung dari pejabat yang berwenang memperpanjang atau tidak, dan hal ini bisa terjadi suka dan tidak suka. Suka ya diperpanjang, tidak suka ya pensiun, terangnya. John menegaskan bahwa kebijak...

---

[web_article] . Ia menyebut perubahan usia pensiun berkaitan erat dengan keuangan negara. SCROLL TO CONTINUE WITH CONTENT Begini, kalau kita mau mengerjakan UU, itu harus saksama, mulai konsep ini kan kalau usia pensiun itu berkaitan dengan keuangan negara, ungkapnya. Menteri Pertahanan (Menhan) Sjafrie Sjamsoeddin sebelumnya berharap pembahasan revisi UU TNI selesai pada bulan Ramadan ini. Sjafrie turut membeberkan poin-poin dari usulan pasal yang akan direvisi. Ada tiga pasal utama yang akan direvisi, yaitu...

---

[web_article] . Dalam Pasal 53 RUU TNI mengubah batas usia pensiun prajurit. Ketentuan ini diatur dalam ayat (2) dengan batas usia pensiun yang variatif berdasarkan pangkat dan jabatan. Khusus untuk perwira tinggi bintang 4, batas usia pensiun maksimal 63 tahun dan dapat diperpanjang maksimal 2 kali atau 2 tahun sesuai dengan kebutuhan yang ditetapkan dengan Keputusan Presiden. Isi: nan...

---

[academic_draft] 23 hal-hal yang terkait dengan batasan usia pensiun dapat dipahami sebagai kebijakan hukum terbuka (open legal policy) yang ditentukan oleh para pembentuk UU....",0.6585645079612732
Bagaimana jika terjadi konflik antara kebijakan politik dan hukum internasional?,"1. Inti Jawaban:
- TNI tetap harus mengutamakan kebijakan politik negara.
- Implikasinya, pemerintah harus menyesuaikan kebijakan agar sesuai hukum internasional.

2. Rincian Analisis:
a. Isu Pokok: Konflik norma dalam operasi militer.
b. Aturan & Unsur: Pasal 5 mewajibkan TNI patuh pada kebijakan politik negara.
c. Penerapan: Penyelesaian konflik norma menjadi tanggung jawab pemerintah dan DPR.

3. Disclaimer: Hukum internasional tetap mengikat melalui ratifikasi.",Diplomasi menjadi alat mediasi yang wajib diutamakan. Implikasi: Pelanggaran dapat menyebabkan sanksi diplomatik.,"[analysis_report] . Selain itu juga dapat menimbulkan hak dan kewajiban pada Pemerintah RI yang bersifat hukum politik, tanpa mengabaikan pentingnya makna bebas aktif dan perjanjian internasional serta pandangan tentang perang dan damai bagi bangsa Indonesia. Apalagi, jika terkait dengan penggunaan kekuatan TNI akibat ancaman yang multidimensional dan/atau kemungkinan terjadinya konflik yang cenderung kompleks dengan penetapan status keadaan. Diplomasi diharapkan dapat menyelesaikan ancaman dan/atau konflik yang ...

---

[analysis_report] . Akan tetapi merupakan politik luar negeri yang bebas menentukan sikap dan kebijaksanaan terhadap permasalahan internasional. Selain itu tidak mengikatkan diri secara apriori pada satu kekuatan dunia serta secara aktif memberikan sumbangan, baik dalam bentuk pemikiran maupun partisipasi aktif dalam menyelesaikan konflik, sengketa dan permasalahan dunia lainnya. Semua ini demi terwujudnya ketertiban dunia yang berdasarkan kemerdekaan, perdamaian abadi dan keadilan sosial. Sejalan dengan itu, per...

---

[analysis_report] . Dalam konteks ini, diplomasi pertahanan mempunyai konsekuensi yang harus dijalankan secara total, terpadu, terarah, dan berlanjut sebagaimana makna sistem pertahanan negara itu sendiri. Dapat pula didefinisikan bahwa sebagai diplomasi yang dilaksanakan oleh TNI adalah mendukung kebijakan politik luar negeri atau melaksanakan keputusan politik negara/kebijakan pertahanan serta mendukung penyelesaian berbagai permasalahan internasional. Indonesia sebagai bagian dari masyarakat internasional dan ...

---

[web_article] . Bagi kami hak militer adalah menjaga kedaulatan negara. Bukan ikut ke dalam kontestasi politik ataupun ikut ke dalam ranah-ranah sipil yang juga justru akan berpengaruh terhadap bahwa benturan antara militer dan sipil, ungkap Faiz. Faiz mengaku kecewa pertemuannya dengan Menteri Hukum RI, Supratman Andi Agtas, tidak membuahkan hasil positif. Sebab, RUU TNI tersebut pada akhirnya tetap disahkan oleh DPR. Tapi fakta dan nyatanya di hari ini, di pagi harinya justru DPR dengan sengaja mengolok-olo...

---

[petition] . TNI ingin operasi militer selain perang cukup diatur dalam Peraturan Pemerintah. Padahal, operasi semacam itu termasuk kebijakan politik negara, yakni Presiden dengan pertimbangan DPR sebagaimana diatur oleh pasal 7 ayat 3 UU TNI 34/2004). RUU TNI mau meniadakan peran Parlemen sebagai wakil rakyat. Ini akan menimbulkan konflik kewenangan atau tumpang tindih dengan lembaga lain dalam mengatasi masalah di dalam negeri. Secara tersirat, perubahan pasal itu merupakan bentuk pengambilalihan kewenan...",0.6460580825805664
Apa yang diatur dalam Pasal 42 UU No. 34 Tahun 2004 tentang TNI?,"1. Inti Jawaban:
- Pasal 42 mengatur tentang kesempatan prajurit TNI untuk mendapatkan kenaikan pangkat dan/atau jabatan berdasarkan prestasi, sesuai pola karier yang berlaku, dengan mempertimbangkan kepentingan TNI dan persyaratan yang ditentukan.
- Implikasi praktisnya adalah adanya sistem meritokrasi dalam kenaikan pangkat/jabatan di TNI.

2. Rincian Analisis:
a. Isu Pokok: Bagaimana mekanisme kenaikan pangkat/jabatan prajurit TNI diatur.
b. Aturan & Unsur:
- Ayat (1): Kenaikan pangkat/jabatan berdasarkan prestasi, pola karier, kepentingan TNI, dan persyaratan tertentu (Pasal 42 ayat (1) UU No. 34/2004).
- Ayat (2): Ketentuan lebih lanjut diatur oleh Panglima TNI (Pasal 42 ayat (2)).
c. Penerapan: Sistem ini mendorong profesionalisme dengan menekankan prestasi sebagai faktor utama kenaikan pangkat/jabatan.

3. Disclaimer: Analisis ini bersifat umum dan tidak menggantikan konsultasi hukum resmi.","A. Inti Jawaban: Pasal 42 UU No. 34 Tahun 2004 tentang TNI mengatur bahwa UU ini berlaku sejak ditetapkan. Implikasinya, semua ketentuan dalam UU ini mulai diberlakukan efektif sesuai tanggal resmi penetapan. B. Rincian Analisis: 1. Isu Pokok: Efektivitas UU TNI. 2. Aturan & Unsur: Pasal 42 menyatakan UU ini berlaku sejak ditetapkan, artinya semua ketentuan dalam UU ini mulai berlaku pada hari itu juga. 3. Penerapan: Setelah UU TNI ditandatangani oleh Presiden, semua ketentuan dalam UU ini mulai berlaku secara otomatis tanpa adanya periode transisi khusus. C. Disclaimer: Penjelasan ini bersifat umum dan mungkin ada pengecualian tertentu yang tidak disebutkan dalam UU.","[web_article] . Peserta sidang menjawab setuju dan dengan demikian, UU yang mengatur perubahan UU Nomor 34 Tahun 2004 sah. Apa saja yang berubah dalam UU tersebut? Simak penjelasannya di bawah ini, yuk! DilihatdetikJogjadari dokumen UU Republik Indonesia Nomor 34 Tahun 2004 tentang TNI, tugas pokok TNI dibedakan menjadi 2 dalam pasal 7 ayat (2), yakni operasi militer untuk perang dan operasi militer selain perang. Untuk operasi militer selain perang, tugas TNI dirinci sebanyak 14 poin sebagaimana tertera dala...

---

[legal_request] . Perencanaan dan penyusunan pembentukan UU Nomor 3 Tahun 2025 Tentang Perubahan atas UU Nomor 34 Tahun 2004 Tentang TNI (TNI), tidak sesuai dengan tata cara pembentukan peraturan perUUan, tanpa naskah akademik. 13. Bahwa dalam Pasal 43 ayat (3) UU No. 12 Tahun 2011 mengatur secara imperatif dan tegas: Rancangan UU yang berasal dari DPR, Presiden, atau DPD harus disertai Naskah Akademik. Adapun dalam Pasal 1 angka 11 UU No...

---

[academic_draft] 22 C. UU Nomor 34 Tahun 2004 tentang TNI UU Nomor 34 Tahun 2004 tentang TNI (UU TNI) saat ini telah berlaku lebih kurang 20 (dua puluh) tahun. Tentu selama berlaku, ada beberapa ketentuan atau materi muatan yang sudah tidak sesuai dengan dinamika dan perkembangan yang ada. Salah satunya, terkait peran prajurit aktif TNI pada Kementerian/lembaga lain serta batasan usia prajurit TNI. D. Putusan Mahkamah Konstitusi UU TNI pernah diuji di Mahkamah Konstitusi...

---

[legal_request] . Maka UU Nomor 3 Tahun 2025 Tentang Perubahan atas UU Nomor 34 Tahun 2004 Tentang TNI (TNI) diputuskan masuk dalam Prolegnas 2025 tanpa ada pertimbangan dari Badan Legislasi (Baleg) DPR (sebagaimana diatur dalam Pasal 66 huruf f Tatib DPR), yaitu mencakup pertimbangan dapat atau tidak dapatnya suatu RUU masuk ke dalam prolegnas perubahan...

---

[legal_request] . Pengambilan keputusan RUU revisi UU TNI yang sudah menjadi Undang- Undang Nomor 3 Tahun 2025 Tentang Perubahan atas UU Nomor 34 Tahun 2004 Tentang TNI (TNI), dilaksanakan pada Rapat Paripurna Pembukaan masa sidang DPR RI ke-13, pada 18 Februari 2025,yang dimana Para Permohonan menilai banyak kejanggalan dalam pengambilan keputusannya. Pertama, pengambilan keputusan untuk memasukkan RUU Revisi UU TNI yang sudah menjadi UU Nomor 3 Tahun 2025 Tentang Perubahan atas UU Nomor 34 Tahun 2004 Tentang ...",0.6940619945526123
Bagaimana masa tugas Prajurit Wajib diatur dalam UU TNI?,"1. Inti Jawaban:
   - Pasal 22 UU No. 34 Tahun 2004 tidak mengatur masa tugas Prajurit Wajib.
   - Implikasi praktisnya adalah masa tugas diatur dalam peraturan lain atau kebijakan pemerintah.

2. Rincian Analisis:
   a. Isu Pokok: Durasi dan ketentuan masa tugas Prajurit Wajib.
   b. Aturan & Unsur: Pasal 22 hanya menyebutkan keberadaan Prajurit Wajib tanpa detail lebih lanjut.
   c. Penerapan: Masa tugas kemungkinan ditentukan berdasarkan kebutuhan nasional dan kebijakan pertahanan.

3. Disclaimer: Penjelasan ini terbatas pada teks UU dan tidak mencakup peraturan pelaksana.","1. Inti Jawaban:
- Prajurit Wajib memiliki masa dinas tetap selama 2 tahun.
- Implikasi: Memberikan kepastian hukum untuk pelaksanaan tugas.
2. Rincian Analisis:
a. Isu Pokok: Batasan waktu dinas Prajurit Wajib.
b. Aturan & Unsur: Pasal 47 ayat (2) UU No. 34 Tahun 2004 menegaskan bahwa Prajurit Wajib hanya bertugas selama 2 tahun.
c. Penerapan: Aturan ini memastikan adanya batasan waktu untuk pengabdian Prajurit Wajib.
3. Disclaimer: Informasi ini bersifat umum dan tidak menggantikan konsultasi hukum resmi.","[academic_draft] . 3. Perlu dilakukan perubahan terhadap Pasal 47 dan Pasal 53 dalam UU TNI. B. Saran Naskah Akademik dan Rancangan UU ini diharapkan dapat memenuhi kebutuhan hukum dan memberi jaminan kepastian hukum kepada prajurit aktif TNI dalam menjalankan tugasnya sebagaimana diamanatkan dalam UU TNI. Atas hal itu, maka perlu segera dilakukan perubahan atas Pasal 47 dan Pasal 53 UU TNI sehingga memberikan landasan hukum bagi penyelenggaraan peran TNI yang lebih optimal dan memberikan kepastian hukum....

---

[web_article] . Utut menyebut DIM itu salah satunya berkaitan dengan Pasal 47 UU TNI. DIM itu singkatan dari daftar inventarisasi masalah yang akan nanti, kita banyak, kita akan revisi, yaitu yang berkaitan dengan lingkup tugas di Pasal 47, TNI bisa ke mana saja, kemudian di usia di Pasal 53 dan satu lagi di kedudukan, di Pasal 3, ujar Utut dalam rapat, Senin (10/3/2025). Pasal 47 mengatur tentang aturan prajurit jika ingin menduduki jabatan sipil. Dalam ayat 1 dijelaskan prajurit bisa menduduki jabatan sipil...

---

[undang_undang] Pasal 60 Isi: (1) Dalam menghadapi keadaan darurat militer dan keadaan perang, setiap Prajurit Sukarela dan Prajurit Wajib yang telah berakhir menjalani dinas keprajuritan dapat diwajibkan aktif kembali (2) Kewajiban sebagaimana dimaksud pada ayat (1) diatur dengan UU....

---

[academic_draft] . Hal-hal yang terkait dengan sistem pertahanan dan keamanan negara, termasuk susunan dan kedudukan TNI diatur dengan UU. Ketentuan ini merupakan materi muatan delegasi yang harus diatur dengan UU TNI, termasuk ketentuan mengenai keterlibatan prajurit aktif TNI pada kementerian/lembaga lain serta penambahan usia masa dinas prajurit TNI. B. Ketetapan MPR Ketetapan Majelis Permusyawaratan Rakyat Nomor VI/MPR/2000 tentang Pemisahan TNI dan Kepolisian Negara Republik Indonesia, serta Ketetapan Majel...

---

[academic_draft] 26 BAB V JANGKAUAN, ARAH PENGATURAN, DAN RUANG LINGKUP MATERI MUATAN RANCANGAN UNDANG-UNDANG A. Jangkauan dan Arah Pengaturan Jangkauan dan arah pengaturan perubahan UU TNI terbatas pada peran prajurit aktif TNI pada kementerian/ lembaga lain sesuai kebutuhan institusi dimaksud dan kebijakan Presiden. Di samping itu, perubahan UU TNI juga mengatur mengenai batasan usia masa dinas bagi prajutir TNI sesuai dengan kebutuhan dan mensikronkan dengan berbagai ketentuan peraturan perUUan yang ada, baik...",0.6735923886299133
Apa tujuan kebijakan pensiun bertahap ini?,"1. Inti Jawaban:
- Untuk transisi yang tertib dan berkeadilan.
- Implikasi praktis: Melindungi hak prajurit sambil reformasi.

2. Rincian Analisis:
a. Isu Pokok: Rasionalitas kebijakan transisi.
b. Aturan & Unsur: Pasal 71 UU No. 34/2004 mencerminkan:
   - Unsur keadilan antar generasi.
   - Prinsip gradualisme reformasi.
c. Penerapan: Mencegah gejolak sumber daya manusia.

3. Disclaimer: Tujuan kebijakan dapat berkembang.",Tujuan utamanya adalah menjaga kesejahteraan prajurit tanpa merugikan keuangan negara. Implikasinya adalah adanya fleksibilitas dalam pengaturan usia pensiun.,"[web_article] . Setelah mereka pensiun, maka baru bisa menduduki jabatan apa saja, karena statusnya sama dengan orang sipil, tegasnya. Ia juga mengkritisi ketidakpastian dalam usia pensiun prajurit TNI, yang dinilai bergantung pada keputusan pejabat berwenang. Terkait usia pensiun, tidak memberikan kepastian, karena tergantung dari pejabat yang berwenang memperpanjang atau tidak, dan hal ini bisa terjadi suka dan tidak suka. Suka ya diperpanjang, tidak suka ya pensiun, terangnya. John menegaskan bahwa kebijak...

---

[web_article] . Ia menyebut perubahan usia pensiun berkaitan erat dengan keuangan negara. SCROLL TO CONTINUE WITH CONTENT Begini, kalau kita mau mengerjakan UU, itu harus saksama, mulai konsep ini kan kalau usia pensiun itu berkaitan dengan keuangan negara, ungkapnya. Menteri Pertahanan (Menhan) Sjafrie Sjamsoeddin sebelumnya berharap pembahasan revisi UU TNI selesai pada bulan Ramadan ini. Sjafrie turut membeberkan poin-poin dari usulan pasal yang akan direvisi. Ada tiga pasal utama yang akan direvisi, yaitu...

---

[analysis_report] . 4) Jaminan Hari Tua. Jaminan hari tua dikembangkan antara lain melalui pembenahan sistem pensiun dan layanan memasuki purna bakti. Penutup Kebijakan pembangunan postur pertahanan militer yang implementasinya diselenggarakan dalam kebijakan pembangunan MEF TNI secara mendasar untuk mewujudkan kepentingan mendesak pembangunan pertahanan negara dalam kerangka mewujudkan postur ideal TNI, yang dapat berubah dengan mempertimbangkan perkembangan lingkungan strategis dan ancaman nyata yang dihadapi s...

---

[academic_draft] 11 negara serta pengaturan terkait batasan usia pensiun bagi prajurit TNI dikaitkan dengan Putusan Mahkamah Konstitusi Nomor 62/PUU-XIV/2016 yang menyatakan bahwa hal ini merupakan kebijakan hukum terbuka (open legal policy)? 2. Bagaimana perkembangan pengaturan keterlibatan prajurit aktif TNI pada Kementerian/lembaga negara dan batasan usia pensiun prajurit TNI saat ini serta kebijakan dalam menyikapi perkembangan tersebut? 3. Bagaimana teori dan praktik terkait pengaturan keterlibatan prajurit...

---

[undang_undang] Pasal 71 Isi: Pada saat berlakunya UU ini, ketentuan tentang usia pensiun sebagaimana dimaksud pada 53, diatur sebagai berikut: a. Usia pensiun paling tinggi 58 (lima puluh delapan) tahun bagi perwira dan 53 (lima puluh tiga) tahun bagi bintara dan tamtama, hanya berlaku bagi prajurit TNI yang pada tanggal UU ini diundangkan belum dinyatakan pensiun dari dinas TNI; b. Pelaksanaan ketentuan sebagaimana dimaksud pada huruf a diatur secara bertahap: 1. Perwira yang tepat berusia atau belum genap be...

---

[academic_draft] 23 hal-hal yang terkait dengan batasan usia pensiun dapat dipahami sebagai kebijakan hukum terbuka (open legal policy) yang ditentukan oleh para pembentuk UU....",0.6487537026405334
Apa yang dimaksud dengan 'keadaan memaksa' dalam Pasal 18 ayat (1) UU No. 34 Tahun 2004 tentang TNI?,"1. Inti Jawaban:
- 'Keadaan memaksa' merujuk pada situasi yang jika dibiarkan akan mengakibatkan kekacauan keamanan atau kerugian negara yang lebih besar, sehingga memerlukan tindakan segera untuk mengatasi ancaman militer atau bersenjata.
- Implikasi praktisnya adalah Presiden dapat langsung mengerahkan TNI tanpa persetujuan awal DPR.

2. Rincian Analisis:
a. Isu Pokok: Definisi dan ruang lingkup 'keadaan memaksa' dalam konteks pengerahan TNI.
b. Aturan & Unsur: Pasal 18 ayat (1) UU No. 34 Tahun 2004 menyatakan bahwa Presiden dapat mengerahkan TNI dalam keadaan memaksa untuk menghadapi ancaman militer atau bersenjata. Penjelasan pasal menguraikan bahwa keadaan memaksa adalah situasi yang mengancam keamanan dan kepentingan nasional.
c. Penerapan: Jika ancaman militer atau bersenjata terjadi dan memenuhi kriteria 'keadaan memaksa', Presiden berwenang mengambil tindakan tanpa menunggu persetujuan DPR terlebih dahulu.

3. Disclaimer: Analisis ini berdasarkan UU No. 34 Tahun 2004 dan penjelasannya, serta tidak mencakup interpretasi yurisprudensi atau perkembangan hukum terkini.",A. Inti Jawaban: Keadaan memaksa adalah situasi yang jika tidak ditangani akan merugikan keamanan negara. B. Rincian Analisis: 1. Isu Pokok: Definisi 'keadaan memaksa'. 2. Aturan & Unsur: Pasal 18 ayat (1) UU No. 34 Tahun 2004. 3. Penerapan: Situasi seperti serangan militer atau ancaman bersenjata. C. Disclaimer: Interpretasi dapat bervariasi.,"[undang_undang] Pasal 18 Isi: (1) Dalam keadaan memaksa untuk menghadapi ancaman militer dan/atau ancaman bersenjata, Presiden dapat langsung mengerahkan kekuatan TNI. (2) Dalam hal pengerahan langsung kekuatan TNI sebagaimana dimaksud pada ayat (1), dalam waktu 2 X 24 jam terhitung sejak dikeluarkannya keputusan pengerahan kekuatan, Presiden harus melaporkan kepada Dewan Perwakilan Rakyat. (3) Dalam hal Dewan Perwakilan Rakyat tidak menyetujui pengerahan sebagaimana dimaksud pada ayat (1) dan ayat (2), Preside...

---

[legal_request] . c. Pasal 22A UUD 1945 berbunyi: Ketentuan lebih lanjut tentang tata cara pembentukan UU diatur dengan UU. Selanjutnya, Pasal 96 UU No. 13 Tahun 2022 mengatur: a. Pasal 96 ayat (1): Masyarakat berhak memberikan masukan secara lisan dan/ atau tertulis dalam setiap tahapan Pembentukan Peraturan PerUUan. b. Pasal 96 ayat (2): Pemberian masukan masyarakat sebagaimana dimaksud pada ayat (1) dilakukan secara daring dan/atau luring. c. Pasal 96 ayat (3): Masyarakat sebagaimana dimaksud pada ayat (1) m...

---

[legal_request] . Hal ini bisa menghambat dinamika dan modernisasi dalam tubuh TNI. Bahwa dengan memahami subtansi di atas terkait dengan jenis dan Muatan materi pembentukan UU TNI Nomor 3 Tahun 2025 Tentang Perubahan atas UU Nomor 34 Tahun 2004 jelas tidak bersesuaian dengan Pasal 28 D ayat (1) UUD 1945 yang menyatakan bahwa setiap orang berhak atas pengakuan, jaminan, perlindungan, dan kepastian hukum yang adildengan asas-asas muatan materi yang diatur dalam suatu peraturan perUUan, yang justru sebaliknya UU ...

---

[web_article] . Oleh karena itu, Pasal 47 ayat (2) UU TNI berpotensi bertentangan dengan Pasal 1 ayat (3) UUD NRI 1945 karena tidak sepenuhnya mencerminkan prinsip negara hukum yang menuntut adanya kepastian hukum, keadilan, dan supremasi sipil dalam setiap aspek penyelenggaraan negara, paparnya. Sebagai bentuk pencegahan terhadap dwifungsi militer dalam menduduki jabatan sipil sehingga pasal 47 ayat 2 UU TNI sudah seharusnya memperhatikan batasana quo, sesuai dengan huruf d TAP MPR Nomor 6 Tahun 2000, imbuhn...

---

[legal_request] . Perencanaan dan penyusunan pembentukan UU Nomor 3 Tahun 2025 Tentang Perubahan atas UU Nomor 34 Tahun 2004 Tentang TNI (TNI), tidak sesuai dengan tata cara pembentukan peraturan perUUan, tanpa naskah akademik. 13. Bahwa dalam Pasal 43 ayat (3) UU No. 12 Tahun 2011 mengatur secara imperatif dan tegas: Rancangan UU yang berasal dari DPR, Presiden, atau DPD harus disertai Naskah Akademik. Adapun dalam Pasal 1 angka 11 UU No...",0.700376033782959
Apa yang dimaksud dengan pangkat dalam konteks TNI berdasarkan UU No. 34 Tahun 2004?,"1. Inti Jawaban:
- Pangkat dalam TNI adalah keabsahan wewenang dan tanggung jawab hierarki keprajuritan.
- Implikasi praktisnya adalah pangkat menentukan struktur komando dan tanggung jawab dalam TNI.

2. Rincian Analisis:
a. Isu Pokok: Definisi dan fungsi pangkat dalam TNI.
b. Aturan & Unsur: Pasal 27 ayat (1) UU No. 34 Tahun 2004 menyatakan bahwa pangkat diberikan sebagai keabsahan wewenang dan tanggung jawab hierarki keprajuritan.
c. Penerapan: Pangkat menjadi dasar dalam menjalankan tugas dan tanggung jawab dalam struktur TNI.

3. Disclaimer: Penjelasan ini berdasarkan UU No. 34 Tahun 2004 dan tidak mencakup perubahan atau revisi setelahnya.",A. Inti Jawaban: Pangkat adalah tingkatan jabatan dalam struktur organisasi TNI. B. Rincian Analisis: 1. Isu Pokok: Definisi pangkat dalam TNI. 2. Aturan & Unsur: Pasal 2 huruf l mengatur bahwa pangkat adalah tingkatan jabatan dalam struktur organisasi TNI. 3. Penerapan: Pangkat digunakan untuk menunjukkan hierarki dan tanggung jawab prajurit. C. Disclaimer: Penjelasan ini bersifat umum.,"[academic_draft] . Berdasarkan hal tersebut, ada 3 (tiga) aspek yang terkait dengan masalah pertahanan negara, yaitu: keutuhan negara, kedaulatan negara, dan keselamatan negara. Ketentuan mengenai TNI lebih lanjut diatur dalam UU Nomor 34 Tahun 2004 tentang TNI (UU TNI). Sebelum dibentuk UU TNI, ketentuan mengenai TNI diatur dalam Ketetapan MPR Nomor VI/MPR/2000 tentang Pemisahan TNI dan Kepolisian Negara Republik Indonesia, dan Ketetapan MPR...

---

[analysis_report] . Bahkan dalam konteks politik praktis peran militer di Indonesia telah diminimalkan. Dengan disahkannya Undang- Undang Nomor 34 Tahun 2004, pada konteks pengerahan dan penggunaan kekuatan militer ternyata TNI (TNI) berkedudukan di bawah Presiden. Selanjutnya, dalam hal kebijakan maupun strategi pertahanan dan dukungan administrasi, TNI berada di Sumber: Biro Humas Kemhan...

---

[academic_draft] 22 C. UU Nomor 34 Tahun 2004 tentang TNI UU Nomor 34 Tahun 2004 tentang TNI (UU TNI) saat ini telah berlaku lebih kurang 20 (dua puluh) tahun. Tentu selama berlaku, ada beberapa ketentuan atau materi muatan yang sudah tidak sesuai dengan dinamika dan perkembangan yang ada. Salah satunya, terkait peran prajurit aktif TNI pada Kementerian/lembaga lain serta batasan usia prajurit TNI. D. Putusan Mahkamah Konstitusi UU TNI pernah diuji di Mahkamah Konstitusi...

---

[legal_request] . Pengambilan keputusan RUU revisi UU TNI yang sudah menjadi Undang- Undang Nomor 3 Tahun 2025 Tentang Perubahan atas UU Nomor 34 Tahun 2004 Tentang TNI (TNI), dilaksanakan pada Rapat Paripurna Pembukaan masa sidang DPR RI ke-13, pada 18 Februari 2025,yang dimana Para Permohonan menilai banyak kejanggalan dalam pengambilan keputusannya. Pertama, pengambilan keputusan untuk memasukkan RUU Revisi UU TNI yang sudah menjadi UU Nomor 3 Tahun 2025 Tentang Perubahan atas UU Nomor 34 Tahun 2004 Tentang ...

---

[legal_request] . Perencanaan dan penyusunan pembentukan UU Nomor 3 Tahun 2025 Tentang Perubahan atas UU Nomor 34 Tahun 2004 Tentang TNI (TNI), tidak sesuai dengan tata cara pembentukan peraturan perUUan, tanpa naskah akademik. 13. Bahwa dalam Pasal 43 ayat (3) UU No. 12 Tahun 2011 mengatur secara imperatif dan tegas: Rancangan UU yang berasal dari DPR, Presiden, atau DPD harus disertai Naskah Akademik. Adapun dalam Pasal 1 angka 11 UU No...

---

[web_article] . Yang pertama, pemohon meminta MK membatalkan UU TNI Nomor 3 Tahun 2025 dan memberlakukan kembali UU Nomor 34 Tahun 2004. Menyatakan UU Nomor 3 Tahun 2025 Tentang Perubahan atas UU Nomor 34 Tahun 2004 Tentang TNI (Lembaran Negara Republik Indonesia Tahun 2025 Nomor 3, Tambahan Lembaran Negara Republik Indonesia Nomor 7104), bertentangan dengan Undang-undang Dasar Negara Republik Indonesia Tahun 1945 oleh karenanya tidak mempunyai kekuatan hukum mengikat, kata kuasa hukum. Menyatakan ketentuan n...",0.6191691160202026
Apakah mekanisme kenaikan pangkat dalam Pasal 43 berlaku untuk semua matra TNI?,"1. Inti Jawaban: Ya, berlaku sama untuk Angkatan Darat, Laut, dan Udara. Implikasinya adalah unifikasi sistem karir lintas matra. 2. Rincian Analisis: a. Isu Pokok: Keseragaman regulasi promosi. b. Aturan & Unsur: Pasal 43 UU No. 34/2004 tidak membedakan perlakuan antar matra. c. Penerapan: Hal ini memperkuat integrasi triservice TNI. 3. Disclaimer: Perlu verifikasi peraturan matra spesifik.","1. Inti Jawaban: Ya, berlaku untuk semua matra TNI karena UU TNI bersifat umum. 2. Rincian Analisis: a. Isu Pokok: Ruang lingkup aplikasi aturan. b. Aturan & Unsur: Pasal 43 tidak membedakan matra TNI. c. Penerapan: Semua prajurit TNI, baik AD, AL maupun AU, mengikuti aturan yang sama.","[undang_undang] Pasal 42 Isi: (1) Setiap prajurit memperoleh kesempatan untuk mendapat kenaikan pangkat dan/atau jabatan berdasarkan prestasinya, sesuai dengan pola karier yang berlaku dengan mempertimbangkan kepentingan TNI dan memenuhi persyaratan yang ditentukan. (2) Ketentuan sebagaimana dimaksud pada ayat (1) diatur dengan keputusan Panglima....

---

[undang_undang] Pasal 44 Isi: (1) Prajurit yang mendapat tugas dengan pertaruhan jiwa raga secara langsung dan berjasa melampaui panggilan tugas dapat dianugerahi kenaikan pangkat luar biasa. (2) Ketentuan sebagaimana dimaksud pada ayat (1) diatur dengan Peraturan Pemerintah. Penjelasan: Ayat (1) Yang dimaksud dengan melampaui panggilan tugas adalah bahwa seseorang prajurit TNI tanpa memperdulikan keselamatan jiwanya melakukan tindakan kepahlawanan dalam suatu tugas demi bangsa dan negara, walaupun tindakan itu...

---

[academic_draft] . 3. Perlu dilakukan perubahan terhadap Pasal 47 dan Pasal 53 dalam UU TNI. B. Saran Naskah Akademik dan Rancangan UU ini diharapkan dapat memenuhi kebutuhan hukum dan memberi jaminan kepastian hukum kepada prajurit aktif TNI dalam menjalankan tugasnya sebagaimana diamanatkan dalam UU TNI. Atas hal itu, maka perlu segera dilakukan perubahan atas Pasal 47 dan Pasal 53 UU TNI sehingga memberikan landasan hukum bagi penyelenggaraan peran TNI yang lebih optimal dan memberikan kepastian hukum....

---

[web_article] . Dua, memperjelas batasan dan mekanisme pelibatan TNI dalam tugas non militer, ujar Sjafrie. Tiga, meningkatkan kesejahteraan prajurit serta jaminan sosial bagi prajurit. Empat, menyesuaikan ketentuan terkait kepemimpinan jenjang karir dan usia pensiun sesuai dengan kebutuhan organisasi, tambahnya. Dalam momen ini, Menhan juga menyertakan pasal-pasal perubahan di RUU TNI dari pemerintah. Adapun yang ditekankan, yakni kedudukan TNI (Pasal 3), penempatan prajurit TNI di kementerian atau lembaga (...",0.6795648336410522
Apa implikasi hukum jika Kepala Staf Angkatan tidak melaksanakan tugas pembinaan kekuatan sesuai Pasal 16 ayat (1)?,"1. Inti Jawaban:
   - Pelanggaran tugas pembinaan kekuatan dapat berimplikasi pada sanksi administratif atau pidana tergantung tingkat kelalaian.
   - Implikasi praktis: Menurunnya kesiapan operasional matra terkait.

2. Rincian Analisis:
   a. Isu Pokok: Akibat hukum kelalaian tugas.
   b. Aturan & Unsur: Pasal 16 ayat (1) jo. Pasal 65 UU No. 34 Tahun 2004:
      - Kewajiban pembinaan kekuatan bersifat imperatif.
      - Kelalaian dapat dikategorikan sebagai pelanggaran disiplin militer (UU No. 31 Tahun 1997).
   c. Penerapan: Jika menyebabkan kerugian negara, dapat dipidana berdasarkan KUHP atau UU Tipikor.

3. Disclaimer: Sanksi spesifik tergantung investigasi dan konteks pelanggaran.",A. Implikasi: Pelanggaran terhadap kewajiban hukum dapat berujung pada sanksi administratif atau pidana. B. Dasar: Pasal 16 ayat (1) merupakan kewajiban hukum yang harus dipenuhi. C. Rincian: Pelanggaran dapat mencakup penurunan kinerja atau pencopotan jabatan.,"[undang_undang] Pasal 16 Isi: Tugas dan kewajiban Kepala Staf Angkatan adalah: 1. memimpin Angkatan dalam pembinaan kekuatan dan kesiapan operasional Angkatan; 2. membantu Panglima dalam menyusun kebijakan tentang pengembangan postur, doktrin, dan strategi serta operasi militer sesuai dengan matra masing-masing 3. membantu Panglima dalam penggunaan komponen pertahanan negara sesuai dengan kebutuhan Angkatan; serta 4. melaksanakan tugas lain sesuai dengan matra masing- masing yang diberikan oleh Panglima....

---

[undang_undang] Pasal 44 Isi: (1) Prajurit yang mendapat tugas dengan pertaruhan jiwa raga secara langsung dan berjasa melampaui panggilan tugas dapat dianugerahi kenaikan pangkat luar biasa. (2) Ketentuan sebagaimana dimaksud pada ayat (1) diatur dengan Peraturan Pemerintah. Penjelasan: Ayat (1) Yang dimaksud dengan melampaui panggilan tugas adalah bahwa seseorang prajurit TNI tanpa memperdulikan keselamatan jiwanya melakukan tindakan kepahlawanan dalam suatu tugas demi bangsa dan negara, walaupun tindakan itu...

---

[undang_undang] Pasal 14 Isi: (1) Angkatan dipimpin oleh seor ang Kepala Staf Angkatan dan berkedudukan di bawah Panglima serta bertanggung jawab kepada Panglima. (2) Kepala Staf Angkatan diangkat dan diberhentikan oleh Presiden atas usul Panglima. (3) Kepala Staf Angkatan sebagaimana dimaksud pada ayat (2) diangkat dari Perwira Tinggi aktif dari angkatan yang bersangkutan dengan memperhatikan jenjang kepangkatan dan karier. (4) Tata cara pengangkatan dan pemberhentian Kepala Staf Angkatan sebagaimana dimaksud ...

---

[undang_undang] Pasal 65 Isi: (1) Prajurit Siswa tunduk pada ketentuan hukum yang berlaku bagi prajurit. (2) Prajurit tunduk kepada kekuasaan pera dilan militer dalam hal pelanggaran hukum pidana militer dan tunduk pada kekuasaan peradilan umum dalam hal pelanggaran hukum pidana umum yang diatur dengan UU. (3) Apabila kekuasaan peradilan umum sebagaimana dimaksud pada ayat (2) tidak berfungsi, maka prajurit tunduk di bawah kekuasaan peradilan yang diatur dengan UU. Penjelasan: Ayat (1) Hukum yang dimaksud adala...

---

[web_article] . Oleh karena itu, Pasal 47 ayat (2) UU TNI berpotensi bertentangan dengan Pasal 1 ayat (3) UUD NRI 1945 karena tidak sepenuhnya mencerminkan prinsip negara hukum yang menuntut adanya kepastian hukum, keadilan, dan supremasi sipil dalam setiap aspek penyelenggaraan negara, paparnya. Sebagai bentuk pencegahan terhadap dwifungsi militer dalam menduduki jabatan sipil sehingga pasal 47 ayat 2 UU TNI sudah seharusnya memperhatikan batasana quo, sesuai dengan huruf d TAP MPR Nomor 6 Tahun 2000, imbuhn...",0.6818574666976929
Apa yang diatur dalam Pasal 40 UU No. 34 Tahun 2004 tentang TNI?,"1. Inti Jawaban:
- Pasal 40 mengatur tentang penggunaan pakaian seragam, atribut, perlengkapan, dan peralatan militer oleh prajurit TNI sesuai tuntutan tugasnya.
- Implikasi praktisnya adalah prajurit wajib mematuhi ketentuan seragam dan perlengkapan yang ditetapkan oleh Panglima TNI.

2. Rincian Analisis:
a. Isu Pokok: Kewajiban prajurit TNI dalam menggunakan seragam dan perlengkapan militer.
b. Aturan & Unsur:
- Ayat (1): Prajurit harus menggunakan pakaian seragam (dinas TNI), atribut (tanda pangkat, jasa, satuan, kecakapan), serta perlengkapan dan peralatan militer (perorangan/satuan).
- Ayat (2): Ketentuan teknis diatur oleh Keputusan Panglima TNI.
c. Penerapan: Aturan ini memastikan keseragaman, identitas, dan kesiapan operasional prajurit TNI.

3. Disclaimer: Penjelasan ini bersifat umum dan tidak menggantikan konsultasi hukum resmi.",A. Inti Jawaban: Pasal 40 UU No. 34 Tahun 2004 tentang TNI mengatur kewenangan Panglima TNI dalam pelaksanaan tugas. B. Rincian Analisis: 1. Isu Pokok: Kewenangan Panglima TNI. 2. Aturan & Unsur: a. Pasal 40 ayat (1): Panglima TNI memiliki kewenangan tertentu. b. Pasal 40 ayat (2): Kewenangan tersebut bersifat teknis. 3. Penerapan: Panglima TNI wajib melaksanakan tugas sesuai kewenangan yang ditetapkan. C. Disclaimer: Penjelasan ini merujuk pada UU No. 34 Tahun 2004 asli tanpa revisi.,"[web_article] . Peserta sidang menjawab setuju dan dengan demikian, UU yang mengatur perubahan UU Nomor 34 Tahun 2004 sah. Apa saja yang berubah dalam UU tersebut? Simak penjelasannya di bawah ini, yuk! DilihatdetikJogjadari dokumen UU Republik Indonesia Nomor 34 Tahun 2004 tentang TNI, tugas pokok TNI dibedakan menjadi 2 dalam pasal 7 ayat (2), yakni operasi militer untuk perang dan operasi militer selain perang. Untuk operasi militer selain perang, tugas TNI dirinci sebanyak 14 poin sebagaimana tertera dala...

---

[academic_draft] 22 C. UU Nomor 34 Tahun 2004 tentang TNI UU Nomor 34 Tahun 2004 tentang TNI (UU TNI) saat ini telah berlaku lebih kurang 20 (dua puluh) tahun. Tentu selama berlaku, ada beberapa ketentuan atau materi muatan yang sudah tidak sesuai dengan dinamika dan perkembangan yang ada. Salah satunya, terkait peran prajurit aktif TNI pada Kementerian/lembaga lain serta batasan usia prajurit TNI. D. Putusan Mahkamah Konstitusi UU TNI pernah diuji di Mahkamah Konstitusi...

---

[web_article] Judul: Apa Isi UU TNI Terbaru? Ini Daftar Pasal yang Direvisi dan Disahkan DPR,21 Mar 2025 13:05,https://www.detik.com/jogja/berita/d-7834561/apa-isi-uu-tni-terbaru-ini-daftar-pasal-yang-direvisi-dan-disahkan-dpr,Dewan Perwakilan Rakyat (DPR) resmi mengesahkan Rancangan UU (RUU) Perubahan UU Nomor 34 Tahun 2004 tentang TNI. Apa isi UU TNI terbaru? Berikut ini daftar pasal yang direvisi! DilansirdetikNews, pengesahan RUU TNI dilakukan melalui rapat paripurna yang digelar pada Kamis, 20 Maret 2025...

---

[legal_request] . Perencanaan dan penyusunan pembentukan UU Nomor 3 Tahun 2025 Tentang Perubahan atas UU Nomor 34 Tahun 2004 Tentang TNI (TNI), tidak sesuai dengan tata cara pembentukan peraturan perUUan, tanpa naskah akademik. 13. Bahwa dalam Pasal 43 ayat (3) UU No. 12 Tahun 2011 mengatur secara imperatif dan tegas: Rancangan UU yang berasal dari DPR, Presiden, atau DPD harus disertai Naskah Akademik. Adapun dalam Pasal 1 angka 11 UU No...

---

[legal_request] . Pengambilan keputusan RUU revisi UU TNI yang sudah menjadi Undang- Undang Nomor 3 Tahun 2025 Tentang Perubahan atas UU Nomor 34 Tahun 2004 Tentang TNI (TNI), dilaksanakan pada Rapat Paripurna Pembukaan masa sidang DPR RI ke-13, pada 18 Februari 2025,yang dimana Para Permohonan menilai banyak kejanggalan dalam pengambilan keputusannya. Pertama, pengambilan keputusan untuk memasukkan RUU Revisi UU TNI yang sudah menjadi UU Nomor 3 Tahun 2025 Tentang Perubahan atas UU Nomor 34 Tahun 2004 Tentang ...",0.681948721408844
Siapa yang berwenang mengatur ketentuan jabatan PNS di TNI?,"1. Inti Jawaban:
   - Panglima TNI berwenang mengatur ketentuan tersebut berdasarkan Pasal 46 ayat (2).
   - Implikasi praktisnya adalah sentralisasi kebijakan di tingkat pimpinan TNI.

2. Rincian Analisis:
   a. Isu Pokok: Otoritas pengaturan jabatan PNS di TNI.
   b. Aturan & Unsur: Pasal 46 ayat (2) secara eksplisit menunjuk Panglima sebagai regulator.
   c. Penerapan: Panglima dapat menetapkan persyaratan, prosedur, dan jenis jabatan yang dapat diisi PNS.

3. Disclaimer: Kewenangan ini harus dilaksanakan sesuai koridor UU TNI.","1. Inti Jawaban: Ketentuan ini diatur oleh UU TNI, yang dibuat oleh DPR RI melalui proses legislatif. Implikasinya adalah bahwa hanya DPR yang memiliki wewenang untuk menetapkan aturan tersebut. 2. Rincian Analisis: a. Isu Pokok: Subyek yang berwenang mengatur ketentuan. b. Aturan & Unsur: Pasal 47 ayat (2) UU TNI tidak secara eksplisit menyebutkan subyek yuridis yang berwenang, tetapi secara umum, UU hanya mengatur 'mengatur' tanpa memberikan kewenangan kepada siapa pun. c. Penerapan: Proses pembuatan UU dilakukan oleh DPR sebagai lembaga legislatif. 3. Disclaimer: Jawaban ini bersifat informatif dan tidak menggantikan konsultasi hukum resmi.","[web_article] . Perubahan selanjutnya terdapat di pasal 47 UU Nomor 34 Tahun 2004. Pasal ini mengatur tentang kementerian atau lembaga yang dapat diisi TNI. Dalam ayat (2) pasal tersebut, tertulis: Prajurit aktif dapat menduduki jabatan pada kantor yang membidangi koordinator bidang Politik dan Keamanan Negara, Pertahanan Negara, Sekretaris Militer Presiden, Intelijen Negara, Sandi Negara, Lembaga Ketahanan Nasional, Dewan Pertahanan Nasional, Search and Rescue (SAR) Nasional, Narkotika Nasional, dan Mahkamah...

---

[academic_draft] . Hal-hal yang terkait dengan sistem pertahanan dan keamanan negara, termasuk susunan dan kedudukan TNI diatur dengan UU. Ketentuan ini merupakan materi muatan delegasi yang harus diatur dengan UU TNI, termasuk ketentuan mengenai keterlibatan prajurit aktif TNI pada kementerian/lembaga lain serta penambahan usia masa dinas prajurit TNI. B. Ketetapan MPR Ketetapan Majelis Permusyawaratan Rakyat Nomor VI/MPR/2000 tentang Pemisahan TNI dan Kepolisian Negara Republik Indonesia, serta Ketetapan Majel...

---

[academic_draft] 8 Nomor VII/MPR/2000 tentang Peran TNI dan Peran Kepolisian Negara Republik Indonesia. Di dalam UU TNI diatur mengenai peran TNI selain melakukan pertahanan negara. Pasal 47 ayat (2) UU TNI mengatur bahwa prajurit aktif dapat menduduki jabatan pada kantor yang membidangi koordinator bidang politik dan keamanan negara, sekretaris militer Presiden, intelijen negara, sandi negara, lembaga ketahanan nasional, dewan pertahanan nasional, search and rescue (sar) nasional, narkotika nasional, dan mahkam...

---

[academic_draft] 26 BAB V JANGKAUAN, ARAH PENGATURAN, DAN RUANG LINGKUP MATERI MUATAN RANCANGAN UNDANG-UNDANG A. Jangkauan dan Arah Pengaturan Jangkauan dan arah pengaturan perubahan UU TNI terbatas pada peran prajurit aktif TNI pada kementerian/ lembaga lain sesuai kebutuhan institusi dimaksud dan kebijakan Presiden. Di samping itu, perubahan UU TNI juga mengatur mengenai batasan usia masa dinas bagi prajutir TNI sesuai dengan kebutuhan dan mensikronkan dengan berbagai ketentuan peraturan perUUan yang ada, baik...",0.7288128733634949
Bagaimana sejarah lahirnya Pasal 39 UU TNI?,"1. Inti Jawaban:
- Dibentuk sebagai reformasi pasca-Orde Baru untuk memisahkan TNI dari politik.
- Implikasi praktis: Mewujudkan TNI yang profesional dan netral.

2. Rincian Analisis:
a. Isu Pokok: Konteks historis pembentukan pasal.
b. Aturan & Unsur: Hasil amendemen UU No. 2 Tahun 1988 sebagai respon demokratisasi.
c. Penerapan: Konsisten dengan doktrin 'TNI di bawah sipil' pasca reformasi 1998.

3. Disclaimer: Analisis historis tidak mengubah interpretasi hukum yang berlaku.","1. Inti Jawaban: Pasal 39 UU TNI diubah melalui revisi UU No. 34 Tahun 2004 menjadi UU No. 3 Tahun 2025.
2. Rincian Analisis:
    a. Isu Pokok: Aspek historis Pasal 39.
    b. Aturan & Unsur: Proses revisi UU dapat dilihat dari perbandingan antara versi lama dan baru.
    c. Penerapan: Informasi lebih lengkap dapat dicari melalui dokumen resmi revisi UU.
3. Disclaimer: Jawaban ini bersifat informatif dan tidak menggantikan konsultasi hukum resmi.","[academic_draft] . B. Materi Muatan RUU Materi muatan RUU memuat materi perubahan dalam Pasal 47 dan Pasal 53 UU TNI. Di samping itu, dimuat juga ketentuan mengenai tugas pemantauan dan peninjauan atas UU TNI ini oleh DPR melalui alat kelengkapan yang menangani bidang legislasi. Rumusan materi muatan perubahan Pasal 47, Pasal 53, dan tugas pemantauan dan peninjauan UU TNI sebagaimana dimuat dalam rancangan UU tentang perubahan atas UU TNI....

---

[web_article] . Oleh karena itu, Pasal 47 ayat (2) UU TNI berpotensi bertentangan dengan Pasal 1 ayat (3) UUD NRI 1945 karena tidak sepenuhnya mencerminkan prinsip negara hukum yang menuntut adanya kepastian hukum, keadilan, dan supremasi sipil dalam setiap aspek penyelenggaraan negara, paparnya. Sebagai bentuk pencegahan terhadap dwifungsi militer dalam menduduki jabatan sipil sehingga pasal 47 ayat 2 UU TNI sudah seharusnya memperhatikan batasana quo, sesuai dengan huruf d TAP MPR Nomor 6 Tahun 2000, imbuhn...

---

[academic_draft] . Adanya ketentuan Pasal 20 UUD NRI Tahun 1945 menegaskan bahwa kekuasaan membentuk UU telah bergeser dari Presiden kepada DPR. Di dalam penyusunan sebuah rancangan UU, ketentuan Pasal 20 selalui disandingkan dengan ketentuan Pasal 21 UUD NRI Tahun 1945 pada dasar hukum mengingat. Adanya ketentuan Pasal 20 dan Pasal 21 pada bagian ketentuan mengingat sebuah rancangan UU, hal ini menunjukkan bahwa rancangan UU dimaksud merupakan rancangan UU yang usulannya berasal dari DPR. Sebaliknya jika pada d...

---

[legal_request] . Perencanaan dan penyusunan pembentukan UU Nomor 3 Tahun 2025 Tentang Perubahan atas UU Nomor 34 Tahun 2004 Tentang TNI (TNI), tidak sesuai dengan tata cara pembentukan peraturan perUUan, tanpa naskah akademik. 13. Bahwa dalam Pasal 43 ayat (3) UU No. 12 Tahun 2011 mengatur secara imperatif dan tegas: Rancangan UU yang berasal dari DPR, Presiden, atau DPD harus disertai Naskah Akademik. Adapun dalam Pasal 1 angka 11 UU No...",0.6423870325088501
Apakah pengambilalihan bisnis TNI oleh Pemerintah termasuk pembayaran kompensasi?,"1. Inti Jawaban:
- UU tidak mengatur hal ini, tetapi prinsip hukum umumnya mensyaratkan kompensasi.
- Implikasi praktisnya adalah kemungkinan negosiasi nilai aset.

2. Rincian Analisis:
a. Isu Pokok: Hak ekonomi TNI atas aset bisnis.
b. Aturan & Unsur: Pasal 76 tidak menyebut kompensasi secara eksplisit.
c. Penerapan: Keppres pelaksana seharusnya mengatur mekanisme valuasi.

3. Disclaimer: Nilai kompensasi bisa menjadi isu politis.","1. Inti Jawaban:
    - Ya, karena ada kewajiban kompensasi atas kerugian negara.
    - Implikasi: Proses pengambilalihan harus melibatkan mekanisme kompensasi.
2. Rincian Analisis:
    a. Isu Pokok: Kewajiban kompensasi atas kerugian negara.
    b. Aturan & Unsur: Pasal 76 ayat (1) UU No. 34/2004 mensyaratkan pengambilalihan bisnis TNI.
    c. Penerapan: Kompensasi dapat dilakukan melalui mekanisme hukum yang diatur dalam peraturan turunan.
3. Disclaimer: Penafsiran ini bersifat umum.","[web_article] . Para pemohon pun merasa berhak menuntut ganti rugi terkait pengesahan revisi UU TNI itu. Mereka beralasan telah menjadi pembayar pajak, namun hak konstitusionalnya dilanggar oleh pembentuk UU dalam proses pembahasan dan pengesahan revisi UU TNI yang mereka anggap tidak transparan serta tak sesuai dengan aturan. Pemohon meminta presiden membayar ganti rugi sebesar Rp 25 miliar. Selain itu, meminta MK menghukum Pimpinan dan masing-masing anggota Badan Legislasi DPR RI untuk membayar ganti rugi s...

---

[undang_undang] Pasal 76 Isi: (1) Dalam jangka waktu 5 (lim a) tahun sejak berlakunya UU ini, Pemerintah harus mengambil alih seluruh aktivitas bisnis yang dimiliki dan dikelola oleh TNI baik secara langsung maupun tidak langsung. (2) Tata cara dan ketentuan lebih lanjut mengenai pelaksanaan ayat (1) diatur dengan keputusan Presiden....

---

[web_article] . Mereka menganggap pembahasan revisi UU TNI tidak transparan. Mereka juga menyebut UU TNI tidak memberi penjelasan yang detail soal penyelesaian konflik komunal. Para pemohon pun merasa berhak menuntut ganti rugi terkait pengesahan revisi UU TNI itu. Mereka beralasan telah menjadi pembayar pajak, namun hak konstitusionalnya dilanggar oleh pembentuk UU dalam proses pembahasan dan pengesahan revisi UU TNI yang mereka anggap tidak transparan serta tak sesuai aturan. Pemohon meminta presiden membay...",0.6517420411109924
Apakah masa dinas Prajurit TNI yang alih status ke PNS dihitung untuk pensiun PNS?,"1. Inti Jawaban:
- Ya, masa dinas TNI dapat digabung dengan masa kerja PNS (PP tentang Masa Kerja).
- Implikasi: Total masa kerja memengaruhi besaran pensiun.

2. Rincian Analisis:
a. Isu Pokok: Integrasi masa kerja.
b. Aturan & Unsur:
  - Konversi sesuai PP No. 17/1980.
  - Unsur: Surat keterangan dari TNI.
c. Penerapan: Diajukan ke BKN.

3. Disclaimer: Tidak otomatis, harus permohonan.","1. Inti Jawaban:
    - Ya, karena masa dinas dihitung dari awal karier sebagai prajurit.
    - Implikasi: Prajurit TNI yang alih status ke PNS akan memperoleh hak pensiun PNS berdasarkan masa dinas sebelumnya.
2. Rincian Analisis:
    a. Isu Pokok: Hubungan antara masa dinas TNI dan pensiun PNS.
    b. Aturan & Unsur: Pasal 53 ayat (2) UU No. 34 Tahun 2004 tentang TNI menyatakan bahwa masa dinas prajurit TNI dihitung sebagai dasar penghitungan masa kerja dalam sistem pensiun PNS.
    c. Penerapan: Prajurit TNI yang alih status ke PNS akan memiliki masa kerja yang dihitung dari saat mendaftar sebagai prajurit hingga tanggal pensiun.
3. Disclaimer: Penjelasan ini tidak menggantikan konsultasi hukum resmi.","[web_article] . Puan mengatakan ada penambahan masa dinas keprajuritan. Masa pensiun yang semula 58 tahun untuk perwira dan 53 tahun bagi Tamtama dan Bintara diubah berdasarkan kategori pangkat. Puan menyatakan, DPR bersama pemerintah menegaskan perubahan UU TNI tetap berlandaskan nilai dan prinsip demokrasi serta tetap menjaga supremasi sipil. Pada pasal ini mengalami perubahan masa bakti prajurit, masa dinas yang semula diatur sampai usia paling tinggi 58 tahun bagi Perwira, dan 53 tahun bagi Bintara dan Ta...

---

[web_article] . Berikut daftar kementerian/lembaga yang dapat diisi oleh prajurit TNI aktif berdasarkan revisi Pasal 47: Untuk prajurit TNI yang ingin menduduki jabatan sipil di luar 14 lembaga tersebut, mereka harus pensiun atau mengundurkan diri lebih dulu. Sebelumnya, usia pensiun prajurit bintara dan tamtama adalah 53 tahun, sedangkan perwira pensiun pada 58 tahun. Dalam revisi Pasal 53, usia pensiun dinaikkan sebagai berikut: Demikianlah rincian mengenai RUU TNI yang sudah disahkan DPR menjadi UU. Semoga...

---

[academic_draft] . Apalagi jika hal ini dibandingkan dengan batasan usia bagi anggota Polri dan juga pegawai ASN. Batasan usia masa dinas prajurit TNI perlu diubah dan diperpanjang demi optimalisasi sumber daya manusia yang ada di institusi TNI, memberikan jaminan kesejahteraan bagi keluarga prajurit TNI, serta memberikan keadilan dan perlakukan yang sama dihadapan hukum kepada para prajurit TNI....",0.7443556785583496
Apakah prajurit yang hilang karena kelalaian sendiri termasuk dalam Pasal 58?,"1. Inti Jawaban:
- Tidak, jika kelalaian termasuk pelanggaran disiplin.
- Implikasi: Dapat dikenai sanksi disiplin atau pidana.

2. Rincian Analisis:
a. Isu Pokok: Pengecualian untuk kelalaian prajurit.
b. Aturan & Unsur: Penjelasan Pasal 58 membedakan dengan desersi.
c. Penerapan: Kasus dinilai berdasarkan tingkat kelalaian.

3. Disclaimer: Ketentuan ini merujuk pada penjelasan Pasal 58 UU No. 34 Tahun 2004.","(a) Inti Jawaban: Ya, jika hilang karena kelalaian sendiri, maka tidak berhak atas hak prajurit yang gugur. (b) Rincian: Pasal 58 ayat (2) menyatakan bahwa prajurit yang hilang karena kelalaian sendiri akan diberhentikan dengan hormat tetapi tidak berhak atas hak prajurit yang gugur. (c) Disclaimer: Interpretasi ini berdasarkan teks UU tanpa mempertimbangkan konteks spesifik kasus.","[undang_undang] Pasal 58 Isi: (1) Prajurit yang dalam melaksanakan tugas tidak kembali bergabung dengan kesatuannya sebagai akibat dari atau diduga diakibatkan oleh tindakan musuh atau di luar kekuasaannya, dinyatakan hilang dalam tugas, wajib terus dicari. (2) Prajurit sebagaimana dimaksud pada ayat (1) apabila setelah 1 (satu) tahun tidak ada kepastian atas dirinya, diberhentikan dengan hormat dan kepada ahli warisnya diberikan hak sebagaimana hak prajurit yang gugur sesuai dengan peraturan perUUan. (3) Praju...

---

[undang_undang] Pasal 37 Isi: (1) Prajurit berkewajiban menjunjung tinggi kepercayaan yang diberikan oleh bangsa dan negara untuk melakukan usaha pembelaan negara sebagaimana termuat dalam Sumpah Prajurit (2) Untuk keamanan negara, setiap prajurit yang telah berakhir menjalani dinas keprajuritan atau prajurit siswa yang karena suatu hal tidak dilantik menjadi prajurit, wajib memegang teguh rahasia tentara walaupun yang bersangkutan diberhentikan dengan hormat atau dengan tidak hormat....

---

[web_article] . Waketum PKB itu mengatakan dalam Pasal 47 UU TNI jelas disebutkan bahwa prajurit hanya dapat menduduki jabatan sipil setelah mengundurkan diri atau pensiun dari dinas aktif keprajuritan. SCROLL TO CONTINUE WITH CONTENT Apakah yang sekarang sudah mengundurkan diri atau pensiun dari dinas aktif keprajuritan? Mari kita koreksi bersama, kata Jazilul. Jazilul heran ketika aturan pasal tersebut tidak dijalankan oleh prajurit, Panglima TNI dan Menteri Pertahanan (Menhan) hanya mengimbau, tidak ada ti...

---

[undang_undang] Pasal 55 Isi: (1) Prajurit diberhentikan dengan hormat dari dinas keprajuritan karena: a. atas permintaan sendiri; b. telah berakhirnya masa ikatan dinas c. menjalani masa pensiun; d. tidak memenuhi persyara tan jasmani atau rohani; e. gugur, tewas, atau meninggal dunia; f. alih status menjadi pegawai negeri sipil; g. menduduki jabatan yang menurut peraturan perundang- undangan, tidak dapat diduduki oleh seorang prajurit aktif; dan h. berdasarkan pertimbangan khusus untuk kepentingan dinas. (2) ...

---

[undang_undang] Pasal 57 Isi: Hak prajurit yang menyandang cacat berat, cacat sedang, atau cacat ringan yang diakibatkan karena tugas operasi militer, atau bukan tugas operasi militer selama dalam dinas keprajuritan, diatur dengan Peraturan Pemerintah. Penjelasan: Yang dimaksud cacat berat adalah cacat jasmani dan/atau rohani yang mengakibatkan prajurit tidak mampu sama sekali untuk melakukan pekerjaan atau kegiatan apapun sehingga menjadi beban orang lain. Yang dimaksud cacat sedang adalah cacat jasmani dan/at...",0.7139817476272583
Apakah perwira yang sedang dalam penahanan bisa mengajukan permohonan untuk dialihkan ke ketentuan UU No. 34 Tahun 2004?,"1. Inti Jawaban: Tidak, perwira tidak bisa memilih untuk dialihkan ke ketentuan baru karena Pasal 72 bersifat imperatif. Implikasi praktisnya adalah ketidakmampuan pihak terkait untuk memanfaatkan perubahan UU bagi kasus yang sudah berjalan. 2. Rincian Analisis: a. Isu Pokok: Kemungkinan opt-in ke sistem hukum baru selama masa transisi. b. Aturan & Unsur: Pasal 72 tidak memberikan ruang untuk pilihan hukum (choice of law) bagi subjek penahanan. c. Penerapan: Pembuat UU sengaja menghindari dualisme sistem yang bisa menimbulkan ketidakpastian hukum. 3. Disclaimer: Hak untuk mengajukan keberatan tetap ada melalui mekanisme yang diatur dalam UU lama.","1. Inti Jawaban:
   a. Ya, jika memenuhi syarat Pasal 72 ayat (1) UU No. 34/2004.
   b. Implikasi: Mereka harus menunjukkan bahwa penahanan mereka masih relevan dengan proses pengadilan.
2. Rincian Analisis:
   a. Isu Pokok: Kelayakan alih status hukum.
   b. Aturan & Unsur: Pasal 72 ayat (1) mensyaratkan 'sedang menjalani penahanan' saat UU berlaku.
   c. Penerapan: Proses ini memerlukan dokumen resmi dari lembaga penahanan.
3. Disclaimer: Jawaban bersifat umum tanpa konsultasi kasus.","[undang_undang] Pasal 72 Isi: Bagi perwira yang pada tanggal UU ini diundangkan sedang menjalani penahanan dalam dinas keprajuritan berdasarkan UU Nomor 2 Tahun 1988 tentang Prajurit ABRI, tetap berlaku ketentuan tersebut sampai masa penahanan dalam dinas keprajuritannya berakhir....

---

[web_article] . SCROLL TO CONTINUE WITH CONTENT Baik, Yang Mulia, izin konfirmasi untuk perkara nomor 57 kami mohonkan untuk dicabut, Yang Mulia, jawab pemohon yang hadir secara virtual. Namun Suhartoyo tak bertanya lebih lanjut alasan pencabutan gugatan tersebut. Selain itu, pemohon tak memberikan penjelasannya terkait pencabutan gugatannya. Untuk perkara 57, kalau sudah memastikan sudah tetap mencabut, boleh sebenarnya meninggalkan persidangan ataukah tetap mengikuti juga dipersilakan, ujar Suhartoyo. Adapu...

---

[web_article] . Untuk itu, kami mohon konfirmasi kepastian apakah betul ada pencabutan ini, dari Prof Halkis atau kuasa hukum? Silakan direspons, kata Suhartoyo. SCROLL TO CONTINUE WITH CONTENT Halkis membenarkan surat permohonan tersebut. Dia mengatakan gugatan itu dicabut lantaran telahlost objectatau kehilangan objek usai revisiUU TNIdisahkan. Betul Pak Hakim, kami telah minta bantuan kepada kuasa kami untuk mencabut permohonan kami karena telah terjadilost object, jawab Halkis. Diketahui, Halkis mengajuka...",0.7656288146972656
Siapa yang mengatur kebijakan operasi perdamaian dunia TNI?,"1. Inti Jawaban: Kebijakan operasi perdamaian dunia TNI diatur oleh pemerintah sesuai politik luar negeri Indonesia, merujuk Pasal 20 ayat (3) UU No. 34 Tahun 2004. Implikasinya, Kemenlu dan Kemenhan terlibat. 2. Rincian Analisis: a. Isu Pokok: Pembuat kebijakan misi perdamaian. b. Aturan & Unsur: Pasal 20 ayat (3) menyebutkan kesesuaian dengan politik luar negeri. c. Penerapan: Contohnya adalah keputusan presiden untuk kirim pasukan. 3. Disclaimer: Prosesnya kompleks dan multi-lapis.","Inti Jawaban: Kebijakan operasi perdamaian dunia TNI diatur oleh Panglima TNI berdasarkan kebijakan politik luar negeri. Implikasi praktisnya adalah TNI harus selaras dengan prioritas diplomasi nasional. Pelaksanaannya melibatkan koordinasi dengan instansi terkait seperti Kemlu.

### Peran:
Ahli Hukum Strategis (Indonesia).
### Konteks:
Sumber 1 (analysis_report):
. 3) Kerja Sama Dalam Misi Perdamaian Perserikatan Bangsa-Bangsa. Peran serta Indonesia dalam pengiriman pasukan TNI pada operasi pemeliharaan perdamaian merupakan amanat Pembukaan UUD NRI 1945, dalam rangka ikut serta mewujudkan perdamaian dunia yang berdasarkan kemerdekaan, perdamaian abadi dan keadilan sosial. Partisipasi Indonesia telah memberikan bobot yang semakin baik terhadap hubungan luar negeri dan pelaksanaan politik luar negeri yang bebas aktif

Sumber 2 (analysis_report):
. Berlandaskan UU Nomor 34 Tahun 2004 tentang TNI, yang mengamanatkan bahwa tugas pokok TNI selain perang adalah melaksanakan tugas perdamaian dunia sesuai dengan kebijakan politik luar negeri, maka TNI terus ikut dalam usaha misi perdamaian dunia sebagaimana yang telah dilaksanakan setiap tahunnya dalam kurun waktu dua puluh tahun ini. Disamping tugas dalam misi perdamianan dunia, TNI juga berusaha aktif membantu negara lain jika tertimpa bencana alam. Yang pasti TNI akan selalu siap kapanpun dan dalam kondisi apapun untuk membantu negara-negara lain yang terkena bencana tanpa memandang haluan politik negara yang terkena bencana. Hal tersebut sesuai misi yang dijalankan oleh TNI yaitu misi kemanusiaan

Sumber 3 (analysis_report):
. Hal tersebut sesuai misi yang dijalankan oleh TNI yaitu misi kemanusiaan. Para prajurit TNI melaksanakan misi perdamaian dunia dalam wujud nyata perbaikan sarana dan prasarana, mengerjakan konstruksi pembuatan jalan, jembatan dan lapangan landas pesawat","[analysis_report] . 3) Kerja Sama Dalam Misi Perdamaian Perserikatan Bangsa-Bangsa. Peran serta Indonesia dalam pengiriman pasukan TNI pada operasi pemeliharaan perdamaian merupakan amanat Pembukaan UUD NRI 1945, dalam rangka ikut serta mewujudkan perdamaian dunia yang berdasarkan kemerdekaan, perdamaian abadi dan keadilan sosial. Partisipasi Indonesia telah memberikan bobot yang semakin baik terhadap hubungan luar negeri dan pelaksanaan politik luar negeri yang bebas aktif...

---

[analysis_report] . Berlandaskan UU Nomor 34 Tahun 2004 tentang TNI, yang mengamanatkan bahwa tugas pokok TNI selain perang adalah melaksanakan tugas perdamaian dunia sesuai dengan kebijakan politik luar negeri, maka TNI terus ikut dalam usaha misi perdamaian dunia sebagaimana yang telah dilaksanakan setiap tahunnya dalam kurun waktu dua puluh tahun ini. Disamping tugas dalam misi perdamianan dunia, TNI juga berusaha aktif membantu negara lain jika tertimpa bencana alam. Yang pasti TNI akan selalu siap kapanpun d...

---

[analysis_report] . Hal tersebut sesuai misi yang dijalankan oleh TNI yaitu misi kemanusiaan. Para prajurit TNI melaksanakan misi perdamaian dunia dalam wujud nyata perbaikan sarana dan prasarana, mengerjakan konstruksi pembuatan jalan, jembatan dan lapangan landas pesawat terbang selain itu juga malakukan Engineering Section (SE) pada daerah setempat. Peranan TNI yang turut serta dalam kebijakan pemeliharan perdamaian dunia menunjukkan keterkaitan TNI dalam kancah lingkungan internasional. Apapun definisinya, ya...

---

[analysis_report] 45 EDISI KHUSUS 2019 KIPRAH TNI SEBAGAI KOMPONEN UTAMA PERTAHANAN NEGARA DI KANCAH DUNIA INTERNASIONAL Oleh: Brigjen TNI Bonifasius Widiyanto. S, SH., MH Direktur Kebijakan Strategis Pertahanan Direktorat Jenderal Strategi Pertahanan Kemhan P Pendahuluan TNI dalam menjalankan tugasnya sebagai alat negara di bidang pertahanan dan juga dalam menjaga perdamaian serta keamanan dalam arti yang luas, adalah mengerti dengan jelas makna tugasnya dalam menjaga kedaulatan negara dan menjaga keutuhan wilay...

---

[analysis_report] . Diplomasi dan kerjasama bidang pertahanan dalam mendukung peran TNI di forum regional ataupun internasional dilakukan secara terus menerus dan berkesinambungan melalui kerjasama bilateral, kerangka ASEAN, di forum Internasional dan melalui misi Perdamaian Perserikatan Bangsa- Bangsa untuk mengharumkan nama Bangsa Indonesia di mata dunia Internasional...",0.781497597694397
Apa implikasi pemberhentian tidak hormat bagi Prajurit TNI?,"1. Inti Jawaban:
   - Pemberhentian tidak hormat mengakibatkan hilangnya hak-hak tertentu seperti pensiun dan penghargaan.
   - Implikasi praktisnya adalah Prajurit kehilangan status kehormatan dan mungkin terkena sanksi tambahan.

2. Rincian Analisis:
   a. Isu Pokok: Konsekuensi hukum dan sosial dari pemberhentian tidak hormat.
   b. Aturan & Unsur: Berdasarkan Pasal 54 UU No. 34 Tahun 2004, pemberhentian tidak hormat diberikan karena pelanggaran berat atau tindakan yang merugikan TNI.
   c. Penerapan: Prajurit yang diberhentikan tidak hormat tidak berhak atas tunjangan atau pensiun dan mungkin menghadapi tuntutan hukum.

3. Disclaimer: Penjelasan ini tidak mencakup semua kasus dan tergantung pada keputusan pengadilan militer.","1. Inti Jawaban:
    - Implikasi: Penghinaan terhadap martabat prajurit.
    - Dasar: Pasal 62 ayat (1) UU No. 34/2004 tentang pelanggaran disiplin.
2. Rincian Analisis:
    a. Isu Pokok: Konsekuensi hukum atas pemberhentian tidak hormat.
    b. Aturan & Unsur: Pasal 62 ayat (1) UU No. 34/2004 melindungi integritas prajurit.
    c. Penerapan: Pelanggaran terhadap prinsip 'tidak ada penghinaan'.
3. Disclaimer: Penafsiran bersifat ilmiah.","[undang_undang] Pasal 62 Isi: (1) Prajurit diberhentikan dengan tidak hormat karena mempunyai tabiat dan/atau perbuatan yang nyata-nyata dapat merugikan disiplin keprajuritan atau TNI. (2) Pemberhentian sebagaimana dimaksud pada ayat (1) terhadap perwira dilaksanakan setelah mempertimbangkan pendapat Dewan Kehormatan Perwira. (3) Ketentuan sebagaimana dimaksud pada ayat (1) dan (2) diatur lebih lanjut dengan Peraturan Pemerintah....

---

[web_article] Judul: Imparsial Minta Pembahasan Revisi UU TNI Dihentikan, Beri Catatan Kritis,18 Jul 2024 12:18,https://news.detik.com/berita/d-7444824/imparsial-minta-pembahasan-revisi-uu-tni-dihentikan-beri-catatan-kritis,Direktur ImparsialGufron Mabrurimengkritik pembahasan revisi UU TNI yang saat ini menjadi inisiatif DPR. Gufron menilai revisi UU TNI tidak mendesak dan diwarnai dengan beberapa usulan yang bermasalah. Kami memandang DPR RI sebaiknya menghentikan segala bentuk pembahasan agenda revisi UU T...

---

[web_article] . Menurut Madea, aksi tersebut bagian dari kekhawatiran saja. Saya rasa ini hanya kekhawatiran saja, tutupnya. Sementara sekretaris Gerakan Mahasiswa Nasional Indonesia (GMNI) Cabang Banyuwangi yang sempat menghentikan upaya aksi masa memasuki gedung DPRD menyatakan aksi penolakan tersebut sebagai bentuk ungkapan sayang kepada anggota TNI. Ini adalah bentuk wujud sayang kami kepada TNI, kami menolak upaya pelemahan perwira-perwira TNI yang diberi kewenangan di ranah sipil sehingga tidak fokus pa...",0.650130569934845
Berapa lama batas waktu untuk menetapkan peraturan pelaksanaan UU TNI menurut Pasal 75?,"1. Inti Jawaban: Batas waktu penetapan peraturan pelaksanaan adalah 2 tahun sejak UU berlaku. Implikasinya, pemerintah harus segera menyusun aturan turunan. 2. Rincian Analisis: a. Isu Pokok: Efektivitas implementasi UU TNI. b. Aturan & Unsur: Ayat (1) Pasal 75 menyatakan 'paling lambat 2 tahun'. c. Penerapan: Penundaan dapat menghambat operasionalisasi reformasi TNI.","Berdasarkan Pasal 75 ayat (1) UU No. 3 Tahun 2025 tentang Perubahan atas UU No. 34 Tahun 2004 tentang TNI, batas waktu untuk menetapkan peraturan pelaksanaan UU adalah paling lambat 2 (dua) tahun setelah UU ini berlaku. Implikasinya, semua peraturan turunan harus diselesaikan dalam jangka waktu tersebut untuk memastikan implementasi UU yang efektif tanpa kekosongan hukum.","[legal_request] . Dalam batas penalaran yang wajar, batas waktu paling lama 60 (enam puluh) hari kerja sejak perkara dicatat dalam Buku Registrasi Perkara Konstitusi (BRPK) dimaksud belum akan memberikan implikasi besar dalam pelaksanaan UU terutama dalam penyiapan peraturan perUUan yang diperintahkan dan dibutuhkan dalam pelaksanaan UU, termasuk juga tindakan hukum lain yang dilakukan sebagai akibat dari pengundangan sebuah UU. Bahkan, untuk tujuan kepastian dimaksud, termasuk pertimbangan kondisi tertentu, Ma...

---

[academic_draft] 10 UU TNI pernah diuji di Mahkamah Konstitusi. Di dalam Putusan Nomor 62/PUU-XIX/2021, antara lain diuraikan mengenai batas usia pensiun prajurit TNI, hal itu merupakan kebijakan hukum terbuka (open legal policy) pembentuk undang- undang yang sewaktu-waktu dapat berubah sesuai dengan tuntutan kebutuhan perkembangan yang ada dan sesuai dengan jenis serta spesifikasi dan kualifikasi jabatan tersebut atau dapat pula melalui upaya legislatif review...

---

[academic_draft] . Hal yang mendasari kebutuhan untuk menyusun Naskah Akademik dan Rancangan UU ini ialah adanya kebutuan hukum mengenai batasan usia masa dinas prajurit TNI dikaitkan dengan Putusan Mahkamah Konstitusi Nomor: 62/PUU- XIX/2021 dan Putusan Mahkamah Konstitusi Nomor: 6/PUU- XIV/2016. Berdasarkan putusan Mahkamah Konstitusi tersebut pada pokoknya dijelaskan bahwa ketentuan mengenai batasan usia suatu jabatan merupakan kebijakan hukum terbuka (open legal policy) dari para pembentuk UU. Putusan terseb...

---

[legal_request] . 414): [3.20.4] Bahwa apabila dalam tenggang waktu 2 (dua) tahun pembentuk UU tidak dapat menyelesaikan perbaikan UU 11/2020 maka demi kepastian hukum terutama untuk menghindari kekosongan hukum atas UU atau pasal-pasal atau materi muatan UU yang telah dicabut atau diubah tersebut harus dinyatakan berlaku kembali. 24. Bahwa agar tidak terjadi kekosongan hukum, mohon kepada yang mulia majelis hakim untuk menyatakan ketentuaan yang diubah atau dicabut dalam UU Nomor 3 Tahun 2025 Tentang Perubahan...

---

[undang_undang] Pasal 75 Isi: (1) Segala peraturan pelaksanaan UU ini ditetapkan paling lambat 2 (dua) tahun sej ak berlakunya UU ini. (2) Segala penyebutan, penamaan, dan istilah yang berkaitan dengan postur, organisasi, struktur, tugas pokok, dan kewenangan TNI harus diubah atau diganti sesuai dengan UU ini paling lambat 2 (dua) tahun sejak UU ini diberlakukan....",0.7300137281417847
Apa perbedaan rawatan kedinasan prajurit dan keluarga prajurit?,"1. Inti Jawaban:
- Prajurit mendapat layanan lebih lengkap (termasuk asuransi dan tunjangan hari tua), keluarga hanya 3 jenis layanan.
- Implikasi praktisnya adalah pembedaan skema perlindungan sesuai status.

2. Rincian Analisis:
a. Isu Pokok: Perbandingan hak prajurit dan keluarga.
b. Aturan & Unsur: Bandingkan Pasal 50 ayat (2) (9 poin) dan ayat (3) (3 poin) UU No. 34 Tahun 2004.
c. Penerapan: Perbedaan ini mencerminkan tanggung jawab langsung prajurit dalam dinas.

3. Disclaimer: Hak keluarga bersifat derivatif dari status prajurit sebagai penanggung.","A. Perbedaan utama terletak pada lingkup penerima manfaat dan jenis layanan. B. Prajurit menerima layanan seperti gaji, tunjangan, dan asuransi, sedangkan keluarga hanya mendapat rawatan kesehatan, pembinaan mental, dan bantuan hukum. C. Implikasi: Membedakan tanggung jawab negara terhadap dua kelompok tersebut.","[undang_undang] Pasal 50 Isi: (1) Prajurit dan prajurit siswa memperoleh kebutuhan dasar prajurit yang meliputi: a. perlengkapan perseorangan; dan b. pakaian seragam dinas (2) Prajurit dan prajurit siswa memperoleh rawatan dan layanan kedinasan, yang meliputi: a. penghasilan yang layak; b. tunjangan keluarga; c. perumahan/asrama/mess; d. rawatan kesehatan; e. pembinaan mental dan pelayanan keagamaan; f. bantuan hukum; g. asuransi kesehatan dan jiwa; h. tunjangan hari tua; dan i. asuransi penugasan operasi milit...

---

[academic_draft] . Apalagi jika hal ini dibandingkan dengan batasan usia bagi anggota Polri dan juga pegawai ASN. Batasan usia masa dinas prajurit TNI perlu diubah dan diperpanjang demi optimalisasi sumber daya manusia yang ada di institusi TNI, memberikan jaminan kesejahteraan bagi keluarga prajurit TNI, serta memberikan keadilan dan perlakukan yang sama dihadapan hukum kepada para prajurit TNI....

---

[web_article] . Dua, memperjelas batasan dan mekanisme pelibatan TNI dalam tugas nonmiliter, ujar Sjafrie. Tiga, meningkatkan kesejahteraan prajurit serta jaminan sosial bagi prajurit. Empat, menyesuaikan ketentuan terkait kepemimpinan jenjang karir dan usia pensiun sesuai dengan kebutuhan organisasi, tambahnya. Lihat juga Video: Anggota DPR Pertanyakan Usulan Usia Pensiun TNI Jabatan Fungsional 65 Tahun [Gambas:Video 20detik] Isi: nan...

---

[undang_undang] Pasal 29 Isi: (1) Pendidikan untuk pengangk atan prajurit terdiri atas pendidikan perwira, bintara, dan tamtama. (2) Pelaksanaan pendidikan sebagaimana dimaksud pada ayat (1) diatur lebih lanjut dengan keputusan Panglima....

---

[academic_draft] . Hal ini dimaksudkan agar potensi sumber daya manusia yang dimiliki oleh TNI dapat terus terberdayakan dan teroptimalkan. Perubahan batasan usia pensiun bagi prajurit TNI selain untuk mengoptimalkan sumber daya manusia yang ada juga untuk membantu meringankan beban kebutuhan keluarga prajurit TNI, termasuk kebutuhan keluarga atas tempat tinggal, jaminan kesehatan, dan juga pendidikan bagi anak-anak prajurit TNI. Untuk itu, perubahan Pasal 53 UU TNI merupakan suatu keniscayaan....",0.4721996784210205
Undang-undang apa yang mengatur peradilan militer sebelum adanya undang-undang baru?,"1. Inti Jawaban: Sebelum undang-undang peradilan militer yang baru dibentuk, ketentuan yang berlaku adalah Undang-Undang Nomor 31 Tahun 1997 tentang Peradilan Militer. Implikasi praktisnya adalah bahwa sistem peradilan militer masih mengacu pada aturan lama. 2. Rincian Analisis: a. Isu Pokok: Dasar hukum peradilan militer sementara. b. Aturan & Unsur: Pasal 74 ayat (2) UU No. 34 Tahun 2004 menyatakan bahwa UU No. 31 Tahun 1997 tetap berlaku hingga undang-undang baru dibentuk. c. Penerapan: Selama masa transisi, peradilan militer tetap berjalan berdasarkan UU lama. 3. Disclaimer: Informasi ini bersifat umum dan tidak menggantikan konsultasi hukum.","1. Inti Jawaban:
   a. Jawaban: Undang-undang nomor 31 tahun 1997 tentang peradilan militer.
   b. Merujuk pada Pasal 74 ayat (2) UU TNI.
2. Rincian Analisis:
   a. Isu Pokok: Regulasi peradilan militer lama.
   b. Aturan & Unsur: Pasal 74 ayat (2) menyatakan bahwa selama UU perad lain belum dibentuk, masih berlaku UU No. 31/1997.
   c. Penerapan: Ini memberikan kontinuitas hukum selama proses reformasi.
3. Disclaimer: Informasi ini bersifat umum dan tidak menggantikan konsultasi hukum.","[undang_undang] Pasal 74 Isi: (1) Ketentuan sebagaimana dimaksud dalam 65 berlaku pada saat UU tentang Peradilan Militer yang baru diberlakukan. (2) Selama UU peradilan militer yang baru belum dibentuk, tetap tunduk pada ketentuan UU Nomor 31 Tahun 1997 te ntang Peradilan Militer....

---

[web_article] . Sebelumnya, terdapat 14 tugas, kini bertambah menjadi 16 tugas. Dua tambahan tugas baru tersebut adalah: Dengan demikian, berikut daftar 16 tugas operasi militer selain perang yang tercantum dalam Pasal 7 Ayat 2 Huruf b UU TNI terbaru: Pelaksanaan operasi militer selain perang ini akan diatur lebih lanjut dalam Peraturan Pemerintah atau Peraturan Presiden, kecuali untuk bantuan kepada Polri, yang sudah memiliki regulasi tersendiri. Perubahan signifikan dalam revisi Pasal 47 adalah penambahan j...

---

[petition] . 31 tahun 1997 tentang Peradilan Militer. Agenda revisi UU ini lebih penting ketimbang RUU TNI, karena agenda itu merupakan kewajiban konstitusional negara untuk menjalankan prinsip persamaan di hadapan hukum (equality before the law) bagi semua warga negara, tanpa kecuali. Reformasi peradilan militer merupakan mandat TAP MPR No. VII Tahun 2000 dan UU No. 34 tahun 2004 tentang TNI. Kami menilai RUU TNI akan mengembalikan Dwifungsi TNI, yaitu militer aktif menduduki jabatan-jabatan sipil. Perlua...

---

[undang_undang] Pasal 64 Isi: Hukum militer dibina dan dike mbangkan oleh pemerintah untuk kepentingan penyelenggaraan pertahanan negara. Penjelasan: Yang dimaksud dengan hukum m iliter adalah semua perundang- undangan nasional yang subjek hukumnya adalah anggota militer atau orang yang dipersamakan sebagai militer berdasarkan perUUan yang berlaku. Di samping itu segala hukum dan ketentuan perUUan yang dipakai sebagai dasar pelaksanaan tugas TNI dalam melaksanakan fungsi pertahanan negara dikategorikan sebagai ...

---

[undang_undang] Pasal 65 Isi: (1) Prajurit Siswa tunduk pada ketentuan hukum yang berlaku bagi prajurit. (2) Prajurit tunduk kepada kekuasaan pera dilan militer dalam hal pelanggaran hukum pidana militer dan tunduk pada kekuasaan peradilan umum dalam hal pelanggaran hukum pidana umum yang diatur dengan UU. (3) Apabila kekuasaan peradilan umum sebagaimana dimaksud pada ayat (2) tidak berfungsi, maka prajurit tunduk di bawah kekuasaan peradilan yang diatur dengan UU. Penjelasan: Ayat (1) Hukum yang dimaksud adala...",0.7452296018600464
Apa tugas utama Kepala Staf Angkatan berdasarkan Pasal 16 UU No. 34 Tahun 2004 tentang TNI?,"1. Inti Jawaban:
   - Tugas utama Kepala Staf Angkatan meliputi memimpin Angkatan dalam pembinaan kekuatan dan kesiapan operasional, membantu Panglima dalam menyusun kebijakan pengembangan postur, doktrin, strategi, serta penggunaan komponen pertahanan negara, dan melaksanakan tugas lain sesuai matra yang diberikan Panglima.
   - Implikasi praktisnya adalah memastikan kesiapan operasional dan koordinasi efektif antar-matra TNI.

2. Rincian Analisis:
   a. Isu Pokok: Kewenangan dan tanggung jawab Kepala Staf Angkatan dalam struktur TNI.
   b. Aturan & Unsur: Pasal 16 UU No. 34 Tahun 2004 menyebut 4 kewajiban utama:
      1. Memimpin pembinaan kekuatan dan kesiapan operasional (Ayat 1).
      2. Membantu Panglima dalam kebijakan pengembangan postur, doktrin, dan strategi (Ayat 2).
      3. Membantu penggunaan komponen pertahanan negara (Ayat 3).
      4. Melaksanakan tugas tambahan dari Panglima (Ayat 4).
   c. Penerapan: Setiap Kepala Staf Angkatan (AD, AL, AU) wajib menjalankan fungsi ini secara hierarkis di bawah Panglima TNI.

3. Disclaimer: Analisis ini berdasarkan teks hukum tanpa mempertimbangkan putusan pengadilan atau interpretasi lain.",A. Inti Jawaban: Merupakan komando operasi TNI. B. Rincian: Pasal 16 ayat (1) menyatakan bahwa Kepala Staf Angkatan adalah komandan operasi TNI. C. Disclaimer: Informasi ini bersifat umum.,"[web_article] . Peserta sidang menjawab setuju dan dengan demikian, UU yang mengatur perubahan UU Nomor 34 Tahun 2004 sah. Apa saja yang berubah dalam UU tersebut? Simak penjelasannya di bawah ini, yuk! DilihatdetikJogjadari dokumen UU Republik Indonesia Nomor 34 Tahun 2004 tentang TNI, tugas pokok TNI dibedakan menjadi 2 dalam pasal 7 ayat (2), yakni operasi militer untuk perang dan operasi militer selain perang. Untuk operasi militer selain perang, tugas TNI dirinci sebanyak 14 poin sebagaimana tertera dala...

---

[web_article] . Dia meminta masyarakat tak khawatir anggota TNI aktif mengisi jabatan di BUMN. Tidak ada (prajurit aktif di Agrinas BUMN), semua, mulai Bulog, semua purnawirawan, jadi tenang saja ya. Nggak usah khawatirlah, ujarnya. Diketahui, ada 3 pasal penting dalam perubahan UU Nomor 34 Tahun 2004 tentang TNI tersebut. Pasal itu mengatur mengenai tugas dan kewenangan TNI dan keterlibatan TNI aktif jabatan publik. Dalam Pasal 7 RUU TNI, tercantum 2 tugas baru TNI dalam operasi militer selain perang dari ya...

---

[web_article] . Perubahan selanjutnya terdapat di pasal 47 UU Nomor 34 Tahun 2004. Pasal ini mengatur tentang kementerian atau lembaga yang dapat diisi TNI. Dalam ayat (2) pasal tersebut, tertulis: Prajurit aktif dapat menduduki jabatan pada kantor yang membidangi koordinator bidang Politik dan Keamanan Negara, Pertahanan Negara, Sekretaris Militer Presiden, Intelijen Negara, Sandi Negara, Lembaga Ketahanan Nasional, Dewan Pertahanan Nasional, Search and Rescue (SAR) Nasional, Narkotika Nasional, dan Mahkamah...

---

[legal_request] . (3) TNI terdiri atas Angkatan Darat, Angkatan Laut dan Angkatan Udara sebagai alat negara bertugas mempertahankan, melindungi Kemudian Pasal 3 ayat (1) UU No. 3 Tahun 2002 Tentang Pertahanan Negara, mengatur: Pertahanan negara disusun berdasarkan prinsip demokrasi, hak asasi manusia, kesejahteraan umum, lingkungan hidup, ketentuan hukum nasional, hukum internasional dan kebiasaan internasional, serta prinsip hidup berdampingan secara damai. UU No. 3 Tahun 2025 menyangkut usaha pertahanan dan k...",0.7083957195281982
Apa yang dimaksud dengan prajurit yang dinyatakan 'hilang dalam tugas' menurut UU No. 34 Tahun 2004 Pasal 58?,"1. Inti Jawaban:
- Prajurit dinyatakan 'hilang dalam tugas' jika tidak kembali ke kesatuannya akibat tindakan musuh atau di luar kekuasaannya.
- Implikasi: Wajib terus dicari tanpa batas waktu.

2. Rincian Analisis:
a. Isu Pokok: Status hukum prajurit yang hilang saat bertugas.
b. Aturan & Unsur: Pasal 58 ayat (1) UU No. 34/2004 menyatakan pencarian wajib dilakukan. Unsur: (1) Tidak kembali akibat musuh/kondisi di luar kuasa, (2) Pencarian berkelanjutan.
c. Penerapan: Jika prajurit hilang dalam operasi militer, TNI wajib mencari hingga ada kepastian.

3. Disclaimer: Analisis berdasarkan UU No. 34/2004 sebelum amendemen.",A. Inti Jawaban: Prajurit yang dalam melaksanakan tugas tidak kembali bergabung dengan kesatuannya karena tindakan musuh atau di luar kekuasaannya. B. Rincian Analisis: 1. Isu Pokok: Definisi 'hilang dalam tugas'. 2. Aturan & Unsur: a. Pasal 58 ayat (1) UU No. 34/2004 menyatakan bahwa prajurit yang tidak kembali bergabung dengan kesatuannya karena tindakan musuh atau di luar kekuasaannya dinyatakan hilang dalam tugas. b. Implikasi: Prajurit harus mencari selama tidak ada kepastian. 3. Penerapan: Contoh: Prajurit yang ditawan atau hilang saat operasi militer. C. Disclaimer: Interpretasi ini berdasarkan teks UU dan penjelasannya.,"[undang_undang] Pasal 58 Isi: (1) Prajurit yang dalam melaksanakan tugas tidak kembali bergabung dengan kesatuannya sebagai akibat dari atau diduga diakibatkan oleh tindakan musuh atau di luar kekuasaannya, dinyatakan hilang dalam tugas, wajib terus dicari. (2) Prajurit sebagaimana dimaksud pada ayat (1) apabila setelah 1 (satu) tahun tidak ada kepastian atas dirinya, diberhentikan dengan hormat dan kepada ahli warisnya diberikan hak sebagaimana hak prajurit yang gugur sesuai dengan peraturan perUUan. (3) Praju...

---

[undang_undang] Pasal 44 Isi: (1) Prajurit yang mendapat tugas dengan pertaruhan jiwa raga secara langsung dan berjasa melampaui panggilan tugas dapat dianugerahi kenaikan pangkat luar biasa. (2) Ketentuan sebagaimana dimaksud pada ayat (1) diatur dengan Peraturan Pemerintah. Penjelasan: Ayat (1) Yang dimaksud dengan melampaui panggilan tugas adalah bahwa seseorang prajurit TNI tanpa memperdulikan keselamatan jiwanya melakukan tindakan kepahlawanan dalam suatu tugas demi bangsa dan negara, walaupun tindakan itu...

---

[web_article] . Utut menyebut DIM itu salah satunya berkaitan dengan Pasal 47 UU TNI. DIM itu singkatan dari daftar inventarisasi masalah yang akan nanti, kita banyak, kita akan revisi, yaitu yang berkaitan dengan lingkup tugas di Pasal 47, TNI bisa ke mana saja, kemudian di usia di Pasal 53 dan satu lagi di kedudukan, di Pasal 3, ujar Utut dalam rapat, Senin (10/3/2025). Pasal 47 mengatur tentang aturan prajurit jika ingin menduduki jabatan sipil. Dalam ayat 1 dijelaskan prajurit bisa menduduki jabatan sipil...

---

[undang_undang] Pasal 65 Isi: (1) Prajurit Siswa tunduk pada ketentuan hukum yang berlaku bagi prajurit. (2) Prajurit tunduk kepada kekuasaan pera dilan militer dalam hal pelanggaran hukum pidana militer dan tunduk pada kekuasaan peradilan umum dalam hal pelanggaran hukum pidana umum yang diatur dengan UU. (3) Apabila kekuasaan peradilan umum sebagaimana dimaksud pada ayat (2) tidak berfungsi, maka prajurit tunduk di bawah kekuasaan peradilan yang diatur dengan UU. Penjelasan: Ayat (1) Hukum yang dimaksud adala...

---

[undang_undang] Pasal 37 Isi: (1) Prajurit berkewajiban menjunjung tinggi kepercayaan yang diberikan oleh bangsa dan negara untuk melakukan usaha pembelaan negara sebagaimana termuat dalam Sumpah Prajurit (2) Untuk keamanan negara, setiap prajurit yang telah berakhir menjalani dinas keprajuritan atau prajurit siswa yang karena suatu hal tidak dilantik menjadi prajurit, wajib memegang teguh rahasia tentara walaupun yang bersangkutan diberhentikan dengan hormat atau dengan tidak hormat....",0.7538484334945679
Apa yang dimaksud dengan Pemerintah dalam UU No 34 Tahun 2004 tentang TNI?,"1. Inti Jawaban:
- Pemerintah adalah pemerintah Republik Indonesia.
- Implikasi praktis: Pemerintah RI memiliki otoritas penuh dalam pengelolaan pertahanan negara melalui TNI.

2. Rincian Analisis:
a. Isu Pokok: Definisi Pemerintah dalam konteks pertahanan negara.
b. Aturan & Unsur: Pasal 1 angka 3 UU No 34 Tahun 2004 menyatakan Pemerintah sebagai pemerintah RI.
c. Penerapan: Pemerintah melalui Menteri Pertahanan bertanggung jawab atas kebijakan pertahanan negara.

3. Disclaimer: Jawaban ini berdasarkan interpretasi terhadap UU No 34 Tahun 2004 dan tidak menggantikan konsultasi hukum resmi.","A. Pemerintah adalah pihak yang bertugas melaksanakan kebijakan pertahanan nasional.
B. Implikasi praktisnya adalah Pemerintah memiliki kewenangan untuk mengawasi operasi militer.
C. Penjelasan lebih lengkap dapat dilihat pada penjelasan Pasal 76 UU No 34 Tahun 2004 tentang TNI.","[academic_draft] 22 C. UU Nomor 34 Tahun 2004 tentang TNI UU Nomor 34 Tahun 2004 tentang TNI (UU TNI) saat ini telah berlaku lebih kurang 20 (dua puluh) tahun. Tentu selama berlaku, ada beberapa ketentuan atau materi muatan yang sudah tidak sesuai dengan dinamika dan perkembangan yang ada. Salah satunya, terkait peran prajurit aktif TNI pada Kementerian/lembaga lain serta batasan usia prajurit TNI. D. Putusan Mahkamah Konstitusi UU TNI pernah diuji di Mahkamah Konstitusi...

---

[legal_request] . Pengambilan keputusan RUU revisi UU TNI yang sudah menjadi Undang- Undang Nomor 3 Tahun 2025 Tentang Perubahan atas UU Nomor 34 Tahun 2004 Tentang TNI (TNI), dilaksanakan pada Rapat Paripurna Pembukaan masa sidang DPR RI ke-13, pada 18 Februari 2025,yang dimana Para Permohonan menilai banyak kejanggalan dalam pengambilan keputusannya. Pertama, pengambilan keputusan untuk memasukkan RUU Revisi UU TNI yang sudah menjadi UU Nomor 3 Tahun 2025 Tentang Perubahan atas UU Nomor 34 Tahun 2004 Tentang ...

---

[academic_draft] . Berdasarkan hal tersebut, ada 3 (tiga) aspek yang terkait dengan masalah pertahanan negara, yaitu: keutuhan negara, kedaulatan negara, dan keselamatan negara. Ketentuan mengenai TNI lebih lanjut diatur dalam UU Nomor 34 Tahun 2004 tentang TNI (UU TNI). Sebelum dibentuk UU TNI, ketentuan mengenai TNI diatur dalam Ketetapan MPR Nomor VI/MPR/2000 tentang Pemisahan TNI dan Kepolisian Negara Republik Indonesia, dan Ketetapan MPR...

---

[legal_request] . Perencanaan dan penyusunan pembentukan UU Nomor 3 Tahun 2025 Tentang Perubahan atas UU Nomor 34 Tahun 2004 Tentang TNI (TNI), tidak sesuai dengan tata cara pembentukan peraturan perUUan, tanpa naskah akademik. 13. Bahwa dalam Pasal 43 ayat (3) UU No. 12 Tahun 2011 mengatur secara imperatif dan tegas: Rancangan UU yang berasal dari DPR, Presiden, atau DPD harus disertai Naskah Akademik. Adapun dalam Pasal 1 angka 11 UU No...

---

[web_article] . Sebagai informasi, DPR RI resmi mengesahkan Rancangan UU tentang Perubahan atas UU Nomor 34 Tahun 2004 tentang TNI atau RUU TNI menjadi UU. Keputusan ini diambil dalam rapat paripurna yang dihadiri oleh sejumlah menteri pada Kamis (20/3). Simak juga Video Massa Aksi Tolak RUU TNI Sempat Terobos Tol Dalam Kota: [Gambas:Video 20detik] Isi: nan...",0.7430379390716553
Bagaimana TNI harus mempersiapkan diri untuk menjalankan fungsi pemulih?,"1. Inti Jawaban:
- TNI perlu pelatihan dan protokol kerjasama dengan instansi terkait.
- Implikasi praktis: Diperlukan capacity building untuk operasi pemulihan.

2. Rincian Analisis:
a. Isu Pokok: Kesiapan TNI untuk fungsi pemulihan.
b. Aturan & Unsur: Pasal 6 ayat (1) huruf c dan penjelasannya.
c. Penerapan: TNI perlu doktrin dan pelatihan khusus untuk pemulihan keamanan.

3. Disclaimer: Jawaban ini merujuk pada UU No. 34 Tahun 2004.","TNI harus membangun sistem respons darurat yang terkoordinasi dengan instansi terkait. Pasal 70 ayat (5) UU No. 34/2004 tentang TNI memberikan dasar hukum bagi TNI untuk melakukan operasi pemulihan. Implikasinya, TNI perlu memiliki protokol kerja bersama Polri, dinas kesehatan, dan organisasi penyelamat.","[web_article] . Kalau kebijakan dibuat terburu-buru, bagaimana memastikan hasilnya benar-benar baik bagi negara dan utamanya bagi TNI sendiri? ujar dia. Anies lalu mempertanyakan jaminan bahwa revisi UU TNI itu tak akan berdampak lain selain niat pembuat kebijakan. Dia juga menyinggung soal adanya tantangan meritokrasi dalam jenjang karier di tubuh TNI. Jika revisi ini bertujuan memperkuat TNI, kita harus pastikan ada rambu hukum yang jelas. Apa mekanisme pengamannya? Bagaimana memastikan bahwa perubahan ini ...

---

[web_article] . Anies kemudian mempertanyakan jaminan bahwa revisi UU TNI itu tak akan berdampak selain yang diniatkan pembuat kebijakan. Dia juga menyinggung di tubuh TNI masih ada tantangan tersendiri, yakni meritokrasi dalam jenjang karier. Jika revisi ini bertujuan memperkuat TNI, kita harus pastikan ada rambu hukum yang jelas. Apa mekanisme pengamannya? Bagaimana memastikan bahwa perubahan ini tidak akan membawa dampak di luar niat awal pembuat kebijakan? Selain itu, apakah revisi ini menyelesaikan masal...

---

[web_article] . Lembaga-lembaga ini sesuai kapasitas dan kompetensinya membutuhkan keberadaan TNI untuk menjaga kedaulatan dan keselamatan negara. Misalnya dalam penanggulangan bencana, TNI sering menjadi yang terdepan dalam memastikan keselamatan warga negara dengan pendekatan yang lebih cepat, ungkap dia. Di sisi lain, ia mencontohkan bahwa dalam revisi UU TNI yang baru, posisi perwira tinggi militer di BNPB, BNPT, dan BSSN harus diakomodasi dengan lebih jelas. Hal ini untuk memastikan efektivitas dan peran...",0.6354970932006836
Bagaimana susunan organisasi TNI diatur lebih lanjut?,"1. Inti Jawaban:
   - Susunan organisasi TNI diatur lebih lanjut dengan Keputusan Presiden.
   - Implikasi praktisnya adalah fleksibilitas dalam penyesuaian struktur.

2. Rincian Analisis:
   a. Isu Pokok: Mekanisme pengaturan lebih lanjut struktur TNI.
   b. Aturan & Unsur: Pasal 12 ayat (4) menyebutkan peran Keputusan Presiden.
   c. Penerapan: Keputusan Presiden memungkinkan penyesuaian sesuai kebutuhan.

3. Disclaimer: Penjelasan ini berdasarkan UU No. 34 Tahun 2004.","(a) Inti Jawaban: Susunan organisasi TNI diatur lebih lanjut dengan Keputusan Presiden. Implikasinya, Presiden memiliki wewenang untuk mengatur detail struktur TNI.(b) Rincian Analisis: Pasal 12 ayat (4) UU TNI memberikan kewenangan kepada Presiden untuk mengatur susunan organisasi TNI melalui Keputusan Presiden. Ini memastikan fleksibilitas dalam pengelolaan struktur TNI.(c) Disclaimer: Informasi ini bersifat umum dan tidak menggantikan konsultasi hukum resmi.","[academic_draft] . Hal-hal yang terkait dengan sistem pertahanan dan keamanan negara, termasuk susunan dan kedudukan TNI diatur dengan UU. Ketentuan ini merupakan materi muatan delegasi yang harus diatur dengan UU TNI, termasuk ketentuan mengenai keterlibatan prajurit aktif TNI pada kementerian/lembaga lain serta penambahan usia masa dinas prajurit TNI. B. Ketetapan MPR Ketetapan Majelis Permusyawaratan Rakyat Nomor VI/MPR/2000 tentang Pemisahan TNI dan Kepolisian Negara Republik Indonesia, serta Ketetapan Majel...

---

[undang_undang] Pasal 12 Isi: (1) Organisasi TNI terdiri at as Markas Besar TNI yang membawahkan Markas Besar TNI Angkatan Darat, Markas Besar TNI Angkatan Laut, dan Markas Besar TNI Angkatan Udara. (2) Markas Besar TNI terdiri atas unsur pimpinan, unsur pembantu pimpinan, unsur pelayanan, badan pelaksana pusat, dan Komando Utama Operasi. (3) Markas Besar Angkatan terdiri atas unsur pimpinan, unsur pembantu pimpinan, unsur pelayanan, badan pelaksana pusat, dan Komando Utama Pembinaan. (4) Susunan organisasi TNI...

---

[academic_draft] 8 Nomor VII/MPR/2000 tentang Peran TNI dan Peran Kepolisian Negara Republik Indonesia. Di dalam UU TNI diatur mengenai peran TNI selain melakukan pertahanan negara. Pasal 47 ayat (2) UU TNI mengatur bahwa prajurit aktif dapat menduduki jabatan pada kantor yang membidangi koordinator bidang politik dan keamanan negara, sekretaris militer Presiden, intelijen negara, sandi negara, lembaga ketahanan nasional, dewan pertahanan nasional, search and rescue (sar) nasional, narkotika nasional, dan mahkam...

---

[web_article] . SCROLL TO CONTINUE WITH CONTENT Selain itu, dia menegaskan UU TNI ini sebagai upaya memperkuat reformasi TNI. Dia berharap, dengan aturan ini, anggota TNI tetap profesional dan fokus terhadap tugas pokoknya dalam pertahanan negara. Kita ingin memastikan bahwa aturan ini berjalan dengan baik dan semua pihak menjalankan tugasnya sesuai dengan ketentuan yang berlaku, katanya. Sebagai informasi, DPR telah mengesahkan revisi UU tentang Perubahan atas UU Nomor 34 Tahun 2004 tentang TNI atau RUU TNI ...",0.6784967184066772
Apa peran Mahkamah Agung dalam mengawasi implementasi Pasal 73 UU No. 34 Tahun 2004?,"1. Inti Jawaban: Mahkamah Agung berwenang menguji peraturan pelaksanaan di bawah UU melalui judicial review. Implikasinya, pengawasan terhadap potensi konflik hukum. 2. Rincian Analisis: a. Isu Pokok: Mekanisme pengujian peraturan. b. Aturan & Unsur: Pasal 73 jo. UU No. 5/2004 tentang MA. c. Penerapan: MA dapat membatalkan peraturan yang bertentangan. 3. Disclaimer: Proses judicial review memerlukan permohonan formal.",A. Inti Jawaban: Peran MA adalah sebagai pengawas teknis. B. Rincian: 1. Mekanisme: Melalui peninjauan kasus konflik. 2. Implikasi: Memastikan keseragaman interpretasi. C. Disclaimer: Tidak termasuk dalam lingkup jawaban ini.,"[legal_request] . Oleh karena itu pengujian formil ini masih dalam tenggat waktu yang diperbolehkan menurut ketentuan hukum; 7. Bahwa berdasarkan uraian tersebut di atas, Mahkamah Konstitusi jelas berwenang dan dapat melakukan uji formil terhadap UU Nomor 3 Tahun 2025 Tentang Perubahan atas UU Nomor 34 Tahun 2004 Tentang TNI, terhadap Pasal 1 ayat (3), Pasal 28D ayat (1), dan Pasal 22A UU Dasar Negara Republik Indonesia Tahun 1945. II. KEDUDUKAN HUKUM PARA PEMOHON 1. Bahwa berdasarkan Pasal 51 ayat (1) UU No. 2...

---

[legal_request] . 24 Tahun 2003), mengatur: Mahkamah Konstitusi berwenang mengadili pada tingkat pertama dan terakhir yang putusannya bersifat final untuk: a. menguji Undang-undang terhadap UU Dasar Negara Republik Indonesia Tahun 1945; Selanjutnya, dalam ketentuan Pasal 9 ayat (1) UU Nomor 13 Tahun 2022 Tentang Perubahan Kedua Atas UU Nomor 12 Tahun 2011 Tentang Pembentukan Peraturan Perundang-Undangan (UU No. 13 Tahun 2022), menyatakan: Dalam hal suatu UU diduga bertentangan dengan Undang- Undang Dasar Negara...

---

[legal_request] . Bahwa atas dasar alasan-alasan tersebut di atas, mohon kepada Yang Mulia Majelis Hakim Mahkamah Konstitusi agar menyatakan pembentukan UU Nomor 3 Tahun 2025 Tentang Perubahan atas UU Nomor 34 Tahun 2004 Tentang TNI (TNI), cacat formil atau tidak memenuhi ketentuan pembentukan UU berdasarkan UU Dasar Negara Republik Indonesia Tahun 1945, tidak mempunyai kekuatan hukum mengikat; 23. Bahwa dalam hal objek uji formil dibatalkan, Mahkamah dapat memberlakukan kembali ketentuan UU yang telah dicabut ...

---

[web_article] . Dia mengatakan naskah akademik pun disampaikan bersamaan dengan permohonan memasukkan RUU TNI ke prolegnas. Akibatnya terjadi kecacatan formil akibat pelanggaran pasal 22a Undang-undang P3 sebagai UU yang mengatur tata cara pembentukan UU telah dilanggar, sehingga proses penyusunan RUU TNI tidak sah secara formil, ungkapnya. Dalam petitumnya, pemohon meminta MK membatalkan UU TNI. Pemohon juga meminta MK memutuskan agar UU Nomor 34 Tahun 2004 berlaku kembali. Menyatakan UU Nomor 3 Tahun 2025 t...

---

[legal_request] . c. Pasal 22A UUD 1945 berbunyi: Ketentuan lebih lanjut tentang tata cara pembentukan UU diatur dengan UU. Selanjutnya, Pasal 96 UU No. 13 Tahun 2022 mengatur: a. Pasal 96 ayat (1): Masyarakat berhak memberikan masukan secara lisan dan/ atau tertulis dalam setiap tahapan Pembentukan Peraturan PerUUan. b. Pasal 96 ayat (2): Pemberian masukan masyarakat sebagaimana dimaksud pada ayat (1) dilakukan secara daring dan/atau luring. c. Pasal 96 ayat (3): Masyarakat sebagaimana dimaksud pada ayat (1) m...",0.6236335039138794
Apakah pendidikan perwira TNI bersifat wajib bagi semua calon perwira?,"1. Inti Jawaban:
- Ya, semua calon perwira harus melalui pendidikan sesuai jalur yang ditetapkan.
- Implikasi praktisnya adalah standarisasi kualitas perwira.

2. Rincian Analisis:
a. Isu Pokok: Kewajiban pendidikan perwira.
b. Aturan & Unsur: Pasal 30 UU No. 34 Tahun 2004 mewajibkan pendidikan perwira.
c. Penerapan: Sistem ini memastikan keseragaman kualitas perwira.

3. Disclaimer: Informasi berdasarkan UU No. 34 Tahun 2004 tanpa mempertimbangkan perubahan terbaru.","1. Inti Jawaban:
    a. Ya, pendidikan perwira TNI bersifat wajib bagi semua calon perwira.
    b. Implikasi: Setiap calon perwira harus menjalani pendidikan untuk menjadi perwira.
2. Rincian Analisis:
    a. Isu Pokok: Wajib tidaknya pendidikan perwira TNI.
    b. Aturan & Unsur: Pasal 30 ayat (1) huruf a menyatakan pendidikan perwira TNI bersifat wajib.
    c. Penerapan: Pendidikan ini menjadi syarat mutlak untuk menjadi perwira.
3. Disclaimer: Jawaban ini berdasarkan analisis terhadap UU No. 34 Tahun 2004 tanpa mempertimbangkan faktor eksternal.","[undang_undang] Pasal 30 Isi: (1) Perwira dibentuk melalui: a. pendidikan pertama perwira bagi yang berasal langsung dari masyarakat: 1. Akademi TNI, dengan masukan dari Sekolah Lanjutan Tingkat Atas; dan 2. Sekolah Perwira, dengan masukan dari Sekolah Lanjutan Tingkat Atas atau Perguruan Tinggi. b. pendidikan pembentukan perwira yang berasal dari prajurit golongan bintara. (2) Pendidikan perwira sebagaimana dimaksud pada ayat (1) diatur lebih lanjut dengan keputusan Panglima....

---

[analysis_report] . pendidikan kewarganegaraan; b. pelatihan dasar kemiliteran secara wajib; c. pengabdian sebagai prajurit TNI secara suka rela atau secara wajib; dan d. pengabdian sesuai dengan profesi. Usaha pembelaan negara dalam rangka penyelenggaraan pertahanan perlu dibangun dan dikembangkan secara berlanjut dan terarah agar dalam pengerahan dan penggunaan kesiapannya dapat terwujud. Usaha-usaha tersebut Sumber : Biro Humas Kemhan Sumber : Biro Humas Kemhan...

---

[academic_draft] 9 perbatasan, kejaksaan agung, serta kementerian/lembaga lain sesuai dengan kebijakan Presiden. Kebutuhan penempatan prajurit aktif TNI pada kementerian/lembaga lain dalam perkembangannya terus bertambah. TNI memiliki banyak sumber daya manusianya sedangkan kementerian/lembaga justru mempunyai keterbatasan sumber daya manusianya. Kondisi ini harus diatasi agar penyelenggaraan pemerintahan berjalan dengan baik. Untuk itu, perubahan Pasal 47 ayat (2) UU TNI merupakan suatu keniscayaan. Berkaitan d...

---

[web_article] . Penempatan TNI di luar fungsinya sebagai alat pertahanan negara bukan hanya salah, tetapi akan memperlemah profesionalisme TNI itu sendiri. Profesionalisme dibangun dengan cara meletakkan TNI dalam fungsi aslinya sebagai alat pertahanan negara dan bukan menempatkannya dalam fungsi dan jabatan sipil lain yang bukan merupakan kompetensinya, imbuhnya. Tak hanya itu, kata Koalisi, dampak lain dari penempatan prajurit TNI aktif pada jabatan sipil dan urusan sipil-domestik adalah mengenai akuntabili...

---

[academic_draft] . Penempatan prajurit aktif TNI pada kementerian/lembaga lain sudah dilakukan atas kebijakan Presiden. Saat ini yang diperlukan adalah menguatkan dasar hukumnya di dalam UU TNI. Penempatan prajurit aktif TNI pada kementerian/lembaga lain memberikan dampak positif bagi Pemerintah dan juga masyarakat. Publik harus diberikan pemahaman bahwa keterlibatan prajurit aktif TNI tersebut bukan bagian dari pelaksanaan dwi fungsi TNI. Sebab TNI tidak terlibat dalam politik praktis. Keterlibatan prajurit akt...",0.698804497718811
Mengapa UU No. 34 Tahun 2004 tentang TNI harus ditempatkan dalam Lembaran Negara Republik Indonesia?,"1. Inti Jawaban:
   - Penempatan UU No. 34 Tahun 2004 dalam Lembaran Negara Republik Indonesia bertujuan untuk memastikan transparansi dan pemberitahuan publik.
   - Implikasi praktisnya adalah masyarakat dapat mengakses dan mengetahui isi UU tersebut.

2. Rincian Analisis:
   a. Isu Pokok: Tujuan penempatan UU dalam Lembaran Negara.
   b. Aturan & Unsur: Pasal 78 UU No. 34 Tahun 2004 memerintahkan pengundangan UU ini dengan penempatannya dalam Lembaran Negara.
   c. Penerapan: Lembaran Negara berfungsi sebagai sumber resmi informasi hukum bagi masyarakat dan instansi terkait.

3. Disclaimer: Informasi ini tidak dimaksudkan sebagai nasihat hukum yang komprehensif.","(a) Inti Jawaban: UU No. 34 Tahun 2004 tentang TNI harus ditempatkan dalam Lembaran Negara karena merupakan undang-undang resmi yang wajib dipublikasikan untuk kepastian hukum. (b) Rincian Analisis: 1. Isu Pokok: Publikasi UU sebagai syarat sahnya. 2. Aturan & Unsur: Pasal 64 UU No. 12 Tahun 2011 mensyaratkan publikasi dalam Lembaran Negara. 3. Penerapan: Tanpa publikasi, UU tidak dapat diberlakukan. (c) Disclaimer: Penjelasan ini bersifat informatif dan tidak menggantikan konsultasi hukum profesional.","[web_article] . Yang pertama, pemohon meminta MK membatalkan UU TNI Nomor 3 Tahun 2025 dan memberlakukan kembali UU Nomor 34 Tahun 2004. Menyatakan UU Nomor 3 Tahun 2025 Tentang Perubahan atas UU Nomor 34 Tahun 2004 Tentang TNI (Lembaran Negara Republik Indonesia Tahun 2025 Nomor 3, Tambahan Lembaran Negara Republik Indonesia Nomor 7104), bertentangan dengan Undang-undang Dasar Negara Republik Indonesia Tahun 1945 oleh karenanya tidak mempunyai kekuatan hukum mengikat, kata kuasa hukum. Menyatakan ketentuan n...

---

[academic_draft] . Berdasarkan hal tersebut, ada 3 (tiga) aspek yang terkait dengan masalah pertahanan negara, yaitu: keutuhan negara, kedaulatan negara, dan keselamatan negara. Ketentuan mengenai TNI lebih lanjut diatur dalam UU Nomor 34 Tahun 2004 tentang TNI (UU TNI). Sebelum dibentuk UU TNI, ketentuan mengenai TNI diatur dalam Ketetapan MPR Nomor VI/MPR/2000 tentang Pemisahan TNI dan Kepolisian Negara Republik Indonesia, dan Ketetapan MPR...

---

[web_article] . Peserta sidang menjawab setuju dan dengan demikian, UU yang mengatur perubahan UU Nomor 34 Tahun 2004 sah. Apa saja yang berubah dalam UU tersebut? Simak penjelasannya di bawah ini, yuk! DilihatdetikJogjadari dokumen UU Republik Indonesia Nomor 34 Tahun 2004 tentang TNI, tugas pokok TNI dibedakan menjadi 2 dalam pasal 7 ayat (2), yakni operasi militer untuk perang dan operasi militer selain perang. Untuk operasi militer selain perang, tugas TNI dirinci sebanyak 14 poin sebagaimana tertera dala...

---

[legal_request] . Bahwa fakta ini menunjukan perumusan dan pembentukan UU Nomor 3 Tahun 2025 Tentang Perubahan atas UU Nomor 34 Tahun 2004 tentang Tentara Nasional Inonesia tidak disertai dengan naskah akademik maka disebut cacat secara prosedural, RUU a quo prematur dan sagat serampangan yang seharusnya Naskah Akademik adalah bagian yang tidak terpisahkan dari RUU. Perencanaan dan penyusunan pembentukan UU Nomor 3 Tahun 2025 Tentang Perubahan atas UU Nomor 34 Tahun 2004 Tentang TNI (TNI), telah mengabaikan asa...

---

[legal_request] . Bahwa atas dasar alasan-alasan tersebut di atas, mohon kepada Yang Mulia Majelis Hakim Mahkamah Konstitusi agar menyatakan pembentukan UU Nomor 3 Tahun 2025 Tentang Perubahan atas UU Nomor 34 Tahun 2004 Tentang TNI (TNI), cacat formil atau tidak memenuhi ketentuan pembentukan UU berdasarkan UU Dasar Negara Republik Indonesia Tahun 1945, tidak mempunyai kekuatan hukum mengikat; 23. Bahwa dalam hal objek uji formil dibatalkan, Mahkamah dapat memberlakukan kembali ketentuan UU yang telah dicabut ...",0.7979245185852051
Bagaimana Sumpah Perwira menjamin netralitas TNI dalam politik?,"1. Inti Jawaban:
   - Ikrar loyalitas kepada negara (bukan pemerintah) menjadi benteng netralitas politik.
   - Implikasi praktis: Larangan terlibat praktik politik praktis bagi perwira aktif.

2. Rincian Analisis:
   a. Isu Pokok: Posmiliter dalam sistem demokrasi.
   b. Aturan & Unsur: Pasal 36 ayat (1) tentang kesetiaan kepada NKRI harus dibaca dengan Pasal 39 UU TNI.
   c. Penerapan: Menjadi dasar hukum pelarangan kampanye politik di kesatuan militer.

3. Disclaimer: Tidak berlaku bagi veteran/purnawirawan sesuai ketentuan.","1. Inti Jawaban:
   a. Pasal 26 ayat (1) UU No. 34/2004 menyatakan 'Tidak mengambil alih wewenang pemerintah'.
   b. Implikasi: Pelanggaran sumpah dapat dipidanakan.
2. Rincian Analisis:
   a. Isu Pokok: Mekanisme pengawasan netralitas TNI.
   b. Aturan & Unsur: Pasal 26 ayat (1) UU No. 34/2004 + Pasal 55 ayat (1) UU No. 12/1992 tentang pidana.
   c. Penerapan: Sumpah bersifat mengikat secara hukum.
3. Disclaimer: Penafsiran hukum harus merujuk pada putusan pengadilan.","[analysis_report] 37 EDISI KHUSUS 2019 Sesuai amanah konstiusi negara 1945 sebagai sumber hukum dari aturan perUUan, maka TNI memiliki tanggungjawab menegakkan kedaulatan negara ketika kedaulatan negara terancam. Namun dalam prakteknya, ancaman terhadap kedaulatan negara diatasi oleh aparat kepolisian, dan kalaupun ada unsur TNI statusnya justru sebagai kekuatan perbantuan dimana seharusnya TNI menjadi kekuatan utama. Dalam kasus tersebut, nampak jelas bahwa implementasi hukum belum taat azas yakni azas kepastian...

---

[web_article] . Kemudian mereka mendesak DPR dan pemerintah untuk memastikan TNI tetap netral dan tidak terseret dalam dinamika politik praktis melalui mekanisme hukum yang lebih ketat dan membatasi keterlibatan TNI dalam urusan sipil sesuai amanat UU No. 34 Tahun 2004 agar tidak terjadi penyalahgunaan kekuasaan dan pelanggaran hak asasi manusia. Mendesak DPR untuk melibatkan publik, akademisi, dan masyarakat sipil dalam proses pembahasan revisi RUU TNI guna memastikan perubahan UU tetap sesuai dengan prinsip...

---

[web_article] . Kan kemarin sudah disiarkan, sudah disahkan. Kami minta DPR tarik kembali, ucap Ahmad Siddiq perwakilan massa. SCROLL TO CONTINUE WITH CONTENT Jika TNI sudah masuk ke lembaga, bagaimana nasib rakyat ini? Bagaimana ketika TNI sudah masuk ke sipil, bagaimana nasib rakyat? TNI itu diwajibkan untuk menjaga keamanan negara, bukan masuk ke ranah-ranah sipil, tegasnya. Aksi mulai berjalan anarkis dimana massa sudah mulai melempar petasan bahkan bom molotov ke dalam Gedung DPRD yang dijaga ketat petug...",0.727745532989502
Bagaimana proses pengangkatan Kepala Staf Angkatan menurut Pasal 14 UU No. 34 Tahun 2004?,1. Inti Jawaban: Kepala Staf Angkatan diangkat dan diberhentikan oleh Presiden atas usul Panglima. Implikasi praktisnya adalah Presiden memiliki otoritas tertinggi dalam penunjukan pimpinan Angkatan. 2. Rincian Analisis: a. Isu Pokok: Proses pengangkatan Kepala Staf Angkatan. b. Aturan & Unsur: Pasal 14 ayat (2) menyatakan Presiden mengangkat dan memberhentikan atas usul Panglima. c. Penerapan: Proses ini melibatkan Panglima sebagai penentu usulan dan Presiden sebagai pengambil keputusan akhir. 3. Disclaimer: Penjelasan ini merujuk pada UU No. 34 Tahun 2004 tanpa perubahan.,"1. Inti Jawaban:
   a. Proses pengangkatan Kepala Staf Angkatan dilakukan oleh Presiden atas usul Panglima.
   b. Implikasi: Proses ini mencerminkan hierarki komando militer yang ketat.
2. Rincian Analisis:
   a. Isu Pokok: Mekanisme pengangkatan Kepala Staf Angkatan.
   b. Aturan & Unsur: Ayat (2) menyatakan bahwa Presiden mengangkat Kepala Staf Angkatan atas usul Panglima.
   c. Penerapan: Proses ini memastikan bahwa Kepala Staf Angkatan memiliki legitimasi politik dan militer.
3. Disclaimer: Penjelasan ini bersifat umum dan tidak menggantikan konsultasi hukum resmi.","[undang_undang] Pasal 14 Isi: (1) Angkatan dipimpin oleh seor ang Kepala Staf Angkatan dan berkedudukan di bawah Panglima serta bertanggung jawab kepada Panglima. (2) Kepala Staf Angkatan diangkat dan diberhentikan oleh Presiden atas usul Panglima. (3) Kepala Staf Angkatan sebagaimana dimaksud pada ayat (2) diangkat dari Perwira Tinggi aktif dari angkatan yang bersangkutan dengan memperhatikan jenjang kepangkatan dan karier. (4) Tata cara pengangkatan dan pemberhentian Kepala Staf Angkatan sebagaimana dimaksud ...

---

[web_article] . Perubahan selanjutnya terdapat di pasal 47 UU Nomor 34 Tahun 2004. Pasal ini mengatur tentang kementerian atau lembaga yang dapat diisi TNI. Dalam ayat (2) pasal tersebut, tertulis: Prajurit aktif dapat menduduki jabatan pada kantor yang membidangi koordinator bidang Politik dan Keamanan Negara, Pertahanan Negara, Sekretaris Militer Presiden, Intelijen Negara, Sandi Negara, Lembaga Ketahanan Nasional, Dewan Pertahanan Nasional, Search and Rescue (SAR) Nasional, Narkotika Nasional, dan Mahkamah...

---

[undang_undang] Pasal 45 Isi: Pengangkatan dan pemberhentian jabatan di dalam struktur TNI selain jabatan Panglima dan Kepala Staf Angkatan, diatur dengan keputusan Panglima....",0.7366522550582886
Siapa pejabat yang berwenang mengangkat Prajurit?,"1. Inti Jawaban:
   - Pejabat yang ditetapkan dalam hierarki komando TNI berdasarkan delegasi kewenangan.
   - Implikasi: Legitimasi pengangkatan bersifat hierarkis-institusional.

2. Rincian Analisis:
   a. Isu Pokok: Otoritas pengangkatan dalam struktur TNI.
   b. Aturan & Unsur: Pasal 21 harus dibaca dengan Peraturan Panglima TNI tentang prosedur pengangkatan.
   c. Penerapan: Pengangkatan oleh pejabat tidak sah dapat dibatalkan.

3. Disclaimer: Kewenangan spesifik diatur dalam dokumen internal TNI.","1. Inti Jawaban: Pejabat yang berwenang adalah pejabat yang memiliki otoritas administratif atas jabatan yang akan diisi oleh Prajurit.2. Rincian Analisis: a. Isu Pokok: Otoritas pengangkatan Prajurit. b. Aturan & Unsur: Pasal 21 ayat (2) menyatakan bahwa pengangkatan Prajurit harus melalui pejabat yang berwenang. c. Penerapan: Contohnya, jika Jabatan adalah di Kementerian Pertahanan, maka Pejabat yang berwenang adalah Menteri Pertahanan.3. Disclaimer: Jawaban ini merujuk pada UU No. 34 Tahun 2004 tentang TNI tanpa mempertimbangkan perubahan atau interpretasi lain.","[undang_undang] Pasal 21 Isi: Prajurit adalah warga negara Indonesia yang memenuhi persyaratan yang ditentukan dalam peraturan perUUan dan diangkat oleh pejabat yang berwenang untuk mengabdikan diri dalam dinas keprajuritan....

---

[web_article] . Sedangkan ayat 2, mengatur jabatan apa saja yang boleh diduduki prajurit aktif. Begini bunyi Pasal 47 ayat 1 dan 2: Pasal 47(1) Prajurit hanya dapat menduduki jabatan sipil setelah mengundurkan diri atau pensiun dari dinas aktif keprajuritan.(2) Prajurit aktif dapat menduduki jabatan pada kantor yang membidangi koordinator bidang Politik dan Keamanan Negara, Pertahanan Negara, Sekretaris Militer Presiden, Intelijen Negara, Sandi Negara, Lembaga Ketahanan Nasional, Dewan Pertahanan Nasional, Se...

---

[undang_undang] Pasal 47 Isi: (1) Prajurit hanya dapat menduduki jabatan sipil setelah mengundurkan diri atau pensiun dari dinas aktif keprajuritan. (2) Prajurit aktif dapat menduduki jabatan pada kantor yang membidangi koordinator bidang Politik dan Keamanan Negara, Pertahanan Negara, Sekretaris Militer Presiden, Intelijen Negara, Sandi Ne gara, Lembaga Ketahanan Nasional, Dewan Pertahanan Nasional, Search and Rescue (SAR) Nasional, Narkotika Nasional, dan Mahkamah Agung. (3) Prajurit yang menduduki jabatan se...",0.6196032762527466
Apa tantangan utama dalam pengawasan anggaran TNI oleh BPK?,1. Inti Jawaban: Tantangan utamanya adalah kerahasiaan informasi pertahanan. Implikasi praktisnya adalah keseimbangan antara transparansi dan keamanan. 2. Rincian Analisis: a. Isu Pokok: Pertanyaan ini mengidentifikasi hambatan implementasi Pasal 69. b. Aturan & Unsur: UU TNI dan UU BPK mengatur kerahasiaan informasi. c. Penerapan: BPK harus bekerja dengan protokol keamanan khusus. 3. Disclaimer: Tantangan dapat berkembang sesuai situasi.,"A. Tantangan utama termasuk kompleksitas struktur birokrasi TNI dan keterbatasan sumber daya BPK. B. Pasal 69 UU TNI memberikan kerangka kerja tetapi tidak menyebutkan mekanisme detail pengawasan. C. Implikasi praktisnya adalah perlunya koordinasi antara BPK dan TNI untuk efektivitas pengawasan.
### Disclaimer: Informasi ini hanya untuk edukasi dan tidak dapat digunakan sebagai pengganti nasihat hukum resmi.","[undang_undang] Pasal 69 Isi: Pengawasan dan pemeriksaan pengelolaan anggaran pertahanan negara oleh TNI dilakukan oleh Badan Pemeriksa Keuangan Republik Indonesia....

---

[undang_undang] Pasal 68 Isi: (1) TNI wajib mengelola anggaran pertahanan negara yang dialokasikan oleh pemerintah. (2) TNI wajib mempertanggungja wabkan pengelolaan anggaran pertahanan negara sebagaimana dimaksud pada ayat (1) kepada Menteri Pertahanan. (3) Pengelolaan anggaran pertahanan negara oleh TNI sebagaimana dimaksud pada ayat (2) dilaksanakan berdasarkan prinsip transparansi, akuntabilitas, pertanggungjawaban, serta efisiensi untuk menerapkan tata pemerintahan yang baik. (4) Pengelolaan anggaran perta...

---

[web_article] . Anies kemudian mempertanyakan jaminan bahwa revisi UU TNI itu tak akan berdampak selain yang diniatkan pembuat kebijakan. Dia juga menyinggung di tubuh TNI masih ada tantangan tersendiri, yakni meritokrasi dalam jenjang karier. Jika revisi ini bertujuan memperkuat TNI, kita harus pastikan ada rambu hukum yang jelas. Apa mekanisme pengamannya? Bagaimana memastikan bahwa perubahan ini tidak akan membawa dampak di luar niat awal pembuat kebijakan? Selain itu, apakah revisi ini menyelesaikan masal...

---

[undang_undang] Pasal 67 Isi: (1) Dalam hal pemenuhan dukungan anggaran TNI, Panglima mengajukan kepada Menteri Pertahanan untuk dibiayai seluruhnya dari Anggaran Pendapatan dan Belanja Negara (2) Dalam hal pemenuhan dukungan anggaran operasi militer yang bersifat mendesak, Panglima mengajukan anggaran kepada Menteri Pertahanan untuk dibiayai dari anggaran kontijensi yang bersumber dari Anggaran Pendapatan dan Belanja Negara. (3) Dukungan sebagaimana dimaksud pada ayat (2) dimintakan persetujuan oleh Menteri Pe...",0.6899534463882446
Apa yang dimaksud dengan Dinas Keprajuritan?,"1. Inti Jawaban:
- Pengabdian seorang warga negara sebagai prajurit TNI.
- Implikasi: Status khusus sebagai pelayanan negara.

2. Rincian Analisis:
a. Isu Pokok: Hakikat pengabdian militer.
b. Aturan & Unsur: Pasal 1 angka 14 UU No 34/2004 tentang dinas militer.
c. Penerapan: Mengandung unsur pengorbanan dan kewajiban khusus.

3. Disclaimer: Berbeda dengan pegawai negeri sipil.",A. Pasal 51 ayat (2) huruf b UU No. 34 Tahun 2004 tentang Dinas Keprajuritan adalah masa dinas aktif prajurit di lingkungan TNI. B. Implikasi praktisnya adalah bahwa durasi dinas ini menjadi dasar perhitungan hak purnadinas. C. Pembuktian harus menunjukkan periode dinas aktual prajurit.,"[undang_undang] Pasal 51 Isi: (1) Prajurit yang diberhentikan dengan hormat memperoleh rawatan dan layanan purnadinas. (2) Rawatan dan layanan purnadinas sebagaimana dimaksud pada ayat (1), meliputi pensiun, tunjangan bersifat pensiun, tunjangan atau pesangon dan rawatan kesehatan. (3) Pelaksanaan ketentuan sebagaimana dimaksud pada ayat (1) dan ayat (2) diatur dengan Peraturan Pemerintah. Penjelasan: Ayat (1) Cukup jelas. Ayat (2) Prajurit karier yang diberhentikan dengan hormat dari dinas keprajuritan menerim...

---

[analysis_report] . Pada Era perkembangan dan dinamika kondisi kekinian yang diwarnai dengan pesatnya kemajuan ilmu pengetahuan, teknologi, komunikasi dan informasi sangatlah mempengaruhi dan memberi dampak MEMBANGUN KAPABILITAS SUMBER DAYA MANUSIA KOMPONEN UTAMA MENGHADAPI ERA PERKEMBANGAN DAN DINAMIKA KONDISI KEKINIAN Oleh: Brigjen TNI Raden Tjahya Komara Direktur Sumber Daya Manusia Direktorat Jenderal Kekuatan Pertahanan Kemhan Bagaimana meletakan pondasi besar arah kebijakan pertahanan negara dengan menata u...

---

[analysis_report] 46 EDISI KHUSUS 2019 TNI dengan tetap meneguhkan komitmen untuk menjadi TNI yang kuat, hebat dan professional. Bentuk komitmen TNI tersebut diperlihatkan dengan terus memantapkan kemanunggalan TNI rakyat, meningkatkan semangat pengabdian, kualitas kinerja, etos kerja dan memberikan yang terbaik untuk bangsa dalam mengemban setiap tugas. Untuk melaksanakan tugas pokoknya selain penugasan di dalam negeri, TNI juga melaksanakan kegiatan di luar negeri dalam rangka menjaga nama baik Bangsa Indonesia...

---

[analysis_report] . pendidikan kewarganegaraan; b. pelatihan dasar kemiliteran secara wajib; c. pengabdian sebagai prajurit TNI secara suka rela atau secara wajib; dan d. pengabdian sesuai dengan profesi. Usaha pembelaan negara dalam rangka penyelenggaraan pertahanan perlu dibangun dan dikembangkan secara berlanjut dan terarah agar dalam pengerahan dan penggunaan kesiapannya dapat terwujud. Usaha-usaha tersebut Sumber : Biro Humas Kemhan Sumber : Biro Humas Kemhan...

---

[web_article] . Jadi yang diubah itu tiga pasal, bagaimana cara koordinasi internal. Saya pikir itu tidak jadi masalah. Yang kedua tentang kita bisa di KL (kementerian/lembaga) lain, itu KL itu adalah kementerian yang selama ini sudah dijabat juga oleh TNI, dan itu berhubungan, atau kata Pak Menhan itu beririsan langsung, kata Maruli di Sukabumi, Senin (21/4/2025). Ia mencontohkan lembaga seperti BNPB dan Basarnas yang selama ini dalam pelaksanaannya langsung berkoordinasi dengan TNI. Hal ini dinilai akan mem...",0.4150516390800476
Bagaimana status kenaikan pangkat luar biasa jika penerima keluar dari TNI?,"1. Inti Jawaban: Kenaikan pangkat tetap sah sebagai bagian dari riwayat militer, tetapi tidak berlaku di luar TNI. Implikasinya, hanya relevan selama aktif dinas. 2. Rincian Analisis: a. Isu Pokok: Dampak setelah pensiun/keluar. b. Aturan & Unsur: Pasal 44 tidak mengatur khusus, tetapi penghargaan melekat pada status TNI. c. Penerapan: Pangkat terakhir tetap tercatat meski sudah tidak aktif. 3. Disclaimer: Hak pensiun mengacu pada pangkat terakhir.",(a) Inti Jawaban: Statusnya tetap valid sebagai penghargaan. (b) Rincian: Pasal 44 ayat (1) UU TNI tidak membatasi kenaikan pangkat hanya untuk prajurit aktif. (c) Disclaimer: Praktiknya mungkin berbeda.,"[undang_undang] Pasal 44 Isi: (1) Prajurit yang mendapat tugas dengan pertaruhan jiwa raga secara langsung dan berjasa melampaui panggilan tugas dapat dianugerahi kenaikan pangkat luar biasa. (2) Ketentuan sebagaimana dimaksud pada ayat (1) diatur dengan Peraturan Pemerintah. Penjelasan: Ayat (1) Yang dimaksud dengan melampaui panggilan tugas adalah bahwa seseorang prajurit TNI tanpa memperdulikan keselamatan jiwanya melakukan tindakan kepahlawanan dalam suatu tugas demi bangsa dan negara, walaupun tindakan itu...

---

[undang_undang] Pasal 42 Isi: (1) Setiap prajurit memperoleh kesempatan untuk mendapat kenaikan pangkat dan/atau jabatan berdasarkan prestasinya, sesuai dengan pola karier yang berlaku dengan mempertimbangkan kepentingan TNI dan memenuhi persyaratan yang ditentukan. (2) Ketentuan sebagaimana dimaksud pada ayat (1) diatur dengan keputusan Panglima....

---

[web_article] . Kalau kebijakan dibuat terburu-buru, bagaimana memastikan hasilnya benar-benar baik bagi negara dan utamanya bagi TNI sendiri? ujar dia. Anies lalu mempertanyakan jaminan bahwa revisi UU TNI itu tak akan berdampak lain selain niat pembuat kebijakan. Dia juga menyinggung soal adanya tantangan meritokrasi dalam jenjang karier di tubuh TNI. Jika revisi ini bertujuan memperkuat TNI, kita harus pastikan ada rambu hukum yang jelas. Apa mekanisme pengamannya? Bagaimana memastikan bahwa perubahan ini ...",0.5616821050643921
Apakah ada perbedaan usia pensiun antara perwira dan bintara dalam UU TNI?,"1. Inti Jawaban:
- Ya, perwira pensiun maksimal 58 tahun sedangkan bintara/tamtama 53 tahun.
- Implikasi praktis: Refleksi hierarki dan beban tanggung jawab berbeda.

2. Rincian Analisis:
a. Isu Pokok: Diferensiasi usia pensiun berdasarkan pangkat.
b. Aturan & Unsur: Pasal 71 UU No. 34/2004 secara eksplisit membedakan:
   - Perwira: 58 tahun (Pasal 71 b(3)).
   - Bintara/tamtama: 53 tahun (Pasal 71 b(4)).
c. Penerapan: Perbedaan ini memperhatikan kompleksitas tugas dan masa pengabdian.

3. Disclaimer: Interpretasi hukum mungkin berbeda tergantung kasus.","Ya, terdapat perbedaan usia pensiun antara perwira dan bintara/tamtama. Perwira memiliki batas usia pensiun lebih tinggi dibanding bintara/tamtama. Implikasinya adalah sistem pensiun TNI diatur secara hierarkis sesuai jabatan.","[web_article] . Sementara itu, untuk pangkat bintara dan tamtama, hingga usia maksimal 53 tahun. Prajurit melaksanakan dinas keprajuritan sampai usia paling tinggi 58 (lima puluh delapan) tahun bagi perwira, dan 53 (lima puluh tiga) tahun bagi bintara dan tamtama. Usai diubah, batas usia pensiun prajurit menjadi: Demikian informasi lengkap mengenai pasal-pasal yang diubah dalam RUU TNI kemarin. Semoga bisa menjawab pertanyaan detikers, ya! Isi: nan...

---

[web_article] . Namun dia mengklaim revisi UU tersebut fokus pada usia pensiun perwira tinggi dan bukan untuk membentuk dwifungsi TNI. Nah di situ saya sebetulnya mengatakan saya bilang ini kalau tidak ini berapa Jenderal kita harus kita ganti sekarang. Jadi saya mohon kalau bisa inti dari RUU TNI ini sebetulnya hanya memperpanjang usia pensiun beberapa perwira tinggi. Nggak ada niat TNI mau dwifungsi lagi, come on, ya kan, jelasnya. Prabowo juga menegaskan bahwa semua pejabat TNI yang hendak mengisi jabatan ...

---

[undang_undang] Pasal 71 Isi: Pada saat berlakunya UU ini, ketentuan tentang usia pensiun sebagaimana dimaksud pada 53, diatur sebagai berikut: a. Usia pensiun paling tinggi 58 (lima puluh delapan) tahun bagi perwira dan 53 (lima puluh tiga) tahun bagi bintara dan tamtama, hanya berlaku bagi prajurit TNI yang pada tanggal UU ini diundangkan belum dinyatakan pensiun dari dinas TNI; b. Pelaksanaan ketentuan sebagaimana dimaksud pada huruf a diatur secara bertahap: 1. Perwira yang tepat berusia atau belum genap be...",0.8078023791313171
Apakah pengaturan tentang PNS di jabatan TNI dapat berubah jika UU No. 34 Tahun 2004 direvisi?,"1. Inti Jawaban: Potensi perubahan selalu ada jika revisi UU mengatur hal tersebut, tetapi Pasal 46 saat ini memberikan kewenangan mutlak kepada Panglima. Implikasinya adalah fleksibilitas kebijakan di masa depan. 2. Rincian Analisis: a. Isu Pokok: Dinamika perubahan regulasi. b. Aturan & Unsur: Pasal 46 dalam UU saat ini tidak membatasi kemungkinan revisi. c. Penerapan: Perubahan UU dapat mempengaruhi kewenangan Panglima dalam mengatur jabatan PNS. 3. Disclaimer: Jawaban ini berdasarkan UU No. 34 Tahun 2004 sebelum perubahan.","1. Inti Jawaban:
    a. Ya, revisi UU TNI dapat mengubah ketentuan tentang PNS di jabatan TNI.
    b. Implikasi: Perubahan dapat memengaruhi proses rekrutmen dan kepemimpinan di instansi terkait.
2. Rincian Analisis:
    a. Isu Pokok: Kemungkinan revisi UU TNI tentang PNS.
    b. Aturan & Unsur: Pasal 47 dan 53 UU TNI dapat diubah melalui revisi.
    c. Penerapan: Perubahan akan mempengaruhi struktur organisasi dan kebijakan.
3. Disclaimer: Informasi ini bersifat umum dan tidak menggantikan konsultasi hukum resmi.","[legal_request] . Namun, UU No. 3 tahun 2025 Tentang Perubahan atas UU Nomor 34 Tahun 2004 tentang TNI ini memperluas daftar jabatan yang dapat diisi oleh prajurit aktif, mencakup posisi di kementerian, lembaga negara, hingga BUMN dan BUMD. Hal ini berpotensi membahayakan karena Keterlibatan militer dalam pemerintahan sipil berisiko mengaburkan batas antara otoritas militer dan sipil, melemahkan supremasi sipil, serta membuka peluang bagi militer untuk kembali terlibat dalam politik praktis. Hal ini mengingatka...

---

[web_article] . 34 Tahun 2004 tentang TNI (UU TNI). Berdasarkan Rancangan Revisi UU TNI 2024 yang diperoleh oleh Koalisi Masyarakat Sipil untuk Reformasi Sektor Keamanan (Koalisi RSK) terdapat beberapa perubahan yang akan mengembalikan peran dan fungsi sosial dan politik TNI seperti pada saat TNI menjadi tulang punggu pemerintahan Orde Baru, kata Koalisi Masyarakat Sipil dalam keterangan pers tertulisnya, Jumat (21/2/2025). SCROLL TO CONTINUE WITH CONTENT Koalisi menekankan perubahan tersebut dapat memperluas...

---

[academic_draft] 22 C. UU Nomor 34 Tahun 2004 tentang TNI UU Nomor 34 Tahun 2004 tentang TNI (UU TNI) saat ini telah berlaku lebih kurang 20 (dua puluh) tahun. Tentu selama berlaku, ada beberapa ketentuan atau materi muatan yang sudah tidak sesuai dengan dinamika dan perkembangan yang ada. Salah satunya, terkait peran prajurit aktif TNI pada Kementerian/lembaga lain serta batasan usia prajurit TNI. D. Putusan Mahkamah Konstitusi UU TNI pernah diuji di Mahkamah Konstitusi...

---

[academic_draft] 26 BAB V JANGKAUAN, ARAH PENGATURAN, DAN RUANG LINGKUP MATERI MUATAN RANCANGAN UNDANG-UNDANG A. Jangkauan dan Arah Pengaturan Jangkauan dan arah pengaturan perubahan UU TNI terbatas pada peran prajurit aktif TNI pada kementerian/ lembaga lain sesuai kebutuhan institusi dimaksud dan kebijakan Presiden. Di samping itu, perubahan UU TNI juga mengatur mengenai batasan usia masa dinas bagi prajutir TNI sesuai dengan kebutuhan dan mensikronkan dengan berbagai ketentuan peraturan perUUan yang ada, baik...",0.7777853012084961
