Title,Date,URL,Content
"Cerita Mahasiswa UII Didatangi OTK Usai Gugat UU TNI,24 Mei  2025 19:09,https://www.detik.com/jogja/berita/d-7930735/cerita-mahasiswa-uii-didatangi-otk-usai-gugat-uu-tni,""Tiga mahasiswa dari Fakultas Hukum Universitas Islam Indonesia (UII) yang menjadi pemohon uji formil Undang-Undang Tentara Nasional Indonesia (UU TNI) ke Mahkamah Konstitusi (MK) diduga mengalami intimidasi dari orang tak dikenal (OTK). Ketiganya yakni, Arung, Handika, dan Irsyad, menyebut didatangi OTK di kediaman masing-masing dan menggali informasi pribadi. Adapun permohonan uji formil tersebut sebelumnya telah terdaftar dengan nomor registrasi 74/PUU/PAN.MK/ARPK/05/2025, dan diajukan secara online pada Rabu, 30 April 2025 pukul 18.13 WIB. Arung, salah satu mahasiswa yang mengajukan JR mengatakan mulanya, kejadian ini dialami lebih dulu oleh Handika dari Grobogan, Jawa Tengah dan Irsyad dari Lampung. Keluarga mereka sempat didatangi oleh orang tak dikenal yang mengaku dari MK dengan dalih akan melakukan pemeriksaan faktual. SCROLL TO CONTINUE WITH CONTENT """"Kan 9 hari setelah sidang perdana itu pada 18 Mei tiga dari kami ini mengalami hal serupa. Pengambilan data. Yang dua orang teman saya Irsyad dan Handika didatangai OTK yang mengatasnamakan dari MK. Dalihnya itu melakukan verifikasi faktual menanyakan apakah benar yang bersangkutan tinggal di sini. Kemudian modusnya ini memuji-muji mereka berdua. 'Ini kemarin sidang di MK ngajuin gugatan bagus banget penampilannya, cara ngomongnya bagus, lugas, gitu-gitu'. Pada akhirnya mereka ini menggali data,"""" kata Arung saat dihubungi wartawan, Sabtu (24/5/2025). Untuk Handika, ketua RT nya telah menunjukkan KK ke orang tersebut dan diambil gambar. Sedangkan Irsyad belum sampai memberikan data pribadi apapun. """"Irsyad polanya gitu, polanya mirip, memuji-muji dulu. Tapi ketika diminta data pribadi oleh ketua RT nya tidak dikasih untungnya,"""" ujarnya. Kejadian serupa kemudian dialami olehnya pada Minggu (18/5) lalu. Pengambilan data pribadi itu diketahui ayah Arung yang merupakan kepala desa pada Rabu (21/5). """"Jadi awalnya bapak saya curiga kok kayak ada yang ngambil data saya. Dapat berita dari saya kan teman-teman diambil datanya oleh OTK. Bapak saya inisiatif telpon Babinsa,"""" ujarnya. """"Telpon Babinsa setempat, terus mengaku 'iya hari Minggu kemarin saya ambil data Arung di kantor desa. Udah dikasih dan saya serahkan ke Kodim,,"""" ujarnya. Arung menuturkan sebelum sidang kedua pada 22 Mei 2025, pada siangnya Google Doc yang dipakai untuk menyusun berkas perbaikan permohonan diakses oleh delapan akun anonim. Padahal link Google Doc tersebut hanya diketahui internal tim dan tidak pernah menyebarkan link tersebut. """"Kemarin itu ada dugaan lagi, kemarin kan kami melaksanakan sidang kedua tanggal 22 Mei, itu sore online. Tapi di siangnya sebelum sidang Google Doc yang kami pakai buat menyusun berkas permohonan perbaikan tiba-tiba diakses oleh delapan akun anonim yang bukan bagian dari kami. Padahal link tidak kami sebar-sebarkan ke publik,"""" urainya. Sebagai langkah antisipasi, Arung dan kedua temannya itu menceritakan apa yang mereka alami kepada pihak kampus untuk meminta perlindungan. Direktur Lembaga Konsultasi dan Bantuan Hukum (LKBH) Fakultas Hukum UII, Rizky Ramadhan Baried saat dikonfirmasi membenarkan adanya aduan dari Arung dkk. """"Sekitar sore mereka itu mengadukan adanya dugaan intimidasi dan juga dugaan adanya perbuatan yang sebenarnya tidak secara langsung mengenai kepada mereka,"""" kata Rizky saat dihubungi wartawan, Sabtu (24/5/2025). Meski belum ada intimidasi secara fisik, kehadiran OTK yang meminta identitas pribadi para mahasiswa ini tetap membikin was-was. Pihak fakultas hukum juga sudah merapatkan hal ini dan terhadap dugaan intimidasi maupun pengancaman dan pelanggaran data pribadi itu akan diserahkan kepada LKBH UII sebagai penasih hukumnya. """"Jadi memang tidak ada sesuatu yang sifatnya pengancaman, intimidasi yang dilakukan kepada keluarga. Tetapi yang menjadi sorotan kami itu adalah soal bagaimana bisa identitas pribadi mahasiswa itu bisa jatuh ke tangan orang-orang yang kita sebut orang tidak dikenal,"""" ujarnya. Kemudian, Rizky juga mempertanyakan tindakan yang dilakukan oleh orang yang mengaku dari MK dan Babinsa. Padahal dalam iklim negara demokrasi, dimana judicial review itu adalah sesuatu yang dilindungi oleh undang-undang. """"Ini mengapa ada reaksi yang demikian, yang kemudian cukup disayangkan. Jika betul itu mengaku dari kepaniteraan MK kemudian dari Babinsa. Bahkan kalau kepaniteraan MK saya yakin itu tidak ada hukum acaranya seperti itu,"""" tegasnya. Oleh karena itu, pihak LKBH UII secara serius membahas hal tersebut. Pihaknya juga telah membicarakan terkait dengan safe house atau rumah aman bagi empat mahasiswa pemohon uji formil ke MK. Namun saat ini masih menunggu koordinasi. """"LKBH sudah membicarakan hal itu, salah satunya memang tentang safe house dan juga rumah aman. Kita masih menunggu koordinasi, karena mahasiswa juga belum ke kami,"""" pungkasnya."""
"Pernyataan Sikap Sivitas FH UII Usai 3 Mahasiswa Gugat UU TNI Didatangi OTK,26 Mei  2025 11:57,https://www.detik.com/jogja/berita/d-7932885/pernyataan-sikap-sivitas-fh-uii-usai-3-mahasiswa-gugat-uu-tni-didatangi-otk,""Tiga mahasiswa dari Fakultas Hukum Universitas Islam Indonesia (UII) yang menjadi pemohon uji formil Undang-Undang Tentara Nasional Indonesia (UU TNI) ke Mahkamah Konstitusi (MK) diduga mengalami intimidasi dari orang tak dikenal (OTK). Terkait hal itu, sivitas akademika Fakultas Hukum Universitas Islam Indonesia membuat pernyataan sikap. Permohonan uji formil tersebut sebelumnya telah terdaftar dengan nomor registrasi 74/PUU/PAN.MK/ARPK/05/2025, dan diajukan secara online pada Rabu, 30 April 2025 pukul 18.13 WIB. Adapun ketiga mahasiswa yang diduga mendapat intimidasi yakni, Arung, Handika, dan Irsyad. Mereka mengaku didatangi OTK di kediaman masing-masing dan menggali informasi pribadi. SCROLL TO CONTINUE WITH CONTENT Ketua Lembaga Eksekutif Mahasiswa (LEM) FH UII, Muhammad Rayyan Syahbana, yang membacakan pernyataan sikap, menyebut secara umum materi gugatan yang diajukan oleh rekannya di FH UII terkait dengan proses pembentukan undang-undang. Dimana mereka menganggap tidak ada partisipasi dari masyarakat dan adanya kejanggalan dalam naskah akademik rancangan undang-undang TNI. """"Yang mendasari mereka melakukan uji formil ke Mahkamah Konstitusi dikarenakan dalam proses pembentukan Undang-Undang TNI terdapat indikasi kuat terjadinya pelanggaran prosedural yakni tidak adanya partisipasi masyarakat dalam pembentukannya,"""" kata Rayyan saat ditemui wartawan di FH UII, Jalan Kaliurang Km 13,5, Sleman, Senin (26/5/2025). Rayyan bilang, setelah persidangan pertama yang dilakukan, ketiga mahasiswa bernama Abdur Rahman Aufklarung, Irsyad Zainul Mutaqin, dan Bagus Putra Handika Pradana, mengalami pengambilan data pribadi tanpa sepengetahuan yang bersangkutan. """"Situasi ini menjadi bukti bahwa Indonesia sedang mengalami darurat demokrasi yang dapat berujung pada rusak dan ambruknya kebebasan berpendapat dan berekspresi. Hal ini juga melanggar Pasal 28 Undang-Undang Dasar 1945 tentang hak warga negara dalam mengeluarkan pendapat,"""" tegasnya. Rayyan mengatakan tindakan pengambilan data tanpa kejelasan identitas, legalitas dan harapan tujuan dari pihak yang mengaku sebagai aparat negara atau lembaga konstitusional adalah bentuk pelanggaran nyata terhadap hak atas perlindungan data pribadi dan Pasal 65 ayat (1) Undang-Undang Nomor 27 Tahun 2022 tentang Perlindungan Data Pribadi. Menurutnya, tindakan itu juga mencederai rasa aman, dan tenteram, terhadap ancaman ketakutan untuk berbuat atau tidak berbuat sesuatu yang tercantum pada Pasal 30 Undang-Undang Nomor 39 Tahun 1999 tentang Hak Asasi Manusia. Oleh karena itu, segenap Keluarga Mahasiswa FH UII, menyatakan sikap atas tindakan pengambilan data secara paksa yang dialami oleh mahasiswa yang menjadi pemohon dalam uji formil UU TNI. Mereka menuntut agar pemerintah menjamin keamanan warga yang menggunakan hak konstitusionalnya. """"Pertama, kami keluarga Mahasiswa Fakultas Hukum Universitas Islam Indonesia menuntut pemerintah dan institusi terkait untuk menjamin keamanan bagi seluruh warga negara yang menggunakan hak konstitusionalnya dalam menyampaikan kritik dan pendapat,"""" ujarnya. Kedua, keluarga Mahasiswa Fakultas Hukum Universitas Islam Indonesia menekankan pentingnya perlindungan terhadap hak mahasiswa untuk menyampaikan pendapat secara bebas dan bertanggung jawab dalam koridor akademis dan konstitusional. Ketiga, keluarga Mahasiswa Fakultas Hukum Universitas Islam Indonesia mendukung penuh hak mahasiswa Fakultas Hukum Universitas Islam Indonesia untuk menyampaikan pendapat dan berpartisipasi dalam proses uji konstitusional sebagai bagian dari kebebasan akademik dan pembelajaran praktis di bidang hukum. Keempat, mendukung inisiatif mahasiswa yang menggunakan jalur konstitusional melalui Mahkamah Konstitusi sebagai wujud partisipasi aktif dalam proses demokrasi dan penegakan hukum. Kelima, keluarga Mahasiswa Fakultas Hukum Universitas Islam Indonesia mengajak seluruh elemen masyarakat sipil untuk bersolidaritas dan menjaga ruang demokrasi agar tetap terbuka dan adil bagi seluruh warga negara, termasuk dalam ruang akademik. Sementara itu, Wakil Dekan Bidang Keagamaan, Kemahasiswaan, dan Alumni FH UII, Agus Triyanta mengatakan pihak fakultas telah memberikan bantuan hukum kepada ketiga mahasiswa tersebut. """"LKBH di fakultas akanmenghandlejadi kuasa hukum dari anak-anak ini,"""" ujar Agus di lokasi yang sama."""
"Mensesneg Ungkap UU TNI Sudah Diteken Prabowo,17 Apr 2025 13:06,https://news.detik.com/berita/d-7873184/mensesneg-ungkap-uu-tni-sudah-diteken-prabowo,""Menteri Sekretaris Negara (Mensesneg) Prasetyo Hadi mengatakanUndang-Undang (UU) TNIhasil revisi sudah ditandatangani PresidenPrabowo Subianto. UU TNI ini diteken Prabowo setelah disahkan DPR pada 20 Maret. """"Sudah, sudah, sebelum Lebaran, tanggal berapa ya itu, 27 atau 28, nanti aku cek lagi ya,"""" kata Prasetyo kepada wartawan, Kamis (17/4/2025). Prabowo sebelumnya bicara soal urgensi pengesahan UU TNI yang menuai kritik keras dari publik. Prabowo mengungkap alasan pengesahan UU TNI dipercepat. SCROLL TO CONTINUE WITH CONTENT """"RUU TNI dipercepat karena kita mengalami suatu fenomena dalam berapa tahun itu. Panglima TNI satu tahun ganti, KSAD satu tahun ganti, kan usianya habis, waktu dia untuk karirnya begitu mau dipakai usia habis. Gimana kita bisa punya suatu organisasi yang pemimpinnya ganti tiap tahun,"""" ucapnya. Untuk itu, Prabowo menilai UU TNI perlu segera direvisi. Namun dia ingin revisi berfokus pada usia pensiun perwira tinggi bukan untuk membentuk dwifungsi TNI. """"Nah di situ saya sebetulnya mengatakan saya bilang ini kalau tidak ini berapa Jenderal kita harus kita ganti sekarang. Jadi saya mohon kalau bisa inti dari RUU TNI ini sebetulnya hanya memperpanjang usia pensiun beberapa perwira tinggi. Nggak ada niat TNI mau dwifungsi lagi, come on, ya kan,"""" jelasnya. Prabowo menegaskan perlu melihat kondisi saat ini. Dia mengatakan pejabat tentara yang akan masuk jabatan sipil harus pensiun dini. """"Saya masih ingat, saya masih kecil dari Jakarta mau ke Puncak, Bogor, dihentikan di tengah jalan. Mereka minta makan, minta ini, jadi kondisi zaman berbeda-beda. Jadi menurut saya Undang-Undang TNI is a non issue, nggak ada niat, semua pejabat tentara yang akan masuk jabatan-jabatan sipil, pensiun dini. Hanya ada beberapa lembaga yang memang diizinkan. Intelijen, bencana alam, Basarnas, dari dulu, kan ini hanya memformalkan,"""" ucap Prabowo. """"Kemudian yang katanya Kejaksaan kenapa, Kejaksaan ada Jaksa Pidana Militer, kemudian hakim agung, ada hakim agung kamar militer dan kalau dilihat semua ada reasoning-nya, jadi menurut saya is non issue, rakyat juga tahu, kok,"""" sambungnya. Simak juga Video: Prabowo Tegaskan Tak Ada Niat Bangkitkan Dwifungsi Lewat UU TNI: Come On! [Gambas:Video 20detik]"""
"Jimly Kritik Masalah Komunikasi Pemerintah Terkait Revisi UU TNI,31 Mar 2025 10:35,https://news.detik.com/berita/d-7849675/jimly-kritik-masalah-komunikasi-pemerintah-terkait-revisi-uu-tni,""Mantan Ketua Mahkamah Konstitusi (MK)Jimly Asshiddiqiemenyoroti persoalan yang terjadi selama pembahasan hingga pengesahan revisi Undang-Undang TNI. Jimly menilai masalah komunikasi menjadi persoalan utama terkait proses pembahasan UU TNI. """"Ini adalah gambaran masalah komunikasi. Komunikasi tidak hanya verbal, tapi aksi. Komunikasi itu lebih dari itu, kita berkomunikasi dengan aksi,"""" kata Jimly di Masjid Al Azhar, Jakarta Selatan, Senin (31/3/2025). Menurutnya, ada miskomunikasi dan diskomunikasi antara pemerintah dengan masyarakat. Dia mengatakan masalah komunikasi itu bukan cuma dilakukan satu atau dua pejabat. SCROLL TO CONTINUE WITH CONTENT """"Jadi soal komunikasi dalam arti luas. Ini siapa yang miskomunikasi dan penyebabnya? Ini bukan soal satu-dua pejabat, semuanya, termasuk presiden, ngomongnya suka salah,"""" ungkap dia. Dia mengatakan ada juga mismanajemen terkait pembahasan UU TNI. Dia mengatakan hal tersebut menimbulkan kekacauan. """"Padahal orang yang menangani relatif orang yang sama. 17 menteri itu masih yang lama. Maka sudah seharusnya hasil yang sudah dicapai oleh pemerintahan Jokowi 10 tahun, itu harus lebih baik, jangan sampai lebih turun,"""" ucapnya. Dia mengatakan pemerintah harus melakukan evaluasi. Jika dibiarkan, katanya, penolakan dari masyarakat akan semakin kuat. """"Tapi ini karena distrust, ketidakpercayaan. Jadi makin jauh ketidakpercayaan, makin repot. Maka harus diperbaiki. Ya akan semakin buruk (kalau dibiarkan). Sebab itu ya salah satu niat baik merangkul semua orang. Baik itu, tapi ada jeleknya. Jeleknya itu nanti seperti perbedaan pendapat hendak ditiadakan. Kalau itu terjadi, maka yang berbeda pendapat itu dua. Negara dan masyarakat,"""" ujarnya. Revisi UU TNI sendiri menuai polemik. Kelompok mahasiswa dan koalisi sipil menolak revisi UU TNI tersebut karena dianggap membuat lebih banyak prajurit aktif duduk pada jabatan sipil. Lihat juga Video 'Gerakan Suara Ibu Indonesia Gelar Demo Tolak UU TNI di Sarinah': [Gambas:Video 20detik]"""
"14 Kementerian/Lembaga yang Bisa Diisi Militer Berdasarkan UU TNI,22 Mar 2025 11:00,https://www.detik.com/kalimantan/berita/d-7835863/14-kementerian-lembaga-yang-bisa-diisi-militer-berdasarkan-uu-tni,""DPR mengesahkan Revisi UU TNI pada Kamis (20/3) lalu. Suara penolakan menggema di mana-mana, terutama karena kekhawatiran warga sipil akan lahirnya kembali dwifungsi TNI. Sebab, dengan adanya UU tersebut, militer dapat menduduki jabatan sipil. Salah satu perubahan signifikan yang diatur dalam revisi ini adalah pembukaan posisi di kementerian/lembaga agar bisa dijabat oleh militer. Hal itu diatur dalam Pasal 47 tentang penambahan jabatan sipil. Namun, DPR memastikan tidak semua kementerian/lembaga yang dibuka, melainkan hanya 14 kementerian/lembaga yang dinilai berkaitan dengan kemiliteran. Jumlah ini bertambah dari sebelumnya hanya 10 kementerian/lembaga. SCROLL TO CONTINUE WITH CONTENT Berikut daftar 14 kementerian/lembaga yang posisinya dapat dijabat militer menurut Revisi UU TNI. K/L baru dicetak tebal. Dalam UU Nomor 34 Tahun 2024 tentang TNIsebelum revisi, pasal 47 ayat (1) dan (2) berbunyi: (1) Prajurit hanya dapat menduduki jabatan sipil setelah mengundurkan diri atau pensiun dari dinas aktif keprajuritan. (2) Prajurit aktif dapat menduduki jabatan pada kantor yang membidangi koordinator bidang Politik dan Keamanan Negara, Pertahanan Negara, Sekretaris Militer Presiden, Intelijen Negara, Sandi Negara, Lembaga Ketahanan Nasional, Dewan Pertahanan Nasional, Search and Rescue (SAR) Nasional, Narkotika Nasional, dan Mahkamah Agung. Sedangkansetelah revisi, pasal 47 ayat (1) dan (2) mengalami perubahan demikian: (1) Prajurit dapat menduduki jabatan pada kementerian/lembaga yang membidangi koordinator bidang politik dan keamanan negara, pertahanan negara termasuk dewan pertahanan nasional, kesekretariatan negara yang menangani urusan kesekretariatan presiden dan kesekretariatan militer presiden, intelijen negara, siber dan/atau sandi negara, lembaga ketahanan nasional, pencarian dan pertolongan, narkotika nasional, pengelola perbatasan, penanggulangan bencana, penanggulangan terorisme, keamanan laut, Kejaksaan Republik Indonesia, dan Mahkamah Agung. (2) Selain menduduki jabatan pada kementerian/lembaga sebagaimana dimaksud pada ayat (1), Prajurit dapat menduduki jabatan sipil lain setelah mengundurkan diri atau pensiun dari dinas aktif keprajuritan. Selain soal pengisian jabatan sipil di atas, revisi UU TNI juga mengubah beberapa poin sebagai berikut. Dalam revisi UU TNI, jumlah urusan yang dapat ditangani oleh TNI dalam OMSP meningkat dari 14 menjadi 17. Tugas baru ini termasuk peran dalam mengatasi ancaman siber serta melindungi kepentingan nasional di luar negeri. Untuk operasi militer selain perang, tugas TNI dirinci sebanyak 14 poin sebagaimana tertera dalam Pasal 7 ayat (2) huruf b. Kemudian dalam perubahan, terdapat dua tugas tambahan di ayat yang sama, serta tambahan satu ayat lagi. Ini daftar 17 tugas, termasuk tambahan ayat. Tambahan satu ayat tambahan untuk pasal 7: """"Pelaksanaan operasi militer selain perang sebagaimana dimaksud pada ayat (2) huruf b diatur lebih lanjut dengan Peraturan Pemerintah atau Peraturan Presiden, kecuali untuk ayat (2) huruf b angka 10."""" Sebelum direvisi, anggota TNI bertugas paling lama hingga usia 58 tahun untuk tingkat perwira. Sementara itu, untuk pangkat bintara dan tamtama, hingga usia maksimal 53 tahun. """"Prajurit melaksanakan dinas keprajuritan sampai usia paling tinggi 58 (lima puluh delapan) tahun bagi perwira, dan 53 (lima puluh tiga) tahun bagi bintara dan tamtama."""" Setelah perubahan, batas usia pensiun prajurit menjadi berikut."""
"Tambah Panjang Daftar Gugatan UU TNI Hasil Revisi,30 Apr 2025 07:22,https://news.detik.com/berita/d-7892343/tambah-panjang-daftar-gugatan-uu-tni-hasil-revisi,""Gugatan ke Mahkamah Konstitusi (MK) terkaitUU TNIhasil revisi semakin bertambah. Kini sudah ada delapan perkara yang tercatat. Permohonon itu yakni soal pengujian Undang-Undang Nomor 3 Tahun 2025 tentang Perubahan atas Undang-Undang Nomor 34 Tahun 2004 tentang Tentara Nasional Indonesia (UU TNI). Terbaru gugatan ini didaftarkan mahasiswa Fakultas Hukum Universitas Padjadjaran. Dilansir Antara, mereka mengajukan permohonan karena menilai pembentukan UU ini tidak sesuai dengan aturan yang ada. SCROLL TO CONTINUE WITH CONTENT """"Kami memohon kepada Mahkamah untuk menerima dan mengabulkan permohonan uji formal kami untuk seluruhnya, menyatakan UU Nomor 3 Tahun 2025 tidak memenuhi ketentuan pembentukan UU berdasarkan UUD NRI Tahun 1945,"""" kata salah satu pemohon bernama Moch Rasyid Gumilar. Permohonan tersebut diajukan oleh Rasyid bersama empat rekannya, yakni Kartika Eka Pertiwi, Akmal Muhammad Abdullah, Fadhil Wirdiyan Ihsan, dan Riyan Fernando. Dengan adanya permohonan ini, Mahkamah tercatat telah menerima delapan permohonan pengujian UU TNI yang baru. Berikut delapan permohonan terkait UU TNI yang tercatat di MK: 1. Perkara Nomor 45/PUU-XXIII/2025 yang diajukan mahasiswa Fakultas Hukum Universitas Indonesia, Muhammad Alif Ramadhan, Namoradiarta Siaahan, Kelvin Oktariano, M. Nurrobby Fatih, Nicholas Indra Cyrill Kataren, Mohammad Syaddad Sumartadinata, dan R.Yuniar A. Alpandi. 2. Perkara Nomor 55/PUU-XXIII/2025 yang diajukan oleh dua orang sarjana hukum, Christian Adrianus Sihite dan Noverianus Samosir. 3. Perkara Nomor 56/PUU-XXIII/2025 yang diajukan Muhammad Bagir Shadr, Muhammad Fawwaz Farhan Farabi, dan Thariq Qudsi Al Fahd. Ketiga pemohon merupakan mahasiswa Fakultas Hukum Universitas Indonesia. 4. Perkara Nomor 57/PUU-XXIII/2025 dengan pemohon Bilqis Aldila Firdausi, Farhan Azmy Rahmadsyah, dan Lintang Raditya Tio Richwanto. Mereka merupakan mahasiswa Program Studi Hukum Tata Negara Fakultas Syariah dan Hukum Universitas Islam Negeri Sunan Ampel Surabaya. 5. Perkara Nomor 58/PUU-XXIII/2025 yang diajukan oleh mahasiswa Fakultas Ilmu Sosial dan Humaniora Universitas Putera Batam, Hidayatuddin dan mahasiswa Fakultas Teknik Informatika Politeknik Negeri Batam, Respati Hadinata. 6. Permohonan yang diajukan oleh empat mahasiswa magister di Universitas Indonesia, yaitu Masail Ishmad Mawaqif, Reyhan Roberkat, Muh Amin Rais Natsir, dan Aldi Rizki Khoiruddin. 7. Permohonan yang diajukan lima orang mahasiswa Fakultas Hukum Universitas Padjadjaran, Moch Rasyid Gumilar, Kartika Eka Pertiwi, Akmal Muhammad Abdullah, Fadhil Wirdiyan Ihsan, dan Riyan Fernando, 8. Permohonan yang diajukan oleh Prabu Sutisna, Haerul Kusuma, Noverianus Samosir, Christian Adrianus Sihite, Fachri Rasyidin, dan Chandra Jakaria. Permohonan nomor 6, 7 dan 8 belum diberi nomor registrasi oleh MK. Sebagai catatan, tiga permohonan terakhir belum diregistrasi oleh Mahkamah. Oleh sebab itu, ketiganya belum memiliki nomor perkara. """"MK itu adalah hak setiap warga negara untuk mengajukan gugatan, apapun itu. Tapi ada proses dalam MK untuk menilai gugatan itu apakah layak atau tidak,"""" kata Dave di Kompleks Parlemen Senayan, Jakarta Pusat, Senin (28/4). Dave menyerahkan proses terkait gugatan itu kepada MK. Menurutnya, MK-lah yang berwenang mengadili dan membuat putusan terkait gugatan tersebut. """"Jadi bukannya kita mempermasalahkan apa tidak, karena itu adalah hak konstitusi setiap warga Indonesia yang sudah termaktub di dalam Undang-Undang Dasar. Jadi itu biar sesuai, berjalan sesuai dengan prosesnya,"""" ujarnya. Dave menegaskan pihaknya telah melakukan tugas sesuai kewenangan. Dia mempersilakan masyarakat untuk menempuh jalur yang tersedia jika merasa tak puas dengan hasil revisi UU TNI. """"Kita sudah selesai melaksanakan tugas kita, kita sudah menunaikan fungsi kita. Jadi bilamana ada yang tidak puas, itu adalah hak setiap warga untuk menyampaikan pandangan aspirasinya,"""" tuturnya. """"TNI tetap menghormati setiap proses hukum yang berlangsung di negara ini, termasuk hak setiap warga negara atau kelompok masyarakat untuk mengajukan gugatan ke Mahkamah Konstitusi (MK),"""" kata Kapuspen TNI Brigjen Kristomei Sianturi saat dihubungi melalui pesan singkat, Minggu (23/3/2025). Kristomei menuturkan proses pembentukan UU TNI telah melibatkan berbagai pihak. Dia menyebut perubahan dalam UU TNI yang baru tetap dalam kerangka supremasi sipil dan telah memenuhi ketentuan hukum yang berlaku. """"Undang-Undang TNI yang baru disahkan oleh DPR tentunya telah melalui proses legislasi yang melibatkan berbagai pihak, termasuk pemerintah dan DPR, dengan mempertimbangkan kepentingan pertahanan negara serta profesionalisme TNI,"""" ujarnya. """"Perubahan UU ini tetap menghormati dan dalam kerangka supremasi sipil, tetap berdasarkan nilai dan prinsip demokrasi serta memenuhi ketentuan hukum yang berlaku,"""" lanjutnya. Lebih lanjut, Kristomei menyampaikan TNI tetap akan menjalankan tugas pokok sesuai dengan aturan. Dia menyerahkan proses gugatan kepada MK sepenuhnya. """"TNI akan tetap fokus menjalankan tugas pokoknya sesuai konstitusi dan mendukung proses demokrasi serta supremasi hukum yang berlaku. Kami juga menyerahkan sepenuhnya kepada mekanisme yang ada di MK untuk menilai dan memutuskan gugatan tersebut sesuai dengan peraturan perundang-undangan yang berlaku,"""" imbuhnya. Simak juga Video: Massa Demo Tolak UU TNI Berdatangan ke DPR, Lalin Ditutup [Gambas:Video 20detik]"""
"UU TNI Digugat ke MK, Mabes TNI Hormati Proses Hukum,24 Mar 2025 08:24,https://news.detik.com/berita/d-7838305/uu-tni-digugat-ke-mk-mabes-tni-hormati-proses-hukum,""Sejumlah orang menggugat Undang-undang(UU) TNIke Mahkamah Konstitusi (MK) usai disahkan oleh DPR. Mabes TNI menghormati gugatan tersebut sebab hal itu merupakan hak setiap warga negara. """"TNI tetap menghormati setiap proses hukum yang berlangsung di negara ini, termasuk hak setiap warga negara atau kelompok masyarakat untuk mengajukan gugatan ke Mahkamah Konstitusi (MK),"""" kata Kapuspen TNI Brigjen Kristomei Sianturi saat dihubungi melalui pesan singkat, Minggu (23/3/2025). Kristomei menuturkan proses pembentukan UU TNI telah melibatkan berbagai pihak. Dia menyebut perubahan dalam UU TNI yang baru tetap dalam kerangka supremasi sipil dan telah memenuhi ketentuan hukum yang berlaku. SCROLL TO CONTINUE WITH CONTENT """"Undang-Undang TNI yang baru disahkan oleh DPR tentunya telah melalui proses legislasi yang melibatkan berbagai pihak, termasuk pemerintah dan DPR, dengan mempertimbangkan kepentingan pertahanan negara serta profesionalisme TNI,"""" ujarnya. """"Perubahan UU ini tetap menghormati dan dalam kerangka supremasi sipil, tetap berdasarkan nilai dan prinsip demokrasi serta memenuhi ketentuan hukum yang berlaku,"""" lanjutnya. Lebih lanjut, Kristomei menyampaikan TNI tetap akan menjalankan tugas pokok sesuai dengan aturan. Dia menyerahkan proses gugatan kepada MK sepenuhnya. """"TNI akan tetap fokus menjalankan tugas pokoknya sesuai konstitusi dan mendukung proses demokrasi serta supremasi hukum yang berlaku. Kami juga menyerahkan sepenuhnya kepada mekanisme yang ada di MK untuk menilai dan memutuskan gugatan tersebut sesuai dengan peraturan perundang-undangan yang berlaku,"""" imbuhnya. Dua hari setelah disahkan DPR atau pada Sabtu (22/3/2025), UU TNI itu langsung digugat ke MK. Ada 7 orang yang menggugat UU itu ke MK. Dilihat di situs Mahkamah Konstitusi (MK), permohonan itu terdaftar dengan nomor 48/PUU/PAN.MK/AP3/03/2025. """"Permohonan Pengujian Formil Undang-Undang Nomor... Tahun 2025 tentang Perubahan atas Undang-Undang Nomor 34 Tahun 2004 tentang Tentara Nasional Indonesia,"""" bunyi pokok perkara gugatan tersebut. Adapun para pemohon adalah Muhammad Alif Ramadhan (Pemohon I), Namoradiarta Siaahan (Pemohon II), Kelvin Oktariano (Pemohon III), M. Nurrobby Fatih (Pemohon IV), Nicholas Indra Cyrill Kataren (Pemohon V), Mohammad Syaddad Sumartadinata (Pemohon VI), dan R. Yuniar A. Alpandi (Pemohon VII). SimakVideo: Tok! DPR Resmi Sahkan RUU TNI Jadi Undang-undang [Gambas:Video 20detik]"""
"Panglima Ungkap Revisi UU TNI Didasari Prinsip Demokrasi-Supremasi Sipil,22 Apr 2025 05:53,https://news.detik.com/berita/d-7879633/panglima-ungkap-revisi-uu-tni-didasari-prinsip-demokrasi-supremasi-sipil,""Panglima TNI Jenderal TNI Agus Subiyantomengatakan dinamika lingkungan strategis menuntut TNI untuk selalu beradaptasi dan semakin profesional menjalankan tugas. Agus menegaskan TNI sebagai komponen utama pertahanan negara. Hal-hal tersebut, sambung Agus, menjadi dasar pemerintah perlu mengambil langkah konkret dalam menjawab dinamika. Langkah yang dia maksud adalah melalui proses Revisi Undang-Undang Nomor 34 Tahun 2004 tentang TNI. Berdasarkan rilis Puspen TNI, Senin (21/4/2025), amanat Agus dibacakan oleh Pa Sahli Tk-III Bid. Banusia Panglima TNI Mayjen TNI (Mar) Suherlan saat Upacara Bendera 17-an yang diikuti prajurit dan PNS TNI di Lapangan B3, Mabes TNI, Cilangkap, Jakarta Timur pada Kamis pagi. SCROLL TO CONTINUE WITH CONTENT Masih dalam amanat Panglima TNI, disebutkan Revisi UU TNI disusun dengan tetap berpegang pada prinsip supremasi sipil dan prinsip demokrasi. Revisi UU TNI jug disusun berlandaskan hukum yang berlaku. """"Revisi ini tetap berpegang pada prinsip supremasi sipil dan disusun berdasarkan prinsip demokrasi serta hukum yang berlaku dan juga memberikan kejelasan batasan kewenangan prajurit aktif dalam menduduki jabatan sipil sehingga tidak perlu ada kekhawatiran yang berlebihan,"""" jelasnya. Lebih lanjut, Suherlan menekankan amanat Panglima TNI kepada seluruh prajurit dan PNS di lingkungan TNI agar senantiasa menjaga integritas dan citra positif di masyarakat. """"Saya ingin menekankan bahwa segenap prajurit dan PNS TNI harus memiliki integritas dan menjaga citra institusi TNI di mata masyarakat. Hal itu dapat diimplementasikan melalui ketaatan pada aturan dan nilai-nilai etika, untuk membangun citra positif sebagai komponen utama pertahanan negara."""" tegasnya. Terakhir, Suherlan membacakan amanat Agus tentang TNI yang akan terus bertransformasi menjadi institusi pertahanan yang profesional, responsif, integratif, nodern, dan adaptif dengan tetap memegang teguh nilai-nilai luhur seperti Sapta Marga, Sumpah Prajurit, dan 8 Wajib TNI. """"Dengan terus meningkatkan keimanan dan ketakwaan sebagai landasan moral pengabdian, perkuat soliditas dan sinergi dengan berbagai komponen bangsa serta instansi lainnya guna mendukung program-program pembangunan negara,"""" pungkas dia."""
"UU TNI Sudah Diteken Prabowo, Mensesneg: Sebelum Lebaran,17 Apr 2025 15:00,https://www.detik.com/kalimantan/berita/d-7873392/uu-tni-sudah-diteken-prabowo-mensesneg-sebelum-lebaran,""Menteri Sekretaris Negara (Mensesneg) Prasetyo Hadi menyampaikan revisi UU TNI telah diteken oleh Prabowo Subianto. UU tersebut diteken sebelum Lebaran, sekitar tanggal 27-28 Maret 2025. Dilansir detikNews, hal itu diungkapkan Prasetyo kepada wartawan pada Kamis (17/4/2025). Menurutnya, revisi UU TNI segera diteken setelah disahkan oleh DPR pada 20 Maret 2025 lalu. """"Sudah, sudah, sebelum Lebaran, tanggal berapa ya itu, 27 atau 28, nanti aku cek lagi ya,"""" kata Prasetyo. SCROLL TO CONTINUE WITH CONTENT Prabowo sebelumnya bicara soal urgensi pengesahan UU TNI dan mengungkap alasan pengesahan UU TNI dipercepat. Hal itu menuai kritik publik hingga terjadi aksi di berbagai daerah. """"RUU TNI dipercepat karena kita mengalami suatu fenomena dalam berapa tahun itu. Panglima TNI satu tahun ganti, KSAD satu tahun ganti, kan usianya habis, waktu dia untuk karirnya begitu mau dipakai usia habis. Gimana kita bisa punya suatu organisasi yang pemimpinnya ganti tiap tahun,"""" ucap Prabowo. Karena hal itu, Prabowo berpendapat revisi UU TNI sangat diperlukan. Namun dia mengklaim revisi UU tersebut fokus pada usia pensiun perwira tinggi dan bukan untuk membentuk dwifungsi TNI. """"Nah di situ saya sebetulnya mengatakan saya bilang ini kalau tidak ini berapa Jenderal kita harus kita ganti sekarang. Jadi saya mohon kalau bisa inti dari RUU TNI ini sebetulnya hanya memperpanjang usia pensiun beberapa perwira tinggi. Nggak ada niat TNI mau dwifungsi lagi, come on, ya kan,"""" jelasnya. Prabowo juga menegaskan bahwa semua pejabat TNI yang hendak mengisi jabatan sipil diwajibkan pensiun dini, kecuali beberapa lembaga yang telah diatur. """"Saya masih ingat, saya masih kecil dari Jakarta mau ke Puncak, Bogor, dihentikan di tengah jalan. Mereka minta makan, minta ini, jadi kondisi zaman berbeda-beda. Jadi menurut saya Undang-Undang TNI is a non issue, nggak ada niat, semua pejabat tentara yang akan masuk jabatan-jabatan sipil, pensiun dini. Hanya ada beberapa lembaga yang memang diizinkan. Intelijen, bencana alam, Basarnas, dari dulu, kan ini hanya memformalkan,"""" sambungnya."""
"Eks Hakim MK Sesalkan Proses Tertutup Revisi UU TNI,26 Mar 2025 07:41,https://www.detik.com/bali/berita/d-7841900/eks-hakim-mk-sesalkan-proses-tertutup-revisi-uu-tni,""Mantan Hakim Mahkamah Konstitusi (MK), I Dewa Gede Palguna, menyesalkan proses Revisi Undang-Undang Nomor 34 Tahun 2004 tentang Tentara Nasional Indonesia (UU TNI). Sebab, proses revisi UU tersebut sangat tertutup dan minim partisipasi publik. Dewa Palguna menilai proses revisi UU TNI yang tertutup dan minim partisipasi publik menimbulkan kecurigaan terhadap agenda di balik pengesahan aturan tersebut. Terlebih, revisi UU ini tidak masuk dalam Program Legislasi Nasional (Prolegnas). """"Saya kecewa dengan prosesnya. RUU ini tidak masuk Prolegnas, saya tidak tahu apakah ada naskah akademiknya dan tiba-tiba Presiden mengirim surpres pada 18 Februari. Semua berlangsung begitu tertutup,"""" kata Palguna dalam diskusi Teras FISIP Vol. 1 'Pengesahan RUU TNI: Apa yang Perlu Diketahui Masyarakat' di Kampus Unud Sudirman, Denpasar, Selasa (25/3/2025) malam. SCROLL TO CONTINUE WITH CONTENT Ketua Majelis Kehormatan Mahkamah Konstitusi (MKMK) itu menilai cara-cara seperti ini berisiko memperlebar jurang antara TNI dan masyarakat. Sebab, UU dibuat tanpa melibatkan mereka yang akan terkena dampaknya. """"Dalam tanda petik, siapa yang sebenarnya diadu oleh UU ini? Ya, rakyat dan TNI. Prosesnya yang sangat saya sesalkan karena ini seharusnya tidak boleh terjadi dalam proses berdemokrasi kita yang sudah lebih dari seperempat abad ini,"""" tegas Dewa Palguna. Guru Besar Fakultas Hukum Universitas Udayana (FH Unud) itu juga menyoroti ketidakjelasan terkait pasal-pasal yang telah disahkan dalam UU TNI. Terlebih, ia belum menemukan teks final dari pasal-pasal yang telah disahkan oleh Dewan Perwakilan Rakyat (DPR). """"Saya tak mau membahas tentang pasal-pasal perubahan. Itu salah satu bentuk protes saya juga karena hingga saat ini saya tidak menemukan apa bunyi pasal yang disahkan oleh DPR. Bahkan, ketika saya bertanya kepada teman-teman anggota DPR, mereka tidak bisa memberikannya kepada saya,"""" ujar Dewa Palguna. Situasi ini, jelas Dewa Palguna, makin memperlihatkan proses politik yang melahirkan UU TNI tidak berjalan dengan baik dan bertentangan dengan prinsip transparansi serta akuntabilitas dalam demokrasi. """"Oleh karena itu, sayangnya kita cuma bisa berdoa semoga pernyataan pemerintah benar adanya. Masalahnya di Republik ini demokrasi tidak bisa hanya dengan berdoa saja. Kita harus ada kontrol yang bisa dipertanggungjawabkan akuntabilitasnya,"""" ujarnya. Akademisi FH Unud itu juga merespons pernyataan pemerintah yang mengatakan revisi UU TNI tidak akan membawa Indonesia kembali ke era Orde Baru dan menyebut aturan untuk membatasi peran militer di ranah sipil. Menurut Dewa Palguna, tanpa adanya keterbukaan dan partisipasi publik, klaim pemerintah tersebut sulit dipercaya. """"Bagaimana kita bisa memercayai itu kalau sampai sekarang naskahnya saja tidak kita dapatkan? Bagaimana kita bisa merasa diwakili oleh pernyataan itu kalau pembahasan dilakukan secara tertutup, melanggar prinsip transparansi, dan tidak ada partisipasi publik yang bermakna?,"""" ungkapnya. Menurut Dewa Palguna, proses penyusunan UU TNI tidak hanya tertutup, tetapi juga menyalahi prosedur legislasi yang ideal. Terlebih, revisi UU TNI tidak masuk dalam Prolegnas dan tidak diketahui memiliki naskah akademik atau tidak karena tak dapat diakses publik. """"Harus ada kontrol yang bisa dipertanggungjawabkan akuntabilitasnya itu yang jadi soal buat saya,"""" tambah Dewa Palguna. Anggota Komisi I DPR Rachmat Hidayat menyebut pengesahan revisi Undang-Undang (UU) TNI tidak akan menghidupkan kembali dwifungsi ABRI. Politikus PDIP itu mengeklaim revisi tersebut justru memperkuat supremasi sipil dan menjadikan TNI lebih baik. Rachmat mengungkapkan dirinya merupakan salah satu korban dwifungsi ABRI di era Orde Baru. Ia akan menentang revisi UU TNI jika dijadikan alat untuk mengembalikan kebijakan Orde Baru tersebut. """"Saya tahu betul bagaimana rasanya hidup di bawah dwifungsi ABRI. Sebagai korban langsung dwifungsi ABRI, saya yang pertama akan berdiri menentang revisi UU TNI jika itu membuka jalan bagi kembalinya militerisme di ranah sipil,"""" ujar Rachmat kepadadetikBalimelalui WhatsApp, Selasa (25/3/2025)."""
"Massa Aksi di Surabaya Khawatir UU TNI Lemahkan Supremasi Sipil,24 Mar 2025 19:02,https://news.detik.com/berita/d-7839636/massa-aksi-di-surabaya-khawatir-uu-tni-lemahkan-supremasi-sipil,""Massa yang menamakan diri Warga Sipil menggelar demonstrasi menolakUndang-Undang TNIyang baru disahkan DPR di depan Gedung Negara Grahadi, Surabaya, Jawa Timur. Mereka khawatir UU TNI itu mempunyaisuperbodyyang bisa melemahkan masyarakat. """"Apa yang membuat khawatir UU TNI ini? Jelas, revisi UU TNI kemarin akan semakin punyasuperbodydan itu akan melemahkan supremasi masyarakat sipil. Itu yang kami khawatir. Ketika super masyarakat sipil sudah nggak ada atau dilemahkan, lalu apa yang bisa kita sebut kalau bukan fasisme (ideologi politik),"""" kata jubir Massa Aksi, Jaya, kepada wartawan di depan Gedung Negara Grahadi dilansirdetikJatimSenin (24/3/2025). Massa aksi membeberkan ada delapan poin penolakan dalam demo tolak UU TNI. Berikut ini rinciannya: SCROLL TO CONTINUE WITH CONTENT 1. Tolak revisi UU TNI yang sekarang2. Tolak fungsi TNI dalam ranah sipil3. Tolak fungsi TNI dalam operasi militer selain perang, terutama dalam ranah siber4. Bubarkan komando teritorial5. Tarik militer dari semua tanah Papua6. Revisi UU Peradilan Militer7. Kembalikan TNI ke barak8. Copot TNI dari jabatan-jabatan sipil Massa meminta pemerintah menarik militer dari Papua. Massa mengaku tidak mau Indonesia kembali ke zaman Orde Baru. """"Kami memberi nama kami 'Warga Sipil, Warga Surabaya'. Kalian bisa panggil kami Front Anti Militer,"""" kata Jaya. """"Saya yakin itu tidak hanya di Surabaya, tapi di seluruh Indonesia. Kami nggak mau kembali ke zaman orba,"""" imbuhnya. Baca berita selengkapnyadi sini. Lihat Video 'Demo Tolak UU TNI di Surabaya Ricuh, Polisi Semprotkan Water Cannon': [Gambas:Video 20detik]"""
"CSIS Beberkan Masalah UU TNI: Kurang Transparan dan Tumpang-Tindih,25 Mar 2025 11:03,https://news.detik.com/berita/d-7840404/csis-beberkan-masalah-uu-tni-kurang-transparan-dan-tumpang-tindih,""Centre for Strategic and International Studies (CSIS) membeberkan masalah revisi UU TNI. CSIS menilai pengesahan UU TNI kurang transparan, kurang melibatkan partisipasi masyarakat, dan rentan tumpang-tindih wewenang. Hal ini disampaikan oleh para peneliti CSIS dalam Media Briefing berjudul 'Catatan Pasca-Pengesahan Revisi UU TNI' pada Senin (24/3/2025). CSIS menyampaikan sejumlah catatan penting. Ketua Departemen Politik dan Perubahan Sosial CSIS Arya Fernandes menjelaskan bahwa revisi UU TNI ini memiliki sejumlah permasalahan. Baik dari segi legislasi maupun pengesahan. SCROLL TO CONTINUE WITH CONTENT """"Terdapat tiga aspek permasalahan, aspek pertama bahwa proses pembahasan dan pengesahan UU ini menunjukkan adanya proses yang kurang transparan dan melibatkan partisipasi masyarakat aktif dan bermakna,"""" kata Arya Fernandez. Lebih lanjut, dia melihat proses legislasi berat di sisi eksekutif. Padahal, semestinya porsi antara legislatif dan eksekutif harus setara. """"Prosesnya sangat berat di sisi eksekutifnya, padahal dalam prosesnya eksekutif dan legislatif memiliki kekuasaan legislasi yang setara, 50% eksekutif dan 50% legislatif,"""" lanjutnya. Selain itu, Arya menilai DPR belum konsisten dalam melaksanakan muatan-muatan penting, terutama dalam prosedur pembuatan peraturan perundang-undangan. Sementara itu, peneliti Departemen Politik dan Perubahan Sosial CSIS, Nicky Fahrizal menegaskan bahwa proses Revisi UU TNI tersebut merupakan bentuk militerisasi terhadap pemerintahan Indonesia. """"Apa yang terjadi di revisi UU TNI saat ini bukan militerisme, tetapi militerisasi. Militerisasi adalah proses atau tindakan memperbesar peran militer sehingga ada peningkatan kendali militer dalam suatu dimensi area atau institusi sipil tertentu,"""" katanya. Dia mencontohkan militerisasi ini terkandung dalam pasal 7 mengenai OMSP, pasal 8 yang memperluas wilayah tugas TNI AD, pasal 47 yang menambah ruang jabatan sipil untuk TNI aktif, dan pasal 53 yang memperpanjang masa kerja TNI. Hal senada juga disampaikan Peneliti Departemen Hubungan Internasional CSIS, Pieter Pandie. Dia mengatakan militerisasi ini menyebabkan ketidakjelasan dan tumpang tindih kewenangan. """"Penambahan peran baru, yaitu siber dan perlindungan WNI dan kepentingan nasional di luar negeri yang saya sebut sebelumnya, kalau tidak diperjelas justru membuka ruang kebingungan dan konflik antarlembaga. Pelibatan TNI juga dalam pandangan saya, itu berisiko membuat penanganan isu siber ini menjadi top-down dari yang sekarang sudah ada dan lebih securitize,"""" ujar Pandie. Lihat juga Video Kondisi 3 Korban Bentrok Demo Tolak UU TNI di Sukabumi [Gambas:Video 20detik]"""
"UU TNI Belum Diunggah di Situs DPR, Ini Alasannya,22 Mar 2025 16:36,https://news.detik.com/berita/d-7836498/uu-tni-belum-diunggah-di-situs-dpr-ini-alasannya,""Anggota Komisi IDPR RITB Hasanuddin menjelaskan alasan belum diunggahnya drafUU TNIyang telah disahkan. TB Hasanuddin mengatakan UU TNI akan diunggah setelah diundangkan oleh pemerintah. """"Diunggah setelah diundangkan oleh pemerintah,"""" kata TB Hasanuddin kepada wartawan, Sabtu (22/3/2025). TB Hasanuddin mengatakan nantinya Presiden Prabowo Subianto akan menandatangani UU tersebut terlebih dulu. Selanjutnya, UU TNI akan dimasukkan ke lembar negara dan diberi nomor, lalu dipublikasikan. SCROLL TO CONTINUE WITH CONTENT """"Diundangkan, dimasukkan dalam lembaran negara dan diberi nomor,"""" ujarnya. Sebagai informasi, DPR RI resmi mengesahkan Rancangan Undang-Undang tentang Perubahan atas Undang-Undang Nomor 34 Tahun 2004 tentang Tentara Nasional Indonesia atau RUU TNI menjadi undang-undang. Keputusan ini diambil dalam rapat paripurna yang dihadiri oleh sejumlah menteri. Wakil Ketua DPR RI Sufmi Dasco Ahmad mengatakan draf revisi UU TNI telah disampaikan kepada Koalisi Masyarakat Sipil. Dasco juga memastikan draf itu akan diunggah di laman resmi DPR. """"Kami kemarin sudah share ke teman-teman NGO dan saya rasa saya sudah minta supaya di-upload,"""" ujarnya di gedung MPR/DPR/DPD, Jakarta Pusat, Kamis (20/3). """"Nanti mulai hari ini saya ingatkan lagi supaya hasil bersihnya di-upload, supaya bisa diakses oleh seluruh masyarakat,"""" sambung Dasco. Simak juga Video: UU TNI Tuai Penolakan, Golkar Minta Disosialisasikan ke Masyarakat [Gambas:Video 20detik]"""
"Aliansi BEM Semarang Raya Gelar Aksi Tuntut Cabut UU TNI,20 Mar 2025 17:11,https://www.detik.com/jateng/berita/d-7833340/aliansi-bem-semarang-raya-gelar-aksi-tuntut-cabut-uu-tni,""Aliansi BEM se-Semarang Raya menggelar aksi di kompleks DPRD Jateng, Mugassari, Kecamatan Semarang Selatan, Kota Semarang. Mereka menuntut pencabutan UU TNI. PantauandetikJateng, aliansi massa tiba di Jalan Pahlawan, depan Gedung DPRD Jateng sekitar pukul 15.20 WIB. Mereka berjalan dari Polda Jateng membawa poster raksasa bertulis 'Tentara pulang ke barak', 'Welcome Neo Orba', 'Tolak UU TNI, Welcome Orba'. Mereka bergiliran melakukan orasi di halaman Pemprov Jateng di atas mobil pikap. Salah satu mahasiswa asal Universitas Diponegoro (Undip), Falsafi (20), mengatakan aksi digelar menanggapi UU TNI yang baru disahkan pagi tadi. SCROLL TO CONTINUE WITH CONTENT """"Kita melihat pemerintah melakukan revisi RUU TNI dan agaknya itu merugikan masyarakat karena hal itu menimbulkan dwifungsi TNI,"""" kata Falsafi di halaman DPRD Jateng, Kamis (20/3/2025). """"Kita menuntut untuk mencabut UU TNI. Sebenarnya hasil konsolidasi semalam, setting goals kita adalah menggagalkan RUU TNI. Namun tadi pagi, revisi UU TNI sudah disahkan,"""" sambungnya. Menurutnya, ada begitu banyak keresahan yang muncul dengan disahkannya UU TNI. Salah satu yang sangat berdampak, kata Falsafi, yakni ketakutan terhadap direbutnya lapangan pekerjaan oleh anggota TNI nantinya. """"Masih banyak rakyat Indonesia yang masih belum mendapatkan 8 pekerjaan. Namun lapangan kerja mereka sudah direbut oleh TNI yang sebenarnya sudah ada tugasnya,"""" jelasnya. Ia pun menuntut adanya audiensi dengan pemerintah untuk menyuarakan tuntutan-tuntutan yang dibawa para mahasiswa. Salah satu mahasiswa Universitas Islam Sultan Agung (Unissula), Sekar juga mengatakan hal serupa. Ia menuntut pencabutan UU TNI untuk mencegah adanya dwifungsi TNI. """"Kekhawatiran yang pertama kembalinya dwifungsi ABRI, ketakutan adanya abuse of power dari TNI itu sendiri yang mengakibatkan adanya dampak buruk bagi masyarakat,"""" jelasnya. Dengan disahkannya UU TNI, TNI disebut masuk ke ranah sipil yang bukan ranahnya. Oleh karenanya, ia khawatir anggota TNI dapat menggunakan powernya secara berlebihan. """"Dan dalam pasalnya itu, apabila TNI masuk ke ranah sipil, tetapi jika melakukan kesalahan, mereka dihukum sesuai hukum TNI, bukan hukum sipil jadi itu rancu,"""" jelasnya. Sekitar pukul 15.45 WIB, aksi massa pun berhasil memasuki halaman DPRD Jateng. Mereka berusaha mendesak masuk untuk menduduki DPRD Jateng guna membacakan tuntutan yang dibawa."""
"UU TNI dan Pesan Hati-hati untuk Prabowo,24 Mar 2025 12:50,https://news.detik.com/kolom/d-7838763/uu-tni-dan-pesan-hati-hati-untuk-prabowo,""UU TNI resmi disahkan DPR pada Kamis, 20 Maret 2025 hingga memantik perdebatan panas di tengah masyarakat.Prabowo Subiantosebagai pemimpin nasional dan mantan jenderal berada di persimpangan sulit antara menjaga hubungan dengan TNI dan memastikan demokrasi tidak mundur. Polemik yang muncul lantaran usulan perluasan jabatan sipil bagi prajurit aktif dalam UU TNI yang dianggap mengancam semangat reformasi 1998 yang memisahkan peran militer dari urusan sipil. Presiden Prabowo perlu lebih cermat membaca situasi agar tidak terjebak dalam permainan elite politik yang bisa mengancam stabilitas pemerintahannya termasuk mewaspadai gerakan politik terselubung yang berpotensi mendelegitimasi kekuasaan. Sejarah kerap menjadi saksi bagaimana bangsa ini menghadapi dilema antara kepentingan kekuasaan dan semangat reformasi. Saat ini, kita kembali dihadapkan pada sebuah kebijakan yang memantik kontroversi, yakni pengesahan Rancangan Undang-Undang Nomor 34 Tahun 2004 tentang Tentara Nasional Indonesia (TNI). SCROLL TO CONTINUE WITH CONTENT Salah satu isu yang paling mengundang kegelisahan publik adalah perluasan cakupan jabatan sipil yang boleh diisi oleh prajurit TNI aktif. Dari sebelumnya hanya 10 institusi, kini diusulkan menjadi 15. Beberapa lembaga tambahan yang dimasukkan, seperti Badan Nasional Penanggulangan Bencana (BNPB) dan Kejaksaan Agung, menimbulkan tanda tanya besar: apakah ini masih sejalan dengan semangat reformasi? Sejak reformasi 1998, kita sepakat bahwa TNI harus kembali ke barak dan fokus pada tugas utamanya, yaitu pertahanan negara. Reformasi TNI dengan tegas menolak keterlibatan prajurit aktif dalam urusan sipil. Namun, RUU TNI justru memberi ruang bagi TNI untuk kembali mengisi posisi strategis di kementerian dan lembaga sipil. Hal ini berbahaya, bukan hanya bagi demokrasi, tetapi juga bagi legitimasi kekuasaan itu sendiri. Bahaya Pola Pikir Post-Factum Salah satu aspek yang mengundang kekhawatiran adalah bagaimana kebijakan ini dibuat dengan pola pikir post-factum-sesuatu yang sudah dilakukan terlebih dahulu, lalu baru dicari dasar hukumnya. Karena, sejak era pemerintahan Presiden Joko Widodo, penempatan prajurit TNI aktif di kementerian dan lembaga sudah berjalan, hanya saja kini diperlukan legitimasi formal dalam UU TNI yang baru. Pendekatan ini jelas berbahaya. Kebijakan semestinya dibuat berdasarkan kajian mendalam sebelum diimplementasikan, bukan sebaliknya. Jika cara berpikir ini terus digunakan, maka akan ada banyak kebijakan lain yang justru mengikis prinsip-prinsip demokrasi dan supremasi hukum. UU TNI ini juga menempatkan Presiden Prabowo Subianto dalam posisi sulit. Di satu sisi, ia adalah seorang mantan jenderal yang tentu memiliki kedekatan emosional dengan TNI. Namun, di sisi lain, ia juga adalah pemimpin nasional yang harus memastikan bahwa reformasi tidak berjalan mundur. Banyak pihak menentang revisi ini, bukan karena ingin membatasi peran TNI, tetapi karena khawatir akan kembali pada masa lalu ketika militer begitu dominan dalam pemerintahan sipil. Prabowo harus cermat membaca situasi ini. Jika salah langkah, bukan hanya kebijakan ini yang akan dipersoalkan, tetapi juga kepemimpinannya secara keseluruhan. Di Senayan, RUU ini memang sudah diajukan sejak era Presiden Jokowi. Namun, mengapa baru sekarang muncul gelombang penolakan besar? Mengapa ketika Polri masih banyak ditempatkan di lembaga negara, tidak ada protes sebesar ini? Ada indikasi bahwa ada pihak yang mencoba memanfaatkan isu ini untuk mendelegitimasi kepemimpinan Prabowo. Dalam situasi politik yang dinamis, muncul spekulasi bahwa ada gerakan di balik layar untuk menggoyang kekuasaan Prabowo. Bisa jadi, ini adalah permainan elite politik dan intelijen tertentu yang ingin menciptakan instabilitas di awal pemerintahannya. Prabowo harus berhati-hati dalam membaca situasi ini. Jangan sampai kebijakan yang terlihat kecil justru menjadi titik lemah yang dimanfaatkan lawan politiknya. Orang-orang di sekelilingnya, terutama yang berada di sektor intelijen dan keamanan, harus cakap dan loyal. Salah strategi bisa membuat citranya jatuh lebih cepat dari yang dibayangkan. Ke depan, Prabowo harus lebih cerdik dalam mengelola isu ini. Beberapa langkah yang bisa ia lakukan antara lain: pertama, mengevaluasi kembali UU TNI. Jika memang ada celah yang berpotensi bertentangan dengan semangat reformasi, lebih baik dilakukan revisi. Kedua, mendekat ke rakyat: Model kepemimpinan harus lebih membumi. Memeluk mereka dengan cinta dan melindungi hak-hak rakyat yang seringkali dipermainkan oleh oknum-oknum yang serakah. Jangan hanya sibuk dalam rapat dan euforia kepemimpinan, tetapi juga harus turun langsung merasakan aspirasi rakyat. Ketiga, menjaga komunikasi politik yang baik. Jangan sampai orang-orang terdekatnya justru menjadi beban politik. misalnya, beberapa kader Gerindra harus lebih berhati-hati dalam berbicara di ruang publik agar tidak menimbulkan konflik kepentingan. Keempat, menjaga jarak dari oligarki yang bermain dua kaki: Banyak pengusaha besar yang saat ini merasa tidak nyaman dengan gaya kepemimpinan Prabowo. Mereka takut kebijakan Prabowo menggangu kepentingan bisnis para pejabat yang telah lama berkolaborasi dengan para pengusaha hitam. Hal Ini bisa menjadi faktor yang membuatnya dijegal dan adanya upaya pembusukan di lintas lembaga untuk mendelegitimasi pemerintahan Prabowo. Pada akhirnya, sejarah akan mencatat bagaimana Prabowo mengelola dinamika politik ini. Jika mampu bertindak cerdik dan tegas, maka ia bisa keluar dari jebakan delegitimasi dan membuktikan bahwa kepemimpinannya bukan sekadar perpanjangan dari rezim sebelumnya. Namun, jika lengah, maka skenario kegagalan bisa menjadi kenyataan lebih cepat dari yang diduga. Pieter C Zulkifli.Mantan Ketua Komisi III DPR dan pengamat hukum-politik. Simak juga Video: Tok! DPR Resmi Sahkan RUU TNI Jadi Undang-undang [Gambas:Video 20detik]"""
"Diguyur Hujan, Aksi Kamisan Kalteng Getol Suarakan Tolak UU TNI,20 Mar 2025 22:00,https://www.detik.com/kalimantan/berita/d-7833774/diguyur-hujan-aksi-kamisan-kalteng-getol-suarakan-tolak-uu-tni,""Sejumlah pemuda dan NGO (Non Governmental Organization) yang tergabung dalam Solidaritas Aksi Kamisan Kalteng melakukan aksi damai di depan DPRD Kota Palangkaraya, Selasa (20/03/2025) sore. Aksi yang berlangsung pukul 16.00 WIB hingga 17.30 WIB itu diwarnai hujan deras. Pada aksi tersebut, mereka mengkhawatirkan pengesahan UU TNI dapat mengembalikan Indonesia pada masa order baru yang dinilai sarat akan militerisme. """"Takutnya dengan kebijakan-kebijakan dulu akan dikembalikan lagi pada kebijakan hari ini,"""" tutur Wira selaku koordinator Aksi Kamisan Kalteng. SCROLL TO CONTINUE WITH CONTENT """"Makanya kami dari Aksi Kamisan Kalimantan Tengah mencoba bersuara di hari ini untuk menolak lupa, dan terus bersuara menolak RUU TNI yang kiranya di sahkan secara terburu-buru,"""" lanjutnya. Tanggapan lain disampaikan perwakilan dari WALHI Kalteng, Ani. Ani mengkhawatirkan beban pada perempuan akan semakin berlapis. """"Beban berlapis ini telah dialami perempuan sejak lama. Disahkannya UU TNI akan melipatgandakan beban yang telah lama dialaminya,"""" tegasnya. Adapun poin-poin tuntutan yang dilayangkan pada aksi sore ini adalah sebagai berikut.1. Cabut UU TNI yang Telah Disahkan2. Kembalikan TNI ke Fungsi Militer3. Perlindungan Hak Asasi Manusia4. Jaga Stabilitas Demokrasi5. Tuntut Pemerintah Menghargai Reformasi dan Supremasi Sipil Sebelumnya diberitakan, Rancangan Undang-Undang tentang Perubahan atas Undang-Undang Nomor 34 Tahun 2004 tentang Tentara Nasional Indonesia atau RUU TNI resmi disahkan DPR menjadi Undang-undang. Ketok palu berlangsung pada Kamis (20/3) pagi. Dilansir detikNews, pada rapat paripurna, Ketua Panja RUU TNI Utut Adianto menyampaikan beberapa poin krusial. Antara lain terkait kedudukan TNI, usia pensiun, hingga keterlibatan TNI aktif di kementerian atau lembaga. Utut memastikan tak adanya dwifungsi TNI dalam pembahasan revisi UU ini. Mayoritas anggota dewan pun menyatakan setuju atas pengesahan revisi UU tersebut. Adapun RUU TNI ini disepakati pada tingkat pertama antara Komisi I DPR RI dengan pemerintah, Selasa (18/3). Namun, H-1 jelang paripurna perwakilan pemerintah dalam hal ini Menkum Supratman Andi Agtas, Wamenkeu Thomas Djiwandono, Wamenhan Donny Ermawan Taufanto hingga Wamensesneg Bambang Eko Suhariyanto sempat melakukan rapat secara tertutup kembali dengan Komisi I DPR RI selama kurang lebih dua jam."""
"Golkar: Revisi UU TNI Batasi Prajurit Masuk Jabatan Sipil,20 Mar 2025 16:12,https://news.detik.com/berita/d-7833215/golkar-revisi-uu-tni-batasi-prajurit-masuk-jabatan-sipil,""Ketua Fraksi PartaiGolkarDPR RI Muhammad Sarmuji mengatakan revisi Undang-Undang Nomor 34 Tahun 2004 tentang TNI tidak akan mengembalikan dwifungsi ABRI. Sarmuji mengatakan revisi UU TNI memberi batasan anggota TNI masuk ke jabatan sipil. """"Dwifungsi TNI tidak mungkin kembali, justru RUU TNI memberi limitasi anggota TNI masuk dalam jabatan sipil. Posisi yang bisa diduduki TNI aktif hanya berkaitan dengan tugas dan fungsi TNI, di luar itu TNI harus pensiun jika memang masuk jabatan sipil,"""" kata Sarmuji dalam keterangannya, Kamis (20/3/2025). Dalam revisi UU TNI, dibatasi hanya 14 posisi jabatan publik yang dapat diisi prajurit aktif. Selain itu, Sarmuji menegaskan seorang prajurit harus mengundurkan diri. SCROLL TO CONTINUE WITH CONTENT """"Kami juga tidak ingin seperti masa lalu, anggota TNI dikaryakan sebagai lurah, bupati, wali kota, gubernur, dan pimpinan perusahaan negara bahkan rektor tanpa pensiun. Dalam revisi terbaru jika ada prajurit TNI hendak menduduki jabatan sipil, ia harus mengundurkan diri atau pensiun dari dinas aktif keprajuritan, tidak boleh rangkap jabatan,"""" ujarnya. Sarmuji mengatakan penempatan TNI di kementerian atau lembaga yang telah ditentukan karena sesuai dengan potensi yang dimiliki TNI. Salah satunya, menurut dia, penguatan lembaga siber dan sandi negara yang memerlukan kompetensi anggota TNI. """"Contoh lain adalah penguatan dalam lembaga penanggulangan terorisme, perlu kolaborasi antara Polri dan TNI untuk memperkuat ketahanan nasional dari berbagai ancaman atau potensi serangan teroris dari dalam dan luar negeri,"""" jelasnya. Menurut dia, penambahan tugas dan kewenangan TNI pada kementerian atau lembaga dalam praktiknya sudah dilakukan. Adanya revisi UU TNI itu justru memperkuat payung hukum. """"Terdapat lembaga atau kementerian yang selama ini sudah dijabat oleh TNI namun belum memiliki memiliki payung undang-undang, di antaranya Badan Nasional Penanggulangan Bencana (BNPB), Badan Nasional Pemberantasan Terorisme (BNPT), Badan Keamanan Laut (Bakamla), dan Badan Nasional Pengelola Perbatasan (BNPP),"""" ujar Sarmuji. Sarmuji menekankan revisi UU TNI tidak akan mengubah norma. Sekjen Golkar itu mengatakan TNI tetap memiliki tugas utama sebagai garda terdepan dalam menjaga pertahanan dan keamanan negara. """"Norma tentang larangan TNI untuk berpolitik praktis dan berbisnis dipastikan tetap berlaku. Fraksi Golkar akan menjaga amanah reformasi yang diperjuangkan dengan berdarah-darah,"""" katanya.  Puan soal UU TNI: Prajurit Aktif Tetap Dilarang Berbisnis-Berpolitik [Gambas:Video 20detik]"""
"Massa Jogja Memanggil Geruduk Gedung DPRD DIY Tolak UU TNI,20 Mar 2025 13:13,https://news.detik.com/berita/d-7832697/massa-jogja-memanggil-geruduk-gedung-dprd-diy-tolak-uu-tni,""Ratusan orang yang menamakan diriAliansi JogjaMemanggil menggeruduk gedung DPRD DIY, Malioboro, siang ini. Aksi mereka kali ini menyoroti dampak yang akan muncul seusai pengesahan Undang-Undang TNI hari ini. DilansirdetikJogja, Kamis (20/3/2025), pukul 11.10 WIB, massa yang mayoritas berpakaian hitam ini mulai bergerak ke gedung DPRD DIY. Mereka membawa satu unit mobil pikap sebagai mimbar untuk memimpin barisan. Sesampai di gedung DPRD DIY, massa langsung masuk ke halaman dan menggelar mimbar orasi. Spanduk-spanduk berukuran raksasa digantung tepat di fasad gedung, sedangkan spanduk-poster kecil digelar di depan gedung. SCROLL TO CONTINUE WITH CONTENT Juru bicara aksi, Marsinah, menjelaskan, akibat pengesahan revisi UU TNI, demokrasi masyarakat sipil terancam. Sebab, UU TNI dinilai mengizinkan tentara mengisi jabatan-jabatan publik di luar sektor pertahanan. Menurut dia, dengan watak tentara yang bersifat hierarkis dan bergerak berdasarkan sistem komando, pengelolaan pemerintahan Indonesia berpotensi mengarah pada otoritarianisme. """"Kami melihat situasi hari ini mengarah ke situasi zaman kekuasaan Soeharto yang militeristik karena adanya dwifungsi ABRI/TNI,"""" jelas Marsinah melalui keterangan tertulis. Baca berita selengkapnyadi sini. Simak juga Video Mahasiswa Demo Tolak RUU TNI di Depan Gedung DPR [Gambas:Video 20detik]"""
"Revisi UU TNI Disahkan, Massa Bertahan di Depan Gedung DPR,20 Mar 2025 12:00,https://www.detik.com/kalimantan/berita/d-7832492/revisi-uu-tni-disahkan-massa-bertahan-di-depan-gedung-dpr,""Rancangan Undang-Undang tentang Perubahan atas Undang-Undang Nomor 34 Tahun 2004 tentang Tentara Nasional Indonesia atau RUU TNI resmi disahkan DPR menjadi Undang-undang. Ketok palu berlangsung pada Kamis (20/3) pagi. Sementara itu, massa memadati depan gedung DPR untuk memprotes pengesahan UU tersebut. Dilansir detikNews, rapat paripurna pengesahan UU TNI dipimpin oleh Ketua DPR RI Puan Maharani yang didampingi Wakil Ketua DPR Sufmi Dasco Ahmad, Saan Mustopa, dan Adies Kadir. Tampak pula kehadiran Menteri Pertahanan Sjafrie Sjamsoeddin, Panglima TNI Jenderal Agus Subiyanto, Wamenkeu Thomas Djiwandono, dan Menteri Sekretaris Negara Prasetyo Hadi. Ketua Panja RUU TNI Utut Adianto menyampaikan beberapa poin krusial terkait kedudukan TNI, usia pensiun, hingga keterlibatan TNI aktif di kementerian atau lembaga. Utut memastikan tak adanya dwifungsi TNI dalam pembahasan revisi UU ini. Mayoritas anggota dewan pun menyatakan setuju atas pengesahan revisi UU tersebut. SCROLL TO CONTINUE WITH CONTENT Adapun RUU TNI ini disepakati pada tingkat pertama antara Komisi I DPR RI dengan pemerintah, Selasa (18/3). Namun, H-1 jelang paripurna perwakilan pemerintah dalam hal ini Menkum Supratman Andi Agtas, Wamenkeu Thomas Djiwandono, Wamenhan Donny Ermawan Taufanto hingga Wamensesneg Bambang Eko Suhariyanto sempat melakukan rapat secara tertutup kembali dengan Komisi I DPR RI selama kurang lebih dua jam. Massa Padati Depan Gedung DPR Sementara itu di luar gedung DPR, massa berkumpul menyuarakan penolakan terhadap pengesahan UU TNI. Sebagian memasang tenda sejak Rabu (19/3) pukul 24.00 WIB. Begitu mendapat kabar bahwa RUU telah diketok palu menjadi undang-undang, massa meminta agar Gerbang Pancasila dibuka sehingga mereka bisa masuk. """"Woy buka woy! Isi perut kalian dari siapa kalau bukan dari uang rakyat Indonesia? Semua yang melekat di badan kalian adalah milik rakyat!"""" teriak salah satu peserta aksi. Massa aksi juga terus menyanyikan lagu-lagu perjuangan dan melakukan orasi-orasi sebagai bentuk penolakan keras atas disahkannya RUU TNI menjadi undang-undang. Beberapa juga berupaya membuka pagar yang dikunci dengan batu. """"Keluar, keluar!"""" teriak satu peserta lain. Sebelumnya, gelombang penolakan disampaikan publik melalui berbagai pernyataan. Pada Senin (17/3), Koalisi Masyarakat Sipil mereka mengeluarkan petisi yang isinya mereka menolak kembalinya dwifungsi TNI dalam RUU TNI. Isi petisi tersebut terkait pasal-pasal yang direvisi berdasarkan daftar inventaris masalah (DIM), yang diajukan oleh pemerintah. Koalisi Masyarakat Sipil menegaskan revisi RUU TNI tak memiliki urgensi yang membawa TNI ke arah lebih profesional. """"Terdapat pasal-pasal yang akan mengembalikan militerisme (dwifungsi TNI) di Indonesia. Kami menilai agenda revisi UU TNI tidak memiliki urgensi transformasi TNI ke arah yang profesional. Justru akan melemahkan profesionalisme militer,"""" ujar Dosen UI Sulistyowati Irianto saat membacakan petisi."""
"Baru Disahkan, Kini UU TNI Digugat ke MK,22 Mar 2025 16:44,https://www.detik.com/sumbagsel/hukum-dan-kriminal/d-7836439/baru-disahkan-kini-uu-tni-digugat-ke-mk,""Sekelompok orang menggugat Undang-Undang Tentara Nasional Indonesia (UU TNI) ke Mahkamah Konstitusi (MK) setelah disahkan DPR RI. UU TNI ini diketahui mendapat penolakan dari sejumlah pihak saat sebelum dan setelah disahkan. Dilihat di situs Mahkamah Konstitusi (MK), Sabtu (22/3/2025), permohonan itu terdaftar dengan nomor 48/PUU/PAN.MK/AP3/03/2025. Ada tujuh orang yang menjadi pemohon dalam gugatan ini. """"Permohonan Pengujian Formil Undang-Undang Nomor ... Tahun 2025 tentang Perubahan atas Undang-Undang Nomor 34 Tahun 2004 tentang Tentara Nasional Indonesia,"""" bunyi pokok perkara gugatan tersebut. SCROLL TO CONTINUE WITH CONTENT Adapun para pemohon yakni Muhammad Alif Ramadhan (Pemohon I), Namoradiarta Siaahan (Pemohon II), Kelvin Oktariano (Pemohon III), M. Nurrobby Fatih (Pemohon IV), Nicholas Indra Cyrill Kataren (Pemohon V), Mohammad Syaddad Sumartadinata (Pemohon VI), dan R.Yuniar A. Alpandi (Pemohon VII). Diketahui sebelumnya, DPR RI resmi mengesahkan Rancangan Undang-Undang tentang Perubahan atas Undang-Undang Nomor 34 Tahun 2004 tentang Tentara Nasional Indonesia atau RUU TNI menjadi undang-undang. Keputusan ini diambil dalam rapat paripurna yang dihadiri oleh sejumlah menteri. Rapat terselenggara di ruang Paripurna gedung DPR RI, Senayan, Jakarta Pusat, Kamis (20/3). Rapat dipimpin oleh Ketua DPR RI Puan Maharani yang didampingi Wakil Ketua DPR yang lain, seperti Sufmi Dasco Ahmad, Saan Mustopa, dan Adies Kadir. Namun, perubahan UU ini mendapat penolakan dari masyarakat. Mereka bahkan melakukan aksi demo di berbagai wilayah. Adapun Pasal yang berubah dalam Undang-Undang ini adalah Pasal 7 ayat 2 tentang tugas pokok TNI yang kini memiliki dua yaitu operasi militer untuk perang dan operasi militer selain perang. Untuk operasi militer selain perang, tugas TNI dirinci sebanyak 14 poin sebagaimana tertera dalam huruf b ayat (2) pasal 7. Dua di antaranya tugas tambahan TNI membantu dalam upaya menanggulangi ancaman pertahanan siber dan membantu dalam melindungi dan menyelamatkan warga negara serta kepentingan nasional di luar negeri. Kemudian pasal 47 UU Nomor 34 Tahun 2004. Pasal ini mengatur tentang kementerian atau lembaga yang dapat diisi TNI. Lalu, mengenai batas usia pensiun TNI. Sebelum direvisi, anggota TNI bertugas paling lama hingga usia 58 tahun untuk tingkat perwira. Sementara itu, untuk pangkat bintara dan tamtama, hingga usia maksimal 53 tahun. Usai diubah, batas usia pensiun prajurit menjadi:"""
"Penolakan UU TNI Terus Bergulir Lewat Tenda di Gerbang DPR,08 Apr 2025 19:32,https://news.detik.com/berita/d-7859840/penolakan-uu-tni-terus-bergulir-lewat-tenda-di-gerbang-dpr,""Demo menolak Undang-Undang(UU) TNImasih terus bergulir. Sampai saat ini, masih ada yang melakukan demonstrasi di depan gedung DPR RI. Massa aksi kali ini berdemo dengan menggelar tenda di gedung DPR RI, tepatnya di depan Gerbang Pancasila, Jalan Gelora, Senayan, Jakarta Pusat Selasa (8/4/2025) siang. Sebanyak tiga tenda terlihat berdiri di sisi kiri Gerbang Pancasila DPR. Demo kali ini tidak seperti biasanya. Massa yang berdemo melakukan aktivitas seperti mengobrol, bermain, hingga makan siang. SCROLL TO CONTINUE WITH CONTENT Tidak ada aktivitas penyampaian orasi yang dilakukan oleh pendemo. Terlihat tumpukan boks makanan dan minuman di sekitar tenda. Salah seorang pendemo yang tidak ingin disebutkan namanya mengatakan berasal dari kelompok Bareng Warga. Dia mengatakan aksi mendirikan tenda dilakukan sebagai aksi damai. """"Kita ingin bikin aksi damai, kegiatannya kemarin ada yangdateng, dia bikin pameran buku, workshop bikin gelang, kalung, pin, main Uno, seru-seruanaja, main kartu, nanti mau main catur, jadi konsepnya kita seru-seruanaja,"""" katanya. Dia mengatakan tuntutan pendemo adalah dibatalkannya UU TNI. Menurutnya, pendemo tidak akan membubarkan tenda sebelum tuntutan itu dipenuhi. """"Cuma yang membedakan, kita mau bertahan, kita nggak akan pergi sebelum UU TNI itu dicabut, kita ingin dilanjutkan sampai UU TNI dicabut,"""" ujarnya. Sejumlah alasan mendirikan tenda di Gerbang Pancasila DPR diungkapkan. Salah satunya agar tetap bisa berinteraksi dengan masyarakat sekitar yang melintas. """"Kalau di sini kandeketmasyarakat, jadi sekalian ada orang lewat kita sapa, kalau di depan sana (Gerbang Utama DPR) kan lebih sepi, dan lalu lalangnya kan cepat, jadi pilihan terbaiknya di sini,"""" ucapnya. Dia juga menyampaikan alasan menuntut UU TNI dibatalkan. Mulai proses legislasi yang tidak melibatkan masyarakat hingga khawatir akan adanya perluasan peran militer di jabatan sipil. """"Sebenernya giniya, UU TNI itu proses legislasinya itu yang tidak akuntabel dan tidak melibatkan masyarakat, itu yang jadiconcernbersama,"""" ucapnya. """"Sebenernya, sebelum adanya UU TNI, penempatan militer di jabatan sipil sudah ada, dan sudah lebih lebar dibanding UU TNI. Jadisebenernyasudah disahkan apa yangsebenernyasudah terjadi,"""" katanya. Peserta demo yabng mendirikan tenda mengaku mendapat dukungan dari warga. Dukungan itu diberikan dalam bentuk kiriman makanan. Sejumlah kurir paket mendekati tenda pendemo. Kurir tersebut membawa paket berupa makanan dan minuman di dalam kardus. Menurut peserta aksi yang tidak ingin disebutkan namanya, makanan dan minuman selalu berdatangan ke lokasi tenda aksi. Dia mengatakan makanan dan minuman berasal dari warga maupun warganet di media sosial. """"Ada yangngasihdari medsos, tiba-tiba dikirimi Go-Jek, ada yangngirim,gitu-gitu aja,"""" katanya. """"(Warga kasih makanan) banyak banget, makanan juga banyak banget,"""" ucapnya. Dia merasa dukungan tersebut sangat berarti baginya sedang mengikuti aksi. Dia juga mengatakan aksi tersebut terbuka bagi masyarakat. Peserta aksi memiliki latar belakang yang beragam, mulai mahasiswa hingga pekerja. """"(Warga bisa datang) bisa, bisa datang, gabung, bebas. (Pesertanya) macam-macam, ada yang mahasiswa, ada yang kerja juga,"""" ucapnya. Dia menyampaikan tidak membatasi warga yang hendak ikut dalam aksi dan bertahan di tenda. Menurutnya, jumlah peserta aksi bisa mencapai puluhan orang pada sore kemarin. """"Awalnya ada delapan, jadi pergi pulang, ada yang datang, ada yang pulang, kalau saya belum pulang. Ya puluhannyampe-lah, itu kemarin, tapi ya mondar-mandirgitu,"""" katanya. Dia mengaku sudah dua hari bertahan di tenda. Dia mengatakan belum ada anggota DPR RI yang menemui peserta aksi. Menurutnya, audiensi dengan anggota DPR RI bukanlah tuntutan utama peserta aksi. Tuntutan aksi tersebut adalah meminta UU TNI dicabut. """"Nggak ada (anggota DPR yang datang). Kalau dipanggil ke dalam, perwakilan, itu bukan tuntutannya, tuntutannya tetap itu (UU TNI) dicabut,"""" tegasnya. Simak juga Video Prabowo soal Demo Tolak UU TNI: Itu Murni atau Ada yang Bayar? [Gambas:Video 20detik]"""
"Aliansi Masyarakat Lombok Timur Geruduk DPRD, Tuntut UU TNI Dicabut,10 Apr 2025 20:42,https://www.detik.com/bali/nusra/d-7863355/aliansi-masyarakat-lombok-timur-geruduk-dprd-tuntut-uu-tni-dicabut,""Puluhan pemuda dan mahasiswa yang mengatasnamakan diri Aliansi Masyarakat Lombok Timur menggeruduk kantor Dewan Perwakilan Rakyat Daerah (DPRD) Kabupaten Lombok Timur, Nusa Tenggara Barat (NTB), Kamis (10/4/2025). Mereka menuntut dicabutnya Undang-Undang Tentara Nasional Indonesia (UU TNI) yang belum lama disahkan agar dicabut. """"Aksi hari ini kami lakukan untuk mendesak DPR untuk mencabut kembali UU TNI, dikarenakan pembahasanya dengan cara tertutup di hotel mewah,"""" kata koordinator umum (kordum) aksi, Kiri Azlan, Kamis. Menurut Azlan, yang krusial saat ini ialah pasal-pasal yang dapat menyempitkan ruang masyarakat sipil. """"Dalam prosesnya saja secara tertutup, ini patut kami curigai adanya maksud khusus yang dapat melemahkan masyarakat sipil,"""" ujarnya. SCROLL TO CONTINUE WITH CONTENT Selain mendesak pencabutan UU TNI, massa aksi juga menolak pembahasan tentang Rancangan Undang-Undang Polri. """"Kami juga tidak ingin adanya RUU Polri ini sampai dibahas, jika sampai disahkan maka akan ada perluasan kewenangan terutama terkait peretasan data pribadi di ranah digital,"""" urai Azlan. Dia menilai DPR saat ini tidak pernah mewakili apa yang menjadi kehendak rakyat. Para anggota dewan hanya membuat undang-undang sesuai dengan keinginan pemerintah. Sementara, yang sangat mendesak seperti UU perampasan aset bagi koruptor sampai saat ini tidak pernah disahkan. """"Anggota dewan saat ini sudah masuk angin, mereka hanya membuat undang -undang sesuai pesanan pemerintah, tapi keinginan rakyat diabaikan sampai saat ini, salah satunya mengenai UU Perampasan aset bagi koruptor,"""" tandas Azlan. Pantauan detikBali, massa aksi bergerak sejak pukul 15.00 Wita dari Taman Rinjani Selong menuju kantor DPRD Lombok Timur. Sempat terjadi aksi dorong antara massa dengan pihak kepolisian. Setelah ditemui Sekretaris Dewan (Sekwan) DPRD Lombok Timur, massa aksi kemudian membubarkan diri sekitar pukul 18.00 Wita."""
"Demo Mahasiswa Tolak UU TNI di Mojokerto Diwarnai Pembakaran Ban,25 Mar 2025 20:32,https://www.detik.com/jatim/berita/d-7841574/demo-mahasiswa-tolak-uu-tni-di-mojokerto-diwarnai-pembakaran-ban,""Demo mahasiwa Cipayung Plus dan Aliansi BEM Mojokerto Raya di depan kantor DPRD diwarnai kericuhan. Selain saling dorong dengan polisi, massa juga nekat membakar ban hingga kembang api. Puluhan massa mahasiswa mengawali aksinya di depan kantor DPRD Kabupaten Mojokerto, Jalan RA Basuni, Sooko sekitar pukul 14.30 WIB. Mereka memasang spanduk tuntutan di gerbang kantor dewan. Dua spanduk ini bertuliskan 'Cabut Revisi UU TNI, Mojokerto Melawan' dan 'Tolak Orba, Kembalikan TNI ke Barak'. Mereka berorasi di depan kantor wakil rakyat dengan tertib. Puluhan polwan dan polisi laki-laki menjaga area depan pintu gerbang. Nampak Kapolres Mojokerto AKBP Ihram Kustarto turun langsung menjaga keamanan di lokasi unjuk rasa. SCROLL TO CONTINUE WITH CONTENT Massa mahasiswa Cipayung Plus dan Aliansi BEM Mojokerto Raya membawa 10 tuntutan ke DPRD Kabupaten Mojokerto. Yaitu cabut revisi UU TNI, kembalkkan TNI ke barak, lawan militerisme, tolak dwi fungsi ABRI, adili jenderal pelanggar HAM dan jendral Prabowo, nonaktifkan TNI yang ke ranah sipil, tolak perluasan fungsi TNI di ranah sipil, lengserkan Prabowo, serta segera sahkan RUU perampasan aset. Seperti diketahui, UU TNI disahkan oleh DPR RI di ruang Paripurna gedung DPR RI, Senayan, Jakarta Pusat pada Kamis (20/3). UU tersebut perubahan atas UU nomor 34 Tahun 2004 tentang Tentara Nasional Indonesia. """"Tuntutan kami Cabut UU TNI yang sudah disahkan, jaga supremasi sipil, jangan sampai masalah UU TNI melebar dan menghianati reformasi,"""" terang korlap aksi dari HMI Mojokerto, Ambang M Irawan kepada wartawan di lokasi, Selasa (25/3/2025). Tak lama kemudian, Ketua DPRD Kabupaten Mojokerto Ayni Zuroh menemui para mahasiswa. Ia berjanji akan segera menyampaikan aspirasi massa ke DPR RI. Sebab pihaknya juga menolak UU TNI yang belum lama ini disahkan. """"Seharusnya TNI menjadi garda terdepan melindungi kedaulatan NKRI. Di dalam UU TNI ada beberapa pasal ada politisasi TNI. Jadi, TNI diberi keleluasaan bisa masuk ranah jabatan struktural dan jabatan kementerian atau lembaga sipil. Itu yang kami tidak setuju,"""" tegasnya. Massa mahasiswa lantas bergeser ke kantor DPRD Kota Mojokerto di Jalan Raya Surodinawan untuk menyampaikan aspirasi yang sama sekitar pukul 16.00 WIB. Kali ini, aksi demonstrasi langsung memanas. Setelah sejenak berorasi, para mahasiswa memaksa masuk ke gedung dewan. Sekitar pukul 16.16 WIB, massa mendorong barisan polisi yang berjaga di depan pintu gerbang kantor DPRD Kota Mojokerto. Sambil meneriakkan Revolusi berulang kali, massa terus mendorong polisi. Kericuhan pun pecah karena aksi saling dorong kedua kubu. Sejurus kemudian, mahasiswa membakar ban mobil bekas di tengah kerumunan. Massa lantas bersorak, beberapa berlari untuk menedang pintu gerbang kantor dewan. Api yang berkorbar langsung padam disemprot apar oleh polisi. Sehingga kericuhan sempat mereda. Beberapa menit kemudian, aksi saling dorong antara mahasiswa dengan polisi kembali pecah. Massa pendemo memaksa masuk ke gedung dewan sambil meneriakkan kata Masuk dan Revolusi. Mereka juga kembali membakar ban mobil bekas di tengah kerumunan. Salah satu mahasiswa juga menyulut kembang api yang diarahkan ke atas. Ketegangan reda saat Kapolres Mojokerto Kota AKBP Daniel S Marunduri membuka pintu gerbang kantor dewan untuk menemui para mahasiswa. Ia mengajak massa duduk bersama untuk menyampaikan aspirasi kepada Ketua DPRD Kota Mojokerto Ery Purwanti. Kepada massa mahasiswa, Ery juga menyampaikan komitmennya membawa aspirasi massa ke DPR RI. Pihaknya juga menolak apabila dwi fungsi TNI kembali terjadi seperti era Orde Baru (Orba). Sehingga para pengunjuk rasa membubarkan diri setalah aspirasinya ia terima. """"Kami lihat di pasal 47 dan 53 sangat krusial. Kami sangat paham bahwa UU TNI bertentangan dengan demokrasi dan tentunya asas keadilan. Pasal itu kami melihatnya tidak relevan. Kami siap meneruskan ke DPR RI. Kami juga tidak mau dwifungsi ABRI dijalankan lagi,"""" tandasnya."""
"Demo Tolak UU TNI di Gedung Grahadi Surabaya Memanas,24 Mar 2025 18:00,https://news.detik.com/berita/d-7839573/demo-tolak-uu-tni-di-gedung-grahadi-surabaya-memanas,""Aksi demo menolak UU TNI depanGedung Grahadi Surabayamulai memanas. Massa aksi mulai melempar batu hingga sepatu. Adapun aksi ini diisi ratusan mahasiswa dan masyarakat sipil. Mereka memakai baju serba hitam. Massa aksi meminta agar Indonesia jangan sampai kembali ke zaman Orde Baru (Orba). SCROLL TO CONTINUE WITH CONTENT """"Saya yakin itu tidak hanya di Surabaya, tapi di seluruh Indonesia. Kami nggak mau kembali ke zaman Orba,"""" kata jubir massa aksi, Jaya, kepada wartawan di depan Gedung Negara Grahadi, dilansirdetikJatim, Senin (24/3/2025). Massa aksi terus meneriakkan kekesalannya dengan menolak UU TNI di depan Gedung Negara Grahadi. Massa kemudian mulai membakar ban. Ada massa aksi yang melemparkan sepatu sebagai bentuk kekesalan ke arah ban yang dibakar. Sementara itu, arus lalu lintas di depan Gedung Grahadi dialihkan ke Jalan Taman Apsari dan kawasan Simpang Dukuh. Namun, perlahan situasi mulai memanas. PantauandetikJatim, tampak kawat berduri di depan Grahadi berusaha ditarik massa sekitar pukul 16.15 WIB, Senin (24/3/2025). Massa mulai melempar mercon dan batu. Polisi langsung menyemprot massa dengan air dariwater cannonsecara terus-menerus. Selama aksi,water cannonberjaga di sisi timur. Mereka seakan tidak gentar dan terus-terusan melempar benda-benda yang ada di depannya. Selanjutnya, ada lemparan sejumlahflaredan molotov juga mengenai kawat berduri. Sesaat setelah kejadian itu, massa langsung bersorak. Mereka juga mulai melakukan penyerangan dengan batu. Tak hanya itu, mereka juga merusak pagar kawat berduri dan gapura yang berada di depan Grahadi."""
"Puan Ungkap Megawati Dukung Revisi UU TNI: Sesuai yang Diharapkan,20 Mar 2025 13:09,https://news.detik.com/berita/d-7832671/puan-ungkap-megawati-dukung-revisi-uu-tni-sesuai-yang-diharapkan,""Ketua DPR RIPuan Maharanimengungkap Presiden ke-5 RI sekaligus Ketum PDIPMegawati Soekarnoputrimendukung Revisi Undang-Undang (UU) Nomor 34 Tahun 2004 tentang Tentara Nasional Indonesia (TNI). Puan menyebut isi perubahan UU TNI itu sesuai dengan apa yang diharapkan Megawati. """"Mendukung, karena memang sesuai dengan apa yang diharapkan,"""" kata Puan di gedung MPR/DPR/DPD, Jakarta Pusat, Kamis (20/3/2025). Saat ditanya lagi apakah sikap mendukung revisi UU TNI ini pertanda PDIP mendukung pemerintah, Puan tidak menjawab secara lugas. Namun dia mengatakan saat ini DPR akan bergotong royong bersama pemerintah. SCROLL TO CONTINUE WITH CONTENT """"Kami di sini di DPR bersama-sama bergotong royong akan bersama dengan pemerintah demi bangsa negara,"""" ujarnya. Sebelumnya, DPR RI resmi mengesahkan Rancangan Undang-Undang tentang Perubahan atas Undang-Undang Nomor 34 Tahun 2004 tentang Tentara Nasional Indonesia atau RUU TNI menjadi undang-undang. Keputusan ini diambil dalam rapat paripurna yang dihadiri oleh sejumlah menteri. Rapat terselenggara di ruang Paripurna gedung DPR RI, Senayan, Jakarta Pusat, Kamis (20/3/2025). Rapat dipimpin oleh Ketua DPR RI Puan Maharani yang didampingi Wakil Ketua DPR yang lain, seperti Sufmi Dasco Ahmad, Saan Mustopa, dan Adies Kadir Ketua Komisi I Utut Adianto menyampaikan beberapa poin krusial terkait kedudukan TNI, usia pensiun, hingga keterlibatan TNI aktif di kementerian atau lembaga. Ia memastikan tak adanya dwifungsi TNI dalam pembahasan revisi UU ini."""
"Mahasiswa Demo Tolak UU TNI di NTT, Khawatir Dwifungsi Hidup Lagi,24 Mar 2025 19:55,https://news.detik.com/berita/d-7839720/mahasiswa-demo-tolak-uu-tni-di-ntt-khawatir-dwifungsi-hidup-lagi,""Mahasiswa dari Aliansi Cipayung Plus menggelardemonstrasidi gedung DPRD Nusa Tenggara Timur (NTT). Mereka menolak Undang-Undang TNI (UU TNI) yang baru disahkan karena khawatir dapat menghidupkan lagi dwifungsi ABRI/TNI seperti era Orde Baru. """"Kami dari Aliansi Cipayung Plus, BEM, dan OKP Nusa Tenggara Timur menolak UU TNI yang baru disahkan anggota DPR RI kemarin,"""" ujar kordinator umum aksi, Putra Umbu Toku Ngudang, seperti dilansirdetikBali, Senin (24/3/2025). Massa juga mendesak DPRD NTT untuk menyatakan sikap menolak UU TNI. Mereka menegaskan penolakannya atas perpanjangan masa pensiun perwira TNI yang diatur dalam UU TNI. SCROLL TO CONTINUE WITH CONTENT """"Regulasi ini berpotensi menghidupkan kembali praktik dwifungsi ABRI yang pernah mencederai demokrasi di masa lalu,"""" ujarnya. Mereka juga menuntut supremasi sipil dan netralitas TNI dalam struktur ketatanegaraan. Dia juga mengecam intimidasi aparat. """"Kami mengecam segala bentuk tindakan intimidasi yang dilakukan oleh aparat terhadap rakyat dan menuntut agar pemerintah menghentikan penggunaan kekuatan militer untuk kepentingan investasi dan proyek yang merugikan hak-hak masyarakat,"""" ujarnya. Simak selengkapnya disini. Lihat juga Video 'Puan Sebut Jokowi Tanya RUU TNI Saat Buka Bersama di Gedung NasDem':"""
"Gelombang Penolakan Revisi UU TNI di Berbagai Daerah hingga Suara Pakar,21 Mar 2025 08:30,https://www.detik.com/kalimantan/berita/d-7834106/gelombang-penolakan-revisi-uu-tni-di-berbagai-daerah-hingga-suara-pakar,""Pengesahan revisi UU TNI diiringi gelombang penolakan keras dari masyarakat. Tidak hanya di Jakarta, tetapi juga berbagai daerah. Pakar bidang hukum tata negara pun serempak menyuarakan kritik mereka terhadap disahkannya revisi UU yang dinilai menghidupkan kembali dwifungsi TNI dan Orde Baru ini. Publik telah menyuarakan protes sejak revisi UU TNI dibahas secara tertutup oleh DPR. Puncaknya, masyarakat mendatangi kantor dewan perwakilan masing-masing daerah dan mendesak agar UU TNI dibatalkan. Berikut rangkuman aksi yang terjadi di berbagai daerah maupun media sosial serta pendapat pakar. SCROLL TO CONTINUE WITH CONTENT Aksi protes lapangan terjadi di berbagai daerah. Mulai dari Jakarta, Serang, Semarang, hingga Jogjakarta. Dilansir detikNews, massa aksi di depan gedung DPR mendirikan tenda sejak Kamis (20/3/2025) pukul 00.00 WIB demi mengawal jalannya sidang paripurna pada pagi harinya. Begitu diumumkan bahwa revisi UU TNI telah disahkan sekitar pukul 11.00 WIB, massa di luar gedung DPR berusaha masuk. Sayangnya, gerbang gedung DPR dikunci. Sejumlah massa aksi pun berusaha membuka gembok dengan batu. Massa terus bertahan hingga malam. Polisi sempat menembakkan water canon ketika massa menjebol pintu gerbang DPR. Di Serang, aksi penolakan UU TNI berlangsung di Simpang Cicerai. Massa menutup arus lalu lintas dari empat arah. Petugas kepolisian pun memberlakukan pengalihan arus selama aksi yang digelar hingga malam hari itu. Di Palangkaraya, Kalimantan Tengah (Kalteng), Solidaritas Aksi Kamisan Kalteng pun menggelar aksi menuntut pembatalan UU TNI. Aksi berlangsung meski diguyur hujan deras. Kemudian di Jogja, aksi tolak revisi UU TNI berlangsung di depan DPRD Daerah Istimewa Yogyakarta (DIY). Dilansir detikJogja, massa yang tergabung dalam Aliansi Jogja Memanggil menyatakan akan bertahan di Gedung DPRD hingga malam, bahkan subuh. Pada tengah malam, sempat terjadi kericuhan dan pelemparan mercon. Polisi menembakkan water canon. Kericuhan mereda sekitar pukul 01.00 WIB. Aksi tolak UU TNI di Semarang diwarnai penangkapan sejumlah peserta aksi. Mengutip detikJateng, aksi dimulai pada 15.20 WIB di depan Gedung DPRD Jateng. Kemudian empat orang peserta aksi demo dari Badan Eksekutif Mahasiswa (BEM) se-Semarang Raya diamankan. Sebagian peserta aksi pun bergeser ke Resmob Polrestabes Semarang untuk menunggu rekan-rekan mereka dibebaskan. Tampak juga sejumlah dosen dari Universitas Katolik Soegijapranata hadir di Polrestabes untuk mengurus pembebasan beberapa mahasiswa tersebut. Keempatnya dilepas pada 21.30 WIB. Media sosial juga tak kalah riuh. Tagar #TolakRevisiUUTNI dan #IndonesiaGelap ramai disematkan dalam postingan di berbagai platform, terutama X dan Instagram. Dilansir detikInet, warganet menyuarakan keresahan mereka akan kembalinya dwifungsi ABRI, yakni ketika militer diperbolehkan untuk ikut campur dalam urusan politik dan sipil. Pengesahan revisi UU TNI ini disamakan dengan bangkitnya Orde Baru, sementara Reformasi berakhir setelah 27 tahun. Fenomena protes melaluia media sosial menunjukkan peran medsos sebagai alat ampuh untuk mobilisasi massa dan penyebaran informasi di era digital. Menurut data We Are Social, Indonesia memiliki 139 juta pengguna aktif medsos pada 2024, atau sekitar 49,9% dari total populasi. Angka ini diperkirakan terus bertambah pada 2025. Platform seperti X, Instagram, dan TikTok pun menjadi ruang strategis untuk menggalang dukungan. Akademisi dan pakar pun tak tinggal diam. Setelah menyuarakan penolakan sejak revisi ini berproses, kini kritik mereka semakin keras setelah revisi disahkan menjadi UU. Guru Besar Fisipol UGM Prof Wahyudi Kumorotomo menilai pengesahan ini berdampak buruk terutama bagi civil society. Pasal-pasal ambigu dapat mengembalikan rezim militer ke Indonesia layaknya Orde Baru. """"Perubahan juga bukan hanya soal teknis, tetapi jelas merupakan tanda democracy backsliding. Kembalinya rezim militer sudah semakin jelas terlihat,"""" tegas Komorotomo, dilansir detikJogja. Pakar politik Universitas Katolik Soegijapranata (Unika) Andreas Pandiangan, menilai pengesahan UU TNI ini menjadi pertanda jelas bahwa rezim Prabowo Subianto-Gibran Rakabuming Raka bermaksud mempertebal kembalinya Orde Baru. """"Saya sesalkan partai politik yang sebagian besar adalah produk reformasi itu justru mengiyakan. Jadi ini langkah mempertebal kembalinya orde baru,"""" jelasnya kepada detikJateng. Sementara itu, Pakar Hukum Tata Negara Unair Dr. Radian Salman mendorong agak masyarakat mengajukan uji materi ke MK. Menurutnya, aksi protes di lapangan maupun media sosial saja tidak cukup tanpa adanya upaya hukum formil. """"Kalau saya melihat bahwa prosesnya begitu cepat, menurut saya tidak mungkin (diubah atau dibatalkan). Jadi kita berharap, masyarakat sipil atau siapapun, bisa mengkoreksinya lewat Mahkamah Konstitusi,"""" katanya, dikutip detikJatim."""
"Istana Pertanyakan UU TNI Hasil Revisi Digugat ke MK: Apa Lagi?,30 Apr 2025 13:37,https://news.detik.com/berita/d-7892952/istana-pertanyakan-uu-tni-hasil-revisi-digugat-ke-mk-apa-lagi,""Menteri Sekretaris Negara (Mensesneg)Prasetyo Hadimenanggapi adanya gugatan untuk membatalkanUU TNIhasil revisi yang diajukan mahasiswa dan sejumlah pihak ke Mahkamah Konstitusi (MK). Prasetyo Hadi mempertanyakan substansi apa lagi yang ingin digugat. """"Kalau gugatan sebagai sebuah hak ya diperbolehkan, tapi apa lagi yang mau digugat? Semua sudah diberikan penjelasan, pasal-pasal atau poin-poin perubahan di situ juga sudah diberikan penjelasan ke publik gitu,"""" kata Prasetyo di kompleks parlemen, Senayan, Jakarta Pusat, Rabu (30/4/2025). Prasetyo memandang tidak ada lagi substansi yang menonjol untuk dipermasalahkan. Kendati demikian, ia menyerahkan hal itu ke Mahkamah Konstitusi sebagai bentuk penghormatan. SCROLL TO CONTINUE WITH CONTENT """"Dan rasa-rasanya ya tidak lagi yang menonjol secara substansi ya, tapi kalau ada yang menggugat yamonggoya, silakan, nanti dipelajari,"""" tambahnya. Sebelumnya, Undang-Undang (UU) TNI hasil revisi digugat ke MK. Penggugat meminta MK membatalkan UU tersebut dan menghukum Presiden serta para anggota DPR. Gugatan nomor 58/PUU-XXIII/2025 itu diajukan oleh dua orang berstatus mahasiswa bernama Hidayatuddin dan Respati Hadinata. Dalam dokumen permohonannya, mereka mengajukan gugatan pengujian Undang-Undang Nomor 3 Tahun 2025 tentang Perubahan atas Undang-Undang Nomor 34 Tahun 2004 tentang Tentara Nasional Indonesia terhadap Undang-Undang Dasar Negara Republik Indonesia Tahun 1945. Mereka beralasan pengesahan RUU TNI dalam rapat DPR bertentangan dengan Pasal 27 ayat 1 dan Pasal 28D ayat (1) UUD 1945. Mereka menganggap pembahasan revisi UU TNI tidak transparan. Mereka juga menyebutkan UU TNI tidak memberi penjelasan yang detail soal penyelesaian konflik komunal. Para pemohon pun merasa berhak menuntut ganti rugi terkait pengesahan revisi UU TNI itu. Mereka beralasan telah menjadi pembayar pajak, namun hak konstitusionalnya dilanggar oleh pembentuk UU dalam proses pembahasan dan pengesahan revisi UU TNI yang mereka anggap tidak transparan serta tak sesuai dengan aturan. Pemohon meminta presiden membayar ganti rugi sebesar Rp 25 miliar. Selain itu, meminta MK menghukum Pimpinan dan masing-masing anggota Badan Legislasi DPR RI untuk membayar ganti rugi sebesar Rp 5 miliar. Simak juga Video:PrabowoTegaskan Tak Ada Niat Bangkitkan Dwifungsi Lewat UU TNI: Come On! [Gambas:Video 20detik]"""
"UU TNI Hasil Revisi Digugat, Waka Komisi I DPR Serahkan Prosesnya ke MK,28 Apr 2025 16:50,https://news.detik.com/berita/d-7889912/uu-tni-hasil-revisi-digugat-waka-komisi-i-dpr-serahkan-prosesnya-ke-mk,""Wakil Ketua Komisi I DPR RI Dave Laksono menanggapi adanya gugatan untuk membatalkan UU TNI hasil revisi yang diajukan mahasiswa ke Mahkamah Konstitusi (MK). Dave mengatakan setiap warga negara berhak mengajukan gugatan apa pun kepada MK. """"MK itu adalah hak setiap warga negara untuk mengajukan gugatan, apapun itu. Tapi ada proses dalam MK untuk menilai gugatan itu apakah layak atau tidak,"""" kata Dave di Kompleks Parlemen Senayan, Jakarta Pusat, Senin (28/4/2025). Dave menyerahkan proses terkait gugatan itu kepada MK. Menurutnya, MK-lah yang berwenang mengadili dan membuat putusan terkait gugatan tersebut. SCROLL TO CONTINUE WITH CONTENT """"Jadi bukannya kita mempermasalahkan apa tidak, karena itu adalah hak konstitusi setiap warga Indonesia yang sudah termaktub di dalam Undang-Undang Dasar. Jadi itu biar sesuai, berjalan sesuai dengan prosesnya,"""" ujarnya. Dave menegaskan pihaknya telah melakukan tugas sesuai kewenangan. Dia mempersilakan masyarakat untuk menempuh jalur yang tersedia jika merasa tak puas dengan hasil revisi UU TNI. """"Kita sudah selesai melaksanakan tugas kita, kita sudah menunaikan fungsi kita. Jadi bilamana ada yang tidak puas, itu adalah hak setiap warga untuk menyampaikan pandangan aspirasinya,"""" tuturnya. Sebelumnya, Undang-Undang (UU) TNI hasil revisi digugat ke MK. Penggugat meminta MK membatalkan UU tersebut dan menghukum Presiden serta para Anggota DPR. Gugatan nomor 58/PUU-XXIII/2025 itu diajukan oleh dua orang berstatus mahasiswa bernama Hidayatuddin dan Respati Hadinata. Dalam dokumen permohonannya, mereka mengajukan gugatan pengujian Undang-Undang Nomor 3 Tahun 2025 tentang Perubahan atas Undang-Undang Nomor 34 Tahun 2004 tentang Tentara Nasional Indonesia terhadap Undang-Undang Dasar Negara Republik Indonesia Tahun 1945. Mereka beralasan pengesahan RUU TNI dalam rapat DPR bertentangan dengan pasal 27 ayat 1 dan pasal 28D ayat (1) UUD 1945. Mereka menganggap pembahasan revisi UU TNI tidak transparan. Mereka juga menyebut UU TNI tidak memberi penjelasan yang detail soal penyelesaian konflik komunal. Para pemohon pun merasa berhak menuntut ganti rugi terkait pengesahan revisi UU TNI itu. Mereka beralasan telah menjadi pembayar pajak, namun hak konstitusionalnya dilanggar oleh pembentuk UU dalam proses pembahasan dan pengesahan revisi UU TNI yang mereka anggap tidak transparan serta tak sesuai aturan. Pemohon meminta presiden membayar ganti rugi sebesar Rp 25 miliar. Selain itu, meminta MK menghukum Pimpinan dan masing-masing Anggota Badan Legislasi DPR RI untuk membayar ganti rugi sebesar Rp 5 miliar. 'Lihat juga Video: Gerakan Suara Ibu Indonesia Gelar Demo Tolak UU TNI di Sarinah' [Gambas:Video 20detik]"""
"Prabowo Buka Suara soal UU TNI, Demo hingga Urgensinya,07 Apr 2025 19:13,https://news.detik.com/berita/d-7858169/prabowo-buka-suara-soal-uu-tni-demo-hingga-urgensinya,""Presiden Prabowo Subianto buka suara soal adanya aksi demo dalam 130 hari kerja hingga penolakanUU TNIyang sudah disahkan DPR. Prabowo meminta agar setiap aksi demo yang muncul dilihat secara objektif. Hal itu disampaikan Prabowo saat Blak-blakan bersama 7 jurnalis, seperti dilihat dalam YouTubedetikcom, Senin (7/4/2025). Dalam wawancara tersebut, Prabowo turut ditanya terkait penanganan aksi demo yang dianggap masihabusive. """"Masalah demo adalah biasa. Dalam negara sebesar kita, kan kita sudah sepakat berdemonstrasi, orang berdemo itu dijamin Undang-Undang Dasar. Kalau adaabusive,ya, kita harus investigasi, proses secara hukum kalauabusive. Tapi coba perhatikan secara objektif dan jujur. Apakah demo-demo itu murni atau ada yang bayar. Harus objektif, dong,"""" kata Prabowo. SCROLL TO CONTINUE WITH CONTENT Prabowo menghormati berbagai macam demo yang bermunculan sejak dirinya menjabat sebagai Presiden. Namun harus tetap damai dan tidak memantik kerusuhan. """"Pertama, ada demo melawan efisiensi. Demo katanya dana pendidikan akan dikurangi. Jadi harus objektif, kita juga kita bukan anak kecil. Kita hormati hak untuk berdemo, asal demonya damai tidak mau menyulut kerusuhan. Nah kalau bakar-bakar ban, itu bukan damai,"""" ujarnya. Prabowo lalu menceritakan pengalaman petugas yang berjaga demo kerap kali dilempari plastik berisi air kencing bahkan kotoran manusia. Untuk itu, dia selalu mewaspadai adanya kekuatan asing yang ingin mengadu domba lewat aksi demonstrasi. """"Dan kenapaabusive? Kita punya pengalaman, saya mantan petugas keamanan juga. Kadang-kadang petugas dilempar plastik kencing, kadang-kadang petugas dilempar plastik isinya kotoran manusia. Jadi selalu dalam pengelolaan suatu negara kita waspada apakah ada kelompok-kelompok atau kekuatan-kekuatan asing yang ingin adu domba,"""" ucapnya. Prabowo kemudian mengungkit Presiden Amerika Serikat (AS) Donald Trump yang membubarkan USAID. Prabowo menyatakan pemerintahan Trump memiliki bukti bahwa USAID banyak membiayai LSM. """"Ini berlaku lazim, data-data keluar sekarang. Pemerintah Trump membubarkan USAID, dan di situ ketemu bukti-bukti, bahwa USAID membiayai banyak LSM-LSM di mana-mana. Bahkan ya ini kan keluar semua,"""" ucapnya. Lebih lanjut, Prabowo mengajak semuanya untuk berpikir jernih mengenai demo. Menurutnya, demo yang menimbulkan kekacauan dan kerusakan merupakan bagian dari melawan kepentingan nasional dan rakyat. """"Jadi saya mengajak kita berpikir dengan jernih, demo itu hak tapi juga kalau demo dibuat untuk menimbulkan kekacauan dan kerusuhan ini menurut saya adalah melawan kepentingan nasional dan melawan kepentingan rakyat,"""" jelasnya. """"Demo kenapa? Bisa di London di Amerika di mana demo nggak usah merusak, nggak usah merusak pagar nggak usahngerusakstasiun bus, terminal bus, ini kan uang rakyat. Boleh demo di kampus tapi jangan merusak fakultas ini uang rakyat,"""" sambungnya. Prabowo mengatakan petugas kepolisian yang berjaga saat demo tidak dilengkapi dengan senjata. Dia menilai kerusuhan yang terjadi ketika demo berlangsung karena adanya emosi. """"Dan perhatikan nggak, petugas-petugas polisi kita sekarang tidak bersenjata. Jadi masalahabusiveoke catat, tapi Mbak Uni sendiri mengatakan berapa ratus demonstrasi berapa kasus abusive. Jadi saya paham dan saya tahu setiap institusi ada yang tidak beres, organisasi yang besar pasti ada yang namanya manusia namanya kadang-kadang anak muda emosi panas dan sebagainya. Tapi nggak ada niat dari pemerintah untuk menekan untuk nggak ada untuk apa. Kita mau kerja untuk rakyat,"""" terangnya. Prabowo turut menjawab soal urgensi UU TNI yang sudah disahkan. Prabowo mengungkap alasan UU TNI dipercepat. """"RUU TNI dipercepat karena kita mengalami suatu fenomena dalam berapa tahun itu. Panglima TNI satu tahun ganti, KSAD satu tahun ganti, kan usianya habis, waktu dia untuk karirnya begitu mau dipakai usia habis.Gimanakita bisa punya suatu organisasi yang pemimpinnya ganti tiap tahun,"""" ucapnya. Untuk itu, Prabowo menilai UU TNI perlu segera direvisi. Namun dia ingin revisi berfokus pada usia pensiun perwira tinggi bukan untuk membentuk dwifungsi TNI. """"Nah di situ saya sebetulnya mengatakan saya bilang ini kalau tidak ini berapa Jenderal kita harus kita ganti sekarang. Jadi saya mohon kalau bisa inti dari RUU TNI ini sebetulnya hanya memperpanjang usia pensiun beberapa perwira tinggi. Nggak ada niat TNI mau dwifungsi lagi,come on, ya kan,"""" jelasnya. Prabowo menegaskan perlu melihat kondisi saat ini. Dia mengatakan pejabat tentara yang akan masuk jabatan sipil harus pensiun dini. """"Saya masih ingat, saya masih kecil dari Jakarta mau ke Puncak, Bogor, dihentikan di tengah jalan. Mereka minta makan, minta ini, jadi kondisi zaman berbeda-beda. Jadi menurut saya Undang-Undang TNI isa non issue, nggak ada niat, semua pejabat tentara yang akan masuk jabatan-jabatan sipil, pensiun dini. Hanya ada beberapa lembaga yang memang diizinkan. Intelijen, bencana alam, Basarnas, dari dulu, kan ini hanya mengformalkan,"""" ucap Prabowo. """"Kemudian yang katanya Kejaksaan kenapa, Kejaksaan ada Jaksa Pidana Militer, kemudian hakim agung, ada hakim agung kamar militer dan kalau dilihat semua adareasoning-nya, jadi menurut sayais non issue, rakyat juga tahu, kok,"""" sambungnya."""
"Mahasiswa Demo di Lumajang: UU TNI Buka Pintu TNI ke Ranah Sipil,24 Mar 2025 19:22,https://news.detik.com/berita/d-7839666/mahasiswa-demo-di-lumajang-uu-tni-buka-pintu-tni-ke-ranah-sipil,""Mahasiswa yang tergabung dalam Aliansi Mahasiswa Lumajang Bergerak menggelar demonstrasi di gedung DPRD Lumajang, Jawa Timur. Mahasiswa meminta agarUU TNIyang sudah disahkan dibatalkan karena bisa menjadi pintu masuk dwifungsi TNI. """"Kami melakukan penuntutan yakni mencabut kembali UU TNI yang sudah disahkan oleh DPR RI karena UU TNI ini membuka pintu bagi TNI ke ranah sipil,"""" ujar Korlap Aksi Sulaiman, dilansirdetikJatim, Senin (24/3/2025). Demonstrasi sempat berlangsung ricuh. Mahasiswa memaksa masuk dengan melompati pintu gerbang kantor DPRD karena ingin bertemu dengan anggota DPRD. Mahasiswa terlibat saling dorong dengan petugas dan melakukan aksi bakar ban. SCROLL TO CONTINUE WITH CONTENT Suasana kembali kondusif setelah Ketua DPRD kabupaten Lumajang, Oktafiani, menemui para mahasiswa. Ketua DPRD Lumajang menerima tuntutan para mahasiswa dan akan menyampaikan aspirasinya ke DPR RI. """"DPRD Lumajang menerima tuntutan para mahasiswa dan akan mengirimkan apa yang menjadi tuntutan mahasiswa kepada DPR RI,"""" kata Oktafiani. Baca berita selengkapnyadi sini. Simak juga Video 'Massa Tolak UU TNI Kembali Geruduk Gedung DPRD Jabar':"""
"Guru Besar Unhan Cabut Gugatan Uji Materi UU TNI di MK,25 Apr 2025 16:19,https://news.detik.com/berita/d-7885798/guru-besar-unhan-cabut-gugatan-uji-materi-uu-tni-di-mk,""Guru Besar Universitas Pertahanan RI, Kolonel Sus Halkis, mencabut gugatan uji materiUndang-Undang Nomor 34 Tahun 2004 tentang TNIdi Mahkamah Konstitusi (MK). Pencabutan itu disebabkan gugatan tersebut telah kehilangan objek. Hal itu disampaikan Halkis dalam sidang Pengujian Undang-Undang (PUU) di gedung MK, Jakarta Pusat, Jumat (25/4/2025). Mulanya, Ketua MK Suhartoyo mengatakan MK telah menerima surat permohonan pencabutan gugatan. """"Jadi sebelum persidangan ini dilanjutkan atau dimulai lebih lanjut, kami dari majelis hakim mendapatkan surat untuk pencabutan permohonan untuk perkara ini. Untuk itu, kami mohon konfirmasi kepastian apakah betul ada pencabutan ini, dari Prof Halkis atau kuasa hukum? Silakan direspons,"""" kata Suhartoyo. SCROLL TO CONTINUE WITH CONTENT Halkis membenarkan surat permohonan tersebut. Dia mengatakan gugatan itu dicabut lantaran telahlost objectatau kehilangan objek usai revisiUU TNIdisahkan. """"Betul Pak Hakim, kami telah minta bantuan kepada kuasa kami untuk mencabut permohonan kami karena telah terjadilost object,"""" jawab Halkis. Diketahui, Halkis mengajukan gugatan terhadap tiga pasal UU Nomor 34 Tahun 2004. Ketiga pasal itu adalah Pasal 2 huruf d mengenai jati diri TNI yang profesional dengan tidak berpolitik praktis dan tidak berbisnis. Kemudian, Pasal 39 huruf 2, 3, dan 4 berkaitan larangan prajurit terlibat dalam kegiatan politik praktis, bisnis, maupun dipilih menjadi anggota legislatif. Serta Pasal 47 ayat (2) tentang sejumlah jabatan yang dapat diduduki prajurit aktif. Permohonan itu mulanya diajukan pada 13 Maret 2025. Di mana saat itu, DPR masih membahas revisiUU TNI. Kemudian, pada 20 Maret 2025, revisi UU TNI pun baru disahkan. Saat ini, UU TNI yang baru itu telah ditandatangani oleh Presiden Prabowo Subianto dan menjadi UU Nomor 3 Tahun 2025. Dalam UU TNI yang terbaru, salah satu pasal yang direvisi ialah Pasal 47 ayat 1 berkaitan dengan diperluasnya jabatan sipil dari yang sebelumnya 10 menjadi 14 kementerian lembaga. Sedangkan pada ayat 2, membuka kesempatan bagi prajurit aktif untuk menduduki jabatan sipil lainnya di kementerian lembaga usai mengundurkan diri atau pensiun dari kedinasan. Tonton juga Video: Gerakan Suara Ibu Indonesia Gelar Demo Tolak UU TNI di Sarinah [Gambas:Video 20detik]"""
"Gugatan UU TNI Hasil Revisi ke MK Bertambah, Kini Jadi 8 Perkara,29 Apr 2025 16:20,https://news.detik.com/berita/d-7891593/gugatan-uu-tni-hasil-revisi-ke-mk-bertambah-kini-jadi-8-perkara,""Jumlah permohonan pengujian Undang-Undang Nomor 3 Tahun 2025 tentang Perubahan atas Undang-Undang Nomor 34 Tahun 2004 tentang Tentara Nasional Indonesia (UU TNI) di Mahkamah Konstitusi (MK) bertambah. Kini, setidaknya ada delapan perkara yang tercatat di MK. DilansirAntara, Selasa (29/4/2025), gugatan terbaru didaftarkan mahasiswa Fakultas Hukum Universitas Padjadjaran hari ini. Mereka mengajukan permohonan karena menilai pembentukan UU ini tidak sesuai dengan aturan yang ada. """"Kami memohon kepada Mahkamah untuk menerima dan mengabulkan permohonan uji formal kami untuk seluruhnya, menyatakan UU Nomor 3 Tahun 2025 tidak memenuhi ketentuan pembentukan UU berdasarkan UUD NRI Tahun 1945,"""" kata salah satu pemohon bernama Moch Rasyid Gumilar. SCROLL TO CONTINUE WITH CONTENT Permohonan tersebut diajukan oleh Rasyid bersama empat rekannya, yakni Kartika Eka Pertiwi, Akmal Muhammad Abdullah, Fadhil Wirdiyan Ihsan, dan Riyan Fernando. Dengan adanya permohonan ini, Mahkamah tercatat telah menerima delapan permohonan pengujian UU TNI yang baru. Berikut delapan permohonan terkait UU TNI yang tercatat di MK: 1. Perkara Nomor 45/PUU-XXIII/2025 yang diajukan mahasiswa Fakultas Hukum Universitas Indonesia, Muhammad Alif Ramadhan, Namoradiarta Siaahan, Kelvin Oktariano, M. Nurrobby Fatih, Nicholas Indra Cyrill Kataren, Mohammad Syaddad Sumartadinata, dan R.Yuniar A. Alpandi. 2. Perkara Nomor 55/PUU-XXIII/2025 yang diajukan oleh dua orang sarjana hukum, Christian Adrianus Sihite dan Noverianus Samosir. 3. Perkara Nomor 56/PUU-XXIII/2025 yang diajukan Muhammad Bagir Shadr, Muhammad Fawwaz Farhan Farabi, dan Thariq Qudsi Al Fahd. Ketiga pemohon merupakan mahasiswa Fakultas Hukum Universitas Indonesia. 4. Perkara Nomor 57/PUU-XXIII/2025 dengan pemohon Bilqis Aldila Firdausi, Farhan Azmy Rahmadsyah, dan Lintang Raditya Tio Richwanto. Mereka merupakan mahasiswa Program Studi Hukum Tata Negara Fakultas Syariah dan Hukum Universitas Islam Negeri Sunan Ampel Surabaya. 5. Perkara Nomor 58/PUU-XXIII/2025 yang diajukan oleh mahasiswa Fakultas Ilmu Sosial dan Humaniora Universitas Putera Batam, Hidayatuddin dan mahasiswa Fakultas Teknik Informatika Politeknik Negeri Batam, Respati Hadinata. 6. Permohonan yang diajukan oleh empat mahasiswa magister di Universitas Indonesia, yaitu Masail Ishmad Mawaqif, Reyhan Roberkat, Muh Amin Rais Natsir, dan Aldi Rizki Khoiruddin. 7. Permohonan yang diajukan lima orang mahasiswa Fakultas Hukum Universitas Padjadjaran, Moch Rasyid Gumilar, Kartika Eka Pertiwi, Akmal Muhammad Abdullah, Fadhil Wirdiyan Ihsan, dan Riyan Fernando, 8. Permohonan yang diajukan oleh Prabu Sutisna, Haerul Kusuma, Noverianus Samosir, Christian Adrianus Sihite, Fachri Rasyidin, dan Chandra Jakaria. Permohonan nomor 6, 7 dan 8 belum diberi nomor registrasi oleh MK. Sebagai catatan, tiga permohonan terakhir belum diregistrasi oleh Mahkamah. Oleh sebab itu, ketiganya belum memiliki nomor perkara. 'Lihat juga Video: Ketika Suara Ibu Indonesia Tolak UU TNI' [Gambas:Video 20detik]"""
"Aliansi Mahasiswa Demo Tolak UU TNI di Depan DPRD Sidoarjo,25 Mar 2025 17:30,https://www.detik.com/jatim/berita/d-7841304/aliansi-mahasiswa-demo-tolak-uu-tni-di-depan-dprd-sidoarjo,""Gelombang demonstrasi menolak UU TNI kembali terjadi di Sidoarjo. Aksi yang dilakukan oleh tiga elemen mahasiswa-PMII, GMNI, dan HMI-digelar di depan gedung DPRD Sidoarjo. Para demonstran menyuarakan kekhawatiran bahwa revisi UU TNI berpotensi melemahkan masyarakat dan menggeser prinsip supremasi sipil. Aksi ini diwarnai orasi, teatrikal, pembakaran ban, serta pelemparan petasan dan telur busuk ke gerbang DPRD. Massa juga sempat mencoba menerobos barikade polisi pada pukul 15.00 WIB untuk melakukan dialog langsung dengan anggota dewan, yang berujung pada adu mulut antara demonstran dan anggota DPRD. Dari pantauandetikJatimdi lokasi, demonstran membakar ban bekas hingga asap hitam membubung tinggi. Mereka kemudian mencoba masuk ke gedung DPRD, namun Ketua DPRD Sidoarjo, M. Masih, segera menemui mahasiswa. SCROLL TO CONTINUE WITH CONTENT Menurut Korlap Aliansi Mahasiswa Sidoarjo dan pimpinan cabang Ikatan Mahasiswa Muhammadiyah, Bagus Adi Prayoga, aksi ini merupakan bentuk keresahan masyarakat terhadap sejumlah pasal dalam UU TNI. """"Apa yang kita sampaikan hari ini adalah sejumlah keresahan masyarakat. Banyak kemungkinan perubahan sipil yang sebetulnya seharusnya ada di atas kekuatan militer, namun dengan revisi ini, supremasi sipil seakan akan hilang,"""" kata Bagus usai melakukan aksi unjuk rasa, Selasa (25/3/2025). Selain menolak revisi UU TNI, demonstran juga menuntut agar isu-isu lokal seperti banjir, jalan rusak, dan kesempatan kerja turut dibahas di DPRD. """"Kami menuntut dialog yang serius, termasuk pertemuan pada tanggal 8 April nanti, hari pertama kerja DPRD, agar aspirasi kami terkait banjir, jalan mati, dan persoalan tenaga kerja di Sidoarjo dapat segera direspons oleh dewan,"""" jelasnya. Lebih lanjut, Bagus Adi menegaskan kelompoknya akan mengajukanjudicial reviewke Mahkamah Konstitusi (MK) untuk membatalkan UU TNI yang baru disahkan. """"Kami dari Cipayung Club Kabupaten Sidoarjo, yang merupakan representasi dari mahasiswa Muhammadiyah, tidak hanya mengkritisi karena benci, melainkan untuk memperjuangkan kepentingan rakyat. Presiden dan DPR dipilih oleh rakyat, namun kenyataannya pengesahan UU TNI ini justru tidak berpihak pada masyarakat,"""" imbuhnya. Di tengah aksi, massa juga menuntut anggota dewan untuk mengevaluasi dan memperbaiki kinerja mereka, yang dianggap tidak menepati janji kampanye pro-rakyat. Sementara itu, DPRD Sidoarjo menyatakan kesiapan untuk mendengarkan aspirasi masyarakat, meskipun pertemuan yang berlangsung masih diwarnai ketegangan. Dialog yang terjadi diharapkan menjadi langkah awal dalam menyelesaikan persoalan yang semakin kompleks ini. Demonstrasi ini menunjukkan bahwa isu revisi UU TNI semakin memanas dan menuntut perhatian serius dari pemerintah. Bagus Adi dan rekan-rekannya optimistis bahwa tekanan publik akan membawa perubahan nyata melalui mekanisme hukum yang ada."""
"Guru Besar Unpad Sebut Pemerintah 'Grasak-grusuk' Sahkan UU TNI,21 Mar 2025 17:15,https://www.detik.com/jabar/berita/d-7834864/guru-besar-unpad-sebut-pemerintah-grasak-grusuk-sahkan-uu-tni,""Pengesahan Undang-undang Tentara Nasional Indonesia (UU TNI) baru-baru ini menuai kritik dari berbagai kalangan, termasuk dari akademisi. Guru Besar Studi Keamanan FISIP Universitas Padjadjaran (Unpad) Arry Bainus menilai pemerintah terlalu terburu-buru dalam proses pengesahan tersebut. Arry mengkritik langkah ini sebagai kebijakan yang 'grasak-grusuk' tanpa pertimbangan matang, terutama dalam aspek transparansi dan keterlibatan publik. Dia juga menyebut pengesahan UU TNI mirip dengan pola yang digunakan dalam pengesahan Omnibus Law sebelumnya. """"Kalau menurut saya ini masalahnya pemerintah terlalu terburu-buru. Jadi pola pemerintah untuk mengesahkan undang-undang itu seperti Omnibus Law, kenapa harus buru-buru. Kemarahan masyarakat di sana,"""" katanya saat dihubungi, Jumat (21/3/2025). SCROLL TO CONTINUE WITH CONTENT Ia menambahkan bahwa pembahasan UU TNI di tingkat masyarakat tidak berjalan sempurna. Padahal, partisipasi masyarakat sangat penting, terutama untuk menciptakan partisipasi yang bermakna. """"Pemerintah itu kecil, sementara masyarakat itu besar, 270 juta orang, yang akan terkena dampak dari undang-undang ini. Pemerintah harus berpikir matang, tidak boleh grasak-grusuk,"""" tegasnya. Ia juga menyoroti kesalahpahaman yang muncul akibat kurangnya sosialisasi dari pemerintah. Menurutnya, isu revisi UU TNI sebenarnya sensitif dan menyesalkan sikap pemerintah yang dinilai tidak mau mendengarkan suara masyarakat. """"Isunya sensitif, tapi pemerintah buru-buru dan kurang sosialisasi. Padahal, perubahan dalam UU TNI ini sebenarnya sepele, tapi ada pihak-pihak yang menggaungkan isu seolah-olah perubahan ini akan mengembalikan dwifungsi TNI,"""" jelasnya. """"Sayangnya, pemerintah tidak sadar bahwa isu ini sensitif dan masyarakat akan merasakan dampaknya. Suara mereka harus didengar. Ini kebiasaan pemerintah yang tidak mau mendengar orang lain, dalam hal ini pemerintah bersama DPR,"""" sambungnya. Ia juga mengkritik kurangnya ruang bagi masyarakat untuk menyampaikan aspirasi dimana masyarakat tidak diberikan ruang untuk menyampaikan aspirasinya. Ia membandingkan proses pengesahan UU TNI tahun 2004 dengan revisi yang dilakukan sekarang. """"UU TNI dulu, meskipun disahkan di menit-menit terakhir di era Bu Megawati, proses deliberasinya luar biasa. Ada pertemuan antara masyarakat, partai politik, dan pemerintah yang menghasilkan undang-undang yang sangat krusial,"""" terangnya. """"Sayangnya, sekarang revisi UU TNI dilakukan dengan cara yang terburu-buru dan kurang melibatkan masyarakat. Ini yang saya sayangkan,"""" tutup Arry."""
"Demo Tolak UU TNI Kembali  Digelar di Bandung,21 Mar 2025 17:35,https://www.detik.com/jabar/berita/d-7835240/demo-tolak-uu-tni-kembali-digelar-di-bandung,""Massa yang menolak disahkannya RUU TNI menjadi UU kembali menggelar aksi demonstrasi di depan gedung DPRD Jawa Barat, Jalan Diponegoro, Kota Bandung, Jumat (21/3/2025) sore. PantauandetikJabarpukul 17.16 WIB massa memakai baju hitam-hitam dengan membentangkan berbagai spanduk dan mencorat-coret tembok dengan tulisan 'Kembalikan TNI ke Barak', 'tolak UU TNI'. """"Kami minta DPR itu menolak habis-habisan RUU TNI. Kan kemarin sudah disiarkan, sudah disahkan. Kami minta DPR tarik kembali,"""" ucap Ahmad Siddiq perwakilan massa. SCROLL TO CONTINUE WITH CONTENT """"Jika TNI sudah masuk ke lembaga, bagaimana nasib rakyat ini? Bagaimana ketika TNI sudah masuk ke sipil, bagaimana nasib rakyat? TNI itu diwajibkan untuk menjaga keamanan negara, bukan masuk ke ranah-ranah sipil,"""" tegasnya. Aksi mulai berjalan anarkis dimana massa sudah mulai melempar petasan bahkan bom molotov ke dalam Gedung DPRD yang dijaga ketat petugas kepolisian Terlihat di lokasi kobaran api muncul dari ban bekas yang dibakar di tengah-tengah kerumunan massa serta di dalam area Gedung DPRD Jabar. Ratusan massa masih bertahan di depan Gedung DPRD Jawa Barat dalam aksi demonstrasi penolakan UU TNI. Massa berupaya masuk ke dalam area gedung yang dijaga ketat polisi. PantauandetikJabar,Jumat (21/3/2025) pukul 19.01 WIB, massa masih menyuarakan tuntutannya agar pengesahan UU TNI dibatalkan. Massa yang ingin masuk berupaya menjebol gerbang Gedung DPRD. Mereka juga terus-menerus melemparkan petasan hingga bom molotov ke dalam. Sementara di luar gedung DPRD, Jalan Diponegoro ditutup total. Pengendara dialihkan dengan melintasi Jalan Cilamaya dan Jalan Trunojoyo hingga Jalan Aria Jipang."""
"Demo Tolak UU TNI di Sukabumi Ricuh, 10 Orang Diamankan,24 Mar 2025 21:47,https://www.detik.com/jabar/berita/d-7839872/demo-tolak-uu-tni-di-sukabumi-ricuh-10-orang-diamankan,""Aksi demonstrasi menolak Undang-Undang (UU) TNI yang dilakukan oleh Aliansi Badan Eksekutif Mahasiswa Sukabumi (ABSI) di depan Gedung DPRD Kota Sukabumi berujung ricuh. Bentrokan antara massa aksi dan aparat kepolisian tak terhindarkan, menyebabkan 10 orang diamankan. Selain itu, beberapa peserta aksi mengalami luka-luka dan harus mendapatkan perawatan medis. Awalnya, demonstrasi berlangsung damai dengan mahasiswa menyampaikan orasi dan tuntutan mereka terkait revisi UU TNI. Namun, situasi mulai memanas ketika massa mencoba menerobos masuk ke dalam gedung DPRD. Aparat kepolisian yang berjaga merespons dengan menembakkan water cannon untuk membubarkan massa. Dorong-mendorong antara mahasiswa dan aparat pun terjadi. Tak hanya itu, sejumlah demonstran melempar cat ke arah petugas, memicu tindakan tegas dari kepolisian. SCROLL TO CONTINUE WITH CONTENT Ketua DPRD Kota Sukabumi Wawan Juanda menyayangkan aksi yang berujung kericuhan tersebut. Dalam insiden ini, beberapa mahasiswa diamankan, sementara yang lainnya mengalami cedera akibat bentrokan. """"Demo yang pertama dan kedua alhamdulillah tidak bermasalah, selalu kondusif. Tapi yang hari ini sangat disayangkan, mungkin ada penyusup. Saya yakin mahasiswa yang benar-benar ingin menyampaikan aspirasi tidak akan melakukan tindakan anarkis,"""" kata Wawan kepada detikJabar, Senin (24/3/2025) malam. Pihak kepolisian mengamankan 10 orang yang diduga terlibat dalam aksi yang berujung ricuh. Wawan Juanda menyebut bahwa dirinya sempat melihat langsung penanganan terhadap massa yang diamankan. """"Tadi saya menyaksikan langsung, dan saya lihat penanganannya cukup bagus. Saya sempat mewawancarai salah satunya, mengaku bernama Nizar dari Unpas Bandung, tapi rumahnya di Cireunghas, Sukaraja. Dia bilang ini adalah aksi yang sudah direncanakan, jihad katanya, sambil pulang mudik,"""" ujarnya. Ketua DPRD Sebut Ada Penyusup dalam Aksi Wawan Juanda menilai bahwa aksi ini tidak sepenuhnya murni dilakukan oleh mahasiswa. Ia menduga ada pihak lain yang menunggangi demo sehingga berujung ricuh. """"Saya yakin bukan mahasiswa yang menjadi biang keroknya, tapi ada penunggang gelap. Hal seperti ini sering terjadi, dan kami memaklumi jika ada pihak yang memprovokasi,"""" kata dia. Terkait proses hukum terhadap massa yang diamankan, ia menyerahkan sepenuhnya kepada pihak kepolisian. """"Kalau memang ada pelanggaran pidana atau perusakan, polisi yang lebih paham. Kami di DPRD hanya menampung aspirasi mereka,"""" jelasnya. Dalam aksi ini, gerbang Gedung DPRD Kota Sukabumi mengalami kerusakan akibat dorongan massa. Wawan Juanda memastikan bahwa pihaknya segera melakukan perbaikan. """"Kami sudah sepakat dengan pimpinan dan Sekwan, akan segera mengganti gerbang yang rusak dengan yang lebih baik,"""" ujarnya. Ia juga membantah isu bahwa renovasi gedung ini dilakukan dengan dana yang tidak transparan dan menggunakan dana yang diefisiensi. """"Renovasi ini murni bantuan CSR dari BjB,"""" tambahnya. Menanggapi tuntutan mahasiswa terkait revisi UU TNI, Wawan menyarankan agar mahasiswa mengajukan judicial review ke Mahkamah Konstitusi (MK) dibanding melakukan demonstrasi di daerah. """"Saya sampaikan ke mahasiswa, karena ini sudah menjadi UU dan sudah diketok palu, maka sebaiknya jalur terbaik adalah judicial review. Teman-teman dari UI sudah mengajukan, kita tunggu saja hasilnya,"""" tutupnya. Hingga malam hari, aparat kepolisian masih berjaga di sekitar Gedung DPRD Kota Sukabumi untuk mengantisipasi kemungkinan aksi lanjutan."""
"Menhan Tegaskan Tak Ada Intervensi Prabowo soal Revisi UU TNI,20 Mar 2025 17:29,https://www.detik.com/jogja/berita/d-7833362/menhan-tegaskan-tak-ada-intervensi-prabowo-soal-revisi-uu-tni,""Menteri Pertahanan (Menhan) Sjafrie Sjamsoeddin menegaskan tidak ada intervensi Presiden Prabowo Subianto dalam revisi UU TNI. Sjafrie menyebut pembahasan hingga pengesahan perubahan UU Nomor 34 Tahun 2004 tentang TNI sepenuhnya hasil kesepakatan pemerintah dan DPR. """"Itu semuanya adalah hasil kesepakatan pemerintah dengan DPR. Tidak ada permintaan Presiden,"""" kata Sjafrie di gedung MPR/DPR/DPD, Jakarta Pusat, Kamis (20/3/2025), dilansirdetikNews. Sjafrie mengatakan, Prabowo tidak memberikan pesan khusus kepada Kemhan terkait pembahasan dan pengesahan revisi UU TNI. Dia mengatakan Prabowo selaku Presiden tetap akan mengikuti peraturan yang berlaku. SCROLL TO CONTINUE WITH CONTENT """"Penekanan Presiden ikuti peraturan yang berlaku. Sekarang kan sudah,"""" ujarnya. Sjafrie juga menegaskan pengesahan revisi UU TNI ini tidak akan mengembalikan TNI ke zaman Orde Baru, seperti di kepemimpinan Presiden ke-2 RI Soeharto. Dia juga membantah pembahasan RUU TNI dinilai tidak transparan. """"Nggak ada. Orde Baru kita nggak pakai lagi. Sekarang adalah satu orde yang ingin menegakkan pembangunan kekuatan TNI yang hormat terhadap demokrasi dan supremasi sipil,"""" tuturnya. Untuk diketahui, DPR RI resmi mengesahkan Rancangan Undang-Undang tentang Perubahan atas Undang-Undang Nomor 34 Tahun 2004 tentang Tentara Nasional Indonesia atau RUU TNI menjadi undang-undang. Keputusan ini diambil dalam rapat paripurna yang dihadiri oleh sejumlah menteri. DilansirdetikNews, rapat terselenggara di ruang Paripurna gedung DPR RI, Senayan, Jakarta Pusat, Kamis (20/3/2025). Rapat dipimpin oleh Ketua DPR RI Puan Maharani yang didampingi Wakil Ketua DPR yang lain, seperti Sufmi Dasco Ahmad, Saan Mustopa, dan Adies Kadir. Menteri Pertahanan Sjafrie Sjamsoeddin, Panglima TNI Jenderal Agus Subiyanto, Wamenkeu Thomas Djiwandono, hingga Menteri Sekretaris Negara Prasetyo Hadi hadir dalam rapat paripurna. Puan kemudian mempersilakan Ketua Panja RUU TNI, Utut Adianto, menyampaikan laporan pembahasan RUU TNI. Utut menyampaikan beberapa poin krusial terkait kedudukan TNI, usia pensiun, hingga keterlibatan TNI aktif di kementerian atau lembaga. Ia memastikan tak adanya dwifungsi TNI dalam pembahasan revisi UU ini. Selepas Utut menyampaikan laporannya, Puan lantas menanyakan kepada anggota Dewan yang hadir apakah RUU tersebut dapat disepakati menjadi undang-undang. Mayoritas menjawab setuju. """"Kami menanyakan kepada seluruh anggota apakah Rancangan Undang-Undang tentang Perubahan atas Undang-Undang Nomor 34 Tahun 2004 tentang Tentara Nasional Indonesia, apakah dapat disetujui untuk disahkan menjadi undang-undang?"""" kata Puan Maharani. """"Setuju,"""" jawab peserta sidang diikuti dengan ketukan palu tanda pengesahan. Adapun RUU TNI ini telah disepakati pada tingkat pertama antara Komisi I DPR RI dengan pemerintah, Selasa (18/3). Kendati demikian, H-1 jelang paripurna perwakilan pemerintah dalam hal ini Menkum Supratman Andi Agtas, Wamenkeu Thomas Djiwandono, Wamenhan Donny Ermawan Taufanto hingga Wamensesneg Bambang Eko Suhariyanto sempat rapat kembali dengan Komisi I DPR RI selama kurang lebih dua jam secara tertutup. Supratman mengatakan rapat itu untuk memperbaiki hal teknis, bukan untuk mengubah substansi. Ia memastikan tak ada upaya dwifungsi TNI."""
"Mahasiswa Trisakti Desak Prabowo Terbitkan Perppu agar UU TNI Batal,20 Mar 2025 16:12,https://www.detik.com/jateng/berita/d-7833214/mahasiswa-trisakti-desak-prabowo-terbitkan-perppu-agar-uu-tni-batal,""Mahasiswa Universitas Trisakti meminta Presiden Prabowo Subianto menerbitkan Peraturan Pemerintah Pengganti Undang-undang (Perppu). Mereka berharap Perppu itu bisa menjadi solusi untuk membatalkan UU TNI hasil revisi yang sudah disahkan DPR. """"Kami akan terus bergerak dan mendorong Presiden Prabowo untuk melakukan Peraturan Pemerintah Pengganti Undang-Undang. Yang nantinya kami berharap perppu ini membatalkan hasil paripurna pada pagi hari ini,"""" kata Presiden Mahasiswa Universitas Trisakti, Faiz Nabawi Mulya, kepada wartawan di gedung DPR RI, Senayan, Jakarta Pusat, Kamis (20/3/2025), dilansirdetikNews. Faiz menilai Undang-undang TNI ini justru menyampingkan konsepsi supremasi sipil. Dia menerangkan UU TNI malah menimbulkan perluasan militer dalam kepentingan politik. SCROLL TO CONTINUE WITH CONTENT """"Kami tidak ingin adanya perluasan militer dalam kepentingan demokrasi. Bagi kami hak militer adalah menjaga kedaulatan negara. Bukan ikut ke dalam kontestasi politik ataupun ikut ke dalam ranah-ranah sipil yang juga justru akan berpengaruh terhadap bahwa benturan antara militer dan sipil,"""" ungkap Faiz. Faiz mengaku kecewa pertemuannya dengan Menteri Hukum RI, Supratman Andi Agtas, tidak membuahkan hasil positif. Sebab, RUU TNI tersebut pada akhirnya tetap disahkan oleh DPR. """"Tapi fakta dan nyatanya di hari ini, di pagi harinya justru DPR dengan sengaja mengolok-olok dan juga mungkin mempermainkan masyarakat sipil yang juga banyak menolak untuk tetap mengesahkan undang-undang TNI. Itu yang pada akhirnya membuat kami kecewa. Bertemu menteri itu tidak menyelesaikan masalah,"""" kata dia. Diketahui, DPR RI resmi mengesahkan Rancangan Undang-Undang tentang Perubahan atas Undang-Undang Nomor 34 Tahun 2004 tentang Tentara Nasional Indonesia atau RUU TNI menjadi undang-undang. Keputusan ini diambil dalam rapat paripurna yang dihadiri oleh sejumlah menteri. Rapat terselenggara di ruang Paripurna, Gedung DPR RI, Senayan, Jakarta Pusat, Kamis (20/3/2025). Rapat dipimpin oleh Ketua DPR RI Puan Maharani yang didampingi Wakil Ketua DPR yang lain seperti Sufmi Dasco Ahmad, Saan Mustopa, dan Adies Kadir. Menteri Pertahanan Sjafrie Sjamsoeddin, Panglima TNI Jenderal Agus Subiyanto, Wamenkeu Thomas Djiwandono hingga Menteri Sekretaris Negara Prasetyo Hadi hadir dalam rapat paripurna. Puan kemudian mempersilakan Ketua Panja RUU TNI, Utut Adianto, untuk menyampaikan laporan pembahasan RUU TNI. Utut menyampaikan beberapa poin krusial terkait kedudukan TNI, usia pensiun, hingga keterlibatan TNI aktif di kementerian atau lembaga. Ia memastikan tak adanya dwifungsi TNI dalam pembahasan revisi UU ini. Selepas Utut menyampaikan laporannya, Puan lantas menanyakan kepada anggota Dewan yang hadir apakah RUU tersebut dapat disepakati menjadi undang-undang. Mayoritas menjawab setuju. """"Kami menanyakan kepada seluruh anggota apakah Rancangan Undang-Undang tentang Perubahan atas Undang-Undang Nomor 34 Tahun 2004 tentang Tentara Nasional Indonesia, apakah dapat disetujui untuk disahkan menjadi undang-undang?"""" kata Puan Maharani. """"Setuju,"""" jawab peserta sidang diikuti dengan ketukan palu tanda pengesahan. Adapun RUU TNI ini telah disepakati pada tingkat pertama antara Komisi I DPR RI dengan pemerintah, Selasa (18/3). Kendati demikian, H-1 jelang paripurna perwakilan pemerintah dalam hal ini Menkum Supratman Andi Agtas, Wamenkeu Thomas Djiwandono, Wamenhan Donny Ermawan Taufanto hingga Wamensesneg Bambang Eko Suhariyanto sempat rapat kembali dengan Komisi I DPR RI selama kurang lebih dua jam secara tertutup. Supratman mengatakan rapat itu untuk memperbaiki hal teknis bukan untuk mengubah substansi. Ia memastikan tak ada upaya dwifungsi TNI."""
"Tuai Penolakan, Rachmat Hidayat PDIP Klaim UU TNI Tak Hidupkan Dwifungsi ABRI,25 Mar 2025 21:23,https://www.detik.com/bali/nusra/d-7841619/tuai-penolakan-rachmat-hidayat-pdip-klaim-uu-tni-tak-hidupkan-dwifungsi-abri,""Anggota Komisi I DPR Rachmat Hidayat menyebut pengesahan revisi Undang-Undang (UU) TNI tidak akan menghidupkan kembali dwifungsi ABRI. Politikus PDIP itu mengeklaim revisi tersebut justru memperkuat supremasi sipil dan menjadikan TNI lebih baik. Seperti diketahui, pengesahan revisi UU TNI menuai kritik dan memicu gelombang penolakan di berbagai daerah. Massa menggelar demonstrasi lantaran khawatir UU TNI tersebut dapat melemahkan masyarakat. Rachmat mengungkapkan dirinya merupakan salah satu korban dwifungsi ABRI di era Orde Baru. Ia menyatakan akan menentang revisi UU TNI jika dijadikan alat untuk mengembalikan kebijakan Orde Baru tersebut. SCROLL TO CONTINUE WITH CONTENT """"Saya tahu betul bagaimana rasanya hidup di bawah dwifungsi ABRI. Sebagai korban langsung dwifungsi ABRI, saya yang pertama akan berdiri menentang revisi UU TNI jika itu membuka jalan bagi kembalinya militerisme di ranah sipil,"""" ujar Rachmat kepadadetikBalimelalui WhatsApp, Selasa (25/3/2025). Rachmat merupakan salah satu anggota Panja Revisi UU TNI. Anggota dewan asal Nusa Tenggara Barat (NTB) itu mengaku tidak pernah absen dan melewatkan pembahasan revisi UU tersebut. Ia mengeklaim proses pembahasan revisi UU TNI sangat kritis, ketat, dan detail. """"Tidak hanya Fraksi PDI Perjuangan. Seluruh fraksi juga memiliki komitmen yang sama untuk menutup jalan dan celah kembalinya dwifungsi ABRI,"""" imbuh politikus senior PDIP itu. Menurut Rachmat, tidak ada yang harus dicemaskan publik seusai pengesahan revisi UU TNI. Ia menilai UU TNI masih berjalan dalam koridor dan semangat reformasi. """"Revisi UU TNI itu memastikan bahwa era militeristik Orde Baru tak akan kembali. Tidak ada celah dwifungsi ABRI. Reformasi terus berjalan dan supremasi sipil tetap menjadi prinsip utama dalam demokrasi kita,"""" imbuhnya. Ratusan mahasiswa yang tergaubung dalam Aliansi Mahasiswa dan Rakyat NTB menggelar aksi demonstrasi di depan gedung DPRD Provinsi NTB, Selasa. Mereka menuntut UU TNI dibatalkan. Pada aksi sebelumnya, para mahasiswa juga menyerukan agar TNI dikembalikan ke barak. """"Kami menolak UU TNI yang sudah disahkan oleh DPR RI. Kami anggap beberapa pasal UU TNI ini menghantui sipil,"""" ungkap Ketua Badan Eksekutif Mahasiswa (BEM) Universitas Mataram (Unram) Lalu Nazir Huda. Nazir mengatakan pembahasan revisi UU TNI tidak tranparan. Ia menilai revisi UU TNI yang telah disahkan oleh DPR itu dapat mengembalikan dwifungsi ABRI seperti era Orde Baru. """"Kalau UU ini tidak bisa dibatalkan kami akan demo jilid II,"""" imbuh Nazir."""
"Momen 4 Jam Prabowo Diwawancari 7 Jurnalis Senior, Bahas UU TNI-IHSG,07 Apr 2025 14:36,https://news.detik.com/berita/d-7857772/momen-4-jam-prabowo-diwawancari-7-jurnalis-senior-bahas-uu-tni-ihsg,""Presiden Prabowo Subiantomelakukan sesi wawancara dengan tujuh jurnalis senior lintas media. Wawancara berdurasi empat jam ini membahas sejumlah topik yang banyak menjadi perhatian publik. Wawancara dilaksanakan di kediaman Prabowo di Hambalang, Bogor, Jawa Barat, pada Minggu (6/4). Para jurnalis senior yang hadir mulai dari Pemimpin RedaksitvOneLalu Mara Satriawangsa, Pemimpin RedaksiIDN TimesUni Lubis, Founder Narasi Najwa Shihab, Pemimpin RedaksidetikcomAlfito Deannova Gintings, Pemimpin RedaksiSCTV-IndosiarRetno Pinasti, dan Pemimpin Redaksi/Penanggung Jawab HarianKompasSutta Dharmasaputra. Tidak ada batasan topik dalam wawancara tersebut. Isu dari UU TNI hingga jebloknya IHSG ditanyakan langsung ke Prabowo dengan semua jawaban bersifaton the recordatau bisa dikutip untuk ditayangkan di media. SCROLL TO CONTINUE WITH CONTENT Pemimpin Redaksi HarianKompas,Sutta Dharmasaputra, menjelaskan sesi wawancara dimulai dengan paparan capaian yang telah diraih pemerintahan Prabowo-Gibran sejak dilantik pada 20 Oktober silam. Setelah itu, para jurnalis langsung mencecar Prabowo dengan beragam pertanyaan. """"Kemudian setelah itu kita beri kesempatan untuk masing-masing pemerintah mengajukan pertanyaan. Kalau saya rangkum, pertanyaannya itu banyak ya. Mulai dari persoalan geoekonomi ya, karena pertama terkait dengan Trump,"""" kata Sutta, dikutip Senin (7/4/2025). """"Kemudian juga ada isu-isu ekonomi. Mulai dari penciptaan lapangan kerja. Kemudian bagaimana peran sektor swasta ke depan,"""" lanjutnya. Pemimpin RedaksiIDN Times, Uni Lubis, mengatakan semua tema pertanyaan yang dilontarkan ke Prabowo bersifat 'hot'. Dia mengaku Prabowo juga tidak mengetahui sebelumnya daftar pertanyaan yang akan ditanyakan para jurnalis dalam pertemuan tersebut. """"Tapi yanghighlight-nya menurut saya yang menarik satu, kami itu tidak ditanya, mau nanya apa. Sehingga Presiden itu tidak tahu kami akan nanya apa, termasuk akan dikritik soal apa. Menurut saya itu hal yang baik, karena masih ada narasumber yang suka nanya dulu pertanyaannya apa,"""" ucapnya. """"Presiden siap menjawab pertanyaan apa saja, siap untuk dikritik, siap untuk di-challenge backdari jawabannya, dan semua pertanyaan dijawab cukup lengkap. Apakah jawabannya memuaskan atau tidak, tentu masing-masing kita yang bertanya punya ukurannya sendiri-sendiri. Tapi menurut saya ini langkah yang baik untuk menggambarkan keterbukaan dari pemerintahan Presiden Prabowo,"""" lanjutnya. Founder Narasi, Najwa Shihbab, mengatakan momen wawancara di Hambalang tersebut merupakan kesempatan berharga untuk mengulik pandangan Prabowo dalam sejumlah isu yang sensitif di masyarakat. Dia mengatakan rekaman wawancara denganPrabowoitu memiliki durasi empat jam. """"Jurnalis kan selalu berusaha untuk mendapatkan konfirmasi informasi sumber A1, orang nomer satu. Dan karena ketika kemudian saya dilibatkan untuk terlibat dalam wawancara bersama enam jurnalis yang lainnya, ini kesempatan yang berharga. Yang kemudian tadi kita lihat, waktu yang diberikan juga sangat generous, waktu rekaman dari mulai jam 9 pagi sampai hampir jam 1 siang,"""" jelasnya. Najwa menjelaskan topik pertanyaan yang dilontarkan para jurnalis kepada Prabowo beragam. Dia juga menyebut tidak ada batasan isu pertanyaan dalam sesi wawancara tersebut. """"Dan yang menarik adalah sejak awal memang tidak pernah ada batasan mau bertanya apa, silahkan saja. Jadi yang diatur hanya kurang lebih mekanisme formatnya, karena kan memang ada enam wartawan, satu moderator dariTVRI. Jadi yang diatur hanyalah wartawan bertanya seharusnya satu pertanyaan dan satufollow up question, kemudianmutarbegitu,"""" terangnya. Najwa mengungkap kemudian dalam perkembangannya Prabowo tidak keberatan ketika para jurnalis mengajukan pertanyaan-pertanyaanfollow upyang lain. """"Seperti ketika saya bertanya soal RUU Polri, walaupun moderator kerap berusaha memotong, tapi kemudian Pak Prabowo malah justru tidak apa-apa, silahkan bertanya saja. Karena memang saya merasa sayang kesempatannya ketika kita mengkonfirmasi isu yang penting dan tidak mendapat jawaban tuntas, padahal yang kita tanyakan langsung orang nomor satu di negeri ini,"""" ucapnya. Lebih lanjut Najwa berharap momen wawancara dengan Prabowo itu bisa terus dilakukan. Dia menekankan transparansi pemerintah dalam menjelaskan kebijakan kepada publik lewat kemudahan wawancara dengan media. """"Dan semakin banyak media yang bisa terlibat, karena kan media kan tentunya juga beda-beda prioritasnya, beda-beda target audiensnya. Jadi media yang khusus bicara seni, pertanyaan yang diajukan juga pastinya kan yang berkaitan dengan kepentingan pembacanya. Media olahraga tentu nanti bertanya juga seputar isu-isu olahraga,"""" pungkas Najwa."""
"Puan Maharani Tanggapi Demo UU TNI di Berbagai Daerah: Tolong Baca Dulu,25 Mar 2025 11:41,https://news.detik.com/berita/d-7840469/puan-maharani-tanggapi-demo-uu-tni-di-berbagai-daerah-tolong-baca-dulu,""Ketua DPR RI, Puan Maharani, menanggapi aksi penolakan terhadapUndang-Undang TNIyang meluas di berbagai daerah. Puan meminta massa yang melakukan aksi demo untuk membaca isi UU TNI terlebih dahulu. """"Pertama, ini baru selesai disahkan, kemudian penomorannya pun baru selesaidinomorin.Jadi tolong baca dahulu secara baik-baik isinya, apakah kemudian isinya itu ada yang tidak sesuai, apakah isinya itu kemudian ada yang mencurigakan, apakah isinya itu memang tidak sesuai dengan yang diharapkan,"""" kata Puan dalam konferensi pers usai penutupan masa sidang ke-16 DPR RI, Senayan, Jakarta Pusat, Selasa (25/3/2025). Puan pun meminta semua pihak menahan diri di bulan suci Ramadan. Puan mengajak masyarakat menjalani ibadah puasa dengan damai hingga selesai. SCROLL TO CONTINUE WITH CONTENT """"Jadi kalau kemarin yang beredar itu memang tidak sesuai dengan yang diharapkan dan apa yang sudah diputuskan itu memang tidak sesuai diharapkan, barulah kemudian melakukan tindakan-tindakan yang kemudian memang harus diprotes. Namun, kalau kemudian belum baca, tolong baca dahulu,"""" kata dia. """"Jadi ini bulan puasa, bulan penuh berkah apalagi sudah menjelang hari raya Idul Fitri, marilah kita sama-sama menahan diri, marilah kita sama-sama bisa menjalani bulan puasa yang tinggal beberapa hari ini dengan lebih berkah, dengan lebih damai sampai selesai,"""" ujar Puan. Puan menyebut isi UU TNI sudah bisa diakses. Karenanya, dia meminta publik untuk membaca isi UU TNI terlebih dahulu sebelum protes. """"Jadi tolong kita sama-sama menahan diri dan tolong baca kan sudah ada di website DPR dan sudah bisa dibaca di publik,"""" tambahnya. Diketahui, gelombang massa demo yang menolak UU TNI yang baru disahkan DPR meluas ke berbagai daerah. Ada beragam alasan massa menggelar demo, salah satunya mereka khawatir UU TNI tersebut dapat melemahkan masyarakat. Dirangkumdetikcom, Selasa (25/3/2025), massa demo tolak UU TNI yang digelar sejak Kamis (20/3) hingga Senin (24/3) kemarin tersebar di berbagai wilayah, tidak hanya di Jakarta, tetapi juga di Majalengka dan Bandung Jawa Barat, di Surabaya Jawa Timur, Makassar Sulawesi Selatan, Mataram NTT, Palangkaraya, Semarang, serta Lumajang Jatim. Ada beragam tuntutan massa demo, salah satunya menuntut agar pengesahan RUU TNI dibatalkan."""
"Gelombang Protes Mahasiswa Sumsel Tolak Revisi UU TNI di DPRD Sumsel,25 Mar 2025 22:20,https://www.detik.com/sumbagsel/berita/d-7841498/gelombang-protes-mahasiswa-sumsel-tolak-revisi-uu-tni-di-dprd-sumsel,""Protes terhadap revisi Undang-Undang TNI juga terjadi di Kota Palembang, Sumatera Selatan. Ratusan mahasiswa menggeruduk DPRD Sumsel setelah sebelumnya berorasi di Simpang Lima, Selasa (25/3/2025). Mereka juga membakar ban di lokasi tersebut. Mahasiswa yang tergabung dalam aliansi ini berasal dari berbagai kampus, termasuk UIN Raden Fatah, Universitas Muhammadiyah Palembang, Universitas IBA, Universitas Palembang, serta beberapa perguruan tinggi lainnya. Koordinator aksi Muhammad Reyhan mengatakan aksi yang dilakukan sebagai kontrol sosial dan tanggung jawab mengawal demokrasi dan supremasi sipil. SCROLL TO CONTINUE WITH CONTENT """"Kami tegas menolak revisi UU TNI yang membuka peluang bagi TNI aktif untuk menduduki jabatan sipil di luar instansi yang diperbolehkan oleh undang-undang,"""" ujarnya. Tuntutan dalam aksi itu, pertama menolak revisi UU TNI. Kedua, mendesak agar TNI aktif yang menjabat di jabatan sipil segera mundur. Ketiga, kita dikembalikan supremasi sipil. """"Keempat, kami juga mendesak DPR RI untuk segera mengesahkan UU perampasan aset,"""" katanya. Presiden Mahasiswa Universitas IBA Royhan menambahkan, revisi UU TNI bertentangan dengan semangat reformasi 1998. TNI seharusnya tetap dalam koridor reformasi yang telah diperjuangkan sejak 1998. """"Keterlibatan TNI dalam ranah sipil ini bertentangan dengan semangat reformasi dan mengancam kebebasan sipil,"""" ujarnya. Dia juga menyebut bahwa mahasiswa tak boleh diam ketika kekuasaan disalahgunakan. """"Kita pastikan TNI tetap di jalurnya dan tidak menjadi alat politik,"""" imbuhnya. Ketua DPRD Sumsel Andie Dinialdie yang menemui massa aksi menyampaikan apresiasi atas kepedulian mahasiswa terhadap demokrasi. """"Kami siap menampung dan meneruskan tuntutan ini, terutama terkait revisi UU TNI. Saya pernah merasakan bagaimana kekuasaan digunakan secara represif dan saya mendukung perjuangan mahasiswa menjaga amanat reformasi,"""" ujarnya. Dia juga menyebut akan mengakomodir mahasiswa dalam menyampaikan aspirasi ke DPR RI. """"Jika ada perwakilan mahasiswa yang ingin kami fasilitasi untuk menyampaikan tuntutan ini ke DPR RI, kami siap membantu,"""" katanya."""
"Pakar Hukum UB Singgung Orde Baru Usai UU TNI Disahkan,20 Mar 2025 19:40,https://www.detik.com/jatim/berita/d-7833581/pakar-hukum-ub-singgung-orde-baru-usai-uu-tni-disahkan,""DPR RI telah mengesahkan Rancangan Undang-undang tentang Perubahan atas Undang-undang Nomor 34 Tahun 2004 tentang Tentara Nasional Indonesia atau RUU TNI menjadi undang-undang. Dari proses pembahasan sampai pengesahan dinilai telah mencederai demokrasi. Pakar hukum Universitas Brawijaya (UB) Aan Eko Widiarto mengatakan ada dua hal yang cukup penting dalam proses lahirnya RUU TNI menjadi produk undang-undang yang disahkan oleh DPR RI hari ini. """"Pertama, Aan menilai terkait proses dan kedua adalah soal subtansinya,"""" kata Aan kepadadetikJatim, Kamis (20/3/2025). SCROLL TO CONTINUE WITH CONTENT Menurut Aan, dalam proses pembahasan draft RUU TNI sudah menanggalkan meaningful participation atau minim mengakomodir partisipasi dari masyarakat. Bahkan ironisnya cenderung menolak partisipasi masyarakat. """"Soal prosesnya ini sebagaimana kita ketahui, pembahasan RUU yang menurut saya belum memenuhi yang namanya prinsip meaningful participation,"""" tuturnya. """"Terkesan dilakukan secara tertutup, minim partisipasi masyarakat, bahkan cenderung menolak partisipasi masyarakat,"""" sambungnya. Aan menambahkan konteks tertutup selama proses pembahasan adalah rancangan undang-undang yang tidak disebarluaskan ke masyarakat. Sehingga memungkinkan masyarakat untuk menyampaikan pendapatnya terhadap rancangan yang sedang dibahas. """"Kemudian yang kedua dari sisi persidangannya juga begitu dilakukan secara tertutup. Bahkan di tengah seruan pemerintah untuk melakukan efisiensi malah dilakukan di tempat yang sangat sulit terjangkau oleh masyarakat, yaitu di hotel mewah begitu,"""" terangnya. Kondisi itu, lanjut Aan, menunjukkan bahwa proses pembahasan RUU TNI ini juga tidak memenuhi prinsip meaningful participation. Belum lagi dari sisi substansi, kata Aan, sebagaimana diketahui dan dari draft yang disahkan oleh DPR RI. Dengan peluang adanya lembaga ataupun instansi dapat diisi oleh personel TNI aktif. """"Nah ini memang menunjukkan bahwasannya peran dari TNI aktif untuk menduduki jabatan sipil itu semakin lebar. Akibatnya adalah apa yang terjadi pada waktu Orde Baru dulu dan kemudian diaspirasikan,"""" tuturnya. Aan mengungkapkan jika dwi fungsi TNI secara terang sudah ditolak masyarakat hingga lahirnya reformasi tahun 1998 lalu. Sebenarnya, kata Aan, dalam konteks negara sudah diatur kapan TNI harus tampil dan kapan TNI itu harus ada di belakangnya komando supremasi sipil. """"Akhirnya sekarang rancu, tidak ada pembagian mana yang ranahnya supremasi sipil dan mana yang negara dalam keadaan darurat sehingga di sana harusnya menjadi darurat militer,"""" tandasnya. """"Seolah-olah kalau semuanya bisa atau namanya banyak militer dalam instansi sipil ini kan kondisinya menjadi darurat militer. Dan dalam sebuah konteks negara demokrasi sebenarnya jauh seharusnya dari darurat militer. Negara demokrasi itu adalah kedaulatan rakyat,"""" pungkasnya."""
"Mahasiswa Trisakti Minta Prabowo Terbitkan Perppu Batalkan UU TNI,20 Mar 2025 15:21,https://news.detik.com/berita/d-7833107/mahasiswa-trisakti-minta-prabowo-terbitkan-perppu-batalkan-uu-tni,""Mahasiswa Trisakti meminta PresidenPrabowo Subiantomenerbitkan Peraturan Pemerintah Pengganti Undang-Undang (Perppu) usai DPR RI mengesahkanRUU TNImenjadi undang-undang. Mereka berharap Perppu bisa jadi solusi membatalkan undang-undang TNI hasil revisi. """"Kami akan terus bergerak dan mendorong Presiden Prabowo untuk melakukan Peraturan Pemerintah Pengganti Undang-Undang. Yang nantinya kami berharap perppu ini membatalkan hasil paripurna pada pagi hari ini,"""" kata Presiden Mahasiswa Universitas Trisakti, Faiz Nabawi Mulya, kepada wartawan di gedung DPR RI, Senayan, Jakarta Pusat, Kamis (20/3/2025). Faiz menilai undang-undang TNI ini justru menyampingkan konsepsi supremasi sipil. Dia mengatakan undang-undang TNI justru menimbulkan perluasan militer dalam kepentingan politik. SCROLL TO CONTINUE WITH CONTENT """"Kami tidak ingin adanya perluasan militer dalam kepentingan demokrasi. Bagi kami hak militer adalah menjaga kedaulatan negara. Bukan ikut ke dalam kontestasi politik ataupun ikut ke dalam ranah-ranah sipil yang juga justru akan berpengaruh terhadap bahwa benturan antara militer dan sipil,"""" ungkap Faiz. Dia juga mengaku merasa kecewa usai pertemuannya dengan Menteri Hukum RI Supratman Andi Agtas yang tidak berbuah hasil. Sebab, pada akhirnya DPR justru malah mengesahkan RUU TNI tersebut. """"Tapi fakta dannyatanyadi hari ini, di pagi harinya justru DPR dengan sengaja mengolok-olok dan juga mungkin mempermainkan masyarakat sipil yang juga banyak menolak untuk tetap mengesahkan undang-undang TNI. Itu yang pada akhirnya membuat kami kecewa. Bertemu menteri itu tidak menyelesaikan masalah,"""" kata dia. Seperti diketahui, DPR RI resmi mengesahkan Rancangan Undang-Undang tentang Perubahan atas Undang-Undang Nomor 34 Tahun 2004 tentang Tentara Nasional Indonesia atau RUU TNI menjadi undang-undang. Keputusan ini diambil dalam rapat paripurna yang dihadiri oleh sejumlah menteri. Rapat terselenggara di ruang Paripurna, Gedung DPR RI, Senayan, Jakarta Pusat, Kamis (20/3/2025). Rapat dipimpin oleh Ketua DPR RI Puan Maharani yang didampingi Wakil Ketua DPR yang lain seperti Sufmi Dasco Ahmad, Saan Mustopa, dan Adies Kadir. Menteri Pertahanan Sjafrie Sjamsoeddin, Panglima TNI Jenderal Agus Subiyanto, Wamenkeu Thomas Djiwandono hingga Menteri Sekretaris Negara Prasetyo Hadi hadir dalam rapat paripurna. Puan kemudian mempersilakan Ketua Panja RUU TNI, Utut Adianto, untuk menyampaikan laporan pembahasan RUU TNI. Utut menyampaikan beberapa poin krusial terkait kedudukan TNI, usia pensiun, hingga keterlibatan TNI aktif di kementerian atau lembaga. Ia memastikan tak adanya dwifungsi TNI dalam pembahasan revisi UU ini. Selepas Utut menyampaikan laporannya, Puan lantas menanyakan kepada anggota Dewan yang hadir apakah RUU tersebut dapat disepakati menjadi undang-undang. Mayoritas menjawab setuju. """"Kami menanyakan kepada seluruh anggota apakah Rancangan Undang-Undang tentang Perubahan atas Undang-Undang Nomor 34 Tahun 2004 tentang Tentara Nasional Indonesia, apakah dapat disetujui untuk disahkan menjadi undang-undang?"""" kata Puan Maharani. """"Setuju,"""" jawab peserta sidang diikuti dengan ketukan palu tanda pengesahan. Adapun RUU TNI ini telah disepakati pada tingkat pertama antara Komisi I DPR RI dengan pemerintah, Selasa (18/3). Kendati demikian, H-1 jelang paripurna perwakilan pemerintah dalam hal ini Menkum Supratman Andi Agtas, Wamenkeu Thomas Djiwandono, Wamenhan Donny Ermawan Taufanto hingga Wamensesneg Bambang Eko Suhariyanto sempat rapat kembali dengan Komisi I DPR RI selama kurang lebih dua jam secara tertutup. Supratman mengatakan rapat itu untuk memperbaiki hal teknis bukan untuk mengubah substansi. Ia memastikan tak ada upaya dwifungsi TNI. SimakVideo Puan ke Massa Demo Tolak UU TNI: Kami Siap Beri Penjelasan [Gambas:Video 20detik]"""
"Ikut Aksi Tolak UU TNI di DPR, Pendemo Khawatir Sulit Kerja di Luar Negeri,27 Mar 2025 17:55,https://news.detik.com/berita/d-7844903/ikut-aksi-tolak-uu-tni-di-dpr-pendemo-khawatir-sulit-kerja-di-luar-negeri,""Nett, salah satu peserta aksi mengungkapkan alasannya melakukan penolakan atas disahkannyarevisi UU TNImenjadi undang-undang oleh DPR RI. Dia mengaku khawatir akan sulit bekerja di luar negeri dengan adanya UU TNI yang baru ini. """"Karena takut negara Indonesia bakal jadimilitary-driven country. Itu jadi sorotan banget, karena kebetulan saya juga akan berangkat ke Jepang untuk bekerja. Jadi, jadi salah satu ketakutan terbesar kami juga sih,"""" kata Nett saat ditemui dalam aksi depan gedung DPR RI, Senayan, Jakarta Pusat, Kamis (27/3/2025). Dia mengaku mengetahui ada beberapa negara yang menolak menerima pekerja dari negara dengan kekuasaan militer. Dia menyebut tidak mau jika keinginannya bekerja di luar negeri bisa batal terlaksana karena keputusan DPR RI mengesahkan Revisi UU TNI. SCROLL TO CONTINUE WITH CONTENT """"Ada beberapa negara yang menolak untuk menerima pekerja darimilitary-driven country, salah satunya dari Korea. Teman saya di Korea, itu dia kenalay-offdari perusahaannya karena ya, itu tadi, dapat kabar bahwa revisi undang-undang TNI disahkan,"""" jelas Nett. """"Kami nggak mau peluang kami yang sudah kami ciptakan, yang sudah kami buat, itu hancur cuma gara-gara keputusan yang bukan keputusan kami. Itu sih yang paling utama,"""" sambungnya. Seperti diketahui, sejumlah orang yang menamakan diri Koalisi Masyarakat Sipil menggelar demo di depan gedung DPR/MPR RI sore ini. Mereka menolak tegas pengesahan RUU Nomor 34 Tahun 2004 tentang TNI. Sejumlah spanduk berisikan nada penolakan pun dipasang oleh mereka. Massa aksi juga membawa selebaran-selebaran yang berisikan pesan penolakan atas pengesahan RUU TNI menjadi undang-undang oleh DPR RI. Tuntutan yang disampaikan oleh mereka seperti 'Yang Pensiun Aja Rakus, Gimana Yang Aktif!'. Ada juga poster bertuliskan 'Selain Sipil, Dilarang Masuk!', kemudian 'Kembalikan TNI ke Barak' hingga 'Ranah Khusus Sipil, Kembalikan Militer ke Barak'. Selain itu, massa aksi ini turut membacakan puisi-puisi perjuangan secara emosional. Mereka juga sempat menyampaikan orasi-orasi yang terus membakar semangat massa aksi. Hingga saat ini, arus lalu lintas di Jalan Gatot Subroto depan gedung DPR/MPR RI tidak dapat dilintasi kendaraan akibat massa aksi yang luber ke jalan. Seluruh lajur ruas Jalan Gatot Subroto tertutup oleh massa aksi. Sebagai informasi, DPR RI resmi mengesahkan Rancangan Undang-Undang tentang Perubahan atas Undang-Undang Nomor 34 Tahun 2004 tentang Tentara Nasional Indonesia atau RUU TNI menjadi undang-undang. Keputusan ini diambil dalam rapat paripurna yang dihadiri oleh sejumlah menteri. Rapat terselenggara di ruang paripurna, gedung DPR RI, Senayan, Jakarta Pusat, Kamis (20/3). Rapat dipimpin oleh Ketua DPR RI Puan Maharani yang didampingi Wakil Ketua DPR yang lain, seperti Sufmi Dasco Ahmad, Saan Mustopa, dan Adies Kadir. Menteri Pertahanan Sjafrie Sjamsoeddin, Panglima TNI Jenderal Agus Subiyanto, Wamenkeu Thomas Djiwandono, hingga Menteri Sekretaris Negara Prasetyo Hadi hadir dalam rapat paripurna. Puan kemudian mempersilakan Ketua Panja RUU TNI, Utut Adianto, menyampaikan laporan pembahasan RUU TNI."""
"Video Kondisi 3 Korban Bentrok Demo Tolak UU TNI di Sukabumi,25 Mar 2025 10:11,https://20.detik.com/detikupdate/20250325-250325066/video-kondisi-3-korban-bentrok-demo-tolak-uu-tni-di-sukabumi,""Tiga orang dilarikan ke RSUD Syamsudin SH setelah terjadi bentrokan dalam demonstrasi penolakan UU TNI di Sukabumi. Ketiga korban itu terdiri atas dua massa aksi dan satu orang polisi. Dokter IGD sekaligus humas RSUD Syamsudin, dr Irfanugraha Triputra Irawan, menjelaskan kondisi ketiga korban."""
"Massa Aksi Tuntut Cabut UU TNI di Medan Baru Bubar Malam Ini,26 Mar 2025 20:11,https://www.detik.com/sumut/berita/d-7843340/massa-aksi-tuntut-cabut-uu-tni-di-medan-baru-bubar-malam-ini,""Puluhan mahasiswa di Medan melakukan aksi demo menuntut mencabut UU TNI yang baru di depan gerbang Kantor DPRD Sumut. Puluhan massa aksi hingga malam ini masih bertahan di sekitar lokasi. Pantauan detikSumut, Rabu (26/3/2025), pukul 19.47 WIB massa aksi bertahan di Jalan Kapten Maulana Lubis tepatnya di antara Kantor DPRD Medan dan Kantor Wali Kota Medan. Mereka terlihat melakukan dialog terkait kelanjutan aksi. Ratusan anggota polisi terlihat berjaga di sekitar lokasi, termasuk di depan Kantor DPRD Sumut. Dua mobil barakuda milik polisi terlihat distanbykan di lokasi. SCROLL TO CONTINUE WITH CONTENT Sebelum ke lokasi ini, massa aksi diketahui berjalan dari Kantor DPRD Sumut yang merupakan lokasi awal mereka demo. Puluhan massa aksi berjalan mengelilingi Lapangan Benteng dengan dikawal 2 mobil barakuda. Massa aksi masih bertahan di Jalan Kapten Maulana Lubis hingga pukul 19.50 WIB. Arus lalu lintas di sekitar lokasi terlihat padat merayap. Sebelumnya diberitakan, Puluhan mahasiswa di Medan melakukan aksi demo di depan gerbang DPRD Sumut sore ini. Arus lalu lintas terpantau mengalami kemacetan. Berdasarkan pantauan, Rabu (26/3) puluhan mahasiswa yang tergabung dalam Aliansi BEM Sumut duduk di tengah jalan. Hal ini menyebabkan arus lalu lintas sempat terganggu. Beberapa mahasiswa tampak berada di dalam pagar usai loncat memasuki gerbang. """"Kami tuntut pembatalan UU TNI,"""" teriak para massa aksi. Aksi demo sempat memanas yang bentrok pihak kepolisian. Massa aksi sempat membakar ban dan terlibat saling dorong-dorongan. Aksi demo sudah berlangsung sejak pukul 15.00 WIB namun hingga saat ini belum ada perwakilan DPRD yang keluar menemui massa aksi. """"Kami tidak percaya dengan DPRD, kami ingin jumpai mereka,"""" teriak massa aksi."""
"Petasan dan Semburan Air Water Cannon di Depan DPR Saat Aksi Tolak UU TNI,27 Mar 2025 19:07,https://news.detik.com/berita/d-7845032/petasan-dan-semburan-air-water-cannon-di-depan-dpr-saat-aksi-tolak-uu-tni,""Aksi tolakUU TNI-Revisi UU Polri di depan gedung DPR/MPR/DPD RI berakhir. Suara petasan serta semprotan water canon sempat terjadi sebelum aksi selesai. Massa aksi mulai membubarkan diri pada pukul 18.31 WIB. Mereka bubar setelah polisi memberi imbauan agar aksi penyampaian pendapat dilakukan secara baik-baik. Polisi mulai meminta massa aksi bubar menggunakan mobil pengurai massa. Mobil water canon juga ikut serta dalam upaya membubarkan massa aksi. SCROLL TO CONTINUE WITH CONTENT Namun, massa aksi sempat menolak untuk dibubarkan, mereka menyampaikan sedang melaksanakan buka puasa lebih dulu. Polisi pun sempat menunda upaya pembubaran massa ini. Setelah buka puasa selesai, polisi pun bergegas meminta massa aksi untuk bubar. Melihat dan mendengar seruan polisi untuk bubar, massa aksi masih mencoba menolak diiringi dengan lemparan petasan ke arah polisi. Pihak kepolisian pun mencoba menghentikan aksi lempar petasan ini dengan menggunakan semprotan water canon. Semprotan ini membuat beberapa massa aksi terjatuh. Secara perlahan massa aksi mulai mundur meninggalkan depan gedung DPR RI mengarah ke flyover Jakarta Conventions Center (JCC). Polisi turut mengawal massa aksi agar bisa bubar secara tertib. Seperti diketahui, sejumlah orang yang menamakan diri Koalisi Masyarakat Sipil menggelar demo di depan gedung DPR/MPR RI sore ini. Mereka menolak tegas pengesahan RUU Nomor 34 Tahun 2004 tentang TNI. Sejumlah spanduk berisikan nada penolakan dipasang oleh mereka. Massa aksi juga membawa selebaran-selebaran yang berisikan pesan penolakan atas pengesahanUU TNImenjadi undang-undang oleh DPR RI. Tuntutan yang disampaikan oleh mereka seperti 'Yang Pensiun Aja Rakus, Gimana Yang Aktif!'. Ada juga poster bertuliskan 'Selain Sipil, Dilarang Masuk!', kemudian 'Kembalikan TNI ke Barak' hingga 'Ranah Khusus Sipil, Kembalikan Militer ke Barak'. Selain itu, massa aksi ini turut membacakan puisi-puisi perjuangan secara emosional. Mereka juga sempat menyampaikan orasi-orasi yang terus membakar semangat massa aksi. Sebagai informasi, DPR RI resmi mengesahkan Rancangan Undang-Undang tentang Perubahan atas Undang-Undang Nomor 34 Tahun 2004 tentang Tentara Nasional Indonesia atau RUU TNI menjadi undang-undang. Keputusan ini diambil dalam rapat paripurna yang dihadiri oleh sejumlah menteri. Rapat terselenggara di ruang paripurna, gedung DPR RI, Senayan, Jakarta Pusat, Kamis (20/3). Rapat dipimpin oleh Ketua DPR RI Puan Maharani yang didampingi Wakil Ketua DPR yang lain, seperti Sufmi Dasco Ahmad, Saan Mustopa, dan Adies Kadir. Menteri Pertahanan Sjafrie Sjamsoeddin, Panglima TNI Jenderal Agus Subiyanto, Wamenkeu Thomas Djiwandono, hingga Menteri Sekretaris Negara Prasetyo Hadi hadir dalam rapat paripurna."""
"Video Temuan Komnas HAM Seusai Kaji Revisi UU TNI: Risiko Dwifungsi TNI,19 Mar 2025 18:10,https://20.detik.com/detikupdate/20250319-250319101/video-temuan-komnas-ham-seusai-kaji-revisi-uu-tni-risiko-dwifungsi-tni,""Komnas HAM ungkap dua hasil temuan usai kaji proses revisi UU TNI sejak 2024. Pertama risiko kembalinya dwifungsi TNI, dan kedua risiko stagnansi kepemimpinan di TNI."""
"Massa Protes Pengesahan Revisi UU TNI Gelar Aksi di DPRD Solo,20 Mar 2025 18:00,https://www.detik.com/jateng/berita/d-7833444/massa-protes-pengesahan-revisi-uu-tni-gelar-aksi-di-dprd-solo,""Massa yang mengatasnamakan dari kalangan mahasiswa menggelar aksi di depan Gedung DPRD Solo. Aksi tersebut memprotes disahkannya revisi UU TNI menjadi UU TNI pada hari ini. Dari pantauandetikJateng, massa memakai baju hitam-hitam dengan membentangkan spanduk bertulis 'tolak UU TNI', 'Supremasi Sipil', 'kembalikan supremasi sipil', hingga 'we dont need your idiot democracy'. Mereka juga meneriakkan agar TNI kembali ke barak. Koordinator aksi, Ridwan Nur Hidayat mengatakan aksi tersebut sebagai bentuk kekecewaan usai DPR RI mengesahkan UU TNI yang merevisi RUU TNI Nomor 34 Tahun 2004. SCROLL TO CONTINUE WITH CONTENT """"Kita di sini pertama kecewa dengan keputusan DPR yang tadi pagi mengesahkan RUU TNI menjadi Undang-Undang. Hal itu menjadikan kami sebagai masyarakat kecewa,"""" katanya di sela aksi di DPRD Solo, Kamis (20/3/2025). Dirinya juga mempertanyakan Indonesia yang katanya negara demokrasi. Menurutnya, sampai sekarang masyarakat tidak diutamakan. """"Katanya negara kita negara demokrasi tetapi buktinya tidak ada sampai sekarang ini rakyat yang diutamakan,"""" ungkapnya. Usai RUU TNI disahkan menjadi Undang-Undang, pihaknya akan terus mengawal agar dibatalkan. """"Dari kami ingin tetap mengawal gimana pun caranya UU TNI dibatalkan karena sudah tidak bisa memihak rakyat sipil yang utama,"""" ucapnya. Salah satu yang ia soroti yakni penambahan kelembagaan yang bisa diisi oleh TNI aktif yakni kejaksaan. Dirinya meminta agar TNI ini bisa kembali ke barak. """"Yang disoroti dengan 6 formasi tambahan, yang paling kita pandang di kejaksaan. Kenapa, karena hal tersebut di bagian TNI sudah ada pengadilan militer sendiri, kenapa masih masuk peradilan dari sipil,"""" bebernya. """"Kami menginginkan TNI ke barak karena TNI sudah memiliki jabatan tersendiri kenapa masih menginginkan kita untuk berbagi jabatan tersebut. Dan satu lagi kita negara demokrasi yang diutamakan dengan diskusi. Apabila kita diskusi dengan seseorang yang membawa senjata apa bisa kita terima dengan baik-baik bila ada sudut pandang berbeda,"""" pungkasnya. DilansirdetikNews, DPR RI resmi mengesahkan Rancangan Undang-Undang tentang Perubahan atas Undang-Undang Nomor 34 Tahun 2004 tentang Tentara Nasional Indonesia atau RUU TNI menjadi undang-undang. Keputusan ini diambil dalam rapat paripurna yang dihadiri oleh sejumlah menteri. Rapat terselenggara di ruang Paripurna gedung DPR RI, Senayan, Jakarta Pusat, Kamis (20/3/2025). Rapat dipimpin oleh Ketua DPR RI Puan Maharani yang didampingi Wakil Ketua DPR yang lain, seperti Sufmi Dasco Ahmad, Saan Mustopa, dan Adies Kadir. Menteri Pertahanan Sjafrie Sjamsoeddin, Panglima TNI Jenderal Agus Subiyanto, Wamenkeu Thomas Djiwandono, hingga Menteri Sekretaris Negara Prasetyo Hadi hadir dalam rapat paripurna. Puan kemudian mempersilakan Ketua Panja RUU TNI, Utut Adianto, menyampaikan laporan pembahasan RUU TNI. Utut menyampaikan beberapa poin krusial terkait kedudukan TNI, usia pensiun, hingga keterlibatan TNI aktif di kementerian atau lembaga. Ia memastikan tak adanya dwifungsi TNI dalam pembahasan revisi UU ini. Selepas Utut menyampaikan laporannya, Puan lantas menanyakan kepada anggota Dewan yang hadir apakah RUU tersebut dapat disepakati menjadi undang-undang. Mayoritas menjawab setuju. """"Kami menanyakan kepada seluruh anggota apakah Rancangan Undang-Undang tentang Perubahan atas Undang-Undang Nomor 34 Tahun 2004 tentang Tentara Nasional Indonesia, apakah dapat disetujui untuk disahkan menjadi undang-undang?"""" kata Puan Maharani. """"Setuju,"""" jawab peserta sidang diikuti dengan ketukan palu tanda pengesahan. Adapun RUU TNI ini telah disepakati pada tingkat pertama antara Komisi I DPR RI dengan pemerintah, Selasa (18/3). Kendati demikian, H-1 jelang paripurna perwakilan pemerintah dalam hal ini Menkum Supratman Andi Agtas, Wamenkeu Thomas Djiwandono, Wamenhan Donny Ermawan Taufanto hingga Wamensesneg Bambang Eko Suhariyanto sempat rapat kembali dengan Komisi I DPR RI selama kurang lebih dua jam secara tertutup. Supratman mengatakan rapat itu untuk memperbaiki hal teknis, bukan untuk mengubah substansi. Ia memastikan tak ada upaya dwifungsi TNI."""
Video Prabowo soal Demo Tolak UU TNI: Itu Murni atau Ada yang Bayar?,07 Apr 2025 19:34,https://20.detik.com/detikupdate/20250407-250407097/video-prabowo-soal-demo-tolak-uu-tni-itu-murni-atau-ada-yang-bayar,PresidenPrabowo Subiantoberbicara mengenai aksi demo menolakUndang-Undang TNIdi sejumlah wilayah di Indonesia. Prabowo menghormati aksi demonstrasi tersebut asalkan tidak menyulut kerusuhan.
"Mahasiswa Demo Tolak UU TNI di DPRD NTB, Sebut Prosesnya Tak Transparan,20 Mar 2025 14:51,https://news.detik.com/berita/d-7833008/mahasiswa-demo-tolak-uu-tni-di-dprd-ntb-sebut-prosesnya-tak-transparan,""Massa dari Front Mahasiswa Nasional (FMN) Mataram menggelar aksi unjuk rasa menolak revisiUU TNIdi depan gedung DPRD NTB. Mereka menuntut pengesahan RUU TNI dibatalkan. Koordinator Umum FMN Ahmad Badawi meminta DPR dan pemerintah pusat melalui DPRD NTB membatalkan pengesahan RUU TNI. Dia menilai pengesahannya RUU ini bisa melahirkan Orde Baru. """"Kami minta hentikan seluruh proses perundangan revisi UU TNI. Sejak awal seluruh pembahasan RUU ini tidak transparan, tertutup, tidak melibatkan rakyat. Apalagi pembahasan sempat dilakukan di hotel mewah di tengah efisiensi anggaran,"""" tegas Badawi di depan gerbang DPRD NTB, dilansirdetikBali, Kamis (20/3/2025). SCROLL TO CONTINUE WITH CONTENT Menurut dia, pelibatan TNI dalam 16 lembaga untuk jabatan sipil dalam UU yang baru disahkan DPR menunjukkan posisi TNI sangat labil. Menurut dia, bukan tidak mungkin TNI menjadi alat pengusaha yang sah untuk menekan sipil tunduk kepada pemerintah. """"Padahal TNI sudah dilibatkan sejak lama dalam proyek negara. Masih ingat pembukaan lahanfood estatedan di berbagai wilayah. Ini hampir semuanya gagal. Ini dikerjakan siapa? TNI,"""" tegas Badawi. Mereka menduga percepatan RUU TNI bertujuan menjawab situasi krisis ekonomi menggunakan pendekatan militeristik. Tujuanku agar negara bisa mengendalikan stabilitas sosial dan politik dengan gaya pemerintah itu sendiri. Baca selengkapnya disini. Simak juga Video Mahasiswa Bakar Ban dan Rusak Pagar Gerbang Pancasila DPR [Gambas:Video 20detik]"""
"Aliansi Supremasi Sipil Tarakan Tolak Revisi UU TNI, Tuntut Pengajuan JR ke MK,21 Mar 2025 13:00,https://www.detik.com/kalimantan/berita/d-7834548/aliansi-supremasi-sipil-tarakan-tolak-revisi-uu-tni-tuntut-pengajuan-jr-ke-mk,""Aliansi Supremasi Sipil Kota Tarakan menggelar aksi demonstrasi di depan gedung DPRD Kota Tarakan pada Jumat pagi (21/3/2025) menyuarakan penolakan terhadap pengesahan Undang-Undang (UU) Nomor 34 Tahun 2024 tentang Tentara Nasional Indonesia (TNI). Aksi yang berlangsung di tengah rintik hujan ini diwarnai pembakaran ban sebagai simbol kekecewaan massa terhadap kebijakan pemerintah. Berdasarkan pantauandetikcom,demonstrasi berjalan tertib tanpa bentrokan dengan pihak kepolisian yang berjaga. Massa aksi yang terdiri dari 6 lembaga internal kampus dan 5 lembaga eksternal kampus, mendesak DPRD Kota Tarakan untuk menyuarakan penolakan terhadap UU tersebut kepada pemerintah pusat. Massa aksi pun membubarkan diri dengan tertib sambil menanti respons resmi dari Ketua DPRD dalam waktu 24 jam ke depan. SCROLL TO CONTINUE WITH CONTENT Koordinator Lapangan (Korlap) Aliansi Supremasi Sipil Anhari, menegaskan bahwa tuntutan utama mereka adalah pembatalan UU TNI dan pengajuanjudicial reviewke Mahkamah Konstitusi. """"Kami menuntut DPRD Kota Tarakan menyuarakan aspirasi kami. Ketua DPRD tidak ada di tempat, jadi kami masuk ke ruang pertemuan untuk konferensi pers. Dalam 1x24 jam, kami tekankan Ketua DPRD harus memberikan tanggapan. Jika tidak, kami pastikan demo jilid dua dengan massa lebih besar akan digelar lagi di sini,"""" tegas Anhari kepadadetikKalimantan,Jumat (21/3/2025). Anhari juga menyayangkan minimnya respons dari anggota DPRD. Dari sekian banyak anggota dewan, hanya satu perwakilan yang hadir menemui massa, dengan alasan mayoritas anggota sedang melaksanakan dinas luar. """"Katanya efisiensi anggaran, tapi masih dinas luar. Ini menunjukkan efisiensi yang dijanjikan pemerintah tidak dilaksanakan,"""" kritiknya. Dalam petisi yang dibacakan, massa aksi menyoroti bahwa UU 34 Tahun 2024 dinilai jauh dari nilai kejujuran, keadilan, dan kemanfaatan bagi masyarakat. Mereka menuntut DPRD Kota Tarakan untuk mendukung enam poin utama. Yaitu pembatalan UU TNI, pengajuan judicial review, penegakan supremasi sipil, penghentian keterlibatan militer dalam keamanan dalam negeri, penguatan transparansi dan akuntabilitas militer, penghapusan privilege militer, serta reformasi sektor pertahanan yang demokratis. Hasil kajian Badan Eksekutif Mahasiswa (BEM) Universitas Borneo Tarakan (UBT), revisi UU ini berpotensi mengancam supremasi hukum dan supremasi sipil. Hal ini menjadi salah satu alasan kuat penolakan dari kalangan mahasiswa. Anhari menegaskan bahwa aksi tidak akan berhenti jika tuntutan mereka tidak dipenuhi. """"Kami tetap berkoordinasi dengan teman-teman BEM di pusat. Demo akan berlanjut sampai penolakan kami terhadap UU ini didengar,"""" tutupnya."""
"Massa Aksi Tuntut Pencabutan UU TNI Masih Bertahan di Dekat DPRD Jateng,20 Mar 2025 18:10,https://www.detik.com/jateng/berita/d-7833455/massa-aksi-tuntut-pencabutan-uu-tni-masih-bertahan-di-dekat-dprd-jateng,""Aliansi massa BEM se-Semarang Raya peserta aksi menuntut pencabutan UU TNI di kompleks DPRD Jateng sempat merangsek masuk ke halaman DPRD. Hingga petang ini, massa masih bertahan di dekat gedung DPRD Jateng. Pantauan detikJateng, massa aksi telah berhasil memasuki halaman Kantor DPRD Jateng, Kelurahan Mugassari, Kecamatan Semarang Selatan sekitar pukul 15.45 WIB. Massa yang mulanya berdemo di Jalan Pahlawan itu berhasil membuka gerbang dan memasuki kompleks DPRD Jateng. Mereka sempat bergiliran melakukan orasi di halaman DPRD Jateng. Sekitar pukul 17.10 WIB, massa sempat mencoba menerobos pagar betis yang dibuat aparat kepolisian. SCROLL TO CONTINUE WITH CONTENT """"Jika tadi upaya kita untuk merangsek masuk ke dalam gedung DPR Jawa Tengah dihadang oleh kepolisian, maka kali ini kita akan tetap berusaha masuk namun dengan cara yang berbeda. Dengan cara kita jongkok sambil jalan. Kita jongkok sama-sama. Jalannya menunggu arahan dari korlap,"""" kata salah satu mahasiswa dari atas pikap, Kamis (20/3/2025). Massa lantas mencoba lagi untuk memasuki Kantor DPRD Jateng. Aksi itu kemudian memanas saat mahasiswa dan aparat kepolisian saling dorong. Tampak pula ada petasan yang diterbangkan, suasana makin ricuh. """"Saya peringatkan, kegiatan kalian keluar dari aturan dan prosedur,"""" kata salah satu polisi. Polisi tersebut dan anggota Brimob lantas maju hingga massa ke Jalan Pahlawan. Tampak massa kemudian duduk di jalanan dan menolak pulang. Hingga pukul 17.34 WIB, massa aksi masih bertahan di Jalan Pahlawan. Sekitar 4 mobil Brimob telah berjaga di sekitar lokasi demo."""
"Pernyataan Anies soal UU TNI yang Baru Disahkan,23 Mar 2025 22:00,https://www.detik.com/sumut/berita/d-7837238/pernyataan-anies-soal-uu-tni-yang-baru-disahkan,""Anies Baswedan membagikan pandangannya mengenai revisi Undang-Undang (UU) TNI yang baru disahkan jadi Undang-undang oleh DPR RI. UU ini menuai penolakan di masyarakat. Apa tanggapan Anies? """"Revisi UU TNI yang baru disahkan menimbulkan banyak pertanyaan. Apakah ini benar-benar membawa perbaikan atau malah membuka ruang bagi tantangan baru? Ini adalah tentang menjaga profesionalitas TNI dan kemurnian demokrasi,"""" kata Anies dikutip detikNews dari cuitannya di akun X, Minggu (23/3/2025). Capres 2024 itu mengatakan pada dasarnya masyarakat ingin agar TNI kuat, profesional, dan fokus pada tugas utamanya yaitu menjaga pertahanan dan kesatuan negara. Dia mengingatkan agar TNI tidak sampai terbebani dalam menjalankan tugasnya karena tugas-tugas baru usai UU TNI direvisi. SCROLL TO CONTINUE WITH CONTENT """"Jangan sampai revisi ini justru membebani TNI dengan tugas-tugas baru yang bisa mengalihkan dari fokus utamanya,"""" katanya. Ia juga menyoroti soal revisi UU TNI yang begitu cepat hingga disahkan di paripurna. """"Salah satu yang jadi perhatian, proses revisi ini berjalan sangat cepat. Publik sulit mengakses draf finalnya, forum diskusi pun minim. Kalau kebijakan dibuat terburu-buru, bagaimana memastikan hasilnya benar-benar baik bagi negara dan utamanya bagi TNI sendiri?"""" ujar dia. Anies lalu mempertanyakan jaminan bahwa revisi UU TNI itu tak akan berdampak lain selain niat pembuat kebijakan. Dia juga menyinggung soal adanya tantangan meritokrasi dalam jenjang karier di tubuh TNI. """"Jika revisi ini bertujuan memperkuat TNI, kita harus pastikan ada rambu hukum yang jelas. Apa mekanisme pengamannya? Bagaimana memastikan bahwa perubahan ini tidak akan membawa dampak di luar niat awal pembuat kebijakan?"""" tambahnya. Dia mengatakan, masyarakat ini para anggota TNI mendapat promosi karena prestasi, bukan karena faktor lain. """"Kita semua ingin melihat TNI yang makin profesional, kuat, dan dihormati, baik di dalam negeri maupun internasional. Seluruh rakyat mencintai TNI yang profesional dan berpihak pada rakyat. Maka justru karena itu, kebijakan ini harus dikawal dengan hati-hati,"""" imbuhnya. Anies juga mengutip pernyataan Panglima besar Jenderal Sudirman yang berpesan agar seorang prajurit tak terlibat politik. Dia menegaskan agar pesan itu seharusnya dijaga oleh para prajurit TNI. """"Bung Karno pernah bicara, Angkatan perang jangan masuk dan terlibat politik. Jenderal Soedirman, seberapa pun tak setuju dengan keputusan pemerintah, selalu mendukung kewenangan pemerintah yang sah dan berfokus pada penguatan kemampuan utama TNI. Ini adalah warisan yang harus kita jaga,"""" ujar dia. Lebih lanjut, Anies menyebut, revisi UU TNI itu seharusnya perlu partisipasi publik yang luas. """"Maka, keputusan sebesar ini perlu kehatihatian. Bukalah ruang diskusi yang lebih luas, saksama, dan partisipatif. Mari diskusikan bersama rakyat, di kampus, di pasar, di warkop. Karena TNI adalah milik rakyat dan bagian dari rakyat. Biarkan rakyat di mana-mana boleh ikut membahas,"""" kata Anies. """"Semua ini perlu kita lakukan demi TNI yang lebih kuat, lebih profesional, makin dihormati dan makin dicintai. Dan semua ini demi Indonesia yang lebih kuat, lebih stabil, dan tetap berpegang teguh pada nilai-nilai keadilan dan demokrasi,"""" imbuhnya."""
"Muhammadiyah Kritik DPR soal Pengesahan UU TNI: Tak Beri Ruang Masyarakat,25 Mar 2025 20:47,https://www.detik.com/jogja/berita/d-7841590/muhammadiyah-kritik-dpr-soal-pengesahan-uu-tni-tak-beri-ruang-masyarakat,""Ketua Umum Pimpinan Pusat (PP) Muhammadiyah, Haedar Nashir, angkat bicara soal polemik pengesahan Undang-undang TNI. Ia menyoroti soal DPR RI yang tak memberi ruang kepada masyarakat saat penyusunan Undang-undang termasuk naskah akademiknya. Haedar menjelaskan, polemik ini harus diurai dan didiskusikan dari hal yang paling dasar. Menurutnya, selama ini dalam teori demokrasi Indonesia yang liberal selalu dipertentangkan dua entitas, yakni entitas sipil versus entitas militer """"Jadi selama dua entitas itu hadap-hadapan dan kita pertentangkan ya nggak akan pernah selesai,"""" jelas Haedar kepada wartawan di Kantor PP Muhammadiyah Kota Jogja, Selasa (25/3/2025). SCROLL TO CONTINUE WITH CONTENT """"Coba urai pondasi berpikirnya dulu, sayangnya DPR tidak memberi ruang untuk setiap permulaan apalagi permulaan penyusunan Undang-undang dengan naskah akademik yang leluasa kepada masyarakat,"""" sambungnya. Selama ini, dijelaskan Haedar, dalam 'pertarungan' antara dua entitas itu akhirnya menimbulkan supremasi. Efek supremasi yang timbul ini lah yang menurutnya harus didiskusikan secara matang. """"Dulu dalam konstruksi awal kebangsaan dan ketatanegaraan kita kan tidak seperti itu. Lalu muncul konsep supremasi, apakah konsep supremasi itu sudah sejalan dengan tata negara kita? Jadi diskusikan dulu,"""" ungkap Haedar. Tak hanya sejarah panjang soal supremasi entitas militer yang dulu menguasai, kata Haedar, jika tidak ada tatanan terhadap supremasi entitas sipil juga akan menimbulkan kekuasaan yang sulit diredam. """"Karena nanti ketika memberi peluang kepada militer kembali masuk ke berbagai sektor pemerintahan tanpa berhenti dari posisinya, nanti kan ada problem juga,"""" papar Haedar. """"Atau sebaliknya juga, supremasi sipil tanpa tatanan juga sama nanti akhirnya melahirkan demokrasi liberal yang akhirnya nanti akan ada kekuasaan-kekuasaan oligarkis yang produk dari supremasi sipil, dan kekuatan people society tak berdaya menghadapi itu,"""" pungkasnya."""
"13 Tuntutan Gerakan Masyarakat Sipil Kalteng untuk DPR RI soal UU TNI,25 Mar 2025 13:07,https://www.detik.com/kalimantan/berita/d-7840681/13-tuntutan-gerakan-masyarakat-sipil-kalteng-untuk-dpr-ri-soal-uu-tni,""Ratusan mahasiswa yang tergabung dalam Gerakan Masyarakat Sipil (Gemas) Kalimantan Tengah menuntut DPRD Kalteng menyampaikan aspirasi mereka ke DPR RI. Kemudian hasilnya akan disampaikan kembali pada H+3 Lebaran 2025. """"Saya mewakili dari ketua dan rekan-rekan anggota DPRD Kalimantan Tengah pada hari ini telah menerima beberapa poin yang disampaikan oleh adik-adik mahasiswa terkait dengan pengesahan Undang-Undang TNI. Jadi kami dari lembaga DPRD Kalimantan Tengah bersedia dan siap meneruskan dan mengawal dari adik-adik mahasiswa ke DPR RI,"""" terang Wakil Ketua II DPRD Kalteng, H. Jimmy Carter saat audiensi, Senin (25/03/2025). Massa juga meminta kepastian soal tenggat waktu terkait hasil dari tuntutan tersebut. Sempat terjadi negosiasi antara DPRD Kalteng dan Gemas. SCROLL TO CONTINUE WITH CONTENT Mulanya DPRD Kalteng menawarkan hasil tuntutan akan dikeluarkan paling lambat H+5 Lebaran. Namun massa merasa itu terlalu lama. Akhirnya disepakati hasilnya akan disampaikan DPRD Kalteng kepada perwakilan Gemas paling lama H+3 Lebaran. Sebagaimana tertulis dalam rilis pers Gemas, terdapat 13 poin tuntutan untuk DPR RI. Belasan tuntutan yang disampaikan tersebut telah diterima dan ditandatangani oleh DPRD Provinsi Kalimantan Tengah. Di antaranya oleh Wakil Ketua II DPRDKalteng H. Jimmy Carter, Wakil Ketua Komisi II Bambang Irawan, Anggota Komisi IVHj. Maryani Sabran. Doni Miseri selaku koordinator aksi menegaskan akan melakukan konsolidasi kembali. """"Kita akan melakukan konsolidasi kembali, dan akan mempersiapkan massa aksi kembali, sampai tuntutan kita berhasil ditindaklanjuti,"""" ungkapnya saat dikonfirmasi detikKalimantan. Salah seorang peserta aksi yang mewakili GMNI Palangkarya, Bintang juga mengharapkan DPRD Kalteng menepati janji yang disampaikan pada saat audiensi.""""Harapan saya, semoga DPRD Provinsi Kalimantan Tengah menepati janjinya untuk menyampaikan aspirasi kami ke pusat (DPR RI) sesuai apa yang disampaikan beliau kemarin, apabila terhitung sampai hari Jumat tidak ada perkembangan, kami akan ada jilid 2,"""" pungkas Bintang."""
"Panglima Jelaskan soal Pengamanan Kejaksaan oleh TNI: Sudah Sesuai UU,26 Mei  2025 19:32,https://news.detik.com/berita/d-7933967/panglima-jelaskan-soal-pengamanan-kejaksaan-oleh-tni-sudah-sesuai-uu,""Panglima TNI Jenderal Agus Subiyantomenjelaskan pelibatan TNI untuk mengamankan kejaksaan di seluruh Indonesia. Agus menyebut hal itu tertuang dalam Undang-Undang Nomor 3 Tahun 2025 tentang TNI. Hal ini disampaikan Agus usai menghadiri rapat tertutup dengan Komisi I DPR RI, Senayan, Jakarta Pusat, Senin (26/5/2025). Agus mengatakan salah satu pembahasannya terkait keterlibatan TNI dalam mengamankan kejaksaan. """"Salah satunya itu (pembahasan dengan Komisi I DPR), jadi pelibatan TNI di kejaksaan sebenarnya sudah sesuai dengan Undang-undang Nomor 3 Tahun 2025 tentang TNI, yaitu tugas pokok TNI, dan tugas dalam OMSP (operasi militer selain perang), yaitu mengamankan objek vital nasional yang bersifat strategis, kemudian penempatan prajurit aktif di Kejaksaan TNI,"""" ujar Agus di Kompleks Parlemen, Senayan, Jakarta Pusat, Senin (26/5/2025). SCROLL TO CONTINUE WITH CONTENT Agus mengatakan adapula nota kesepahaman TNI dengan Kejaksaan Nomor 4 Tahun 2023. Adapun aturan di dalamnya berisi penugasan prajurit di lingkungan kejaksaan hingga bantuan personel TNI. """"Kemudian juga, ada nota kesepahaman TNI dengan Kejaksaan Nomor 4 Tahun 2023 yang isinya yaitu tentang pendidikan dan latihan, kemudian pertukaran informasi, kemudian penugasan prajurit TNI di lingkungan kejaksaan,"""" ujar Agus. """"Kemudian dukungan kepada TNI di bidang Perdata dan TU, kemudian pemanfaatan sarana-prasarana, dan koordinasi teknis penyelidikan dan penuntutan serta penanganan perkara,"""" tambahnya. Ia juga menyinggung Perpres Nomor 66 Tahun 2025 tentang perlindungan negara terhadap jaksa yang dikeluarkan oleh Presiden Prabowo Subianto. Agus mengatakan TNI akan bekerja secara profesional dan proporsional. """"Kemudian juga telah terbit Perpres Nomor 66 Tahun 2025 tentang perlindungan negara terhadap jaksa, yaitu pasal 2 dan pasal 4. Pasal 2, yaitu jaksa berhak mendapatkan pelindungan negara dari ancaman yang membahayakan diri, jiwa, dan atau harta benda. Kemudian pasal 4, pelindungan negara dilakukan oleh Polri dan TNI,"""" imbuhnya. Tonton juga Video: Kejagung Pamerkan Uang Sitaan Rp 479 M dari Kasus Duta Palma [Gambas:Video 20detik]"""
"Civitas Akademika UMY Sikapi Pengesahan UU TNI, Siapkan Tim Ajukan JR,22 Mar 2025 12:38,https://www.detik.com/jogja/berita/d-7836126/civitas-akademika-umy-sikapi-pengesahan-uu-tni-siapkan-tim-ajukan-jr,""Civitas akademika Universitas Muhammadiyah Yogyakarta (UMY) menyikapi pengesahan RUU TNI dan menilai UU tersebut hanya akan mengancam demokrasi di Indonesia. Untuk itu, UMY mendorong masyarakat melakukan jihad konstitusi dengan pengajuan judicial review (JR) ke Mahkamah Konstitusi (MK). Wakil Rektor Bidang Pendidikan dan Kemahasiswaan, Prof. Zuly Qadir, mengatakan pernyataan sikap terhadap pengesahan RUU TNI karena menangkap kekhawatiran dan ketakutan masyarakat akan kembalinya TNI dalam urusan sipil. Kekhawatiran dan ketakutan masyarakat, kata Zuly, cukup beralasan karena dari proses penyusunan RUU menjadi UU yang berlangsung sangat cepat, kurang transparan, seolah sembunyi-sembunyi dan mengabaikan aspirasi publik secara luas. SCROLL TO CONTINUE WITH CONTENT """"Terlebih substansi perubahan UU No.34 tahun 2004 tentang TNI ini sangat krusial, karena memberikan ruang yang besar kepada TNI berkiprah di ranah publik yang bisa mengancam demokrasi,"""" katanya kepada wartawan di Kampus UMY, Kasihan, Bantul, Sabtu (22/3/2025). Selain itu, RUU TNI yang telah disetujui oleh DPR menjadi pintu masuk peran TNI yang lebih besar dan lebih luas. Di mana keadaan itu jelas menggerogoti supremasi sipil dalam iklim demokrasi. """"Sehingga sangat meresahkan dan menjadi alarm berbahaya bagi kelangsungan kehidupan berbangsa dan bernegara terutama kebebasan sipil, hak asasi manusia dan demokrasi,"""" ujarnya. Oleh karena itu, civitas akademika UMY menuntut Pemerintah dan DPR untuk menjunjung tinggi konstitusi dan tidak mengkhianati amanat rakyat dengan menjaga prinsip demokrasi dan supremasi sipil. Kedua, menuntut TNI/Polri sebagai alat negara melakukan reformasi internal dan meningkatkan profesionalisme untuk memulihkan kepercayaan publik. """"Ketiga, mengimbau seluruh insan akademik di seluruh Indonesia untuk tetap menjaga kewarasan dari sikap dan perilaku yang melemahkan demokrasi, dan melanggar konstitusi,"""" ucapnya. Keempat, mendorong dan mendukung upaya masyarakat sipil mengawal agenda reformasi dengan menjaga demokrasi dan supremasi sipil. Kelima, memohon kepada presiden untuk tidak menandatangani RUU TNI yang disahkan oleh DPR RI dan menerbitkan Perppu mengembalikan TNI pada kedudukan seperti semula. """"Keenam, mendorong masyarakat sipil untuk melakukan jihad konstitusi dengan mengajukan judicial review atas RUU TNI yang sudah resmi menjadi UU,"""" katanya. Bahkan, Zuly mengungkapkan, jika UMY telah membentuk tim untuk mengajukan JR ke MK. Semua itu sebagai wujud keseriusan UMY dalam menyikapi RUU TNI. """"Timnya sedang disusun, mudah-mudahan dalam waktu singkat akan segera terbentuk dan apabila dimintai untuk mempertanggungjawabkan atau mengajukan ke MK akan kita siapkan,"""" ujarnya."""
"Ditegur Pramono, Saptol PP Minta Maaf Usai Bongkar Tenda Pendemo Tolak UU TNI,10 Apr 2025 19:27,https://news.detik.com/berita/d-7863271/ditegur-pramono-saptol-pp-minta-maaf-usai-bongkar-tenda-pendemo-tolak-uu-tni,""Satuan Polisi Pamong Praja (Satpol PP) Jakarta memohon maaf atas kegaduhan yang terjadi dalam aksi penolakan Undang-Undang (UU) TNI di depan Pintu Gerbang Pancasila, gedung DPR/MPR RI.Kepala Satpol PP DKI Jakarta Satriadi Gunawanmenegaskan instansinya akan mengedepankan pendekatan dialogis dalam menangani demonstrasi di masa mendatang. """"Kami menyampaikan permohonan maaf atas peristiwa yang terjadi dalam aksi di DPR pada Rabu sore. Kami akan lebih mengedepankan dialog untuk menangani situasi serupa,"""" kata Satriadi dalam keterangan, Kamis (10/4/2025). Satriadi berjanji Satpol PP akan berusaha lebih baik lagi, termasuk dalam menangani aksi unjuk rasa. Ia berjanji pendekatan humanis dengan cara berdialog menjadi prioritas utama agar situasi tetap kondusif dan aspirasi masyarakat tetap tersampaikan tanpa menimbulkan gesekan. SCROLL TO CONTINUE WITH CONTENT """"Kami ingin memastikan bahwa hak menyampaikan pendapat di muka umum tetap terjaga, sejalan dengan ketertiban umum dan kenyamanan masyarakat luas,"""" ujarnya. Sebelumnya, aksi pembubaran paksa tersebut terekam video dan viral di media sosial. Dalam salah satu akun X yang dilihatdetikcompada Kamis (10/4), aksi damai tersebut dituduh sebagai aksi bayaran sehingga warga yang melakukan aspirasi dibubarkan paksa. """"Mohon doa dan dukungan warga sekalian, ya, saat ini ada upaya pembubaran dan penggusuran aksi oleh Satpol PP Pemprov @DKIJakarta. Buktikalo emangpemerintah nggak maudengerinsuara kita, maupakecara apa pun juga,"""" tulis mereka. Gubernur Jakarta Pramono Anungjuga telah buka suara terkait peristiwa tersebut. Dia mengaku kecewa dan memberikan teguran keras kepada Kepala Satpol PP Jakarta. """"Tadi malam saya langsung menegur Kepala Dinas terkait dan saya sungguh sangat kecewa. Bagi saya pribadi nggak boleh terjadi Satpol PP melakukan itu. Itu bukan tugas Satpol PP,"""" kata Pramono di Velodrome, Pulo Gadung, Jakarta Timur, Kamis (10/4/2025). Lihat juga Video Pramono Kecewa Satpol PP Bongkar Tenda Aksi Tolak UU TNI di DPR [Gambas:Video 20detik]"""
"DPRD Tarakan Apresiasi Aksi Tolak UU TNI, Janji Tindak Lanjuti Tuntutan,21 Mar 2025 14:30,https://www.detik.com/kalimantan/berita/d-7834567/dprd-tarakan-apresiasi-aksi-tolak-uu-tni-janji-tindak-lanjuti-tuntutan,""Ketua Komisi II DPRD Kota Tarakan Simon Patino menyambut baik aksi demonstrasi mahasiswa sebagai wujud demokrasi. Simon menegaskan aksi tersebut sebagai bagian dari proses demokrasi. """"Mereka bebas bersuara, dan kami tidak menghalang-halangi. DPRD adalah rumah rakyat, pintu kami terbuka lebar untuk menerima aspirasi dalam bentuk apapun,"""" ujarnya di lokasi aksi, Jumat (21/3/2025). Simon menjanjikan bahwa 6 poin tuntutan massa akan disampaikan langsung kepada Ketua DPRD. Terkait minimnya perwakilan anggota dewan yang hadir, ia beralasan bahwa banyak anggota sedang dinas luar atau berobat. SCROLL TO CONTINUE WITH CONTENT """"Kebetulan saya stay di Tarakan, jadi saya yang menemui mereka,"""" jelasnya. Ia juga menghimbau mahasiswa untuk mengedepankan dialog sebelum menggelar aksi demonstrasi di lapangan. """"Kalau ada yang ingin disampaikan, langsung ke DPRD untuk rapat dengar pendapat (RDP) bersama-sama secara tertib. Jika tidak ketemu solusi, silakan lakukan demonstrasi,"""" tambahnya. Dalam petisi yang dibacakan, massa aksi menyoroti bahwa UU 34 Tahun 2024 dinilai jauh dari nilai kejujuran, keadilan, dan kemanfaatan bagi masyarakat. Mereka menuntut DPRD Kota Tarakan untuk mendukung enam poin utama yaitu: Hasil kajian Badan Eksekutif Mahasiswa (BEM) Universitas Borneo Tarakan (UBT) menyebut bahwa revisi UU ini berpotensi mengancam supremasi hukum dan supremasi sipil. Hal ini menjadi salah satu alasan kuat penolakan dari kalangan mahasiswa. """"Kami menuntut DPRD Kota Tarakan menyuarakan aspirasi kami. Ketua DPRD tidak ada di tempat, jadi kami masuk ke ruang pertemuan untuk konferensi pers. Dalam 1x24 jam, kami tekankan Ketua DPRD harus memberikan tanggapan. Jika tidak, kami pastikan demo jilid dua dengan massa lebih besar akan digelar lagi di sini,"""" tegas Koordinator Lapangan Aliansi Supremasi Sipil Tarakan, Anhari."""
"Mahasiswa-Warga Suarakan Tolak UU TNI di Depan Gedung Grahadi Hari Ini,24 Mar 2025 10:10,https://www.detik.com/jatim/berita/d-7838402/mahasiswa-warga-suarakan-tolak-uu-tni-di-depan-gedung-grahadi-hari-ini,""Hari ini rencananya gelombang penolakan UU TNI yang telah disahkan pada Kamis (20/3/2025) masih dilakukan di Surabaya. Demo ini rencananya digelar sekitar pukul 14.00 WIB. Para mahasiswa melebur bersama sipil dan bonek menyuarakan sejumlah tuntutan di depan Gedung Negara Grahadi. """"Kami (mahasiswa) akan melebur bersama elemen-elemen sipil lainnya yang kemarin sudah aksi juga,"""" ujar Ketua BEM Seluruh Indonesia (SI) Jawa Timur, Aulia Thaariq Akbar saat dikonfirmasidetikJatim, Senin (24/3/2025). Para mahasiswa melebur bersama sipil dan bonek menyuarakan sejumlah tuntutan di depan Gedung Negara Grahadi. SCROLL TO CONTINUE WITH CONTENT """"Kami (mahasiswa) akan melebur bersama elemen-elemen sipil lainnya yang kemarin sudah aksi juga,"""" tambahnya. BEM menyebut bahwa UU TNI yang baru disahkan ini membuka pintu bagi militer kembali ke ranah sipil hingga mengancam demokrasi yang sudah diperjuangkan. Mereka tidak ingin Indonesia kembali layaknya masa orde baru. """"Kawan-kawan yang belum mudik atau yang masih di Surabaya, besok kita masifkan jalan-jalan sampai UU TNI dicabut. Siapapun boleh ikut, siapapun diundang,"""" kata Thaariq. Sementara ada 8 poin tuntutan aksi yang akan dibawakan oleh mahasiswa bersama masyarakat sipil di Surabaya dalam aksi 'Tolak UU TNI' adalah: 1. Tolak Revisi UU TNI2. Menolak perluasan TNI di ranah sipil3. Menolak perluadan TNI di ranah siber4. Bubarkan komando teritorial5. Tarik seluruh militer dari tanah Papua6. Kembalikan TNI ke barak7. Revisi peradilan militer8. Cabut TNI aktif dari jabatan sipil Sebelumnya puluhan massa telah menggelar aksi menolak UU TNI yang baru disahkan. Mereka beraksi di depan Gedung Negara Grahadi, Surabaya. Pantauan detikJatim, puluhan massa aksi berorasi dan membentangkan poster maupun spanduk bertuliskan 'Kembalikan Militer ke Barak' dan 'Tolak UU TNI'. Mereka juga menyanyikan lagu buruh tani. """"Kami setuju, tidak ingin kembali ke masa kelam supremasi militer yang ada di wilayah Indonesia. Oleh karena itu berkumpulnya kami di sini untuk menolak RUU TNI,"""" ujar salah satu orator, Kamis (20/3/2025)."""
"Mahasiswa Bandung Demo Tolak UU TNI, Persoalkan Prajurit di Urusan Siber,24 Mar 2025 19:57,https://news.detik.com/berita/d-7839722/mahasiswa-bandung-demo-tolak-uu-tni-persoalkan-prajurit-di-urusan-siber,""Mahasiswa dari Universitas Muhammadiyah Bandung dan Universitas Islam Nusantara menggelar aksi di depan gedungDPRD Jawa Barat, Jalan Diponegoro, Kota Bandung. Mereka meminta agar revisiUndang-Undang (UU) TNIyang baru disahkan segera dicabut. PantauandetikJabar, Senin (24/3/2025), massa mahasiswa berorasi dengan menyuarakan agar TNI dikembalikan ke barak. Mahasiswa menuntut agar pengesahan Undang-Undang TNI dicabut karena dikhawatirkan dapat mengaktifkan kembali dwifungsi TNI. """"Sebetulnya ada beberapa aspek yang harusnya bisa didahulukan, tapi UU TNI ini malah membuat beberapa posisi sipil itu bisa diambil sama TNI yang seharusnya hanya dilibatkan untuk perang,"""" kata salah seorang mahasiswa, John. SCROLL TO CONTINUE WITH CONTENT Selain itu, mereka menyoroti salah satu pasal pada revisi UU TNI yakni Pasal 7 ayat 2. Dia mengatakan mempersoalkan TNI yang kini bisa terlibat dalam urusan urusan siber. """"Ada hal yang lebih krusial dan urgent daripada melibatkan TNI ke urusan siber. Kalau di siber menurut saya mending jangan karena ada beberapa aspek yang harusnya dibenahi dulu sebelum masuk ke ranah sipil,"""" ujarnya. Baca selengkapnyadi sini. Lihat juga Video 'Massa Tolak UU TNI Kembali Geruduk Gedung DPRD Jabar':"""
"Tolak UU TNI, Mahasiswa Turunkan Bendera Setengah Tiang di DPRD Palangkaraya,24 Mar 2025 19:42,https://news.detik.com/berita/d-7839700/tolak-uu-tni-mahasiswa-turunkan-bendera-setengah-tiang-di-dprd-palangkaraya,""Demonstrasi penolakanUndang-undang TNIterus terjadi di beberapa daerah, salah satunya diPalangkaraya, Kalimantan Tengah. Mahasiswa yang menggelar demonstrasi menerobos pagar hingga menurunkan bendera setengah tiang. DilansirdetikKalimantan, Senin (24/3/2025), massa mahasiswa itu mengatasnamakan Gerakan Masyarakat Sipil (GEMAS). Mereka menuntut undang-undang TNI yang baru disahkan untuk dibatalkan. Aksi saling dorong sempat terjadi. Awalnya, GEMAS mendorong gerbang lewat pintu gerbang sisi kiri. Namun, setelah dirasa gagal, mereka berpindah ke gerbang gedung DPRD sisi kanan. SCROLL TO CONTINUE WITH CONTENT Doni Miseri selaku koordinator lapangan menuntut agar UU TNI dibatalkan. Massa ingin bertemu langsung dengan para anggota DPRD di dalam gedung, serta menolak membacakan tuntutan di depan pintu gerbang. """"Kami menuntut agar pemerintah mempertimbangkan untuk mencabut UU TNI,"""" ucapnya lantang didepan polisi dan massa lainnya. Setelah berkali-kali mencoba menerobos, para mahasiswa memanjat tembok pagar di bagian tengah. Mereka menurunkan bendera setengah tiang lalu menyanyikan lagu Indonesia Raya. Baca berita selengkapnyadi sini. Lihat juga Video 'Ketok Palu UU TNI di Tengah Aksi Protes hingga DPR Minta Tak Berburuk Sangka':"""
"Aliansi BEM Semarang Geruduk Gedung DPRD Jateng, Minta UU TNI Dicabut,20 Mar 2025 17:42,https://news.detik.com/berita/d-7833409/aliansi-bem-semarang-geruduk-gedung-dprd-jateng-minta-uu-tni-dicabut,""Aliansi BEM se-Semarang Raya menggelar aksi di kompleks DPRD Jateng, Mugassari, Kecamatan Semarang Selatan, Kota Semarang. Mereka menuntut pencabutan UU TNI. Dilansir detikJateng, aliansi massa tiba di Jalan Pahlawan, depan Gedung DPRD Jateng sekitar pukul 15.20 WIB. Mereka berjalan dari Polda Jateng membawa poster raksasa bertulis 'Tentara pulang ke barak', 'Welcome Neo Orba', 'Tolak UU TNI, Welcome Orba'. Mereka bergiliran melakukan orasi di halaman Pemprov Jateng di atas mobil pikap. Salah satu mahasiswa asal Universitas Diponegoro (Undip), Falsafi (20), mengatakan aksi digelar menanggapi UU TNI yang baru disahkan pagi tadi. SCROLL TO CONTINUE WITH CONTENT """"Kita melihat pemerintah melakukan revisi RUU TNI dan agaknya itu merugikan masyarakat karena hal itu menimbulkan dwifungsi TNI,"""" kata Falsafi dilansirdetikJateng, Kamis (20/3/2025). """"Kita menuntut untuk mencabut UU TNI. Sebenarnya hasil konsolidasi semalam, setting goals kita adalah menggagalkan RUU TNI. Namun tadi pagi, revisi UU TNI sudah disahkan,"""" sambungnya. Menurutnya, ada begitu banyak keresahan yang muncul dengan disahkannya UU TNI. Salah satu yang sangat berdampak, kata Falsafi, yakni ketakutan terhadap direbutnya lapangan pekerjaan oleh anggota TNI nantinya. Baca berita selengkapnyadi sini.  'Menhan Tegaskan Tak Ada Wajib Militer-Dwifungsi Seusai RUU TNI Disahkan': [Gambas:Video 20detik]"""
"Demo Tolak Pengesahan UU TNI di Sukabumi, Massa Bertahan hingga Malam,20 Mar 2025 19:57,https://www.detik.com/jabar/berita/d-7833623/demo-tolak-pengesahan-uu-tni-di-sukabumi-massa-bertahan-hingga-malam,""Massa yang mengatasnamakan mahasiswa dan masyarakat sipil menggelar aksi unjuk rasa di depan DPRD Kota Sukabumi, Kamis (20/3/2025). Hingga pukul 19.00 WIB, mereka masih bertahan di lokasi, menuntut penolakan terhadap pengesahan UU TNI. Aksi yang dimulai sejak pukul 15.00 WIB itu berlangsung panas. Massa sempat merangsek kawat berduri yang terpasang di depan gedung dewan. Mereka juga membakar ban dan terpantau beberapa kali terlibat dorong-dorongan dengan aparat kepolisian yang berjaga, berusaha masuk untuk menyampaikan tuntutannya secara langsung. Demonstrasi ini dipicu oleh pengesahan revisi UU TNI yang dinilai dilakukan tanpa transparansi dan minim partisipasi publik. Dalam orasinya, seorang perwakilan massa menyebut revisi ini justru membuka celah kesewenang-wenangan aparat dan mengancam kebebasan sipil. SCROLL TO CONTINUE WITH CONTENT """"Alih-alih memperkuat demokrasi, revisi ini malah memperbesar kewenangan institusi keamanan tanpa mekanisme kontrol yang jelas,"""" teriak salah satu orator. Massa menilai, pengesahan UU TNI merupakan langkah mundur reformasi yang telah diperjuangkan selama puluhan tahun. LDi tengah banyaknya kasus pelanggaran hukum oleh aparat, malah ada upaya memperkuat otoritas mereka tanpa pengawasan. Ini seperti memberikan cek kosong agar mereka bisa bertindak sesuka hati,"""" sambungnya. Dalam aksi ini, massa menyampaikan beberapa tuntutan. Mereka menolak revisi yang memperbesar kekuasaan aparat tanpa kontrol tegas dan mendesak agar seluruh proses perubahan UU dilakukan secara terbuka dengan melibatkan publik. Mereka juga menuntut DPRD Kota Sukabumi ikut menyuarakan penolakan terhadap UU TNI. Seorang akademisi Universitas Muhammadiyah Sukabumi, Yana Fajar, turut hadir dalam aksi ini. Menurutnya, mahasiswa khawatir pengesahan UU TNI akan mendominasi militer yang mulai memasuki ranah sipil. """"Ini yang mereka khawatirkan, situasi seperti Orde Baru kembali terjadi,"""" kata Yana di lokasi. Terkait undang-undang yang sudah disahkan, Yana menegaskan bahwa aturan tersebut bukan sesuatu yang tak bisa diubah. """"Undang-undang itu bukan Al-Qur'an. DPRD ini adalah perwakilan partai yang ikut mengetuk palu di sana. Mereka harus melihat fenomena yang terjadi di daerah,"""" tegasnya."""
"Pakar Unika Soegijapranata Kritik UU TNI, Singgung Rezim Hidupkan Orde Baru,21 Mar 2025 03:15,https://www.detik.com/jateng/berita/d-7833945/pakar-unika-soegijapranata-kritik-uu-tni-singgung-rezim-hidupkan-orde-baru,""Pakar politik Universitas Katolik Soegijapranata (Unika), Andreas Pandiangan, menyoroti pengesahan Undang-Undang TNI. Ia menilai, rezim Prabowo Subianto-Gibran Rakabuming Raka telah mempertebal kembalinya Orde Baru dengan adanya pengesahan UU TNI. """"Menurut saya ini semakin memperjelas rezim Prabowo-Gibran ini mengarah ke menghidupkan kembali Orde Baru itu,"""" kata Andreas kepada detikJateng di Semarang, Kecamatan Semarang Selatan, Kamis (20/3/2025). Ia juga turut menyesalkan partai politik yang justru menyetujui aturan tersebut meski mereka disebut sebagai produk reformasi. Para parpol justru mendukung kembalinya Orde Baru. SCROLL TO CONTINUE WITH CONTENT """"Saya sesalkan partai politik yang sebagian besar adalah produk reformasi itu justru mengiyakan. Jadi ini langkah mempertebal kembalinya orde baru,"""" jelasnya. Menurut dosen Fakultas Hukum dan Komunikasi Unika itu, pengesahan UU TNI akan membuat reformasi birokrasi kehilangan arah. Sebab, aturan ini memungkinkan TNI untuk kembali menduduki jabatan sipil di kementerian-kementerian. """"Dari sisi karier, ASN sudah jelas jalurnya. Lalu kenapa harus dimasuki TNI? Kurangnya di mana ASN kita dalam keahlian di kementerian itu? Nggak ada kurangnya menurut saya,"""" tegasnya. """"Jadi menurut saya tidak ada alasan untuk mengesahkan UU TNI. Ini seolah dipaksakan. Dan yang paling saya sesalkan, partai politik mengapa menyetujui ini sementara banyak RUU mendesak lainnya,"""" tambahnya. Andreas juga menyinggung adanya kemungkinan campur tangan pejabat dalam proses legislasi ini. Ia menegaskan bahwa UU TNI merupakan hasil kombinasi kepentingan DPR dan pemerintah. """"Pasti lah, ini pembuatan UU kan kombinasi kepentingan DPR dan pemerintah. Nggak mungkin ini berjalan sendiri, artinya DPR punya irama sendiri,"""" tegasnya. Andreas menilai, partai-partai politik yang menyetujui UU merupakan pihak yang paling berdosa. Baginya, partai politik telah mengkhianati semangat reformasi yang dulu diperjuangkan mahasiswa. """"Saya pikir parpol yang menyetujui itu apapun alasannya, kita kan penghapusan dwifungsi ABRI. Jadi mereka mengkhianati nilai-nilai yang diperjuangkan mahasiswa dulu. Sangat disayangkan, apalagi yang melakukan bukan tentara, justru parpol,"""" jelasnya. Andreas juga menyoroti cara DPR membahas UU TNI yang dinilai tidak transparan. Ia menilai, kondisi ini mencerminkan semakin menurunnya demokrasi di Indonesia. """"Pembahasan RUU ini dilakukan secara tertutup. Bahkan, saat ada protes dari aktivis, tempatnya dijaga kendaraan tempur. Apa yang ditakutkan terhadap aktivis ini?,"""" katanya. Menurutnya, kondisi ini menunjukkan bahwa rezim saat ini ingin memastikan kendali penuh atas berbagai sektor pemerintahan, termasuk kementerian strategis seperti ketahanan pangan. """"Ini bagian dari skenario besar. Semangat orde baru itu dimunculkan kembali, sentralisasi terjadi, satu komando nanti. Yang paling aneh, DPR mau menerima dan masuk dalam kondisi membahas RUU dengan cara tertutup,"""" tuturnya. Meskipun UU TNI telah disahkan, Andreas menilai bahwa masih ada cara untuk membatasi implementasinya. Salah satunya adalah melalui judicial review ke Mahkamah Konstitusi (MK) atau dengan menekan Presiden Prabowo agar menunda pelaksanaan aturan ini. """"Secara aturan, masih bisa judicial review ke MK. Tapi saya merasa itu hanya akal-akalan saja. Kita sudah menyaksikan bagaimana sebelum UU TNI disahkan, sudah ada penempatan perwira ke jabatan sipil,"""" jelasnya. """"Kedua, bisa di pelaksanaan UU TNI ini. Bagaimana Prabowo menunda pelaksanaannya. Meski UU berlaku, tapi Presiden bisa membuat Perpres atau PP untuk mengelola,"""" sambungnya. Ia juga menegaskan, publik perlu terus menyuarakan penolakan terhadap kebijakan ini. Sebab, tidak semua undang-undang yang disahkan juga harus langsung dijalankan. Selain itu, ia menyebut, Presiden Prabowo juga bisa saja menerbitkan Peraturan Pemerintah Pengganti Undang-Undang (Perppu) untuk membatalkan UU ini. Namun, keputusan itu tergantung pada kemauan politiknya. Ia pun berharap Prabowo bisa mengambil langkah berbeda, seperti saat membatalkan kebijakan PPN 12 persen. """"Harapan saya, Prabowo bisa mengambil keputusan berbeda, seperti penerapan PPN 12 persen. Harapan saya itu dia lakukan, dengan cara keluarkan Perppu,"""" pungkasnya."""
"Pakar di Jogja Kritik Pengesahan UU TNI, Singgung Kemenangan Elite Politik,20 Mar 2025 17:08,https://www.detik.com/jogja/berita/d-7833327/pakar-di-jogja-kritik-pengesahan-uu-tni-singgung-kemenangan-elite-politik,""DPR resmi mengesahkan Rancangan Undang-Undang tentang Perubahan atas Undang-Undang Nomor 34 Tahun 2004 tentang Tentara Nasional Indonesia atau RUU TNI menjadi Undang-Undang. Sejumlah pakar di Jogja angkat bicara soal disahkannya UU tersebut. Guru Besar Fisipol UGM, Prof Wahyudi Kumorotomo, memberikan pandangannya soal pengesahan UU TNI. Menurutnya, ini berdampak buruk terutama bagi civil society. """"Sekali lagi,civil societykalah, elite politik dan penguasa tetap menang dengan sejumlah agenda yang membuat bangsa ini tambah runyam. Meski pun sebelumnya tidak ada dalam Prolegnas, akhirnya UU TNI disahkan,"""" ujar Kumorotomo saat dihubungidetikJogja, Kamis (20/3/2025). SCROLL TO CONTINUE WITH CONTENT Kumorotomo turut menyebut salah satu pasal yang tidak jelas atau ambigu. Dia mengatakan hal ini bisa mengembalikan rezim militer di Indonesia. """"Ada banyak pasal karet, misal Pasal 7 (2) b point 7. Tugas operasi militer selain perang mengamankan presiden dan wakil presiden beserta keluarganya. Tugas-tugas operasi militer selain perang bisa diatur melalui peraturan pemerintah atau Perpres. Ini akan bisa diisi dengan apa saja, sesuai kepentingan pemerintah dan aparat TNI,"""" kata dia. """"Perubahan juga bukan hanya soal teknis, tetapi jelas merupakan tandademocracy backsliding. Kembalinya rezim militer sudah semakin jelas terlihat,"""" tegas Komorotomo. Selain itu, Kumorotomo juga menyoroti draft RUU TNI yang 'seperti' disembunyikan dari publik. """"Ya, memang disembunyikan sejak awal. Pembahasan di hotel yang habis Rp 1,2 M dalam dua hari, tidak di Gedung DPR, sudah menunjukkan hal itu,"""" ungkapnya. Munculnya kemarahan dari publik pun dinilai wajar oleh Kumorotomo. Sebab, sejumlah pasal dalam UU TNI sangat menguntungkan bagi militer. """"Jika benar bahwa perwira TNI bisa di jabatan sipil tanpa mundur dari TNI, ini sangat merugikan meritokrasi. Anehnya, kalau terbukti korupsi, pengadilan tetap di militer,"""" tutupnya. Pengajar Hukum Tata Negara, Fakultas Hukum Universitas Islam Indonesia (UII), Allan Fatchan Gani Wardhana mempertanyakan keabsahan UU tersebut. Allan bilang, sejak awal pembentukan RUU itu sudah bermasalah. Selain tidak ada partisipasi publik, dia menilai naskah akademik juga disusun secara serampangan. Jika UU tersebut bermasalah secara formil, MK bisa saja membatalkan. """"Sejak awal proses pembentukannya ada problem yaitu soal partisipasi publik dan naskah akademik yang tidak sesuai kaidah pembentukan peraturan perundang-undangan,"""" kata Allan kepadadetikJogja. """"Dampaknya menjadikan UU-nya bermasalah secara formil yaitu terkait dengan keabsahan. UU yang bermasalah secara formil potensi untuk dibatalkan oleh MK,"""" imbuhnya. Dengan sahnya UU TNI, lanjut Allan, hal ini semakin mengonfirmasi adanya perluasan kekuasaan TNI. Kini mereka bisa menduduki jabatan sipil yang lebih luas dari sebelumnya. Padahal itu bukan hal yang genting. Karena sesuai Pasal 30 UUD 1945, TNI dikonstruksikan untuk persoalan pertahanan dan keamanan negara. Oleh karena itu, jika mau menguatkan TNI, harusnya difokuskan sesuai amanat konstitusi. """"Secara substansi akhirnya mengonfirmasi terkait bolehnya TNI menduduki jabatan sipil. Lewat UU TNI ini, TNI dapat menduduki jabatan sipil meskipun terbatas. Kebolehan TNI menduduki jabatan sipil jelas tidakurgent,""""ujarnya. Meski begitu, dia melihat masih ada peluang bagi koalisi masyarakat sipil untuk bisa membatalkan UU tersebut. Tentunya lewat mekanisme gugatan ke MK yakni melaluijudicial review. """"Saat ini masyarakat sipil sedang membangun kekuatan pasca-disahkan. Jika secara formil ada problem, potensi besar UU TNI akan digugat ke Mahkamah Konstitusi,"""" ujarnya. """"Apalagi proses pembentukan yang serampangan ini dalam UU TNI, sudah diketahui publik secara luas,"""" sambung dia. Dia optimistis jika benar maju ke MK, kemungkinan gugatan dikabulkan bisa saja diterima. Hal ini berkaca dari kasus UU Ciptaker yang kemudian direvisi. """"Kemungkinan itu ada, apalagi MK pernah membatalkan UU Cipta Kerja karena dibuat serampangan dan tidak membuka ruang partisipasi publik. Dibatalkan secara formil bahkan akhir tahun kemarin dibatalkan juga sebagian isi pasalnya karena bertentangan dengan UUD,"""" ujar dia. Diberitakan sebelumnya, melansir detikNews, DPR RI resmi mengesahkan Rancangan Undang-Undang tentang Perubahan atas Undang-Undang Nomor 34 Tahun 2004 tentang Tentara Nasional Indonesia atau RUU TNI menjadi undang-undang. Keputusan ini diambil dalam rapat paripurna yang dihadiri oleh sejumlah menteri. Rapat terselenggara di ruang Paripurna gedung DPR RI, Senayan, Jakarta Pusat, Kamis (20/3/2025). Rapat dipimpin oleh Ketua DPR RI Puan Maharani yang didampingi Wakil Ketua DPR yang lain, seperti Sufmi Dasco Ahmad, Saan Mustopa, dan Adies Kadir. Terpisah, Ketua DPR RI Puan Maharani menegaskan dalam UU TNI yang baru prajurit aktif tetap dilarang untuk berbisnis dan menjadi anggota partai politik. Puan mengatakan hanya 14 kementerian dan lembaga yang bisa diisi anggota TNI aktif. """"Tetap dilarang, tidak boleh berbisnis, tidak boleh menjadi anggota parpol,"""" kata Puan di gedung MPR/DPR/DPD, Jakarta Pusat, Kamis (20/3). """"Kalau di luar dari pasal 47 bahwa cuma ada 14 kementerian lembaga yang bisa diisi TNI aktif, yang TNI aktif itu harus mundur,"""" ujarnya. Dia pun meminta semua pihak membaca dengan teliti hasil revisi UU TNI. Dia meminta publik tak asal berburuk sangka. """"Jangan apa-apa berburuk sangka, ini bulan Ramadan, bulan penuh berkah, kita sama-sama, harus mempunyai pikiran positif dahulu, sebelum membaca, sebelum melihat, jangan berprasangka,"""" lanjutnya. Sementara itu, Menteri Pertahanan Sjafrie Sjamsoeddin menegaskan pembahasan hingga pengesahan perubahan UU Nomor 34 Tahun 2004 tentang TNI sepenuhnya hasil kesepakatan pemerintah dan DPR. Sjafrie menekankan tidak ada intervensi Presiden Prabowo Subianto dalam revisi UU TNI. """"Itu semuanya adalah hasil kesepakatan pemerintah dengan DPR. Tidak ada permintaan Presiden,"""" kata Sjafrie di gedung MPR/DPR/DPD, Jakarta Pusat, Kamis (20/3). Dia mengatakan Prabowo tidak memberi pesan khusus kepada Kemhan terkait pembahasan maupun pengesahan revisi UU TNI. Dia menegaskan Prabowo mengikuti aturan yang berlaku. Selain itu, dia memastikan pengesahan revisi UU TNI ini tak akan mengembalikan TNI ke zaman Orde Baru, seperti di era Presiden Soeharto. """"Nggak ada. Orde Baru kita nggak pakai lagi. Sekarang adalah satu orde yang ingin menegakkan pembangunan kekuatan TNI yang hormat terhadap demokrasi dan supremasi sipil,"""" tuturnya."""
"BEM Kalsel Duduki Depan DPRD Tolak UU TNI, Ketua Dewan Absen Pascaoperasi,21 Mar 2025 21:01,https://www.detik.com/kalimantan/berita/d-7835510/bem-kalsel-duduki-depan-dprd-tolak-uu-tni-ketua-dewan-absen-pascaoperasi,""Ratusan mahasiswa yang tergabung dalam Badan Eksekutif Mahasiswa (BEM) Kalimantan Selatan menyatakan menolak revisi UU TNI yang baru saja disahkan. Dalam orasinya, mahasiswa menolak adanya dwifungsi dari TNI. Yang dinilai dapat menguntungkan satu pihak dan merugikan warga Indonesia. """"Kita menyampaikan aspirasi penolakan revisi UU TNI! Perubahan ini bisa memunculkan benih-benih dwifungsi!,"""" teriak massa aksi, Jumat (21/3/2025). SCROLL TO CONTINUE WITH CONTENT Orasi dari mahasiswa itu turut meminta perwakilan DPRD Kalimantan Selatan untuk turun menemui massa aksi. Serta menegaskan agar DPRD Kalsel bisa mewakili penolakan revisi UU TNI yang disampaikan mahasiswa. Sempat terjadi bentrok antar mahasiswa dan aparat kepolisian yang menjaga aksi. Hal ini terjadi lantaran tak adanya perwakilan DPRD Kalsel yang turun menemui massa aksi. """"Kami hanya ingin bertemu Ketua DPRD!"""" seru massa aksi. Belakangan diketahui, Ketua DPRD Kalsel Supian HK masih dalam pemulihan pascaoperasi ginjal beberapa waktu lalu. Sehingga, kehadirannya pun diwakili oleh Wakil Ketua DPRD Kalsel, Kartoyo. Kartoyo pun menerima massa aksi di depan kantor DPRD Kalsel. Ia juga turut membaca mandat dari para massa aksi sebagai bentuk mewakili aspirasi para mahasiswa. """"Kita sebagai wakil rakyat sama-sama dorong untuk kebaikan bersama. Meskipun itu adalah kewenangan pusat,"""" pungkas Kartoyo."""
"Kecewa Sikap DPRD, Aliansi Sipil Tarakan Siap Aksi Tolak UU TNI Jilid II,26 Mar 2025 10:31,https://www.detik.com/kalimantan/berita/d-7842103/kecewa-sikap-dprd-aliansi-sipil-tarakan-siap-aksi-tolak-uu-tni-jilid-ii,""Aliansi Supremasi Sipil Tarakan menyatakan kekecewaan terhadap Ketua DPRD Kota Tarakan yang dinilai tidak responsif terhadap tuntutan mereka. Setelah melayangkan ultimatum 1x24 jam agar Ketua DPRD mengeluarkan surat pernyataan resmi terkait penolakan UU TNI, aliansi ini kembali menemui jalan buntu. Koordinator Lapangan Aliansi Supremasi Sipil Tarakan Anhari menegaskan pihaknya siap menggelar demonstrasi jilid dua dengan massa lebih besar jika tuntutan mereka terus diabaikan. """"Kami meminta surat pernyataan resmi dari Ketua DPRD sebagai bentuk komitmen terhadap aspirasi kami. Namun, alasan yang diberikan selalu berubah-ubah. Awalnya dikatakan surat tidak bisa keluar karena hari Sabtu dan Minggu, lalu dijanjikan keluar pada Senin, 25 Maret. Tapi saat kami follow-up hari ini, Ketua DPRD beralasan harus ada rapat dengan seluruh anggota dewan terlebih dahulu,"""" ungkap Anhari dengan nada kesal. SCROLL TO CONTINUE WITH CONTENT Menurut Anhari, Ketua DPRD seharusnya memiliki kewenangan untuk mengambil keputusan tanpa menunda-nunda proses. """"Kami sudah menyampaikan tuntutan dan masukan, tapi respons yang diberikan justru alasan teknis dan pengalihan tanggung jawab. Ini membuat mahasiswa geram,"""" tambahnya. Menanggapi sikap DPRD yang dianggap plin-plan, Aliansi Supremasi Sipil Tarakan menggelar rapat konsolidasi pada, Selasa (25/3/2025). Rapat yang dihadiri tujuh perwakilan mahasiswa dari lima lembaga (BEM FKIP, BEM UBT, GMKI, SMI, dan HIMATASE) membahas evaluasi demo pertama serta langkah strategis menuju aksi lanjutan. Hasil konsolidasi menyepakati beberapa poin penting. Pertama, aliansi akan fokus pada penyebaran propaganda untuk membangun kesadaran publik sambil mempersiapkan audiensi terbuka dengan Ketua DPRD. Kedua, GMKI mengusulkan penambahan isu daerah dalam demo jilid 2 guna memperluas relevansi aksi. Ketiga, mengingat banyak mahasiswa yang akan pulang kampung menjelang Lebaran, demo jilid 2 kemungkinan baru digelar setelah Hari Raya Idulfitri. """"Kami sepakat untuk menunda aksi besar sampai pasca-Lebaran karena banyak teman-teman yang pulkam. Tapi ini bukan berarti perjuangan berhenti. Kami akan gunakan waktu ini untuk memperkuat koordinasi,"""" jelasnya. Anhari menilai DPRD tidak serius menangani aspirasi rakyat. Anhari menegaskan bahwa jika audiensi terbuka tidak membuahkan hasil, demo jilid 2 akan menjadi tak bisa dihindari. """"Kami beri kesempatan terakhir lewat audiensi. Tapi kalau DPRD tetap berkilah, kami pastikan aksi pasca-Lebaran akan lebih besar dan terorganisir. Tarakan harus mendengar suara kami,"""" tegasnya. Demonstrasi pertama Aliansi Supremasi Sipil Tarakan digelar untuk menolak UU TNI yang dianggap mengancam supremasi sipil. Namun, lambannya respons DPRD Kota Tarakan kini menjadi pemicu utama kemarahan mahasiswa. Ketua DPRD Kota Tarakan Muhammad Yunus menanggapi desakan Aliansi Supremasi Sipil Tarakan terkait penolakan UU TNI Nomor 34 Tahun 2024. Ia menyatakan aspirasi mahasiswa telah diteruskan ke Sekretariat DPRD (Sekwan) dan disampaikan ke DPR RI dengan tembusan kepada Pemerintah Provinsi serta Kementerian Dalam Negeri. Namun, ia menegaskan bahwa keputusan untuk menolak UU tersebut tidak bisa diambil sepihak olehnya, melainkan harus melalui kesepakatan seluruh fraksi di DPRD Kota Tarakan. """"Tugas kami di DPRD hanya menyampaikan aspirasi ke DPR RI. Untuk mengambil keputusan penolakan UU, itu harus diputuskan bersama seluruh anggota fraksi. Kami ini kan lembaga,"""" ujar Muhammad Yunus kepada detikKalimantan, Selasa (25/3/2025)."""
"Perempuan, Kaum Minoritas Gender, dan Mahasiswa Bali Tolak Pengesahan UU TNI,20 Mar 2025 19:51,https://www.detik.com/bali/berita/d-7833622/perempuan-kaum-minoritas-gender-dan-mahasiswa-bali-tolak-pengesahan-uu-tni,""Sejumlah perempuan dan kaum minoritas gender yang tergabung dalam Aliansi Bali Tidak Diam turun ke jalan memperingati International Women's Day Bali sekaligus menolak revisi UU TNI di depan Monumen Bajra Sandhi, Denpasar, Kamis (20/3/2025). Mereka menolak RUU TNI karena dinilai berpotensi membungkam kebebasan sipil dan semakin menindas perempuan. Koordinator lapangan Aliansi Bali Tidak Diam, Abi Intan, menyatakan bahwa perempuan memiliki alasan kuat untuk menolak RUU TNI karena berpotensi menghidupkan kembali kontrol militer atas ruang sipil yang dapat menindas perempuan. Ia juga mengingatkan bahwa dalam berbagai peristiwa sejarah, keterlibatan militer dalam urusan sipil seringkali berdampak buruk bagi perempuan, terutama mereka yang berasal dari kelompok rentan. """"Dalam RUU TNI yang baru, tentara bisa masuk ke ruang sipil dengan perintah presiden. Artinya, semakin banyak ruang sipil diisi oleh senjata. Kami bisa belajar di orde baru sebelumnya bagaimana perempuan ditindas saat kerusuhan 98 dan menjadi objek penindasan utama dari kerusuhan sipil. Apalagi dihadapkan dengan senjata, tentu akan semakin tertindas dan tidak berdaya,"""" tegas Abi. SCROLL TO CONTINUE WITH CONTENT Selain RUU TNI, para perempuan yang hadir dalam aksi ini juga menyuarakan berbagai bentuk ketidakadilan yang masih mereka alami. Mulai dari upah yang tidak setara, maraknya PHK terhadap pekerja perempuan, hingga peran ganda yang mereka emban di dalam keluarga. """"Di Bali, perempuan menghadapi double burden (beban ganda). Kami diharapkan mengurus rumah tangga, tetapi juga harus bekerja mencari nafkah. Belum lagi banyak perempuan yang dituntut berpendidikan tinggi,"""" kata seorang peserta aksi. Aksi ini merupakan bagian dari rangkaian peringatan International Women's Day Bali 2025 di Bali. Sebelumnya, peringatan International Women's Day Bali diisi dengan diskusi publik mengenai kebijakan yang berdampak pada perempuan dan kelompok minoritas gender. Para peserta menegaskan bahwa perjuangan perempuan tidak akan berhenti. Mereka meminta pemerintah untuk tidak mengesahkan RUU TNI dan mendesak kebijakan yang lebih berpihak kepada perempuan, pekerja, serta kelompok minoritas. """"Perlawanan pasti akan selalu ada,"""" tutup Abi Intan. Mahasiswa dan Masyarakat Sipil Tolak UU TNI Tak hanya perempuan dan kaum minoritas, sejumlah elemen masyarakat dan Front Mahasiswa Nasional (FMN) Cabang Denpasar juga menyuarakan kekecewaan mereka terhadap pengesahan UU TNI yang dinilai merugikan masyarakat sipil. Tomy Wiria dari FMN Cabang Denpasar menyebutkan bahwa salah satu poin utama yang dipermasalahkan dalam UU TNI adalah kebijakan yang memungkinkan anggota TNI aktif menduduki jabatan di pemerintahan. Menurutnya, hal ini dapat membatasi peran masyarakat sipil yang seharusnya memiliki kapasitas dalam mengelola pemerintahan. """"Kami melihat indikasi gerakan fasisme yang dipelopori oleh militer semakin besar. Ini membuat kami kecewa, gelisah, dan cemas. Hari ini, kawan-kawan Aksi Kamisan Bali, Aliansi Bali Tidak Diam, dan masyarakat sipil bersuara untuk menolak pengesahan UU TNI,"""" ujar Tomy. Selain menyoroti isu militerisasi pemerintahan, aksi yang dihadiri ratusan orang ini juga mengangkat isu perempuan dan kelompok minoritas. Ven, salah satu peserta aksi dari komunitas inklusif dengan ragam gender, menekankan pentingnya memperjuangkan hak perempuan, penyandang disabilitas, serta kelompok rentan lainnya di tengah kebijakan yang dinilai berpotensi menambah tekanan. """"Kami bukan hanya merayakan Hari Perempuan Sedunia, tetapi juga berangkat dari keprihatinan yang sama, melihat bahaya yang sama. TNI sudah punya banyak privilese. Kami khawatir UU TNI ini semakin mempersempit peluang masyarakat sipil untuk menyuarakan kepentingan rakyat dan mendapatkan wakil rakyat yang amanah,"""" kata Ven. Ia juga menyoroti rekam jejak TNI terutama yang berkaitan dengan diskriminasi terhadap kelompok dengan ragam gender. """"Dengan track record TNI di masa lalu, ada diskriminasi yang dilakukan oleh lembaga TNI terhadap kelompok dengan ragam gender. Ketika mereka bersikap diskriminatif terhadap anggota mereka sendiri dengan memecat anggotanya atas dasar seksualitas,"""" tambahnya."""
"Spanduk Aksi di Depan DPR: Say No to UU TNI-RUU Polri,27 Mar 2025 18:07,https://news.detik.com/berita/d-7844911/spanduk-aksi-di-depan-dpr-say-no-to-uu-tni-ruu-polri,""Koalisi masyarakat sipil masih menggelar demo di depan Gedung DPR/MPR/DPD RI, Senayan, Jakarta. Massa aksi membawa spanduk penolakan terhadapUndang-Undang TNIdan revisi UU Polri. Pantauan di lokasi demo di depan gedung DPR RI, Kamis (27/3/2025), pesan penolakan disampaikan pendemo lewat spanduk-spanduk maupun selebaran. Salah satunya spanduk dengan tulisan 'Civil Supremacy, Say No to UU TNI, RUU Polri'. Spanduk dan selebaran bernada penolakan ini mereka tempel serta pasang di depan barrier beton yang terpasang di depan pagar gerbang gedung DPR/MPR/DPD RI. Penolakan yang mereka suarakan juga dituangkan dalam coretan di dinding-dinding tembok gedung DPR RI. SCROLL TO CONTINUE WITH CONTENT Massa juga membawa poster 'Yang Pensiun Aja Rakus, Gimana yang Aktif!'. Ada juga poster bertuliskan 'Selain Sipil, Dilarang Masuk!', kemudian 'Kembalikan TNI ke Barak' hingga 'Ranah Khusus Sipil, Kembalikan Militer ke Barak'. Selain itu, massa aksi ini turut membacakan puisi-puisi perjuangan secara emosional. Mereka juga sempat menyampaikan orasi-orasi yang terus membakar semangat massa aksi. Hingga saat ini, arus lalu lintas di Jalan Gatot Subroto depan gedung DPR/MPR RI tidak dapat dilintasi kendaraan akibat massa aksi yang luber ke jalan. Seluruh lajur ruas Jalan Gatot Subroto tertutup oleh massa aksi. Sebagai informasi, DPR RI resmi mengesahkan Rancangan Undang-Undang tentang Perubahan atas Undang-Undang Nomor 34 Tahun 2004 tentang Tentara Nasional Indonesia atau RUU TNI menjadi undang-undang. Keputusan ini diambil dalam rapat paripurna yang dihadiri oleh sejumlah menteri. Rapat terselenggara di ruang paripurna, gedung DPR RI, Senayan, Jakarta Pusat, Kamis (20/3). Rapat dipimpin oleh Ketua DPR RI Puan Maharani yang didampingi Wakil Ketua DPR yang lain, seperti Sufmi Dasco Ahmad, Saan Mustopa, dan Adies Kadir. Menteri Pertahanan Sjafrie Sjamsoeddin, Panglima TNI Jenderal Agus Subiyanto, Wamenkeu Thomas Djiwandono, hingga Menteri Sekretaris Negara Prasetyo Hadi hadir dalam rapat paripurna. Puan kemudian mempersilakan Ketua Panja RUU TNI, Utut Adianto, menyampaikan laporan pembahasan RUU TNI."""
"2 Mahasiswa-1 Polisi Terluka Usai Bentrokan Demo UU TNI di Sukabumi,25 Mar 2025 04:30,https://www.detik.com/jabar/berita/d-7840047/2-mahasiswa-1-polisi-terluka-usai-bentrokan-demo-uu-tni-di-sukabumi,""Bentrokan yang terjadi dalam aksi demonstrasi penolakan Undang-undang TNI nomor 34 Tahun 2004 tentang Tentara Nasional Indonesia yang digelar di depan DPRD Kota Sukabumi menyebabkan tiga orang dilarikan ke rumah sakit. Mereka terdiri dari dua pendemo dan satu anggota kepolisian. Berdasarkan laporan, ketiga korban tiba di rumah sakit pada Senin (24/3/2025) sekitar pukul 18.00 hingga pukul 19.00 WIB. Dua pendemo yang mengalami luka adalah laki-laki berusia 21 tahun dengan inisial MD dan MZ. Sementara itu, korban dari pihak kepolisian berinisial R (37). Dokter IGD sekaligus Humas Rumah Sakit Unit Daerah (RSUD) Syamsudin SH, dr. Irfanugraha Triputra Irawan mengatakan, MD mengalami luka ringan dan mengeluhkan nyeri perut akibat terdorong oleh pendemo lain hingga terjatuh. SCROLL TO CONTINUE WITH CONTENT Menurutnya, tidak ditemukan cedera serius, dan MD memilih untuk pulang sebelum dilakukan pemeriksaan lebih lanjut. Sementara itu, MZ mengalami luka yang lebih serius hingga mengalami retak pada tulang hidung. """"Pasien ini (MZ) mengaku terdorong dan dipukuli oleh sekitar empat hingga lima anggota polisi. Ada kemungkinan fraktur atau retak pada tulang hidungnya. Saat ini, ia telah mendapatkan penanganan lebih lanjut dan rencananya akan dikonsultasikan ke spesialis THT,"""" jelas Irfanugraha kepadadetikJabar,Selasa (25/3/2025) dini hari. Lebih lanjut, korban lainnya yaitu anggota kepolisian berinisial R mengalami cedera. Ia mengalami luka dan nyeri pada lengan kiri setelah terdorong oleh demonstran, terjatuh, dan menggunakan lengannya untuk menahan beban namun terinjak. Hasil pemeriksaan rontgen menunjukkan adanya patah tulang di dekat pergelangan tangan kiri. """"Kemungkinan korban akan menjalani operasi dan saat ini sedang dikonsultasikan ke spesialis ortopedi,"""" tambahnya. Mengenai tingkat keparahan, dr. Irfanugraha menjelaskan bahwa cedera yang dialami MZ dan R masuk dalam kategori sedang. """"Mereka membutuhkan tindakan operasi, tetapi tidak dalam kondisi yang mengancam nyawa,"""" katanya. Proses pemulihan pasien akan bergantung pada tingkat keparahan cedera masing-masing. """"Biasanya minimal sekitar satu minggu, tetapi jika ada komplikasi seperti cedera tulang yang parah atau faktor komorbid, bisa memakan waktu lebih lama, bahkan berbulan-bulan,"""" kata dia. Sementara itu, Kapolres Sukabumi Kota AKBP Rita Suwadi mengatakan, pihaknya masih menunggu hasil pemeriksaan secara medis. """"Secara umum baru terindikasi saja sampai dengan nanti keluar hasil seperti apa, baik anggota Polri maupun mahasiswanya. Tadi kan sudah sama-sama kita dengar ya yang anggota polri kan patah tangannya terus kemudian rekan kita dari mahasiswa juga ada indikasi (patah) hidungnya,"""" kata Rita. """"Tapi semuanya itu masih menunggu karena masih penanganan awal, masih menunggu pemeriksaan dan kita semua memberi perhatian baik anggota Polri yang berjaga melakukan pengamanan termasuk adik mahasiswa,"""" tutupnya."""
"May Day di Malang Damai, Massa Tuntut Pencabutan UU TNI dan Cipta Kerja,01 Mei  2025 15:45,https://www.detik.com/jatim/berita/d-7894760/may-day-di-malang-damai-massa-tuntut-pencabutan-uu-tni-dan-cipta-kerja,""Peringatan Hari Buruh Internasional di Kota Malang berjalan damai. Buruh dan mahasiswa yang turun jalan menuntut pencabutan Undang-undang TNI dan Cipta Kerja. Ratusan buruh dan mahasiswa bergerak memadati depan DPRD Kota Malang, sejak pukul 10.30 WIB, dalam peringatan Hari Buruh Internasional jatuh pada 1 Mei 2025. Mereka membawa mobil komando, spanduk dan juga poster untuk menyuarakan sejumlah tuntutan terkait kesejahteraan pekerja dan isu-isu ketenagakerjaan lainnya. SCROLL TO CONTINUE WITH CONTENT Beberapa poster yang dibawa bertulis 'Buruh Bukan Alat! Saatnya Bangun Solidaritas Rakyat', 'Cabut PP No 35 Tahun 2021', 'Cabut UU No 06 Tahun 2023', 'Lawan Pemberangusan Serikat Buruh!', 'Cabut UU Cipta Kerja'. Massa kemudian menggelar orasi di depan DPRD Kota Malang. Aksi berjalan relatif tertib di bawah pengawalan ketat aparat kepolisian dari Polresta Malang Kota. Kendaraan taktis dan barikade petugas disiagakan di sejumlah titik untuk mengantisipasi potensi gangguan keamanan dan kelancaran lalu lintas. Sekretaris Jenderal Solidaritas Perjuangan Buruh Indonesia (SPBI) Fatkhul Khoir mengatakan, dalam aksi hari ini menuntut pencabutan Undang-undang Nomor 6 Tahun 2023 tentang Cipta Kerja dan Undang-undang Nomor 3 Tahun 2025 tentang perubahan atas Undang-undang Nomor 34 Tahun 2004 tentang TNI. """"Dua undang-undang ini yang kami anggap menjadi ganjalan dan bisa mematahkan soal demokrasi,"""" kata Fatkhul di sela unjuk rasa, Kamis (1/5/2025). Usai menyuarakan aspirasi, massa aksi kemudian membubarkan diri pada pukul 13.42 WIB. Setidaknya, 800 personel gabungan diterjunkan dalam pengamanan May Day di Kota Malang hari ini. Kapolresta Malang Kota Kombes Nanang Haryono menyampaikan apresiasi kepada masyarakat Kota Malang, buruh dan mahasiswa aksi unjuk rasa berjalan tertib serta damai. """"Kami ucapkan terima kasih setinggi-tingginya kepada masyarakat Kota Malang, rekan buruh, mahasiswa yang telah melaksanakan aksi secara damai dan tertib,"""" ungkap Nanang usai pengamanan unjuk rasa."""
"Massa Demo Tolak UU TNI Akan Menginap di Gedung DPRD DIY,20 Mar 2025 21:31,https://www.detik.com/jogja/berita/d-7833784/massa-demo-tolak-uu-tni-akan-menginap-di-gedung-dprd-diy,""Ratusan massa Aliansi Jogja Memanggil masih bertahan di depan Gedung DPRD DIY hingga malam ini. Mereka merencanakan akan menginap sampai waktu yang belum ditentukan. PantauandetikJogjahingga pukul 20.30 massa masih bertahan, mereka duduk melingkar sambil menggelar pembacaan puisi. Nampak satu tenda didirikan massa tepat di belakang patung Jenderal Sudirman. Massa juga memanggil pedagang sate, wedang ronde, hingga pedagang minuman ke dalam lingkungan DPRD DIY untuk logistik. Aparat keamanan dari kepolisian juga masih tampak berjaga. SCROLL TO CONTINUE WITH CONTENT Humas aksi, Marsinah menjelaskan sejak awal massa merencanakan akan menginap menyusul disahkannya Revisi Undang-undang TNI dengan segala kejanggalan dalam prosesnya. """"Sejak awal kita sudah mengambil keputusan bahwa jika revisi Undang-Undang TNI ini tetap disahkan, kita tetap akan melakukan protes sampai kemudian undang-undang ini dicabut,"""" jelasnya kepada wartawan, Kamis (20/3) malam. """"Sesuai dengan dikembalikan lagi bahwa tidak ada yang namanya dwifungsi ABRI, apalagi dengan adanya revisi ini tidak sekedar dwi fungsi ABRI tetapi sebenarnya masuk ke dalam multiple fungsi ABRI,"""" sambung Marsinah. Aksi ini, lanjut Marsinah, adalah puncak kemarahan masyarakat akan kebijakan-kebijakan Presiden Prabowo Subianto. Ia pun belum bisa memastikan sampai kapan massa akan bertahan di gedung DPRD DIY. """"Tentu saja kita selalu mengedepankan prinsip dan tata cara yang anti kekerasan. Kita akan tetap stay di sini sampai kemudian pemerintah betul-betul memastikan adanya pembatalan revisi Undang-Undang dwi fungsi ABRI,"""" tegasnya. """"Rencananya kita akan menginap. Kemudian, kita sudah berkoordinasi belum tahu nanti menginapnya bisa sehari, bisa 2 hari, bisa 3 hari,"""" imbuh Marsinah. Sementara Kapolresta Jogja, Kombes Aditya Surya Dharma mengatakan pihaknya akan tetap mengamankan aksi massa ini hingga selesai. """"Sementara bertahan, selama mereka tidak anarki kita tetap soft, mengamankan,"""" ungkap Aditya."""
"Ketua Komisi A DPRD DIY Temui Massa Tolak UU TNI, Janji Kirim Tuntutan ke DPR,20 Mar 2025 13:47,https://www.detik.com/jogja/berita/d-7832798/ketua-komisi-a-dprd-diy-temui-massa-tolak-uu-tni-janji-kirim-tuntutan-ke-dpr,""Setelah beberapa waktu berorasi, massa yang mengatasnamakan diri Aliansi Jogja Memanggil ditemui oleh anggota DPRD DIY. Namun, hal itu disambut massa dengan olok-olok hingga membakarsafety cone. Adalah Ketua komisi A DPRD DIY Eko Suwanto yang menemui massa. Eko pun diminta massa untuk membacakan pers rilis yang dibuat oleh massa. Namun di tengah pembacaan, umpatan-umpatan terlontar dari massa. Usai membaca pers rilis, Eko kemudian memberikan opsi kepada massa untuk meneruskan tuntutan massa ke DPR RI. Massa diminta membuat draft tuntutan dan Eko pun bersedia menandatangani. SCROLL TO CONTINUE WITH CONTENT """"Hari ini juga silakan buat, saya tanda tangani, saya teruskan langsung ke DPR RI,"""" ujar Eko di tengah kerumunan massa, Kamis (20/3/2025). Massa menolak tawaran Eko tersebut. Suasana semakin tegang dan tidak ada titik temu. Beberapa massa pun membakarsafety conedi samping kerumunan. Namun tak berselang lama, api padam dengan sendirinya. """"Yang kita minta itu gagalkan, bukan tanda tangan, tanda tangan hanya formal. Menolak dan menggagalkan undang-undang TNI,"""" tegas salah satu orator menjawab tawaran dari Eko. Hingga berita ini ditulis, massa masih melanjutkan aksinya dengan bergantian berorasi hingga menggelar aksi-aksi teatrikal."""
"Desak Cabut UU TNI, Massa Tutup Jalan di Depan Kantor DPRD Sumut,27 Mar 2025 18:17,https://www.detik.com/sumut/berita/d-7844913/desak-cabut-uu-tni-massa-tutup-jalan-di-depan-kantor-dprd-sumut,""Massa melakukan aksi unjuk rasa di depan Kantor DPRD Sumut mendesak UU TNI yang baru disahkan dicabut. Massa aksi menutup Jalan Imam Bonjol tepat di depan Kantor DPRD Sumut. PantauandetikSumutdi lokasi, Kamis (27/3/2025), pukul 17.40 WIB massa aksi masih terus berorasi secara bergantian. Demonstrasi sempat memanas antara massa dengan polisi yang berjaga hingga terjadi saling dorong. Arus lalu lintas di Jalan Imam Bonjol ditutup mulai dari simpang Jalan Kapten Maulana Lubis. Arus lalu lintas juga terlihat mengalami kemacetan di Jalan Kapten Maulana Lubis akibat penutupan jalan ini. SCROLL TO CONTINUE WITH CONTENT Koordinator aksi AKBAR, Grey, mengatakan jika tuntutan utama mereka menolak pelibatan militer di jalan jabatan sipil. Ada sejumlah alasan mereka menolak UU TNI yang baru disahkan. """"Agenda utama aksi adalah menolak keterlibatan militer dalam jabatan sipil, ada banyak alasan kita tolak. Pertama kita bicara soal formil dan tata cara pembentukan peraturan perundang-undangan. Kita tahu perubahanundang-undang (TNI) dilakukan karena adanya kebutuhan sistem hukum kita, di sisi lain, dalam asas pembentukan peraturan perundang-undangan harusnya transparan dan melibatkan partisipasi masyarakat yang bermakna (meaningful particiaption),"""" kata Grey. Menurut mereka, tidak ada urgensi yang mendesak bagi pengesahan UU TNI. Mengingat pembahasan UU TNI dilakukan di hotel sebelum pindah ke gedung DPR. Salah satu massa aksi yang lain, Lusty, mengaku kecewa karena tidak ada anggota DPRD Sumut yang keluar untuk menyambut aspirasi mereka. Dia juga menyesalkan adanya dorongan dari personel kepolisian yang berjaga saat mereka hendak masuk ke Kantor DPRD Sumut. """"Ini kita menyayangkan, ya. Kita sudah dari jam 10 pagi, kita ingin masuk ke rumah rakyat dengan baik-baik, tapi ternyata kita tidak disambut positif. Mereka tidak turun untuk menemui kita, bahkan kita tidak membuat anarkis seperti yg disampaikan. Saat kita masuk ternyata mereka (polisi) melakukan tindak kekerasan seperti mendorong dan lainnya,"""" sebut Lusty. Lusty khawatir bahwa hadirnya UU TNI bisa membuat perempuan menjadi semakin berpotensi mendapat kekerasan. Massa aksi sendiri terdiri dari laki-laki dan perempuan. """"Kita tak ingin mengenang kembali kematian buruh perempuan, pelecehan buruh perempuan atau perempuan pembela HAM yang bersuara. Karena di situasi sebelum UU TNI disahkan saja banyak perempuan yang mengalami kekerasan terutama perempuan pembela HAM. Apalagi kalau ini sudah disahkan dan jadi produk yang legal di negara ini? Siapapun yang bersuara atau mengkritik bisa dikangkangi militer,"""" ujarnya. Hingga saat ini, demonstrasi terus berlangsung di depan Kantor DPRD Sumut. Ratusan personel kepolisian terlihat berjaga di lokasi."""
"Viral Anggota DPRD Pematangsiantar Diduga Pukul Mahasiswa yang Demo UU TNI,28 Mar 2025 21:00,https://www.detik.com/sumut/hukum-dan-kriminal/d-7846521/viral-anggota-dprd-pematangsiantar-diduga-pukul-mahasiswa-yang-demo-uu-tni,""Satu video yang bernarasikan mahasiswa yang demo menolak UU TNI yang baru disahkan dipukul anggota DPRD Kota Pematangsiantar berinisial RM. Mahasiswa tersebut bakal melaporkan aksi pemukulan itu ke polisi. Dalam video yang dilihat, Jumat (28/3/2025), terlihat seorang mahasiswa dipiting dan ditarik paksa oleh petugas Satpol PP. Mahasiswa itu kemudian dibawa ke dalam ruangan yang ada di kantor tersebut. Momen pemukulan itu terjadi saat mahasiswa itu dipiting dan diseret oleh petugas Satpol PP. Pria yang diduga anggota DPRD Pematangsiantar berinisial RM melayangkan pukulannya saat mahasiswa itu diseret di dekatnya. SCROLL TO CONTINUE WITH CONTENT Korban merupakan mahasiswa Universitas Simalungun (USI) bernama Afriadi Lesmana (20). Afriadi mengatakan jika peristiwa itu terjadi pada Kamis (27/3) saat BEM se Kota Pematangsiantar melakukan aksi menolak UU TNI di depan Kantor DPRD Kota Pematangsiantar. """"Pas dorong-dorongan aku langsung dijambak, langsung dipiting, lalu diseret-seret Satpol PP,"""" kata Afriadi Lesmana saat dihubungi. Saat diseret-seret, Afriadi mengaku tidak sadar jika pria yang memukul bagian lengannya adalah anggota DPRD. Dia mengetahui itu setelah diperlihatkan rekaman video. """"Iya (ada dipukul RM) di bagian lengan, aku pun nggak sadar juga itu (RM anggota DPRD) waktu diseret-seret, lalu kawan-kawan dari media menunjukkan video itu, makanya tahu kalau itu anggota dewan dari Partai NasDem,"""" ucapnya. Afriadi bersama 2 temannya diamankan saat demo kemudian dikasih keluar setelah negoisasi. Pihaknya berencana melaporkan aksi pemukulan RM itu ke Polres Pematangsiantar. """"Itu dari BEM sedang melakukan pelaporan di Polres Pematangsiantar, nanti aku kasih tahu (kalau sudah ada laporan polisinya),"""" tutupnya."""
"Mahasiswa Bandung Demo di Depan DPRD Jabar Minta UU TNI Dicabut,24 Mar 2025 18:52,https://www.detik.com/jabar/berita/d-7839620/mahasiswa-bandung-demo-di-depan-dprd-jabar-minta-uu-tni-dicabut,""Sekelompok mahasiswa dari Universitas Muhammadiyah Bandung dan Universitas Islam Nusantara menggelar aksi unjuk rasa di depan Gedung DPRD Jawa Barat, Jalan Diponegoro, Kota Bandung, Senin (24/3/2025). Pantauan di lokasi, massa mahasiswa berorasi dengan menyuarakan agar TNI dikembalikan ke barak. Mereka juga membakar ban sebagai bentuk protes terhadap pengesahan UU TNI. Dalam aksinya, massa mahasiswa menuntut agar pengesahan Undang-Undang TNI dicabut karena dikhawatirkan dapat mengaktifkan kembali dwifungsi TNI. SCROLL TO CONTINUE WITH CONTENT """"Terkait pengesahan UU TNI yang mungkin menurut kami secara terburu-buru. Mungkin revisi ini sudah ada sebelumnya dan pengesahannya terkesan terburu-buru dan membuat kami geram,"""" kata John, salah seorang mahasiswa. """"Sebetulnya ada beberapa aspek yang harusnya bisa didahulukan, tapi UU TNI ini malah membuat beberapa posisi sipil itu bisa diambil sama TNI yang seharusnya hanya dilibatkan untuk perang,"""" lanjutnya. Selain itu, mereka juga menyoroti salah satu pasal pada revisi UU TNI yakni Pasal 7 ayat 2. Di mana isinya adalah tentang tugas pokok TNI yang kini memiliki dua yaitu operasi militer untuk perang dan operasi militer selain perang yang salah satunya soal pertahanan siber. """"Ada hal yang lebih krusial dan urgen daripada melibatkan TNI ke urusan siber. Kalau di siber menurut saya mending jangan karena ada beberapa aspek yang harusnya dibenahi dulu sebelum masuk ke ranah sipil,"""" tandasnya."""
"Demo Tolak UU TNI di Lumajang Diwarnai Bakar Ban dan Adu Jotos,24 Mar 2025 14:37,https://www.detik.com/jatim/berita/d-7839010/demo-tolak-uu-tni-di-lumajang-diwarnai-bakar-ban-dan-adu-jotos,""Ratusan mahasiswa yang tergabung dalam Aliansi Mahasiswa Lumajang Bergerak demo di gedung DPRD setempat. Mereka menolak Undang-Undang TNI yang sudah disahkan. Aksi mahasiswa berlangsung ricuh, para mahasiswa terlibat saling dorong hingga saling pukul dengan petugas yang mengamankan aksi demo. Ini setelah massa mahasiswa memaksa masuk dengan melompati pintu gerbang kantor DPRD. Aksi itu dilakukan karena ingin bertemu dengan anggota dewan. SCROLL TO CONTINUE WITH CONTENT Dalam aksinya, massa mahasiswa meminta UU TNI yang sudah disahkan dibatalkan karena Undang-Undang bisa jadi pintu masuk Dwifungsi TNI dan mengancam demokrasi. """"Kami melakukan penuntutan yakni mencabut kembali UU TNI yang sudah disahkan oleh DPR RI karena UU TNI ini membuka pintu bagi TNI ke ranah sipil,"""" ujar Korlap Aksi Sulaiman, Senin, (24/3/2025). Suasana kembali kondusif, setelah Ketua DPRD kabupaten Lumajang, Oktafiani menemui para mahasiswa. Ketua DPRD Lumajang menerima tuntutan para mahasiswa dan akan menyampaikan aspirasinya ke DPR RI. """"DPRD Lumajang menerima tuntutan para mahasiswa dan akan mengirimkan apa yang menjadi tuntutan mahasiswa kepada DPR RI,"""" kata Oktafiani."""
"Pendemo Tolak UU TNI Bakar Water Barrier di Depan SMAN 6 Surabaya,24 Mar 2025 18:55,https://www.detik.com/jatim/berita/d-7839623/pendemo-tolak-uu-tni-bakar-water-barrier-di-depan-sman-6-surabaya,""Kericuhan demo tolak UU TNI di Gedung Negara Grahadi Surabaya masih berlanjut hingga malam ini. Demonstran yang masih bertahan membakar water barrier di depan SMAN 6 Surabaya. PantauandetikJatimdi lokasi, awalnya polisi mencoba memukul mundur di sisi timur Gedung Negara Grahadi dengan water cannon. Demonstran yang terdesak kemudian mundur. Namun saat massa di depan SMAN 6 lantas membakar water barrier yang berada di sekitar. Api sempat disiram petugas dengan water cannon. Sedangkan massa terus memberikan perlawanan. SCROLL TO CONTINUE WITH CONTENT Karena hal ini, petugas lantas kembali merangsek maju mengejar dan memukul mundur demonstran hingga Alun-Alun Suroboyo. Di lokasi itu lah, massa kemudian bercerai-berai. Sebagian ada yang mundur ke Jalan Yos Sudarso dan ke Jalan Panglima Sudirman. Sebelumnya, ratusan mahasiswa di Surabaya turun ke jalan menolak UU TNI. Aksi massa yang memakai baju hitam-hitam itu dilakukan di depan Gedung Negara Grahadi. Massa yang membentangkan poster itu membakar ban di tengah jalan. Tampak pagar betis kawat berduri mengelilingi depan di depan Gedung Grahadi. Mereka meneriakkan akan selalu berdiri dengan pemikiran gagasan seorang mahasiswa. """"Kami berkumpul di sini, bukan sebagai DPR RI yang bukan perwakilan rakyat,"""" teriak salah satu orator, Senin (24/3/2025)."""
"Demo Tolak UU TNI, Jalan Menuju Grahadi Surabaya Ditutup hingga Dialihkan,24 Mar 2025 15:03,https://www.detik.com/jatim/berita/d-7839129/demo-tolak-uu-tni-jalan-menuju-grahadi-surabaya-ditutup-hingga-dialihkan,""Ratusan mahasiswa di Surabaya turun ke jalan menolak UU TNI. Demo itu memakan seluruh Jalan Gubernur Suryo. Arus lalu lintas menuju Jalan Gubernur Suryo atau Gedung Negara Grahadi pun ditutup dan dialihkan. Pengalihan arus lalu lintas ini dimulai sejak di Jalan Tunjungan. Kendaraan yang hendak melintas di Jalan Tunjungan dialihkan oleh petugas ke Jalan Kenari. Sedangkan pengendara yang telah melintas di Jalan Gubernur Suryo dialihkan ke Jalan simpang dukuh dan Taman Apsari menuju Jalan Embong Trengguni dan keluar ke Jalan Panglima Sudirman. SCROLL TO CONTINUE WITH CONTENT Adapun pengendara yang datang dari Jalan Basuki Rahmat, petugas menutup jalan menuju ke arah Jalan Gubernur Suryo dan meneruskan pengendara ke Jalan Embong Malang. Penutupan jalan dan pengalihan arus ini membuat arus lalin menjadi padat dan menimbulkan ekor kemacetan. Hingga berita ini ditulis, demo masih berlangsung. Massa yang datang juga semakin besar. Meski demikian ratusan aparat juga telah siaga di lokasi menjaga jalannya demo. Sebelumnya, ratusan mahasiswa di Surabaya turun ke jalan menolak UU TNI. Aksi massa yang memakai baju hitam-hitam itu dilakukan di depan Gedung Negara Grahadi. Massa yang membentangkan poster itu membakar ban di tengah jalan. Tampak pagar betis kawat berduri mengelilingi depan di depan Gedung Grahadi. Mereka meneriakkan akan selalu berdiri dengan pemikiran gagasan seorang mahasiswa. """"Kami berkumpul di sini, bukan sebagai DPR RI yang bukan perwakilan rakyat,"""" teriak salah satu orator, Senin (24/3/2025)."""
"Massa Demo UU TNI di Magelang Sempat Kuasai Ruang Sidang DPRD,21 Mar 2025 18:27,https://www.detik.com/jateng/berita/d-7835354/massa-demo-uu-tni-di-magelang-sempat-kuasai-ruang-sidang-dprd,""Massa Aliansi Magelang Memanggil (AMM) melakukan aksi demo tolak UU TNI di kompleks Pemkot dan DPRD Kota Magelang. Massa sempat memasuki ruang sidang DPRD Kota Magelang. PantauandetikJateng, awalnya massa melakukan orasi dan aksi di depan pintu masuk kantor Pemkot Magelang usai salat Jumat. Massa mayoritas memakai pakaian warna hitam dan membawa spanduk bertulis 'Cabut UU TNI Kami Anti Military'. Massa yang awalnya berorasi di luar pagar Kantor Pemkot Magelang sempat membakar ban bekas sambil berorasi dan menyanyikan lagu 'Darah Juang'. SCROLL TO CONTINUE WITH CONTENT Mereka kemudian membuka gerbang dan berjalan memasuki kompleks DPRD Kota Magelang. Massa dengan leluasa bisa memasuki ruang sidang DPRD Kota Magelang. """"Sebetulnya tuntutan kami di luar (gedung DPRD) adalah untuk supaya Ketua DPRD atau Wali Kota Magelang hadir menemui kami. Karena tuntutan kami pada hari ini adalah kami bersama dengan DPRD Kota Magelang yang diwakili oleh Ketua DPRD sama-sama menyatakan penolakan terhadap UU TNI bersama mahasiswa dan masyarakat Magelang,"""" kata Koordinator Umum Aksi, Achmad Rizky Airlangga kepada wartawan di DPRD Kota Magelang, Jumat (21/3/2025). """"Karena kami belum ditemui juga, tadi yang keluar hanya ketua fraksi (PDIP) maka kami rasa kurang puas. Karena tidak tersalurkan, jawaban yang diberikan oleh ketua fraksi pun diplomatis dan politis. Kami merasa tidak tercukupi,"""" ujarnya. Untuk itu, pihaknya berusaha memasuki gedung DPRD Kota Magelang dengan harapan Ketua DPRD atau Wali Kota untuk hadir menemui. """"Jadi sekaligus kita rapat. Lalu buat pers rilis bersama-sama,"""" ujarnya. Dalam ruang sidang, massa pun sempat membentangkan spanduk tersebut dan membacakan tuntutan aksi. Kemudian, kurang lebih pukul 15.35 WIB, Kapolres Magelang Kota AKBP Anita Indah Setyaningrum menemui massa yang berada di ruang sidang DPRD. Polisi membujuk massa agar meninggalkan ruang sidang dan turun menuju ruang bawah. Sekitar pukul 15.52 WIB massa turun dari ruang sidang DPRD, kemudian berjalan menuju kantor Pemkot Magelang yang sedianya akan bertemu langsung dengan Wali Kota Magelang Damar Prasetyono. Saat itu, massa yang berada depan Kantor Pemkot Magelang akhirnya ditemui Sekda Kota Magelang Hamzah Kholifi, Asisten 2 Sekda Kota Magelang Yonas Nusantrawan Bolla, dan Ketua Fraksi PDIP DPRD Kota Magelang Narisqa. Massa pun sempat bernegosiasi, kemudian Ketua Fraksi PDIP Narisqa mau menandatangani tuntutan massa. Kemudian, ada perwakilan lima orang di mana pada Senin (24/3) akan kembali ke DPRD untuk melakukan diskusi terkait UU TNI. Setelah itu, kurang lebih pukul 16.22 WIB massa membubarkan diri."""
"Pakar UB soal UU TNI: Orang Bisa Cenderung ke Pendidikan Militer, Lapangan Kerja Luas,21 Mar 2025 18:30,https://www.detik.com/edu/detikpedia/d-7835019/pakar-ub-soal-uu-tni-orang-bisa-cenderung-ke-pendidikan-militer-lapangan-kerja-luas,""DPR RI telah mengesahkan Rancangan Undang-Undang tentang Perubahan atas Undang-Undang Nomor 34 Tahun 2004 tentang TNI menjadi Undang-Undang pada Kamis (20/3/2025). UU TNI yang baru tersebut berisi beberapa ubahan tugas dan kewenangan pokok TNI, termasuk keterlibatan TNI aktif dalam kementerian/lembaga dan usia pensiun. Sebagai contoh, pada pasal 7 RUU TNI, ada dua tugas baru TNI dalam operasi militer selain perang. Sebelumnya 14 dan kini menjadi 16. SCROLL TO CONTINUE WITH CONTENT Dua tugas tambahan tersebut adalah membantu upaya menanggulangi ancaman siber dan membantu melindungi serta menyelamatkan warga negara serta kepentingan nasional di luar negeri. Lalu dalam pasal 47, terdapat penambahan 4 posisi jabatan publik yang dapat diisi TNI aktif. Sebelumnya 10, sekarang menjadi 14. Lantas, apakah ada implikasi UU TNI yang baru terhadap pendidikan di Indonesia? Mengenai RUU TNI yang kini menjadi UU tersebut, pakar hukum Universitas Brawijaya (UB) Dr Aan Eko Widiarto, SH, MHum menilai implikasi RUU TNI terhadap pendidikan, dalam artian pendidikan formal, tidak terpengaruh langsung. Pasalnya, dalam pendidikan formal sudah ada pos-pos pekerjaan yang tidak dimungkinkan melalui UU TNI yang baru, untuk dapat ditempati seorang prajurit. Namun, ada pengaruh secara tidak langsung lantaran jabatan-jabatan yang semestinya dapat diisi alumni-alumni pendidikan sipil. Jabatan-jabatan sipil dapat diisi begitu saja oleh tentara aktif atau militer aktif yang dididik dari pendidikan militer. """"Nah, tapi yang secara tidak langsung ini juga akan berpengaruh. Kenapa? Karena jabatan-jabatan yang seharusnya bisa diisi oleh alumni-alumni pendidikan masyarakat sipil ya, itu ya dengan begitu saja bisa diisi tentara aktif atau militer aktif yang dididik dari pendidikan militer,"""" jelas Dr Aan saat dihubungidetikEdu, Jumat (21/3/2025). """"Orang akan lebih cenderung untuk mengikuti pendidikan militer karena lapangan kerjanya sangat luas,"""" lanjutnya. Aan menyebut, alumni pendidikan militer bisa masuk ke instansi sipil maupun militer. Sedangkan alumni pendidikan sipil hanya bisa menduduki instansi sipil. """"Kalau misalnya ada di kepolisian maupun di tentara ya, TNI itu ada pegawai negeri sipilnya di lingkungan mereka, itu kan hanya supporting system, bukan main core dari organisasi tersebut,"""" kata Aan. """"Main core-nya ya dari militer aktif ya, seperti di Mabes Polri, di Kodam, di Kodim, Koramil. Itu core-nya ya tentara aktif. nah, supporting--nya memang ada PNS-nya begitu,"""" ujar Dekan Fakultas Hukum UB tersebut. Meski demikian, Aan menegaskan sipil hanya menjalankan fungsi supporting administrative di instansi militer. Aan menilai, orang bisa cenderung menempuh pendidikan militer, bahkan mulai dari SMA. Sehingga, sudah akan cenderung ke SMA yang memang diselenggarakan Kementerian Pertahanan. Ia menyebut, sekolah-sekolah kedinasan militer bisa jadi akan menjadi sandaran masyarakat luas. """"Nah, sementara pendidikan-pendidikan bagi pendidikan biasa yang di luar kedinasan ketentaraan, ini ya perkembangannya tidak akan bisa pesat,"""" ucapnya. Sementara, pada bidang-bidang kepakaran, karena ada pos-pos yang dapat ditempati oleh TNI, maka kepakaran dari kalangan sipil dapat terpinggirkan. """"Karena posisi-posisi itu ditempati oleh TNI, maka ya otomatis yang masyarakat sipilnya akan terpinggirkan. ya mereka akan menjadi kelompok-kelompok marjinal,"""" terangnya. Menurut Aan, penolakan masyarakat tidak dapat memengaruhi UU TNI. Sebab, kalau terpengaruh, sejak awal tidak disahkan terlebih dahulu atau dihentikan dahulu pembahasannya. """"Kalau berpengaruh kan tidak akan disahkan dahulu. Ya tentunya akan dihentikan dulu pembahasannya atau proses tahap berikutnya yaitu proses pengesahan. Tentunya akan enggak jadi, akan ditunda begitu,"""" kata Aan. """"Tapi yang terjadi kan malah dipercepat,"""" sebutnya. Aan mengatakan sangat sulit untuk mengubah atau bahkan dicabut. """"Satu-satunya jalan ya sepertinya ke Mahkamah Konstitusi ya. Dan menurut saya bisa didekati dari dua hal. Satu pengujian formil, dua pengujian materiil,"""" pungkasnya."""
"Respons Mabes TNI Seusai UU TNI Digugat ke MK Setelah 2 Hari Disahkan,24 Mar 2025 09:30,https://www.detik.com/sumut/berita/d-7838351/respons-mabes-tni-seusai-uu-tni-digugat-ke-mk-setelah-2-hari-disahkan,""UU TNI digugat ke Mahkamah Konstitusi (MK) setelah dua hari disahkan DPR RI. Kapuspen TNI Brigjen Kristomei Sianturi menyebut UU TNI yang baru disahkan itu sudah melalui prinsip demokrasi dan ketentuan. Kristomei mulanya mengatakan TNI menghormati Langkah pihak yang menggugat UU TNI ke MK. Sebab, itu adalah hak semua warga negara. """"TNI tetap menghormati setiap proses hukum yang berlangsung di negara ini, termasuk hak setiap warga negara atau kelompok masyarakat untuk mengajukan gugatan ke Mahkamah Konstitusi (MK),"""" ujarnya dikutipdetikNews, Senin (24/3/2025). SCROLL TO CONTINUE WITH CONTENT Kristomei mengatakan revisi UU TNI yang baru tetap dalam kerangka supremasi sipil dan telah memenuhi ketentuan hukum yang berlaku. """"Undang-Undang TNI yang baru disahkan oleh DPR tentunya telah melalui proses legislasi yang melibatkan berbagai pihak, termasuk pemerintah dan DPR, dengan mempertimbangkan kepentingan pertahanan negara serta profesionalisme TNI,"""" ujarnya. """"Perubahan UU ini tetap menghormati dan dalam kerangka supremasi sipil, tetap berdasarkan nilai dan prinsip demokrasi serta memenuhi ketentuan hukum yang berlaku,"""" lanjutnya. Lebih lanjut, Kristomei menyampaikan TNI tetap akan menjalankan tugas pokok sesuai dengan aturan. Dia menyerahkan proses gugatan kepada MK sepenuhnya. """"TNI akan tetap fokus menjalankan tugas pokoknya sesuai konstitusi dan mendukung proses demokrasi serta supremasi hukum yang berlaku. Kami juga menyerahkan sepenuhnya kepada mekanisme yang ada di MK untuk menilai dan memutuskan gugatan tersebut sesuai dengan peraturan perundang-undangan yang berlaku,"""" imbuhnya. Dua hari setelah disahkan DPR atau pada Sabtu (22/3/2025), UU TNI itu langsung digugat ke MK. Ada 7 orang yang menggugat UU itu ke MK. Dilihat di situs Mahkamah Konstitusi (MK), permohonan itu terdaftar dengan nomor 48/PUU/PAN.MK/AP3/03/2025. """"Permohonan Pengujian Formil Undang-Undang Nomor... Tahun 2025 tentang Perubahan atas Undang-Undang Nomor 34 Tahun 2004 tentang Tentara Nasional Indonesia,"""" bunyi pokok perkara gugatan tersebut. Adapun para pemohon adalah Muhammad Alif Ramadhan (Pemohon I), Namoradiarta Siaahan (Pemohon II), Kelvin Oktariano (Pemohon III), M. Nurrobby Fatih (Pemohon IV), Nicholas Indra Cyrill Kataren (Pemohon V), Mohammad Syaddad Sumartadinata (Pemohon VI), dan R. Yuniar A. Alpandi (Pemohon VII). Simak juga Video 'Puan Sebut Jokowi Tanya RUU TNI Saat Buka Bersama di Gedung NasDem': [Gambas:Video 20detik]"""
"UU TNI Disahkan, Pakar Hukum Unair Dorong Masyarakat Gugat ke MK,20 Mar 2025 17:50,https://www.detik.com/jatim/berita/d-7833423/uu-tni-disahkan-pakar-hukum-unair-dorong-masyarakat-gugat-ke-mk,""DPR RI resmi mengesahkan Rancangan Undang-undang tentang Perubahan atas Undang-undang Nomor 34 Tahun 2004 tentang Tentara Nasional Indonesia atau RUU TNI menjadi undang-undang disahkan DPR RI. Pengesahan itu dilakukan dalam rapat paripurna yang dihadiri oleh sejumlah menteri. Pengesahan RUU TNI ini menuai gelombang penolakan dari masyarakat. Hal ini juga menjadi sorotan berbagai pihak. Pakar Hukum Tata Negara Unair Dr. Radian Salman menyoroti sejumlah hal dalam proses penetapan UU ini. Pertama terkait proses penetapan UU TNI yang terbilang cepat dan mengabaikan partisipasi yang bermakna. SCROLL TO CONTINUE WITH CONTENT """"Salah satu poin penting dari keputusan MK adalah partisipasi yang bermakna atau meaningful participation dalam proses pembentukan Undang-Undang. Saya melihat proses dari revisi Undang-Undang TNI itu terbilang cepat, yang kita tahu serangkaian peristiwa seperti apa, termasuk koalisi masyarakat sipil yang mempersoalkan rapat tertutup DPR itu, jadi pada satu posisi ini bagi saya meaningful participation-nya nggak ada,"""" ujar Radian saat dihubungidetikJatim, Kamis (20/3/2025). Selanjutnya Radian juga menyebut bahwa semestinya ada penjelasan yang rasional mengapa RUU TNI harus diubah dan apa alasan perubahan itu. """"Lalu bagaimana dinamika proses dari penyikapan oleh DPR itu kan harus dibuka, jadi pada sisi lain kan ini nggak ada hal yang emergency untuk segera ditangani, jadi artinya apa, artinya ini harusnya lewat proses yang lebih meaningful participation, lebih lama diperdebatkan, lebih banyak publik dilibatkan,"""" tutur Radian. Lalu ia juga menyorot beberapa substansi UU TNI. Seperti mengenai jabatan yang bisa diduduki oleh TNI dalam jabatan-jabatan yang non-TNI. Menurutnya rawan terjadi konflik kepentingan di dalamnya. """"Yang semula berapa itu, 10 menjadi 14 atau berapa itu, yang harus dikhawatirkan itu bukan soal sekedar penambahan, yang agak luas itu adalah aksesnya, yang mungkin di media tidak terlalu banyak dimuat,"""" bebernya. """"Apakah dia yang aktif (TNI) itu bisa tidak mencampuradukkan konflik kepentingannya sebagai anggota TNI. Kedua misalnya, ketika sangat dimungkinkan terbukanya menggunakan kekuatan-kekuatan tentara, untuk karena orang-orang itu ada di posisi, di jabatan atau kementerian tertentu,"""" jelas Rahadian. Kemudian dalam melaksanakan tugas pemerintahan jika terjadi tindak pidana juga perlu dikhawatirkan. """"Misalnya tindak bidana korupsi, itu lalu diadili lewat apa mekanismenya, karena dia anggota TNI aktif, yang dalam jabatan yang dimungkinkan oleh undang-undang TNI lagi, jadi ini akan jadi persoalan hukum,"""" tambahnya. Menurut Rahadian, perlu diberikan definisi yang lebih ketat untuk memperjelas peran-peran TNI sebagaimana UU yang baru disahkan itu. """"Di luar operasi militer, misalnya di situ dalam siper, ini potensinya misalnya bahwa kritik melalui media sosial, serangan-serangan siber yang dimaksudkan sebagai protes terhadap keadaan situasi negara, misalnya itu kan perlu dibatasi, apakah sampai ke situ, jadi pembatasannya harus sangat ketat,"""" tegasnya. Sementara terkait gelombang penolakan massa secara nasional, menurut Rahadian tidak akan mempengaruhi UU TNI. Jika ingin dilakukan revisi harus diajukan melalui MK. """"Kalau saya melihat bahwa prosesnya begitu cepat, menurut saya tidak mungkin (diubah atau dibatalkan). Jadi kita berharap, masyarakat sipil atau siapapun, bisa mengkoreksinya lewat Mahkamah Konstitusi,"""" katanya. Diketahui bahwa pengesahan RUU menjadi undang-undang telah digelar di ruang Paripurna gedung DPR RI, Senayan, Jakarta Pusat, Kamis (20/3/2025). Rapat itu dipimpin oleh Ketua DPR RI Puan Maharani yang didampingi Wakil Ketua DPR yang lain, seperti Sufmi Dasco Ahmad, Saan Mustopa, dan Adies Kadir. Kemudian juga ada Menteri Pertahanan Sjafrie Sjamsoeddin, Panglima TNI Jenderal Agus Subiyanto, Wamenkeu Thomas Djiwandono, hingga Menteri Sekretaris Negara Prasetyo Hadi hadir dalam rapat paripurna."""
"Demo Hari Buruh di Makassar, Mahasiswa Minta UU TNI-Cipta Kerja Dibatalkan,01 Mei  2025 16:23,https://www.detik.com/sulsel/makassar/d-7894865/demo-hari-buruh-di-makassar-mahasiswa-minta-uu-tni-cipta-kerja-dibatalkan,""Mahasiswa meminta pemerintah mencabut atau membatalkan Undang-Undang (UU) Cipta Kerja dan UU TNI saat demo memperingati Hari Buruh di Kota Makassar, Sulawesi Selatan (Sulsel). UU tersebut dinilai tidak pro terhadap nasib buruh dan rakyat. Hal itu disuarakan oleh massa dari mahasiswa Universitas Negeri Makassar (UNM) yang menggelar aksi di depan kampusnya, Jalan AP Pettarani, Kamis (1/5/2025). Mereka berorasi sambil membakar ban di jalan yang menyebabkan lalu lintas di lokasi mengalami kemacetan. """"Kami membawa grand isu bahwa evaluasi seluruh kebijakan terhadap buruh dan pendidikan yang ada di Indonesia. Terlalu banyak ketimpangan yang terjadi, terlalu banyak keserakahan dari pihak-pihak pejabat mengenai apa yang seharusnya dipenuhi untuk rakyat, rakyat tidak dapat mendapatkan haknya,"""" kata Korlap Aksi, Muammar Kadafi kepada wartawan di lokasi. SCROLL TO CONTINUE WITH CONTENT Dia meminta pemerintah agar mencabut pemberlakuan UU Cipta Kerja yang tidak pro terhadap buruh. Ditambah lagi, kata dia, biaya hidup makin mahal usai kenaikan pajak yang diberlakukan pemerintah. """"Salah satunya adalah UU Cipta Kerja, teman-teman buruh tidak mendapatkan pesangon. Setelah itu ketika tidak mendapatkan pesangon, biaya hidup bertambah tinggi dengan naiknya PPN menjadi 12%,"""" katanya. Sementara kebijakan pemerintah, kata dia, belum berhasil menyejahterakan buruh dan rakyat miskin. Kondisi ekonomi makin susah juga makin diperparah dengan maraknya pemutusan hak kerja (PHK). """"Hal itu membuat teman-teman buruh sangat menderita, adanya keluarga yang dinafkahi, anak, istri di rumah tapi tidak mendapatkan hak yang layak dengan pekerjaan yang dia kerjakan, dia tidak mendapatkan hak yang sepenuhnya,"""" katanya. Selain itu, mereka juga mendesak pemerintah membatalkan UU TNI yang telah disahkan bersama DPR. Menurutnya, memperluas kewenangan TNI dinilai akan membuat mahasiswa dan rakyat sulit bersuara. """"Memperluas kekuasaan TNI, ujungnya rakyat akan sangat menderita. Kami rakyat tidak bebas untuk menyampaikan aspirasi kami di depan umum. Itu sudah menyalahi dari UUD 1945,"""" jelasnya. Muammar juga menilai pemerintahan Prabowo Subianto-Gibran Rakabuming Raka makin melanggengkan oligarki. Hal itu juga dinilai akan menyengsarakan rakyat yang dibarengi dengan pengesahan UU TNI.""""Terhadap oligarki Prabowo-Gibran ini itu sangat berdampak juga kepada kita, dimana adanya krisis yang berkesinambungan. Satu persatu muncul, mulai dari PPN, efisiensi, kemudian IKN. Sehingga kami masyarakat terus melarat. Hipotesis kami bahwa akan terjadi pemerintahan yang otoriter dengan adanya RUU TNI tersebut,"""" jelasnya. Diketahui, sejumlah mahasiswa UNM memperingati Hari Buruh Internasional atau May Day 2025 di depan kampus Gunung Sari sejak sore tadi. Mereka menutup jalan dan membakar ban hingga membuat arus lalu lintas dari dua arah mengalami kemacetan."""
"2 Mahasiswa Hilang-6 Luka dalam Aksi Demo Tolak UU TNI di Sukabumi,25 Mar 2025 10:57,https://www.detik.com/jabar/berita/d-7840366/2-mahasiswa-hilang-6-luka-dalam-aksi-demo-tolak-uu-tni-di-sukabumi,""Aksi demonstrasi menolak pengesahan Undang-Undang TNI yang dilakukan pada Senin (24/3/2025) di DPRD Kota Sukabumi berujung ricuh. Dalam insiden tersebut, dua mahasiswa dilaporkan hilang dan enam orang mengalami luka-luka diduga akibat tindakan represif aparat kepolisian. Koordinator BEM Sukabumi, Yogi, mengecam keras tindakan aparat yang dinilai bertindak di luar batas dalam mengamankan aksi. """"Massa aksi dipukuli, diseret, dan banyak yang harus dilarikan ke rumah sakit. Polisi tidak bertindak manusiawi dalam demonstrasi kali ini,"""" tegas Yogi kepada detikJabar, Selasa (25/3/2025). SCROLL TO CONTINUE WITH CONTENT Selain itu, mahasiswa juga menyebutkan ada sekitar enam orang yang diamankan polisi saat demonstran bertahan hingga malam. """"Iya itu terakhir kita lihat dibawa masuk ke DPRD oleh aparat,"""" ujarnya. Hingga saat ini, dua mahasiswa yang terlibat dalam aksi belum ditemukan, yaitu Tulus Pratama Sastra Wijaya, mahasiswa Universitas Muhammadiyah Sukabumi dan Levi, mahasiswa asal Sukaraja, Kabupaten Sukabumi. Sementara itu, enam mahasiswa lainnya mengalami luka-luka dan mendapatkan perawatan medis. Mereka adalah Fadhil Ahmad Fauzan (Ummi), Ziad (Ummi), Zaky (Institut Madani Nusantara), Putra, Deli (STIES Gasantara) dan Ridho (Ummi). Atas insiden ini, Ketua Cabang PMII Kota Sukabumi Bahrul Ulum menuntut pertanggungjawaban dari pihak kepolisian. Menurutnya satu orang korban merupakan kader PMII dan mengalami luka hingga tulang hidung patah. """"Kami dengan tegas mengutuk dan menyatakan perlawanan terhadap tindakan represif yang dilakukan oleh aparat kepolisian terhadap para demonstran pada aksi unjuk rasa yang terjadi di depan Kantor DPRD Kota Sukabumi. Dalam aksi tersebut, banyak korban berjatuhan akibat pengamanan yang tidak sesuai prosedur,"""" kata Ulum. Dia juga menuntut agar institusi Polri mencopot aparat yang terlibat. """"Dalam hal ini, aparat yang tidak dapat melaksanakan tugasnya dengan baik dan justru menjadi pelaku kekerasan terhadap warga negara harus mempertanggungjawabkan perbuatannya,"""" ujarnya. """"Kami tidak ingin aparat kepolisian yang tidak profesional dan tidak menghormati hak asasi manusia berada di posisi yang seharusnya menjamin keamanan publik,"""" sambung Ulum. PMII meminta agar dilakukan evaluasi terhadap prosedur pengamanan unjuk rasa agar tidak terjadi lagi tindakan represif. Mereka juga menuntut agar aparat memberikan jaminan keamanan dan kebebasan berpendapat bagi masyarakat sesuai dengan konstitusi. """"Kami mendesak agar pihak kepolisian segera memproses secara hukum tindakan kekerasan yang telah terjadi. Kami juga menuntut agar aparat kepolisian yang terbukti tidak profesional dalam menjalankan tugasnya, khususnya yang terlibat dalam kekerasan tersebut, dicabut izin penugasannya,"""" kata dia. Pihaknya menegaskan akan terus mengawal kasus ini hingga ada kejelasan mengenai mahasiswa yang hilang serta pertanggungjawaban atas korban luka-luka. Sementara itu, Kapolres Sukabumi Kota AKBP Rita Suwadi sempat menjenguk korban luka di RSUD Syamsudin SH pada Senin (24/3/2025) malam. Dia mengaku masih menunggu hasil pemeriksaan secara medis. """"Secara umum baru terindikasi saja sampai dengan nanti keluar hasil seperti apa, baik anggota Polri maupun mahasiswanya. Tadi kan sudah sama-sama kita dengar ya yang anggota polri kan patah tangannya terus kemudian rekan kita dari mahasiswa juga ada indikasi (patah) hidungnya,"""" kata Rita. """"Tapi semuanya itu masih menunggu karena masih penanganan awal, masih menunggu pemeriksaan dan kita semua memberi perhatian baik anggota Polri yang berjaga melakukan pengamanan termasuk adik mahasiswa,"""" tutupnya."""
"Kata Jenderal Maruli soal UU TNI,21 Apr 2025 18:04,https://www.detik.com/jabar/berita/d-7879149/kata-jenderal-maruli-soal-uu-tni,""Kepala Staf Angkatan Darat (KASAD) Jenderal TNI Maruli Simanjuntak menjelaskan bahwa revisi Undang-undang (UU) TNI yang telah disahkan bukanlah bentuk kembalinya dwifungsi militer seperti yang ramai dikhawatirkan sejumlah pihak. Menurutnya, revisi tersebut hanya menyentuh tiga pasal yang berkaitan dengan koordinasi internal dan penugasan prajurit di kementerian atau lembaga tertentu. """"Jadi begini, memang itu mungkin kurang penjelasan. Jadi yang diubah itu tiga pasal, bagaimana cara koordinasi internal. Saya pikir itu tidak jadi masalah. Yang kedua tentang kita bisa di KL (kementerian/lembaga) lain, itu KL itu adalah kementerian yang selama ini sudah dijabat juga oleh TNI, dan itu berhubungan, atau kata Pak Menhan itu beririsan langsung,"""" kata Maruli di Sukabumi, Senin (21/4/2025). Ia mencontohkan lembaga seperti BNPB dan Basarnas yang selama ini dalam pelaksanaannya langsung berkoordinasi dengan TNI. Hal ini dinilai akan mempermudah penanganan bencana dan tugas-tugas di lapangan. SCROLL TO CONTINUE WITH CONTENT """"Jadi misalnya BNPB, Basarnas, itu pada saat eksekusinya itu langsung berkoordinasi dengan TNI, sehingga memudahkan, mempercepat mengatasi bencana alam. Basarnas jelas memudahkan. Kalau dia ikut kementerian non yang beririsan itu, tentara tersebut harus pensiun, itu sudah jelas,"""" ucapnya. Maruli juga menyebut bahwa soal ini sudah disampaikan oleh presiden dalam pertemuan dengan beberapa pimpinan redaksi. """"Tentang umum sudah disampaikan juga Pak Presiden menemui beberapa pemred, disampaikan di situ bahwa ada beberapa orang yang berpotensi harus segera pensiun, kan sayang. Nah, nanti kan bisa didiskusikan lagi detailnya,"""" ujar dia. Ia menanggapi santai tudingan sejumlah pihak yang menyebut adanya dwifungsi TNI. Menurutnya, tudingan itu hanya celotehan yang tidak memahami konteks sejarah dan isi revisi secara utuh. """"Nggak ada itu, orang-orang itu cuman celometan saja ngomong-ngomong dwifungsi. Kalau dwifungsi itu dulu, kalau saya pengen bisa ngomong sama anak muda, dulu itu fungsi politiknya itu di DPRD sampai 20 persen dulu, 12 sampai 20 persen. Kita duduk di MPR sampai 25 persen. Jadi investasi penentunya besar kita dulu itu,"""" jelas Maruli. """"Kita kan nggak ke arah sana. Penunjukkan bupati, gubernur gak ada lagi. Sekarang kan demokrasi, jauh dari situ ceritanya. Jadi tidak ada pemikiran kita mau dwifungsi-dwifungsi lagi,"""" sambungnya. Ia menekankan bahwa TNI tetap memegang prinsip profesionalisme dan bekerja sesuai kapasitas, termasuk dalam kerja sama dengan kementerian lain yang berdampak pada masyarakat. """"Profesional saja, mana yang bisa dikerjakan. Bisa dilihat sendiri, kita bisa bekerjasama dengan Kementan, bisa untuk masyarakat. Sekarang dari 2.000 sekian hektare, sudah berapa ribu KK itu yang bisa hidupnya lebih baik, produksi terhadap ketahanan pangan, segala macam,"""" terangnya. Soal kekhawatiran profesionalisme terganggu dengan revisi UU ini, Maruli memastikan bahwa hal itu tidak berdasar. """"Kalau yang saya sampaikan, sudah sejak dulu kita memang menduduki itu. Cuma supaya legalitasnya jelas, sekarang dibuat di undang-undang tersebut. Kita sudah mengerjakan begitu profesional. Tentara Angkatan Darat juara nembaknya di Asia, masih bisa bagus. Kita masih direpeck kemampuan-kemampuan kita di luar negeri. Sudah berjalan selama ini. Jadi saya pikir tidak terpengaruh. Kami juga harus jaga profesional kami, tidak hanya sekadar mau jabatan-jabatan saja,"""" tegasnya. Saat ditanya soal kerja sama antara TNI dan Pemerintah Provinsi menyusul pengesahan UU TNI, Maruli menyebut bahwa semua itu sah dalam demokrasi dan bisa dikomunikasikan lebih lanjut. """"Gak apa-apa, itu kan pendapat. Namanya demokrasi. Ada suatu kebijakan, menurut pandangan ini tidak sesuai dengan hukum, nanti kita komunikasikan. Jadi kadang-kadang kan orang tidak mengerti di lapangan bagaimana,"""" ungkapnya. Ia menyinggung kondisi di Sukabumi yang kerap menghadapi hambatan seperti mafia tanah dan tekanan dari kelompok tertentu terhadap proyek pembangunan. """"Kenapa Pak Gubernur menyampaikan supaya bekerjasama dengan TNI? Cek bagaimana di area Sukabumi itu, tentang tanda kutip mafia tanah. Akhirnya orang yang punya proyek gak jalan-jalan. Ada LSM, ada inilah segala macam. Akhirnya kualitas barang gak sampai,"""" beber Maruli. Ia menegaskan bahwa kehadiran TNI bukan untuk mengambil proyek, melainkan membantu menciptakan ruang aman bagi pembangunan. """"Kami juga bukan, 'uh ini ada proyek, ada proyek', enggak ada pemikiran kami begitu. Saya sudah sampaikan pada Pak Gubernur juga, Pak, adik saya saja bangun di Bandung dimintain uang. Adik saya kandung. Nah ini bagaimana nanti tatanan seperti ini diperbaiki. Tapi kan pembangunan harus jalan. Nanti kalau ini sudah jalan, gak usah pakai tentara. Enggak usah. Jalanin saja,"""" tandasnya."""
"Ramai Demo Tolak UU TNI di Berbagai Daerah, Sahroni: Tidak Melihat Persis Revisi,27 Mar 2025 15:30,https://www.detik.com/sumut/berita/d-7844568/ramai-demo-tolak-uu-tni-di-berbagai-daerah-sahroni-tidak-melihat-persis-revisi,""Demo penolakan revisi UU TNI terjadi di sejumlah daerah di Indonesia. Wakil Ketua Komisi 3 DPR RI Ahmad Sahroni menyebut bahwa para pendemo tidak melihat persis isi revisi tersebut. Ahmad Sahroni menyebut wajar saja jika terjadi dinamika terkait revisi UU TNI. Sebab, menurutnya para pendemo tidak melihat secara detail isi revisi UU TNI itu. """"Gini ya, wajar kalau dinamika terjadi terkait revisi UU TNI karena teman-teman di daerah di Jakarta tidak melihat dan membaca persis apa yang terjadi di revisi UU tersebut,"""" kata Sahroni, Kamis (26/3/2025). SCROLL TO CONTINUE WITH CONTENT Menurutnya, hal itu lah yang membuat revisi UU TNI ini terkesan negatif dan seolah-olah ingin mengembalikan dwifungsi ABRI. Sahroni menyebut pengembalian dwifungsi itu tidak lah benar. """"Makanya kan narasinya selalu negatif, membangun dwifungsi ABRI, diaktifin kembali, nggak, beda-beda. Jadi, hanya tiga pasal, selainnya tidak ada perubahan sama sekali,"""" jelasnya. Sahroni mengatakan nantinya akan ada pembahasan RUU KUHP. Menurutnya nanti akan ada komunikasi dengan berbagai pihak. Dia menilai jika sebelumnya RUU itu dikomunikasikan, maka tidak akan ada penolakan. """"Ini entar kita masuk RUU KUHP, kita pedomani untuk tetap berkoordinasi dan komunikasi dengan semua level semua profesional agar tidak terjadi salah paham. Kalau sebelum ini dikomunikasikan, tidak ada keributan nanti pasti,"""" pungkasnya. Sebelumnya, diketahui gelombang massa demo yang menolak UU TNI yang baru disahkan DPR meluas ke berbagai daerah. Ada beragam alasan massa menggelar demo, salah satunya mereka khawatir UU TNI tersebut dapat melemahkan masyarakat. Dirangkum detikcom, massa demo tolak UU TNI yang digelar sejak Kamis (20/3) hingga Senin (24/3) kemarin tersebar di berbagai wilayah, tidak hanya di Jakarta, tetapi juga di Majalengka,Medan, Bandung Jawa Barat, di Surabaya Jawa Timur, Makassar Sulawesi Selatan, Mataram NTT, Palangkaraya, Semarang, serta Lumajang Jatim. Ada beragam tuntutan massa demo, salah satunya menuntut agar pengesahan RUU TNI dibatalkan."""
"Tolak UU TNI, Mahasiswa Bakar Ban di Depan Gedung DPRD Majalengka,24 Mar 2025 17:59,https://www.detik.com/jabar/cirebon-raya/d-7839572/tolak-uu-tni-mahasiswa-bakar-ban-di-depan-gedung-dprd-majalengka,""Sejumlah mahasiswa dari berbagai perguruan tinggi menggelar aksi demonstrasi di depan gedung DPRD Majalengka, Senin (24/3/2025). Massa aksi yang tergabung dalam aliansi BEM se-Majalengka terlihat mengenakan pakaian serba hitam sebagai bentuk simbolis perlawanan mereka. Massa aksi mulai berdatangan sekitar pukul 15.30 WIB dan langsung menggelar orasi dengan membawa sejumlah spanduk dan poster penolakan terhadap Undang-Undang (UU) TNI yang baru disahkan. Sebagai bagian dari protes, para mahasiswa juga membakar ban di depan gedung DPRD, yang menandakan puncak dari aksi demonstrasi mereka. """"Kami menolak UU TNI karena dianggap tidak berpihak pada rakyat dan berpotensi menimbulkan pelanggaran hak asasi manusia,"""" ujar salah satu orator. SCROLL TO CONTINUE WITH CONTENT Dalam aksi tersebut, para mahasiswa berhasil menerobos gerbang DPRD setelah adu dorong dengan petugas. Di sana, mereka menuntut agar UU TNI dikaji ulang, serta mempertimbangkan dampaknya terhadap kehidupan sipil dan demokrasi di Indonesia. Sedikitnya ada tiga tuntutan yang mereka suarakan. Salah seorang massa aksi, Anwar Yusuf mengatakan, revisi UU TNI berpotensi menghidupkan kembali dwifungsi TNI, yang pernah terjadi pada masa lalu dan dinilai merugikan supremasi sipil. """"Kami menuntut agar revisi UU TNI dibatalkan karena mengancam demokrasi, supremasi sipil, dan hasil-hasil reformasi. Ini bisa membuka kembali peluang dwifungsi TNI yang telah kita hindari setelah reformasi,"""" kata Anwar saat diwawancarai detikJabar. Selain menuntut pembatalan revisi UU TNI, mahasiswa juga mendesak agar setiap kebijakan pemerintah melibatkan partisipasi publik serta memberikan keterbukaan dan transparansi, terutama kebijakan yang berdampak luas terhadap masyarakat sipil. """"Kebijakan pemerintah harus transparan dan melibatkan masyarakat. Kami tidak ingin kebijakan yang dibuat tanpa mendengar suara rakyat,"""" ujarnya. Tuntutan ketiga dalam aksi ini adalah penghentian segala bentuk intimidasi dan kriminalisasi terhadap masyarakat yang menyampaikan pendapat di muka umum. Anwar menilai, kebebasan berpendapat merupakan bagian penting dari demokrasi yang harus dilindungi oleh negara. """"Yang ketiga, menghentikan segala bentuk intimidasi dan kriminalisasi terhadap masyarakat sipil yang menjalankan hak demokrasi dalam menyampaikan pendapat,"""" ucapnya."""
"Ulah Anggota DPRD Pematangsiantar Diduga Pukul Mahasiswa yang Demo UU TNI,31 Mar 2025 08:00,https://www.detik.com/sumut/hukum-dan-kriminal/d-7848566/ulah-anggota-dprd-pematangsiantar-diduga-pukul-mahasiswa-yang-demo-uu-tni,""Anggota DPRD Pematangsiantar, berinisial RM viral di media sosial karena ulahnya diduga memukul mahasiswa Universitas Simalungun (USI) bernama Afriadi Lesmana (20). Afriadi mengalami itu saat bersama rekan-rekannya saat aksi demonstrasi menolak UU TNI. Afriadi menceritakan peristiwa yang dialaminya pada Kamis (27/3). Saat itu dia bersama BEM se Kota Pematangsiantar melakukan aksi menolak UU TNI di depan Kantor DPRD Kota Pematangsiantar. """"Pas dorong-dorongan aku langsung dijambak, langsung dipiting, lalu diseret-seret Satpol PP,"""" kata Afriadi Lesmana saat dihubungi. SCROLL TO CONTINUE WITH CONTENT Saat diseret-seret, Afriadi mengaku tidak sadar jika pria yang memukul bagian lengannya adalah anggota DPRD. Dia mengetahui itu setelah diperlihatkan rekaman video. """"Iya (ada dipukul RM) di bagian lengan, aku pun nggak sadar juga itu (RM anggota DPRD) waktu diseret-seret, lalu kawan-kawan dari media menunjukkan video itu, makanya tahu kalau itu anggota dewan dari Partai NasDem,"""" ucapnya. Afriadi bersama 2 temannya diamankan saat demo kemudian dikasih keluar setelah negoisasi. Pihaknya berencana melaporkan aksi pemukulan RM itu ke Polres Pematangsiantar. """"Itu dari BEM sedang melakukan pelaporan di Polres Pematangsiantar, nanti aku kasih tahu (kalau sudah ada laporan polisinya),"""" tutupnya. Ia mengaku dipukul saat sedang diamankan petugas Satpol PP. """"Pas dorong-dorongan aku langsung dijambak, langsung dipiting, lalu diseret-seret Satpol PP,"""" katanya. Saat dibawa petugas Satpol PP itu, Afriadi mengatakan ada yang memukulnya di bagian lengan. Namun dia awalnya tidak mengetahui jika pelaku pemukulan itu adalah anggota DPRD. """"Iya (ada dipukul RM) di bagian lengan, aku pun nggak sadar juga itu (RM anggota DPRD) waktu diseret-seret, lalu kawan-kawan dari media menunjukkan video itu, makanya tahu kalau itu anggota dewan dari Partai NasDem,"""" tuturnya. Afriadi bersama 2 temannya diamankan saat demo kemudian dibolehkan pulang setelah negosiasi. Pihak BEM berencana melaporkan aksi pemukulan RM itu ke Polres Pematangsiantar. """"Itu dari BEM sedang melakukan pelaporan di Polres Pematangsiantar, nanti aku kasih tahu (kalau sudah ada laporan polisinya),"""" tutupnya."""
"UU TNI Tidak Kembalikan Dwifungsi ABRI,23 Mar 2025 14:46,https://news.detik.com/kolom/d-7837528/uu-tni-tidak-kembalikan-dwifungsi-abri,""Saya adalah aktivis 1998 yang berdiri paling depan menuntut pencabutan dwifungsi ABRI sepanjang dekade 90-an. Konsep dwifungsi ABRI sebenarnya konsep yang netral yang awalnya dikenalkan oleh Jenderal AH Nasution sesepuh TNI. Intinya ABRI atau TNI tidak hanya bertanggung-jawab soal pertahanan negara tetapi bisa ikut ambil bagian dalam pelaksanaan pemerintahan. Selama Orde Baru berkuasa, konsep ini menjadi praktik yang dianggap negatif di mana ABRI atau TNI bukan hanya berpartisipasi dalam penyelenggaraan negara tetapi malah mendominasi. Dengan konsep ini banyak sekali kepala daerah adalah perwira ABRI/TNI aktif, ABRI/TNI memiliki Fraksi di DPR tanpa melalui pemilu yang jumlah anggotanya bisa seperlima dari seluruh anggota DPR, hampir semua kementerian juga diisi oleh perwira - perwira aktif. ABRI bahkan bisa ikut melakukan aktivitas bisnis. SCROLL TO CONTINUE WITH CONTENT Pengesahan UU TNI kemarin tentu jauh sekali dari praktik penerapan dwifungsi ABRI yang terjadi di era orde baru. Prajurit TNI hanya diperkenankan menduduki jabatan di luar struktur TNI yang memiliki relevansi kerja dengan TNI seperti Badan Penjaga Perbatasan, Badan Keamanan Laut, Jaksa Agung Pidana Militer di Kejaksaan Agung, Hakim Agung Militer di Mahkamah Agung dan lain-lain. Dengan pengaturan ini justru kita memaksimalkan SDM TNI untuk membantu kerja kementerian atau lembaga yang ada kaitan tugasnya dengan tugas TNI tersebut. Sejak lama kita melihat prajurit TNI ikut membantu mengatasi masalah di luar pertahanan. Kita ingat di saat pandemi Covid 19, di mana prajurit TNI dan anggota Polri ikut membantu tenaga kesehatan mengatasi pandemi. Mereka menyelenggarakan vaksinasi, menyemprot disinfektan hingga menyalurkan berbagai bentuk bantuan. Begitu juga ketika bencana alam seperti banjir, gempa bumi dan tsunami, hingga gunung meletus, Prajurit TNI sigap membantu masyarakat di garis terdepan. UU TNI tidak membolehkan prajurit TNI menjadi kepala daerah tanpa Pemilu/Pilkada. UU TNI tidak membolehkan TNI memiliki fraksi di DPR/DPRD tanpa Pemilu. UU TNI tidak membolehkan prajurit TNI menduduki jabatan di kementerian atau lembaga yang tidak ada kaitan kerja dengan TNI. UU TNI juga tidak mengizinkan TNI berbisnis. Jelaslah UU TNI bukan wujud kembalinya dwifungsi ABRI. Habiburokhman.Ketua Komisi III DPR RI. Simak juga Video Dasco: Kami Kedepankan Supremasi Sipil, RUU TNI Tak Kembalikan Dwifungsi [Gambas:Video 20detik]"""
"Mahasiswa dan Dosen UGM Tolak Revisi UU TNI, Pakar: Kampus Tidak Akan Diam,20 Mar 2025 16:00,https://www.detik.com/edu/perguruan-tinggi/d-7833132/mahasiswa-dan-dosen-ugm-tolak-revisi-uu-tni-pakar-kampus-tidak-akan-diam,""Polemik Revisi UU TNI memasuki babak baru. DPR resmi mengesahkan Revisi UU TNI menjadi UU melalui rapat paripurna yang digelar di Gedung Nusantara II, Gedung DPR, Senayan, Jakarta, Kamis (20/3/2025). RUU TNI telah mengubah beberapa pasal tugas dan kewenangan pokok TNI, termasuk usia pensiun hingga keterlibatan TNI aktif dalam kementerian/lembaga. Terdapat tiga pasal penting dalam perubahan UU Nomor 34 tahun 2004 tentang TNI yakni SCROLL TO CONTINUE WITH CONTENT Pada pasal 7 RUU TNI, terdapat dua tugas baru TNI dalam operasi militer selain perang. Sebelumnya ada 14 dan kini menjadi 16. Dua tambahan tugas TNI dalam operasi militer selain perang adalah membantu dalam upaya menanggulangi ancaman siber dan membantu melindungi dan menyelamatkan warga negara serta kepentingan nasional di luar negeri. Melalui pasal ini, kementerian/lembaga dapat Diisi TNI. Pada pasal 47, terdapat penambahan 4 posisi jabatan publik yang dapat diisi TNI aktif. Sebelumnya 10, kini menjadi 14. Pasal 53 RUU TNI mengubah batas usia pensiun prajurit. Revisi UU TNI ini, sejak awal menimbulkan polemik. Di Universitas Gadjah Mada, ratusan mahasiswa dan dosen menolak RUU TNI. Mereka melakukan aksi di halaman Balairung, Gedung Pusat UGM, pada Selasa (18/3/2025). Dalam aksi ini, turut hadir pula Rektor Universitas Islam Indonesia (UII), Fathul Wahid. Dalam hal ini, disebutkan bahwa UII siap memberikan penolakan terhadap RUU TNI. Dosen Fakultas Hukum (FH) UGM, Dr Herlambang Wiratman, menyebutkan bahwa proses yang diadakan pemerintah dan DPR ugal-ugalan dan tidak mendengar partisipasi publik. RUU TNI dinilai akan mengikis supremasi sipil dalam demokrasi. Hal ini karena jabatan-jabatan sipil bisa diisi oleh militer. Ia juga mengatakan, dasar pembentukan RUU TNI tidak memiliki urgensi. Terutama menyoal 41 Program Legislasi Nasional (Prolegnas) yang ada daftar prioritas. """"Kampus tidak akan diam saat ada penindasan. Kampus harus jaga reformasi, kampus tolak dwifungsi, tolak militerisme,"""" ucap Herlambang, dilansir laman resmi UGM, Kamis (20/3/2025). Sementara Dosen Fakultas Ilmu Budaya UGM, Achmad Munjid, Ph D., berpendapat bahwa proses RUU TNI mencurigakan dan ada agenda untuk mengembalikan dwifungsi TNI yang dihapus pasca-Reformasi. """"Rakyat tidak boleh memberikan ruang untuk militer di ranah sipil dan mengajak masyarakat agar terus mengawal proses RUU TNI ini,"""" tuturnya. 1. Menuntut pemerintah dan DPR membatalkan revisi UU TNI yang tidak transparan, terburu-buru, dan mengabaikan suara publik. Karena hal tersebut merupakan kejahatan konstitusi. 2. Menuntut Pemerintah dan DPR untuk menjunjung tinggi konstitusi dan tidak mengkhianati Agenda Reformasi dengan menjaga prinsip supremasi sipil dan kesetaraan di muka hukum, serta menolak dwifungsi TNI/Polri. 3. Menuntut TNI/Polri, sebagai alat negara, melakukan reformasi internal dan meningkatkan profesionalisme untuk memulihkan kepercayaan publik. 4. Mendesak seluruh insan akademik di seluruh Indonesia segera menyatakan sikap tegas menolak sikap dan perilaku yang melemahkan demokrasi, melanggar konstitusi, dan kembali menegakkan Agenda Reformasi. 5. Mendorong dan mendukung upaya Masyarakat Sipil menjaga Agenda Reformasi dengan menjalankan pengawasan dan kontrol terhadap kinerja Pemerintah dan DPR."""
"Sederet Tuntutan Massa Aliansi Jogja Memanggil Tolak UU TNI di DPRD DIY,20 Mar 2025 16:59,https://www.detik.com/jogja/berita/d-7833306/sederet-tuntutan-massa-aliansi-jogja-memanggil-tolak-uu-tni-di-dprd-diy,""Massa Aliansi Jogja Memanggil menggelar aksi di gedung DPRD DIY hari ini. Mereka menuntut Undang-undang TNI yang telah disahkan dibatalkan. Juru bicara aksi, Bung Koes, menyoroti kejanggalan karena sejak awal RUU TNI terkesan dibahas secara diam-diam. RUU itu menurutnya tidak memiliki naskah akademik yang komprehensif, tidak menjadi Prolegnas DPR 2025, tidak ada dalam RPJMN 2025-2029, hingga tidak adanya partisipasi publik. """"DPR sudah mencatatkan kecacatan prosedural mengapa pertama RUU TNI tidak masuk prolegnas 2025, RUU TNI tidak masuk RPJMN, ketiga tidak memiliki partisipasi publik yang bermakna,"""" ungkapnya di sela aksi di gedung DPRD DIY, Kamis (20/3/2025). SCROLL TO CONTINUE WITH CONTENT """"Di mana kita lihat semuanya bahwa koalisi masyarakat malah tidak dibolehkan masuk. Prosesnya cepat tentunya kita menduga ada kong kalikong DPR pemerintah dan militer,"""" sambungnya. Bung Koes menilai demokrasi masyarakat sipil terancam dengan disahkannya UU TNI tersebut. Pasalnya, dalam UU itu mengizinkan tentara mengisi jabatan-jabatan publik di luar sektor pertahanan. Ia mengatakan dengan watak tentara yang bersifat hierarkis dan bergerak berdasarkan sistem komando, pengelolaan pemerintahan Indonesia berpotensi mengarah pada otoritarianisme. """"Tuntutan masyarakat adalah hapuskan dwi fungsi Abri maka dengan percepatan RUU TNI dwi fungsi Abri kembali,"""" ungkap Bung Koes. Selain menuntut dibatalkannya pengesahan UU TNI, Bung Koes mengatakan pihaknya juga menuntut pemakzulan Presiden dan wakilnya, Prabowo Subianto dan Gibran Rakabuming Raka. Ia menyebut berdasarkan Pasal 7A UUD 1945, Presiden dan Wakil Presiden dapat dimakzulkan dari jabatannya oleh MPR atas usul DPR karena melakukan pengkhianatan terhadap negara, korupsi, penyuapan, tindak pidana berat, atau perbuatan tercela. """"Pemerintahan Prabowo-Gibran telah memenuhi syarat untuk dimakzulkan. Rezim ini melakukan pengkhianatan terhadap negara karena berupaya mengembalikan supremasi militer yang mengkhianati cita-cita reformasi, dan melakukan tindak pidana berat karena terlibat dalam pelanggaran HAM masa lalu yang belum tuntas!,"""" pungkasnya."""
"Pasal Kontroversi di Balik Revisi UU TNI: Peran Militer-Usia Pensiun Ditambah,20 Mar 2025 13:51,https://www.detik.com/sulsel/berita/d-7832806/pasal-kontroversi-di-balik-revisi-uu-tni-peran-militer-usia-pensiun-ditambah,""DPR RI resmi mengesahkan Rancangan Undang-Undang Tentara Nasional Indonesia (RUU TNI) Nomor 34 Tahun 2004 menjadi UU. RUU TNI sebelumnya sempat menuai sorotan karena ada sejumlah pasal yang dianggap kontroversial termasuk pengaturan prajurit aktif bisa mengisi jabatan sipil. Dilansir daridetikNews, pengesahan RUU TNI menjadi UU digelar dalam rapat paripurna di Gedung Nusantara II, gedung DPR, Senayan, Jakarta, Kamis (20/3/2025). Rapat dipimpin Ketua DPR Puan Maharani didampingi Wakil Ketua DPR yang lain, seperti Sufmi Dasco Ahmad, Saan Mustopa, dan Adies Kadir. Menteri Pertahanan (Menhan) Sjafrie yang turut hadir dalam rapat tersebut menegaskan tidak ada wajib militer dalam RUU TNI yang sudah disahkan menjadi UU. Dia juga memastikan tidak ada upaya mengembalikan dwifungsi TNI. SCROLL TO CONTINUE WITH CONTENT """"Jadi tidak ada wajib militer di Indonesia lagi, tidak ada dwifungsi dwifungsi lagi, jangankan jasad, arwahnya pun sudah tidak ada,"""" kata Sjafrie di gedung MPR/DPR/DPD, Jakarta Pusat, Kamis (20/3). Sjafrie juga mengatakan tidak ada prajurit aktif yang dapat mengisi jabatan di luar 14 kementerian/lembaga yang telah diatur di UU TNI. Dia meminta masyarakat tak khawatir anggota TNI aktif mengisi jabatan di BUMN. """"Tidak ada (prajurit aktif di Agrinas BUMN), semua, mulai Bulog, semua purnawirawan, jadi tenang saja ya. Nggak usah khawatirlah,"""" ujarnya. Diketahui, ada 3 pasal penting dalam perubahan UU Nomor 34 Tahun 2004 tentang TNI tersebut. Pasal itu mengatur mengenai tugas dan kewenangan TNI dan keterlibatan TNI aktif jabatan publik. Dalam Pasal 7 RUU TNI, tercantum 2 tugas baru TNI dalam operasi militer selain perang dari yang sebelumnya 14 kini menjadi 16. Salah satunya, membantu dalam upaya menanggulangi ancaman siber. TNI juga kini wajib membantu dalam melindungi dan menyelamatkan warga negara serta kepentingan nasional di luar negeri. Berikut bunyi pasalnya: Pelaksanaan operasi militer selain perang sebagaimana dimaksud pada ayat (2) huruf b diatur lebih lanjut dengan Peraturan Pemerintah atau Peraturan Presiden, kecuali untuk ayat (2) huruf b angka 10. Dalam pasal 47, ada penambahan 4 posisi jabatan publik yang bisa diisi TNI aktif dari yang sebelumnya 10 kini menjadi 14. Penambahan 4 kementerian/lembaga yang bisa diduduki TNI itu di antaranya Badan Nasional Pengelola Perbatasan (BNPP), Badan Penanggulangan Bencana, Badan Penanggulangan Terorisme, Badan Keamanan Laut, dan Kejaksaan Republik Indonesia (Jaksa Agung Muda Bidang Tindak Pidana Militer). Dalam Pasal 53 RUU TNI mengubah batas usia pensiun prajurit. Ketentuan ini diatur dalam ayat (2) dengan batas usia pensiun yang variatif berdasarkan pangkat dan jabatan. Khusus untuk perwira tinggi bintang 4, batas usia pensiun maksimal 63 tahun dan dapat diperpanjang maksimal 2 kali atau 2 tahun sesuai dengan kebutuhan yang ditetapkan dengan Keputusan Presiden."""
"Revisi UU TNI Dinilai Langgar Prinsip Demokrasi,20 Mar 2025 20:33,https://www.detik.com/bali/hukum-dan-kriminal/d-7833689/revisi-uu-tni-dinilai-langgar-prinsip-demokrasi,""Pengamat Hukum Tata Negara dari Universitas Nusa Cendana (Undana) Kupang, John Tuba Helan, menilai revisi Undang-Undang (UU) TNI melanggar prinsip demokrasi di Indonesia. Menurut John, revisi UU TNI tidak memberikan ruang bagi masyarakat untuk menyampaikan pendapat. """"Dari segi demokrasi, pembahasan undang-undang tersebut melanggar prinsip demokrasi, karena tidak memberi kesempatan kepada rakyat untuk ikut berpartisipasi menyampaikan pendapat. Apalagi rapat diadakan tertutup di hotel berbintang,"""" terang John Tuba Helan, Kamis (20/3/2025). Ia menilai bahwa perubahan materi dalam RUU TNI seharusnya dipublikasikan agar masyarakat dapat memberikan masukan. SCROLL TO CONTINUE WITH CONTENT """"Harusnya, materi perubahan disampaikan ke publik, agar rakyat ikut memberikan pendapat,"""" ujar John. John juga menyoroti pentingnya profesionalisme TNI dalam menjalankan tugasnya. Menurutnya, prajurit TNI seharusnya baru bisa menduduki jabatan di pemerintahan setelah pensiun. """"Agar TNI benar-benar profesional, maka mereka tidak boleh keluar dari lingkungannya untuk menduduki jabatan sipil. Setelah mereka pensiun, maka baru bisa menduduki jabatan apa saja, karena statusnya sama dengan orang sipil,"""" tegasnya. Ia juga mengkritisi ketidakpastian dalam usia pensiun prajurit TNI, yang dinilai bergantung pada keputusan pejabat berwenang. """"Terkait usia pensiun, tidak memberikan kepastian, karena tergantung dari pejabat yang berwenang memperpanjang atau tidak, dan hal ini bisa terjadi suka dan tidak suka. Suka ya diperpanjang, tidak suka ya pensiun,"""" terangnya. John menegaskan bahwa kebijakan RUU TNI seharusnya memiliki batasan usia pensiun yang jelas bagi prajurit yang menduduki jabatan di pemerintahan. """"Harusnya batas usia pensiun harus dirumuskan secara pasti, misalnya 60 tahun,"""" pungkasnya. Diketahui, RUU TNI telah disahkan DPR menjadi UU melalui rapat paripurna, hari ini. Langkah dewan ini menuai kecaman dari sejumlah pihak karena dianggap akan menghidupkan kembali dwi fungsi TNI."""
"DPR Sahkan Revisi UU TNI Hari Ini,20 Mar 2025 06:57,https://news.detik.com/berita/d-7832107/dpr-sahkan-revisi-uu-tni-hari-ini,""Revisi Undang-Undang (RUU) TNIdisahkan hari ini. RUU TNI akan disahkan melalui rapat paripurnaDPR RI. Komisi I DPR RI mengatakan telah menyelesaikan pembahasan Rancangan Undang-Undang tentang Perubahan atas Undang-Undang Nomor 34 Tahun 2004 tentang Tentara Nasional Indonesia atau RUU TNI pada tingkat pertama kemarin. RUU ini akan dibawa ke paripurna hari ini untuk disahkan menjadi undang-undang. """"Yes(dibawa ke paripurna hari ini),"""" kata Wakil Ketua Komisi I DPR RI Dave Laksono saat dimintai konfirmasi, Rabu (19/3/2025) malam. SCROLL TO CONTINUE WITH CONTENT Rapat pengesahan RUU TNI akan digelar di ruang paripurna Gedung Nusantara II, Jalan Jenderal Gatot Subroto, Jakarta Pusat, hari ini. Agenda rapat ini dijadwalkan berlangsung pukul 09.30 WIB. Selain pengesahan terhadap RUU TNI, paripurna DPR RI juga mendengarkan pendapat fraksi-fraksi terhadap 10 RUU tentang Kabupaten/Kota usul inisiatif Komisi II DPR RI. Dilanjutkan dengan pengambilan keputusan menjadi RUU usul inisiatif DPR RI. Dalam paripurna ini, juga mengambil keputusan terkait RUU tentang Perubahan Ketiga atas Undang-Undang Nomor 18 Tahun 2017 tentang Perlindungan Pekerja Migran Indonesia (PPMI) yang merupakan usul inisiatif Badan Legislasi DPR RI. Acara dilanjutkan dengan pengambilan Keputusan menjadi RUU Usul DPR RI. Komisi I DPR RI bersama pemerintah sebelumnya menyepakati revisi Undang-Undang Nomor 34 Tahun 2004 tentang TNI atau RUU TNI dibawa ke tingkat II atau paripurna untuk disahkan menjadi undang-undang. Kesepakatan ini diambil dalam rapat kerja (raker) pembicaraan tingkat I RUU TNI, Selasa (18/3). Rapat dihadiri oleh Menteri Hukum Supratman Andi Agtas, Wakil Menteri Pertahanan Marsekal Madya TNI (Purn) Donny Ermawan Taufanto, serta perwakilan Kementerian Sekretariat Negara hingga Kementerian Keuangan. Utut menyebut rapat ini dihadiri oleh seluruh fraksi atau delapan partai politik di DPR RI. """"Kita sudah mengundang semuastakeholderdan terakhir juga kita telah menyelesaikan rapat Panja dilanjut dengan Tim Perumus dan Tim Sinkronisasi dan Timus, Timsin, juga telah melaporkan kepada Panja. Kita juga sudah rapat dengan Panglima TNI, para Kepala Staf Angkatan Darat, Laut, dan Udara,"""" ujar Utut dalam rapat. Utut menyatakan pihaknya sudah membahas RUU TNI ini dengan melibatkan banyak pihak. Jika pada tingkat satu revisi UU TNI ini disetujui, RUU tersebut akan dibawa ke paripurna."""
"Mahasiswa Bandung Terus Suarakan Tolak UU TNI,23 Mar 2025 16:46,https://www.detik.com/jabar/berita/d-7837693/mahasiswa-bandung-terus-suarakan-tolak-uu-tni,""Tiga hari selepas RUU TNI disahkan menjadi undang-undang, mahasiswa Kota Bandung masih terus menyuarakan aksi penolakan. Meski massa tak seramai dua hari ke belakang, para mahasiswa tetap konsisten menyuarakan aspirasi mereka. Berdasarkan pantauan detikJabar, pada pukul 15.30 tampak ada 20-an orang mahasiswa berkumpul di depan Gedung Sate Bandung, Minggu (23/3/2025). Mereka mengangkat spanduk yang salah satunya bertuliskan """"Cabut RUU TNI, Hentikan Militerisasi"""". Berbeda dengan aksi sebelumnya, unjuk rasa hari ini disampaikan dalam bentuk mimbar bebas. Setiap peserta dipersilakan untuk menyampaikan orasi, membaca puisi, ataupun aksi lainnya. SCROLL TO CONTINUE WITH CONTENT Kooridnator aksi, Ainun Mardiah mengatakan, aksi ini merupakan upaya mahasiswa untuk terus mendorong aspirasi mereka setelah dua aksi terakhir belum berbuah hasil. Dengan tensi yang lebih santai, aksi hari ini diharapkan dapat menjadi ajang istirahat bagi para massa aksi tanpa berhenti bersuara. """"Demo besar dua hari ke belakang ternyata belum mampu membuat pemeritahan Prabowo dan Gibran untuk mau melihat tuntutan kita. Jadi hari ini kita buat mimbar bebas, sekalian momen untuk mengumpulkan energi kawan-kawan agar terus konsisten berjuang,"""" ungkap Ainun saat ditemui di sela aksi. Para mahasiswa yang hadir tampak bergantian menyampaikan orasi. Terdapat pula peserta yang membacakan puisi. Beberapa pengendara motor dan mobil yang melintas pun terpantau memberikan dukungan dengan meneriakkan semangat. """"Kita berada di jalan sekarang ini, setidaknya menjadi tekanan untuk pemerintah. Bahwa warga tidak akan tinggal diam dengan banyaknya aturan-aturan dan undang-undang yang disahkan tanpa persetujuan rakyat,"""" jelas Ainun. Selain itu, ia juga berpesan kepada warga khususnya para mahasiswa agar tidak mudah kecewa dan menyerah bila aksi tak langsung berhasil. Perubahan, ia mengatakan, akan datang dengan melalui konsistensi. """"Semoga kawan-kawan mahasiswa nggak pesimis terhadap aksi kita, karena akhirnya kemenangan besar bisa diraih bila kita konsisten melakukan hal-hal kecil. Selama kita percaya bahwa rakyat adalah sumber kekuatannya, maka perubahan bisa dicapai,"""" paparnya. Sebelumnya diberitakan, DPR RI resmi mengesahkan Rancangan Undang-Undang tentang Perubahan atas Undang-Undang Nomor 34 Tahun 2004 tentang Tentara Nasional Indonesia atau RUU TNI menjadi undang-undang. Keputusan ini diambil dalam rapat paripurna yang dihadiri oleh sejumlah menteri di ruang Paripurna gedung DPR RI, Senayan, Jakarta Pusat, Kamis (20/3/2025). RUU TNI yang dibahas pemerintah bersama DPR ini mengubah beberapa pasal mengenai tugas dan kewenangan pokok TNI, termasuk usia pensiun hingga keterlibatan TNI aktif dalam kementerian/lembaga. Masyarakat khawatir, kewenangan tersebut akan membangkitkan skema """"dwi fungsi"""" bagi TNI sebagaimana yang diterapkan saat Orde Baru."""
"Tolak UU TNI, Pendemo Dirikan Tenda di Pintu Masuk DPR,08 Apr 2025 12:37,https://news.detik.com/berita/d-7858988/tolak-uu-tni-pendemo-dirikan-tenda-di-pintu-masuk-dpr,""Pendemo menggelar aksi tolakUU TNIdi gedung DPR RI, tepatnya di depan Gerbang Pancasila, Jalan Gelora, Senayan, Jakarta Pusat. Pendemo mendirikan tenda di depan Gerbang Pancasila DPR. Pantauandetikcom, Selasa (8/4/2025), pukul 11.45 WIB, sebanyak tiga tenda terlihat berdiri di sisi kiri Gerbang Pancasila DPR. Massa yang berdemo terlihat melakukan aktivitas seperti mengobrol, bermain, hingga makan siang. Tidak ada aktivitas penyampaian orasi yang dilakukan oleh pendemo. Terlihat tumpukan boks makanan dan minuman di sekitar tenda. SCROLL TO CONTINUE WITH CONTENT Salah seorang pendemo yang tidak ingin disebutkan namanya mengatakan berasal dari kelompok Bareng Warga. Dia mengatakan aksi mendirikan tenda dilakukan sebagai aksi damai. """"Kita ingin bikin aksi damai, kegiatannya kemarin ada yangdateng, dia bikin pameran buku,workshopbikin gelang, kalung, pin, main Uno,seru-seruan aja, main kartu, nanti mau main catur, jadi konsepnya kitaseru-seruan aja,"""" katanya. Dia mengatakan tuntutan pendemo adalah dibatalkannya UU TNI. Menurutnya, pendemo tidak akan membubarkan tenda sebelum tuntutan itu dipenuhi. """"Cuma yang membedakan, kita mau bertahan, kita nggak akan pergi sebelum UU TNI itu dicabut, kita ingin dilanjutkan sampai UU TNI dicabut,"""" ujarnya. Dia menyampaikan sejumlah alasan memilih mendirikan tenda di Gerbang Pancasila DPR. Salah satunya agar tetap bisa berinteraksi dengan masyarakat sekitar yang melintas. """"Kalau di sini kandeketmasyarakat, jadi sekalian ada orang lewat kita sapa, kalau di depan sana (Gerbang Utama DPR) kan lebih sepi, dan lalu lalangnya kan cepat, jadi pilihan terbaiknya di sini,"""" ucapnya. Dirinya juga menyampaikan alasan menuntut UU TNI dibatalkan, mulai proses legislasi yang tidak melibatkan masyarakat hingga perluasan peran militer di jabatan sipil. """"Sebenernya gini ya, UU TNI itu proses legislasinya itu yang tidak akuntabel dan tidak melibatkan masyarakat, itu yang jadiconcernbersama,"""" ucapnya. """"Sebenernya,sebelum adanya UU TNI, penempatan militer di jabatan sipil sudah ada, dan sudah lebih lebar dibanding UU TNI. Jadisebenernyasudah disahkan apa yangsebenernyasudah terjadi,"""" katanya."""
"Berlangsung Damai, Demo Cabut UU TNI di Taman Apsari Bubar,10 Apr 2025 18:29,https://www.detik.com/jatim/berita/d-7863173/berlangsung-damai-demo-cabut-uu-tni-di-taman-apsari-bubar,""Puluhan orang dari aliansi warga sipil yang tergabung dalam Arek Gerak menggelar demo cabut UU TNI di depan Taman Apsari atau seberang Gedung Negara Grahadi. PantauandetikJatimpukul 16.30 WIB, massa sempat bubar karena hujan deras. Namun sekitar pukul 16.45 WIB saat hujan mulai reda, massa kembali berkumpul di Taman Apsari. Tampak massa yang rata-rata menggunakan baju berwarna hitam kembali berkumpul dan menggelar aksi damai. SCROLL TO CONTINUE WITH CONTENT Sejumlah poster yang dibawa oleh massa. Di antaranya bertuliskan 'Batalkan UU TNI'. Lalu ada juga yang bertuliskan 'Kembalikan Militer ke Barak' hingga 'Supermasi Sipil Bangkit Lawan Menang'. Setelah melakukan koordinasi terlebih dahulu, massa serempak menuju ke tengah-tengah jalan Gubernur Suryo. Menjadikan posisi mereka kini berada tepat di depan Gedung Grahadi. Aksi para demonstran mengundang beragam respon dari pengguna jalan. Beberapa di antaranya ditunjukkan dengan bunyi-bunyi klakson yang mengudara, hingga para pengendara yang menepi untuk merekam atau mengambil foto. Salah satu pengguna jalan bernama Umar menyatakan dukungannya terhadap aksi para muda-mudi yang turun ke jalan hari ini. """"Saya sepakat sih kalau temen-temen atau mahasiswa berdemonstrasi, apalagi yang didemo itu kan tentang Undang-Undang TNI, itu kan sangat krusial lah karena militer itu dihidupkan kembali itu fungsinya. Seperti yang sangat pekerja takutkan itu, militer bisa mencampuri urusan hak-hak pekerjaku. Kalau aku sebagai pengguna jalan sih mendukung aja sih, kak."""" kata Umar. koordinator lapangan aksi, Mareta Dewani Ramadhanty menyebutkan bahwa aksi Kamisan (10/4/25) berfokus terhadap pencabutan RUU TNI. Hal ini dikarenakan, RUU TNI dianggap sebagai isu yang krusial untuk diperjuangkan. Aksi ini kemudian bubar pada pukul 17.40 WIB. Jalan Gubernur Suryo yang sebelumnya cukup merambat, kini telah lancar terkendali karena sudah steril. Sebelumnya,puluhan orang dari aliansi warga sipil yang tergabung dalam Arek Gerak menggelar aksi cabut UU TNI di depan Taman Apsari atau seberang Gedung Negara Grahadi. Mereka membawa 3 tuntutan pada aksi tersebut. Massa mulai berorasi pukul 14.45 WIB menggunakan pakaian serba hitam. Mereka bergantian orasi mulai di depan monumen Gubernur Suryo, lalu maju ke pinggir jalan taman tepat di seberang Grahadi. Meski hujan mengguyur, tetapi massa masih melanjutkan aksi. Massa menuntut agar UU TNI yang disahkan tanpa melibatkan masyarakat itu agar dicabut."""
"Emak-emak Demo Tolak Revisi UU TNI di Simpang Sarinah,28 Mar 2025 22:24,https://news.detik.com/berita/d-7846605/emak-emak-demo-tolak-revisi-uu-tni-di-simpang-sarinah,""Sejumlah emak-emak yang mengatasnamakan Suara Ibu Indonesia menggelar aksi unjuk rasa di depan trotoar Sarinah, Jalan MH Thamrin, Jakarta Pusat. Mereka menyatakan menolak revisi Undang-Undang (UU) TNI. Massa aksi yang didominasi perempuan menyampaikan aspirasi penolakanrevisi UU TNIsecara bergantian dari berbagai perwakilan perempuan. Peserta demo lainnya menyimak perwakilan yang sedang berorasi sambil mengangkat kertas. Pada kertas tersebut tertuliskan berbagai keresahan yang dirasakan oleh para massa aksi. SCROLL TO CONTINUE WITH CONTENT Kertas-kertas tersebut antara lain bertuliskan """"Woy TNI! Kamu Lahir dari Rahim Ibu atau Rahim Oligarki"""". Tulisan lainnya berbunyi """"UU TNI Ancam Demokrasi! Mahasiswa Bukan Musuh! #CabutUUTNI!"""" dan """"TNI bukan Preman Politik! #CabutUUTNI. Massa juga mengecam kekerasan yang dilakukan aparat kepada para mahasiswa yang demo menolak pengesahan revisi UU TNI. """"Kami mendukung anak-anak kami, kawan-kawan kami, adik kami, ponakan kami, mahasiswa yang aksi, turun di jalan dan menyerukan, tolak, batalkan revisi undang-undang ini. Nah itu yang kami lakukan,"""" ujar aktivis Suara Ibu Indonesia, Ririn Sefsani, saat ditemui di Sarinah, Jakarta Pusat, Jumat (28/3/2025). Mereka menuntut agar para aparat memberhentikan kekerasan yang dilakukan kepada para mahasiswa. Selain itu mereka juga menuntut untuk membatalkanrevisi UU TNI. Suara Ibu Indonesia merasa prihatin terhadap kekerasan yang menimpa mahasiswa. Oleh karena itu mereka menggelar aksi ini sebagai bentuk perjuangan bagi para mahasiswa. """"Jadi kekhawatiran kami yang paling tinggi adalah kalau anak-anak kita direpresi dengan senjata, pukulan termasuk dikriminalisasi. Karena apa? Itu artinya demokrasi kita makin menjauh dari ideal demokrasi menjadi kekuatan oligarki militer yang menghadap, bahkan menghantam dan membatasi aspirasi rakyat,"""" tutur Ririn."""
"DPRD Jabar Pastikan Revisi UU TNI Tak Aktifkan Dwifungsi,28 Mar 2025 19:00,https://www.detik.com/jabar/berita/d-7845736/dprd-jabar-pastikan-revisi-uu-tni-tak-aktifkan-dwifungsi,""Gelombang penolakan revisi Undang-Undang (UU) TNI terus bermunculan di berbagai tempat. Di setiap aksinya massa meminta agar revisi UU TNI yang telah disahkan untuk dibatalkan karena dikawatirkan dapat mengaktifkan lagi dwifungsi ABRI dan melemahkan supremasi sipil. Merespon timbulnya gejolak penolakan tersebut, Wakil Ketua DPRD Jawa Barat MQ Iswara mengungkap alasan mengapa terjadi banyak protes terhadap revisi UU TNI yang telah disahkan oleh DPR RI. Menurut Iswara, terdapat informasi yang tak utuh didapat masyarakat soal revisi UU TNI. """"Setelah diberikan pemahaman yang utuh, masyarakat bisa melihat bahwa sebenarnya ini bukan undang-undang yang ada muatan terselubung,"""" kata Iswara, Jumat (28/3/2025). SCROLL TO CONTINUE WITH CONTENT """"Artinya, undang-undang ini menegaskan kembali peran dan fungsi TNI. Sama sekali tidak ada niatan untuk kembali ke masa lalu, apalagi berbicara tentang Dwifungsi ABRI,"""" sambungnya. Menurut Iswara, revisi undang-undang tersebut justru semakin memperjelas dan membatasi keberadaan TNI di ranah sipil. Sebab dari sebelumnya hanya dibolehkan menduduki jabatan di 10 instansi hanya ditambah menjadi 14 instansi. """"Justru aturan ini dibuat untuk menegaskan bahwa dari 10 hanya 14 (instansi). Di luar itu, sekarang harus mengundurkan diri. Mereka yang sebelumnya sudah menjabat baik sebagai sekjen, irjen, dirjen, mereka harus mundur,"""" tegasnya. Iswara juga merespon adanya aksi demonstrasi yang dilakukan masyarakat terkait isu UU TNI. Menurutnya masyarakat dipersilahkan menyampaikan aspirasi di ruang publik. Hanya saja, dia mengingatkan agar aksi demontrasi dilakukan dengan tertib. """"Nanti kalau misalnya ada yang ingin menyampaikan aspirasi, tentunya sesuai dengan aturan. Kalau itu clear and clean, perizinannya semua ada, kita siap menerima, tentu saja perwakilan, kami siap berdialog dengan masyarakat Jawa Barat,"""" pungkasnya."""
"Buka-bukaan Prabowo: UU TNI, Komunikasi, hingga Rapor Pemerintahan,08 Apr 2025 07:17,https://news.detik.com/berita/d-7858500/buka-bukaan-prabowo-uu-tni-komunikasi-hingga-rapor-pemerintahan,""PresidenPrabowoSubianto buka-bukaan soal sejumlah polemik yang terjadi belakangan ini. Buka suara itu yakni soal penolakan UU TNI yang sudah disahkan DPR hingga rapor pemerintahannya sendiri. Prabowo meminta agar setiap aksi demo yang muncul dilihat secara objektif. Hal ini disampaikan Prabowo saat Blak-blakan bersama 7 jurnalis, seperti dilihat dalam YouTubedetikcom, Senin (7/4/2025). Prabowo saat itu turut ditanya terkait penanganan aksi demo yang dianggap masih abusive. Dia menghormati berbagai macam demo yang terus bermunculan dan meminta tetap damai. SCROLL TO CONTINUE WITH CONTENT """"Masalah demo adalah biasa. Dalam negara sebesar kita, kan kita sudah sepakat berdemonstrasi, orang berdemo itu dijamin Undang-Undang Dasar. Kalau ada abusive, ya, kita harus investigasi, proses secara hukum kalau abusive. Tapi coba perhatikan secara objektif dan jujur. Apakah demo-demo itu murni atau ada yang bayar. Harus objektif, dong,"""" kata Prabowo. """"Pertama, ada demo melawan efisiensi. Demo katanya dana pendidikan akan dikurangi. Jadi harus objektif, kita juga kita bukan anak kecil. Kita hormati hak untuk berdemo, asal demonya damai tidak mau menyulut kerusuhan. Nah kalau bakar-bakar ban, itu bukan damai,"""" tambahnya. Prabowo lalu menceritakan pengalaman petugas yang berjaga demo kerap kali dilempari plastik berisi air kencing bahkan kotoran manusia. Untuk itu, dia selalu mewaspadai adanya kekuatan asing yang ingin mengadu domba lewat aksi demonstrasi. """"Dan kenapaabusive? Kita punya pengalaman, saya mantan petugas keamanan juga. Kadang-kadang petugas dilempar plastik kencing, kadang-kadang petugas dilempar plastik isinya kotoran manusia. Jadi selalu dalam pengelolaan suatu negara kita waspada apakah ada kelompok-kelompok atau kekuatan-kekuatan asing yang ingin adu domba,"""" ucapnya. """"RUU TNI dipercepat karena kita mengalami suatu fenomena dalam berapa tahun itu. Panglima TNI satu tahun ganti, KSAD satu tahun ganti, kan usianya habis, waktu dia untuk karirnya begitu mau dipakai usia habis. Gimana kita bisa punya suatu organisasi yang pemimpinnya ganti tiap tahun,"""" ucapnya. Untuk itu, Prabowo menilai UU TNI perlu segera direvisi. Namun dia ingin revisi berfokus pada usia pensiun perwira tinggi bukan untuk membentuk dwifungsi TNI. """"Nah di situ saya sebetulnya mengatakan saya bilang ini kalau tidak ini berapa Jenderal kita harus kita ganti sekarang. Jadi saya mohon kalau bisa inti dari RUU TNI ini sebetulnya hanya memperpanjang usia pensiun beberapa perwira tinggi. Nggak ada niat TNI mau dwifungsi lagi, come on, ya kan,"""" jelasnya. Prabowo menegaskan perlu melihat kondisi saat ini. Dia mengatakan pejabat tentara yang akan masuk jabatan sipil harus pensiun dini. """"Saya masih ingat, saya masih kecil dari Jakarta mau ke Puncak, Bogor, dihentikan di tengah jalan. Mereka minta makan, minta ini, jadi kondisi zaman berbeda-beda. Jadi menurut saya Undang-Undang TNI is a non issue, nggak ada niat, semua pejabat tentara yang akan masuk jabatan-jabatan sipil, pensiun dini. Hanya ada beberapa lembaga yang memang diizinkan. Intelijen, bencana alam, Basarnas, dari dulu, kan ini hanya mengformalkan,"""" ucap Prabowo. """"Kemudian yang katanya Kejaksaan kenapa, Kejaksaan ada Jaksa Pidana Militer, kemudian hakim agung, ada hakim agung kamar militer dan kalau dilihat semua ada reasoning-nya, jadi menurut saya is non issue, rakyat juga tahu, kok,"""" sambungnya. Prabowo menjawab hal itu setelah ditanyakan langkah yang akan dilakukan terkait komunikasi jajarannya yang kurang baik, termasuk pernyataan Hasan Nasbi merespons teror kepala babi ke kantor Tempo. Merespons itu, Prabowo mulanya mengakui itu kesalahan dirinya. """"Saya ingin jawab ya, benar sekali, saya akui bahwa 150 hari saya sendiri, menurut pendapat saya, saya yang bertanggung jawab, saya yang salah sebetulnya,"""" kata Prabowo ketika bertemu dengan para pemimpin redaksi, seperti disiarkan detikcom di YouTubedetikcom, Senin (7/4). Prabowo menjelaskan alasan dirinya yang salah terkait komunikasi jajaran yang kurang baik. Dia mengaku fokus bekerja langsung menyelesaikan persoalan rakyat. """"Kenapa? Karena begitu kita dapat mandat, fokus saya, antusiasme saya, semangat saya, adalah bagaimana bisa dalam waktu yang sesingkat-singkatnya delivered, orang lapar nggak bisa nunggu, anak-anak lapar nggak bisa nunggu, jadi fokus kita kerja, mungkin ada yang ngejek, tapi saya paham, etos. Saya bukan selalu bela Pak Jokowi, banyak orang yang jelek-jelekin, saya nggak tahu ya, pasti ada orang baik, ada orang yang tidak baik, ada kekurangan, tapi etos ya kita ingin kerja, kita ingin buktikan, kita ingin selesaikan,"""" jelas Prabowo. """"'Oh ada El Nino, ada La Nina, kekeringan, waspada, nanti gimana air', cari air, bikin tim, cari ahli, that's our focus on the first day, gimana kita menghemat, Menteri Keuangan, pelajari lagi pelajari lagi pelajari lagi, itu akhirnya tim saya semua kurang. Makanya kita waktu itu yakin, kalau kita bisa deliver dengan baik, cepet, kendalikan harga, ini, ini, ini, rakyat merasakan, mereka akan percaya sama kita,"""" lanjut Prabowo. Prabowo mengakui ternyata itu berdampak berkurangnya komunikasi jajarannya ke publik. Dia juga mengaku pendekatannya hanya sekadar kerja dan bukti. """"Nah ternyata itu makanya saya anggap salah saya, saya tidak terlalu, kalau anda perhatikan, ke mana-mana saya pergi nggak ada wartawan yang embed sama saya, dan sebagainya, karena pendekatan saya waktu itu adalah kerja dan evidence. Kalau saya bisa bikin ini pasti orang bisa menilai objektif. Ternyata tidak seperti itu. Politik adalah persepsi. Ya kadang-kadang kekuatan tertentu, apapun yang kita buat pasti dinarasi tidak baik. Karena itu saya mau perbaiki itu,"""" tutur dia. Prabowo kemudian membahas terkait pernyataan Hasan Nasbi terkait teror kepada media Tempo. Dia menduga ada beberapa jajarannya yang kurang hati-hati dalam memberi pernyataan. """"Masalah salah ucap, tim saya kan orang orang baru dalam pemerintahan, banyak orang baru di pemerintahan. Sebagian menteri-menteri yang senior ada yang dari kabinet lama, tapi banyak yang baru, jadi mungkin kurang waspada, kurang hati-hati dalam mengucap,"""" ujar Prabowo. Prabowo mengaku kaget dan juga belum sempat menemui Hasan Nasbi. Namun, dia mengakui pernyataan Hasan Nasbi teledor. """"Ya saya nanti, saya belum ketemu sih sebetulnya setelah, saya juga kaget masalah kepala babi dan apa ya, itu juga saya kira gaya-gaya apa, taktik teknik gitu-gitu, bagi saya, saya kira yang lakukan ingin mengadu domba, ingin menciptakan suasana tidak baik. Menurut saya itu, tetapi benar itu ucapan yang menurut saya teledor, itu ya keliru, saya kira beliau menyesal. Tapi ini alasan yang saya bisa kasih adalah mungkin karena baru dalam posisi, pemerintahan yang selalu disorot, jadi kadang-kadang orang yang dari dunia perencana, atau dunia survei, atau dunia akademis, muncul di panggung publik, kurang cepat menyesuaikan. Menurut saya itu,"""" sebut Prabowo. """"Anda minta saya kasih nilai untuk diri saya dalam 5 bulan, terus terang saja saya bangga sekarang ini saya kasih"""
"Gelombang Demo Tolak UU TNI Meluas ke Berbagai Daerah,25 Mar 2025 09:59,https://news.detik.com/berita/d-7840265/gelombang-demo-tolak-uu-tni-meluas-ke-berbagai-daerah,""Gelombang massademo yang menolak UU TNIyang baru disahkan DPR terus meluas ke berbagai daerah. Ada beragam alasan massa menggelar demo, salah satunya mereka khawatir UU TNI tersebut dapat melemahkan masyarakat. Dirangkumdetikcom, Selasa (25/3/2025), massa demo tolak UU TNI yang digelar sejak Kamis (20/3) hingga Senin (24/3) kemarin tersebar di berbagai wilayah, tidak hanya di Jakarta, tetapi juga di Majalengka dan Bandung Jawa Barat, di Surabaya Jawa Timur, Makassar Sulawesi Selatan, Mataram NTT, Palangkaraya, Semarang, serta Lumajang Jatim. Ada beragam tuntutan massa demo, salah satunya menuntut agar pengesahan RUU TNI dibatalkan. Berikut ini rangkuman demo tolak UU TNI di berbagai daerah. SCROLL TO CONTINUE WITH CONTENT Massa demo menolak pengesahan revisi UU TNI di depan gedung DPR pada Kamis (20/3). Massa mempersoalkan pembahasan RUU TNI yang dianggap tidak transparan. """"Terhitung sampai tadi malam, kita nggak punya draf resmi, kita nggak punya draf resmi, kita nggak punya draf resmi dan jangan bilang saya bodoh, karena saya magister hukum, saya tahu cara peraturan undang-undang dan saya pernah terlibat di peraturan undang-undang untuk audiensi dan lain-lain,"""" demikian orasi yang disampaikan orator di depan gerbang Pancasila DPR/MPR/DPD RI, Jakarta Pusat, Kamis (20/3/2025). Dia menyebutkan proses pembahasan RUU TNI di Komisi I DPR tidak memiliki etika. Dia menegaskan rakyat harus bersatu agar supremasi sipil ditegakkan. """"Jadi gini loh. Kalau misalkan penguasa udah nggak ada etikanya, dia sudah melanggar hukum. Terus kita dituntut 'Ayo jaga ketertiban, ayo jalan langgar hukum'. Merekanya ngelanggar, aneh nggak?"""" lanjur orator tersebut. Dua hari setelah disahkan DPR atau pada Sabtu (22/3/2025), UU TNI itu langsung digugat ke MK. Ada 7 orang yang menggugat UU itu ke MK. Massa yang menamakan diri Warga Sipil menggelar demonstrasi menolak Undang-Undang TNI yang baru disahkan DPR di depan Gedung Negara Grahadi, Surabaya, Jawa Timur. Mereka khawatir UU TNI itu mempunyaisuperbodyyang bisa melemahkan masyarakat. """"Apa yang membuat khawatir UU TNI ini? Jelas, revisi UU TNI kemarin akan semakin punya superbody dan itu akan melemahkan supremasi masyarakat sipil. Itu yang kami khawatir. Ketika super masyarakat sipil sudah nggak ada atau dilemahkan, lalu apa yang bisa kita sebut kalau bukan fasisme (ideologi politik),"""" kata jubir Massa Aksi, Jaya, kepada wartawan di depan Gedung Negara Grahadi dilansirdetikJatimSenin (24/3/2025). Massa aksi membeberkan ada delapan poin penolakan dalam demo tolak UU TNI. Berikut ini rinciannya: 1.â â Tolak revisi UU TNI yang sekarang2.â â Tolak fungsi TNI dalam ranah sipil3.â â Tolak fungsi TNI dalam operasi militer selain perang, terutama dalam ranah siber4.â â Bubarkan komando teritorial5.â â Tarik militer dari semua tanah Papua6.â â Revisi UU Peradilan Militer7.â â Kembalikan TNI ke barak8.â â Copot TNI dari jabatan-jabatan sipil Massa meminta pemerintah menarik militer dari Papua. Massa mengaku tidak mau Indonesia kembali ke zaman Orde Baru. Massa mahasiswa menggelar aksi menolak UU TNI dengan meluruk Kantor DPRD Kabupaten Blitar. Aksi mahasiswa gabungan dari Cipayung Plus Blitar Raya dan Aliansi BEM Blitar Raya berlangsung sejak sore hingga malam pada Senin (24/3). Dilansir detikJatim, para mahasiswa menyampaikan orasi secara bergantian di depan Kantor DPRD Kabupaten Blitar. Aksi para mahasiswa tersebut mendapat pengawalan ketat dari Polres Blitar. Koordinator aksi, Vita Neriza Permai mengatakan aksi ini untuk mendeklarasikan aturan-aturan yang harus berpihak kepada rakyat. Dia juga menilai pengesahan UU TNI menimbulkan polemik di masyarakat """"Kami mendesak pemerintah mengeluarkan Perppu yang membatalkan UU TNI. Kami akan mengawal tuntutan ini sampai ke DPR RI,"""" terangnya kepada awak media, Senin malam (24/3/2025). Vita menyebut para mahasiswa menyampaikan sejumlah tuntutan kepada anggota Dewan. Salah satunya mengusulkan Perpu yang membatalkan UU TNI. Mahasiswa juga mengecam keras aksi intimidasi terhadap jurnalis. """"Kami para mahasiswa juga menolak aksi teror terhadap jurnalis dan masyarakat sipil. Ini menunjukkan tidak adanya atensi terhadap demokrasi,"""" terangnya. Simak selengkapnya halaman selanjutnya. Sejumlah mahasiswa dari berbagai perguruan tinggi menggelar aksi demonstrasi di depan gedung DPRD Majalengka, pada Senin (24/3/2025). Massa aksi yang tergabung dalam aliansi BEM se-Majalengka terlihat mengenakan pakaian serba hitam sebagai bentuk simbolis perlawanan. Massa aksi mulai berdatangan sekitar pukul 15.30 WIB dan langsung menggelar orasi dengan membawa sejumlah spanduk dan poster penolakan terhadap Undang-Undang (UU) TNI yang baru disahkan. Sebagai bagian dari protes, para mahasiswa juga membakar ban di depan gedung DPRD, yang menandakan puncak dari aksi demonstrasi mereka. Massa demo menyampaikan alasan menolak UU TNI karena dianggap berpotensi melanggar HAM. """"Kami menolak UU TNI karena dianggap tidak berpihak pada rakyat dan berpotensi menimbulkan pelanggaran hak asasi manusia,"""" ujar salah satu orator. Sedikitnya ada tiga tuntutan yang mereka suarakan. Salah seorang massa aksi, Anwar Yusuf mengatakan, revisi UU TNI berpotensi menghidupkan kembali dwifungsi TNI, yang pernah terjadi pada masa lalu dan dinilai merugikan supremasi sipil. """"Kami menuntut agar revisi UU TNI dibatalkan karena mengancam demokrasi, supremasi sipil, dan hasil-hasil reformasi. Ini bisa membuka kembali peluang dwifungsi TNI yang telah kita hindari setelah reformasi,"""" kata Anwar saat diwawancaraidetikJabar. Selain menuntut pembatalan revisi UU TNI, mahasiswa juga mendesak agar setiap kebijakan pemerintah melibatkan partisipasi publik serta memberikan keterbukaan dan transparansi, terutama kebijakan yang berdampak luas terhadap masyarakat sipil. """"Kebijakan pemerintah harus transparan dan melibatkan masyarakat. Kami tidak ingin kebijakan yang dibuat tanpa mendengar suara rakyat,"""" ujarnya. Tuntutan ketiga dalam aksi ini adalah penghentian segala bentuk intimidasi dan kriminalisasi terhadap masyarakat yang menyampaikan pendapat di muka umum. Anwar menilai, kebebasan berpendapat merupakan bagian penting dari demokrasi yang harus dilindungi oleh negara. """"Yang ketiga, menghentikan segala bentuk intimidasi dan kriminalisasi terhadap masyarakat sipil yang menjalankan hak demokrasi dalam menyampaikan pendapat,"""" ucapnya. Demo juga terjadi di Bandung. Massa aksi demo dari mahasiswa Universitas Miuhammadiyah Bandung dan Universitas Islam Nusantara. Mereka berunjuk rasa di depan Gedung DPRD Jawa Barat, Senin (24/3). Dalam aksinya, massa mahasiswa menuntut agar pengesahan Undang-Undang TNI dicabut karena dikhawatirkan dapat mengaktifkan kembali dwifungsi TNI. """"Terkait pengesahan UU TNI yang mungkin menurut kami secara terburu-buru. Mungkin revisi ini sudah ada sebelumnya dan pengesahannya terkesan terburu-buru dan membuat kami geram,"""" kata John, salah seorang mahasiswa. """"Sebetulnya ada beberapa aspek yang harusnya bisa didahulukan, tapi UU TNI ini malah membuat"""
"Mahasiswa Unram Demo Tuntut Batalkan UU TNI di DPRD NTB,25 Mar 2025 13:43,https://www.detik.com/bali/nusra/d-7840790/mahasiswa-unram-demo-tuntut-batalkan-uu-tni-di-dprd-ntb,""Ratusan mahasiswa yang tergabung dalam Aliansi Mahasiswa dan Rakyat Nusa Tenggara Barat (NTB) berdemonstrasi di depan gedung Dewan Perwakilan Rakyat Daerah (DPRD) NTB, Selasa (25/3/2025). Mereka menuntut agar Undang-Undang Tentara Nasional Indonesia (UU TNI) dibatalkan. Ketua Badan Eksekutif Mahasiswa (BEM) Universitas Mataram (Unram), Lalu Nazir Huda, mengatakan seluruh mahasiswa yang tergabung dalam aliansi meminta kepada DPR untuk membatalkan UU TNI yang baru disahkan. """"Kami menolak UU TNI yang sudah disahkan oleh DPR RI. Kami anggap beberapa pasal UU TNI ini menghantui sipil,"""" kata Nazir di depan Gedung DPRD NTB. SCROLL TO CONTINUE WITH CONTENT Menurut Nazir, proses pembuatan UU TNI sangat tidak transparan. Pembahasan RUU menjadi UU itu yang sangat tertutup menunjukkan pemerintah dan DPR anti demokrasi. """"Rezim ini pengkhianat. DPR juga pengkhianat. Semua dipercepat demi kepentingan mereka semua,"""" tegas Nazir. Selain itu, seluruh mahasiswa juga mendesak pemerintah dan DPR segera melakukan revisi kebijakan Food Estate, Makan Bergizi Gratis, dan program Prona yang dikendalikan TNI aktif. """"Kembalikan TNI ke barak. Tugas mereka adalah melakukan pertahanan bukan merampas hak-hak rakyat sipil,"""" tegas Nazir. Nazir juga mengecam teror kepada media Tempo yang dikirimkan bangkai kepala babi dan bangkai tikus yang sudah dipenggal. Aksi teror ini juga menambah catatan buruk rezim Prabow-Subianto-Gibran Rakabuming Raka (Prabowo-Gibran). Ketua DPRD NTB, Baiq Isvie Rupaeda, mengatakan seluruh tuntutan mahasiswa akan dikawal dan dibawa ke DPR RI. """"Ini bulan puasa jangan lama-lama. Nanti saya kirim melalui Sekretaris DPRD NTB,"""" ujar Isvie. Isvie mengatakan UU TNI masih dilakukan uji materiil di Mahkamah Konstitusi. """"Kami tunggu keputusan presiden. Dalam ketentuan kami DPRD tidak bisa intervensi keputusan DPR RI,"""" tegas Isvie."""
"Demo Tolak UU TNI di Gresik Berjalan Adem Ayem,24 Mar 2025 22:50,https://www.detik.com/jatim/berita/d-7839934/demo-tolak-uu-tni-di-gresik-berjalan-adem-ayem,""Aksi unjuk rasa menolak UU TNI dilakukan juga ratusan mahasiswa di Gresik. Unjuk rasa menolak UU TNI di Gresik berjalan damai dan adem ayem. Massa unjuk rasa yang mengatasnamakan Aliansi Mahasiswa Gresik (AMG) ini berorasi di depan Kantor DPRD Gresik. Sekitar 150 mahasiswa yang tergabung dalam aksi tersebut menyampaikan tuntutan mereka terkait revisi Undang-Undang (UU) TNI serta percepatan pengesahan UU Perampasan Aset. Dengan membawa poster, spanduk dan sound system, ratusan mahasiswa itu menyampaikan aspirasinya. Mereka ingin UU TNI dibatalkan dan segera mengesahkan undang-undang perampasan aset. SCROLL TO CONTINUE WITH CONTENT Aksi ini dimulai dari Bundaran GKB, tempat massa berkumpul sebelum bergerak menuju Kantor DPRD Gresik dengan longmarch. Sesampainya di lokasi, mahasiswa menyampaikan orasi yang menyoroti ketidakterbukaan dalam pembahasan revisi UU TNI. Mereka menuntut transparansi dan meminta DPRD Gresik untuk turut mengawal proses hukum atas revisi UU tersebut. Ketua DPRD Gresik, M. Syahrul Munir, yang menemui massa aksi, menyatakan bahwa pihaknya siap menyampaikan aspirasi mahasiswa ke DPR RI. Ia juga menegaskan komitmen DPRD Gresik dalam menjaga keterbukaan proses legislasi serta mengawal setiap proses hukum terkait revisi UU TNI. Dalam audiensi yang digelar di Ruang Rapat Pimpinan DPRD Gresik, mahasiswa dan perwakilan dewan menyepakati pakta integritas yang berisi lima poin utama. Termasuk mendesak keterbukaan dalam legislasi serta mengawal proses hukum terhadap UU TNI. Syahrul juga berjanji akan mengirimkan salinan pakta integritas tersebut ke DPR RI. Aksi yang berlangsung hingga sore hari ini berakhir dengan tertib. Massa membubarkan diri secara damai, kembali ke titik awal di Gedung WEP II untuk mengambil kendaraan mereka. Seluruh rangkaian aksi berjalan aman, tanpa insiden yang mengganggu ketertiban umum. Sejumlah personel dari polres Gresik mengamankan berjalannya aksi unjuk rasa tersebut. Kapolres Gresik AKBP Rovan Richard Mahenu juga turut memantau jalannya demonstrasi. Rovan mengapresiasi sikap kedewasaan mahasiswa dalam menyampaikan aspirasi secara baik dan tertib. """"Hari ini kami melihat bagaimana rekan-rekan mahasiswa mampu menyalurkan aspirasi dengan penuh kedewasaan. Kami dari Kepolisian hanya memastikan jalannya aksi tetap aman dan kondusif,"""" kata Rovan, Senin (24/3/2025). Rovan kembali mengimbau agar mahasiswa tetap menjaga keamanan dan ketertiban dalam menyampaikan pendapat di muka umum. """"Kebebasan berpendapat dijamin oleh undang-undang, namun tetap harus dilakukan dengan bertanggung jawab,"""" pungkasnya."""
"Aksi Mahasiswa Blitar Tuntut Perppu Pembatalan UU TNI,24 Mar 2025 23:10,https://www.detik.com/jatim/berita/d-7839947/aksi-mahasiswa-blitar-tuntut-perppu-pembatalan-uu-tni,""Ratusan mahasiswa menggelar aksi menolak UU TNI dengan meluruk Kantor DPRD Kabupaten Blitar. Aksi mahasiswa gabungan dari Cipayung Plus Blitar Raya dan Aliansi BEM Blitar Raya berlangsung sejak sore hingga malam. PantauandetikJatim, para mahasiswa menyampaikan orasi secara bergantian di depan Kantor DPRD Kabupaten Blitar. Aksi para mahasiswa tersebut mendapat pengawalan ketat dari Polres Blitar. Sejumlah tuntutan mahasiswa yaitu, mendesak pemerintah menerbitkan Peraturan Pengganti Undang-Undang (Perppu) yang membatalkan UU TNI. SCROLL TO CONTINUE WITH CONTENT Mahasiswa juga meminta aparat menghilangkan intimidasi kepada masyarakat sipil. Para mahasiswa juga menolak aksi teror terhadap jurnalis. Koordinator aksi, Vita Neriza Permai mengatakan aksi ini untuk mendeklarasikan aturan-aturan yang harus berpihak kepada rakyat. Dia juga menilai pengesahan UU TNI menimbulkan polemik di masyarkat. """"Kami mendesak pemerintah mengeluarkan Perppu yang membatalkan UU TNI. Kami akan mengawal tuntutan ini sampai ke DPR RI,"""" terangnya kepada awak media, Senin malam (24/3/2025). Vita menyebut para mahasiswa menyampaikan sejumlah tuntutan kepada anggota Dewan. Salah satunya mengusulkan Perpu yang membatalkan UU TNI. Mahasiswa juga mengecam keras aksi intimidasi terhadap jurnalis. """"Kami para mahasiswa juga menolak aksi teror terhadap jurnalis dan masyarakat sipil. Ini menunjukkan tidak adanya atensi terhadap demokrasi,"""" terangnya. Para mahasiswa ditemui Wakil Ketua DPRD Kabupaten Blitar, M Rifai dan tiga anggota DPRD Kabupaten Blitar. Para mahasiswa menyampaikan sejumlah tuntutan kepada perwakilan DPRD Kabupaten Blitar. Mahasiswa juga meminta perwakilan DPRD Kabupaten Blitar menandatangani tuntutan peserta aksi untuk diusulkan ke DPR RI. Wakil Ketua DPRD Kabupaten Blitar, M Rifai mengaku menerima tuntutan para mahasiswa. Ia berjanji akan mengirim tuntutan para mahasiswa ke DPR RI. Selain itu, Rifai juga mengizinkan mahasiswa memasang banner tuntutan di gerbang DPRD Kabupaten Blitar. """"Kami tidak mempermasalahkan aksi para mahasiswa. Yang penting substansi tuntutan para mahasiswa tersampaikan,"""" tandasnya."""
"RUU TNI Sah Jadi UU, Menhan Terima Kasih ke Pendemo-Ajak Jaga Persatuan,20 Mar 2025 12:11,https://news.detik.com/berita/d-7832532/ruu-tni-sah-jadi-uu-menhan-terima-kasih-ke-pendemo-ajak-jaga-persatuan,""Menteri Pertahanan (Menhan) Sjafrie Sjamsoeddin menanggapi demonstrasi yang digelar di depan gedung DPR saat pengesahan revisiUU TNImenjadi UU hari ini. Sjafrie menyampaikan terima kasih kepada pendemo. """"Saya mengucapkan terima kasih kepada teman-teman yang menolak,"""" kata Sjafrie di gedung MPR/DPR/DPD, Jakarta Pusat, Kamis (20/3/2025). Dia mengajak para pendemo menjaga persatuan. Dia mengatakan persatuan bangsa penting untuk menghadapi ancaman. SCROLL TO CONTINUE WITH CONTENT """"Tetapi jangan lupa, kita adalah keluarga bangsa Indonesia yang harus punya kebersatuan dan persatuan menghadapi ancaman, baik itu secara konvensional maupun.... Karena itu, kita mengajak semuanya untuk bersatu bersama-sama,"""" ujarnya. Sjafrie mengatakan tidak ada pasal yang membuat dwifungsi ABRI kembali dalam UU TNI yang baru disahkan. Dia mengatakan UU TNI terbaru masih terdapat larangan prajurit berbisnis. """"Semuanya masih berlaku, karena kan kita rapikan semuanya, yang penting kesejahteraan prajurit harus kita perhatikan, harus kita perhatikan,"""" ujarnya. Sebelumnya, DPR resmi mengesahkan rancangan Undang-Undang tentang Perubahan atas Undang-Undang Nomor 34 Tahun 2004 tentang Tentara Nasional Indonesia atau RUU TNI menjadi undang-undang. Keputusan ini diambil dalam rapat paripurna yang dihadiri oleh sejumlah menteri. Rapat terselenggara di ruang Paripurna gedung DPR RI, Senayan, Jakarta Pusat, Kamis (20/3). Rapat dipimpin oleh Ketua DPR RI Puan Maharani yang didampingi Wakil Ketua DPR yang lain, seperti Sufmi Dasco Ahmad, Saan Mustopa, dan Adies Kadir. Ketua Komisi I Utut Adianto menyampaikan beberapa poin krusial terkait kedudukan TNI, usia pensiun, hingga keterlibatan TNI aktif di kementerian atau lembaga. Ia memastikan tak adanya dwifungsi TNI dalam pembahasan revisi UU ini. Selepas Utut menyampaikan laporannya, Puan lantas menanyakan kepada anggota Dewan yang hadir apakah RUU tersebut dapat disepakati menjadi undang-undang. Mayoritas menjawab setuju. """"Kami menanyakan kepada seluruh anggota apakah Rancangan Undang-Undang tentang Perubahan atas Undang-Undang Nomor 34 Tahun 2004 tentang Tentara Nasional Indonesia, apakah dapat disetujui untuk disahkan menjadi undang-undang?"""" kata Puan Maharani. """"Setuju,"""" jawab peserta sidang diikuti dengan ketukan palu tanda pengesahan. Lihat juga Video Mahasiswa Demo Tolak RUU TNI di Depan Gedung DPR [Gambas:Video 20detik]"""
"Aliansi Mahasiswa Demo Tolak UU TNI di Depan Kodim Banyumas,21 Mar 2025 18:42,https://www.detik.com/jateng/berita/d-7835366/aliansi-mahasiswa-demo-tolak-uu-tni-di-depan-kodim-banyumas,""Sejumlah aliansi mahasiswa Banyumas menggelar aksi menuntut UU TNI yang baru disahkan dicabut. Aliansi mahasiswa tersebut menggelar aksi di halaman Kodim 0701 Banyumas. PantauandetikJateng, mereka datang menggunakan sepeda motor dari arah utara. Gabungan aliansi mahasiswa ini mengenakan baju serba hitam dan tanpa mengenakan almamater. Di tengah aksi, mahasiswa sempat menabur kotoran hewan yang dicampur dengan tanah. Kotoran tersebut dibungkus dengan plastik hitam dan ditabur di hadapan polisi yang berjaga dan TNI. SCROLL TO CONTINUE WITH CONTENT Ditemui di sela aksi, Presiden Badan Eksekutif Mahasiswa (BEM) Unsoed Purwokerto, Muhammad Hafidz Baihaqi, mengatakan penaburan kotoran hewan ini sebagai bentuk perlawanan terhadap UU TNI yang baru saja disahkan. """"Itu adalah aksi simbolik yang menyatakan bahwa rezim militer ini khususnya tentara angkatan darat, laut ataupun udara yang disahkan melalui UU TNI merupakan suatu bentuk pemerintahan Prabowo-Gibran yang menodai, mengotori esensi substansi demokrasi yang sudah dicanangkan selama reformasi. Kotoran itu tidak seberapa dibanding rusaknya negeri ini karena rezim fasis Prabowo-Gibran,"""" kata Hafidz kepada wartawan, Jumat (21/3/2025). Dalam aksinya ini, Hafidz menyerukan agar UU TNI bisa dicabut. Aksi ini merupakan bentuk perlawanan dari masyarakat Kabupaten Banyumas. """"Kemarin kita mengetahui bahwa UU TNI sudah disahkan, hari ini kita menuntut UU itu dicabut. Kita memulai perlawanan sipil terhadap dominasi militer melalui UU tersebut,"""" terangnya. Ia menilai UU TNI ini akan berbahaya jika tidak dicabut. Menurut pandangannya adanya pengesahan UU TNI pemerintahan Indonesia mengalami kemunduran. """"Alasannya yaitu supremasi sipil, substansi dari kita melakukan perlawanan pada hari ini. Demokrasi yang sudah dicanangkan melalui reformasi 98 pada hari ini kita melihat adanya degradasi,"""" jelasnya. Hafidz memandang banyak konsekuensi yang harus dikorbankan jika tentara diberi jabatan sipil. Terlebih dalam UU yang baru, tentara disebut boleh berbisnis. """"UU TNI ketika disahkan sangat banyak konsekuensinya apalagi kaitannya dengan ranah sipil, seperti penguasaan jabatan TNI, kemudian wacana mengenai diperbolehkannya TNI berbisnis. Tentunya semakin memperluas potensi militer untuk mengintervensi ranah-ranah sipil,"""" ujarnya. """"Harus dicabut, pada hari ini rakyat Banyumas menyatakan perlawanan terhadap dominasi militer dan rezim fasis Prabowo-Gibran,"""" pungkasnya."""
"Demo Tolak UU TNI di DPRD NTT Ricuh, Mahasiswa Dipukuli,24 Mar 2025 21:42,https://www.detik.com/bali/nusra/d-7839865/demo-tolak-uu-tni-di-dprd-ntt-ricuh-mahasiswa-dipukuli,""Aksi demonstrasi penolakan Undang-Undang TNI (UU TNI) di Gedung DPRD Nusa Tenggara Timur (NTT) berlangsung ricuh. Massa mahasiswa yang tergabung dalam Aliansi Cipayung Plus merangsek masuk ruang rapat paripurna di gedung itu. Tak lama berselang, seseorang yang diduga aparatur sipil negara (ASN) di DPRD NTT menghardik massa. ASN tersebut bahkan menonjok seorang mahasiswa yang juga anggota GMKI Kupang, yakni Melianus. Melianus mengungkapkan dirinya semula berniat mengontrol massa aksi untuk turun turun dan ke halaman. Ia mengaku dipukul saat hendak menarik kawan-kawan mahasiswa. SCROLL TO CONTINUE WITH CONTENT """"Saya ditonjok di pipi kiri oleh ASN Sekwan DPRD. Saya tuntut dia bertanggung jawab dan dicopot dari jabatannya,"""" kata Melianus saat ditemui di sela-sela aksi, Senin (24/3/2025). Aksi pemukulan tersebut menyulut amarah massa aksi. Sontak, para mahasiswa itu ramai-ramai naik ke ruang rapat paripurna DPRD NTT. Aksi saling tarik sempat terjadi hingga polisi menengahi kedua kelompok ini. Massa yang terlanjur marah kemudian mengumpulkan karpet dan tempat sampah. Mereka lantas membakarnya di depan tangga menuju ruang paripurna sembari menyanyikan lagu Buruh Tani. Mereka menuntut Ketua DPRD NTT Emilia Nomleni datang menemui mereka. Tak lama kemudian, kericuhan kembali terjadi. Salah seorang ASN menantang demonstran yang berada di pintu depan lantai bawah Kantor DPRD NTT. Aksi ini memicu amarah massa aksi dan mereka turun serempak. ASN lainnya kemudian keluar dari dalam kantor. Beberapa dari mereka menyiram para mahasiswa dengan air. Mereka kembali memukuli sejumlah mahasiswa. Akibat kericuhan tersebut, kaca pintu masuk Gedung DPRD NTT pecah. Polisi kemudian melerai dan menarik beberapa mahasiswa. Koordinator BEM Nusantara NTT, Saulus Ngabi Nggaba, mengalami luka-luka di bagian wajah akibat kekacauan tersebut. Ketua DPRD NTT, Emilia Nomleni, akhirnya tiba dan menemui massa pukul 14.48 Wita. Emmy mengaku sedang dalam perjalanan menuju Timor Tengah Selatan (TTS). Ia kembali ke Kota Kupang setelah mengetahui adanya mahasiswa yang melakukan demonstrasi. """"Kami janji akan sampaikan protes dari teman-teman semua melalui kader-kader yang ada DPR bahwa ada penolakan juga dari NTT atas UU TNI ini. Kalau benar ada ASN terlibat tindakan pemukulan itu pun akan kita tindak,"""" ujar Emi, sapaan akrab Emilia Nomleni. Wakapolda NTT, Brigjen Awi Setiyono, berjanji memproses ASN maupun polisi yang represif terhadap mahasiswa yang melakukan demonstrasi. Ia akan menelusuri kejadian tersebut. """"Nanti kami akan proses bila ditemukan pelanggaran,"""" kata dia. Sebelumnya, Koordinator Aliansi Tolak UU TNI Putra Umbu Toku Ngudang mendesak DPRD NTT untuk menyatakan sikap menolak UU TNI. Mereka khawatir UU TNI menghidupkan kembali dwifungsi ABRI yang memberikan peluang keterlibatan militer di ranah politik. """"Regulasi ini berpotensi menghidupkan kembali praktik dwifungsi ABRI yang pernah mencederai demokrasi di masa lalu,"""" ujar putra. Selain berorasi, massa aksi juga membakar ban saat demonstrasi tersebut."""
"Kecewa Pengesahan UU TNI, Massa Pendemo di Surabaya Lempar Sepatu,24 Mar 2025 15:24,https://www.detik.com/jatim/berita/d-7839196/kecewa-pengesahan-uu-tni-massa-pendemo-di-surabaya-lempar-sepatu,""Massa aksi terus meneriakkan kekesalannya dengan menolak UU TNI di depan Gedung Negara Grahadi. Mereka berteriak bahwa rakyat kecewa dengan Presiden Prabowo Subianto. """"Ini bukan cacian atau pencemaran nama baik Pak Prabowo tapi pesan kekecewaan rakyat terhadap kepemimpian. Kalian memaksa kami untuk dimiskinkan,"""" teriak salah satu orator, Senin (24/3/2025). """"Tidak bisa dipungkiri banyak masyarakat sipil tetap berpuasa"""". SCROLL TO CONTINUE WITH CONTENT """"Ingat bapak-bapak polisi yang gendut nggak tahu makan apa, saya tetap mengingatkan yang akan mengesahkan UU Polri,"""" tambahnya. Untuk menunjukkan kekesalannya terhadap UU TNI, massa yang berorasi melempar sepatu ke arah ban yang dibakar. Hingga pukul 15.00 WIB, massa masih berorasi secara bergantian. Cuaca panas tak membuat mereka berhenti berorasi. Mereka tetap semangat berorasi dan memenuhi Jalan Gubernur Suryo. Sementara arus lalu lintas di depan Gedung Grahadi dialihkan ke Jalan Taman Apsari dan kawasan Simpang Dukuh."""
"Menhan Tegaskan Prabowo Tak Intervensi Revisi UU TNI,20 Mar 2025 13:47,https://news.detik.com/berita/d-7832800/menhan-tegaskan-prabowo-tak-intervensi-revisi-uu-tni,""Menteri Pertahanan (Menhan)Sjafrie Sjamsoeddinmenegaskan pembahasan hingga pengesahan perubahan UU Nomor 34 Tahun 2004 tentang TNI sepenuhnya hasil kesepakatan pemerintah dan DPR. Sjafrie menekankan tidak ada intervensi PresidenPrabowo Subiantodalam revisi UU TNI. """"Itu semuanya adalah hasil kesepakatan pemerintah dengan DPR. Tidak ada permintaan Presiden,"""" kata Sjafrie di gedung MPR/DPR/DPD, Jakarta Pusat, Kamis (20/3/2025). Prabowo, kata Sjafrie, tidak memberikan pesan khusus kepada Kemhan terkait pembahasan dan pengesahan revisi UU TNI. Dia mengatakan Prabowo selaku presiden tetap akan mengikuti peraturan yang berlaku. SCROLL TO CONTINUE WITH CONTENT """"Penekanan Presiden ikuti peraturan yang berlaku. Sekarang kan sudah,"""" ujarnya. Sjafrie juga menegaskan pengesahan revisi UU TNI ini tidak akan mengembalikan TNI ke zaman Orde Baru, seperti di kepemimpinan Presiden ke-2 RI Soeharto. Dia juga membantah pembahasan RUU TNI dinilai tidak transparan. """"Nggak ada. Orde Baru kita nggak pakai lagi. Sekarang adalah satu orde yang ingin menegakkan pembangunan kekuatan TNI yang hormat terhadap demokrasi dan supremasi sipil,"""" tuturnya. SimakVideo: Tok! DPR Resmi Sahkan RUU TNI Jadi Undang-undang [Gambas:Video 20detik]"""
"Menhan Usai RUU TNI Sah Jadi UU: Tak Ada Wajib Militer, Tidak Ada Dwifungsi,20 Mar 2025 12:18,https://news.detik.com/berita/d-7832546/menhan-usai-ruu-tni-sah-jadi-uu-tak-ada-wajib-militer-tidak-ada-dwifungsi,""Menteri Pertahanan (Menhan) Sjafrie Sjamsoeddin mengatakan tidak ada wajib militer dalam revisi Undang-Undang (UU) Nomor 34 Tahun 2004 tentang Tentara Nasional Indonesia (TNI) yang sudah disahkan menjadi UU. Sjafrie mengatakan tidak ada dwifungsi ABRI dalam UU tersebut. """"Nggak ada lagi wajib militer, yang ada itu untuk perwira itu kalau dia akademi militer atau dia sebagai perwira prajurit karier atau sebagai komponen cadangan,"""" kata Sjafrie di gedung MPR/DPR/DPD, Jakarta Pusat, Kamis (20/3/2025). """"Jadi tidak ada wajib militer di Indonesia lagi, tidak ada dwifungsi dwifungsi lagi, jangankan jasad, arwahnya pun sudah tidak ada,"""" sambung dia. SCROLL TO CONTINUE WITH CONTENT Sjafrie juga mengatakan tidak ada prajurit aktif yang dapat mengisi jabatan di luar 14 kementerian/lembaga yang telah diatur di UU TNI. Dia meminta masyarakat tak khawatir anggota TNI aktif mengisi jabatan di BUMN. """"Tidak ada (prajurit aktif di Agrinas BUMN), semua, mulai Bulog, semua purnawirawan, jadi tenang saja ya. Nggak usah khawatirlah,"""" ujarnya. Dia mengatakan UU TNI yang terbaru juga masih melarang prajurit TNI aktif berbisnis. Dia menekankan yang menjadi perhatian pihaknya ialah kesejahteraan TNI. """"Semuanya masih berlaku, karena kan kita rapikan semuanya, yang penting kesejahteraan prajurit harus kita perhatikan, harus kita perhatikan,"""" ujarnya. Sebelumnya, DPR resmi mengesahkan Rancangan Undang-Undang tentang Perubahan atas Undang-Undang Nomor 34 Tahun 2004 tentang Tentara Nasional Indonesia atau RUU TNI menjadi Undang-Undang. Keputusan ini diambil dalam rapat paripurna yang dihadiri oleh sejumlah menteri. Rapat terselenggara di ruang paripurna gedung DPR RI, Senayan, Jakarta Pusat, Kamis (20/3). Rapat dipimpin oleh Ketua DPR RI Puan Maharani yang didampingi Wakil Ketua DPR yang lain, seperti Sufmi Dasco Ahmad, Saan Mustopa, dan Adies Kadir. Ketua Komisi I Utut Adianto menyampaikan beberapa poin krusial terkait kedudukan TNI, usia pensiun, hingga keterlibatan TNI aktif di kementerian atau lembaga. Ia memastikan tak adanya dwifungsi TNI dalam pembahasan revisi UU ini. Selepas Utut menyampaikan laporannya, Puan lantas menanyakan kepada anggota Dewan yang hadir apakah RUU tersebut dapat disepakati menjadi undang-undang. Mayoritas menjawab setuju. """"Kami menanyakan kepada seluruh anggota apakah Rancangan Undang-Undang tentang Perubahan atas Undang-Undang Nomor 34 Tahun 2004 tentang Tentara Nasional Indonesia, apakah dapat disetujui untuk disahkan menjadi undang-undang?"""" kata Puan Maharani. """"Setuju,"""" jawab peserta sidang diikuti dengan ketukan palu tanda pengesahan."""
"Anies Baswedan Bicara Revisi UU TNI, Apa Katanya?,23 Mar 2025 10:14,https://news.detik.com/berita/d-7837199/anies-baswedan-bicara-revisi-uu-tni-apa-katanya,""Anies Baswedanmembagikan pandangannya mengenai revisi Undang-Undang (UU) TNI yang belakangan menuai kontroversi di publik. Anies Baswedan menyebut revisi UU TNI yang baru disahkan menimbulkan banyak pertanyaan. """"Revisi UU TNI yang baru disahkan menimbulkan banyak pertanyaan. Apakah ini benar-benar membawa perbaikan atau malah membuka ruang bagi tantangan baru? Ini adalah tentang menjaga profesionalitas TNI dan kemurnian demokrasi,"""" kata Anies dalam cuitannya di akun X dilihat, Minggu (23/3/2025). Kandidat Pilpres 2024 itu menekankan masyarakat ingin TNI yang kuat, profesional, dan fokus pada tugas utamanya, yakni menjaga pertahanan dan kesatuan negara. Dia mengingatkan jangan sampai TNI terbebani dalam menjalankan tugasnya usai UU TNI direvisi. SCROLL TO CONTINUE WITH CONTENT """"Jangan sampai revisi ini justru membebani TNI dengan tugas-tugas baru yang bisa mengalihkan dari fokus utamanya. Salah satu yang jadi perhatian, proses revisi ini berjalan sangat cepat. Publik sulit mengakses draf finalnya, forum diskusi pun minim. Kalau kebijakan dibuat terburu-buru, bagaimana memastikan hasilnya benar-benar baik bagi negara dan utamanya bagi TNI sendiri?"""" ujar dia. Anies kemudian mempertanyakan jaminan bahwa revisi UU TNI itu tak akan berdampak selain yang diniatkan pembuat kebijakan. Dia juga menyinggung di tubuh TNI masih ada tantangan tersendiri, yakni meritokrasi dalam jenjang karier. """"Jika revisi ini bertujuan memperkuat TNI, kita harus pastikan ada rambu hukum yang jelas. Apa mekanisme pengamannya? Bagaimana memastikan bahwa perubahan ini tidak akan membawa dampak di luar niat awal pembuat kebijakan? Selain itu, apakah revisi ini menyelesaikan masalah di internal TNI? Salah satu tantangan besar di TNI adalah meritokrasi dalam jenjang karier. Kita ingin tentara-tentara terbaik mendapat promosi karena prestasi, bukan karena faktor non meritokratik,"""" kata Anies. """"Kita semua ingin melihat TNI yang makin profesional, kuat, dan dihormati, baik di dalam negeri maupun internasional. Seluruh rakyat mencintai TNI yang profesional dan berpihak pada rakyat. Maka justru karena itu, kebijakan ini harus dikawal dengan hati-hati,"""" imbuhnya. Anies kemudian mengutip kalimat Panglima besar Jenderal Sudirman yang berpesan prajurit tak terlibat politik. Dia menegaskan pesan itu harus terus dijaga. """"Bung Karno pernah bicara, Angkatan perang jangan masuk dan terlibat politik. Jenderal Soedirman, seberapa pun tak setuju dengan keputusan pemerintah, selalu mendukung kewenangan pemerintah yang sah dan berfokus pada penguatan kemampuan utama TNI. Ini adalah warisan yang harus kita jaga,"""" ujar dia. Lebih lanjut, Anies mengatakan seharusnya revisi itu perlu partisipasi publik seluas-luasnya. Dia menyinggung upaya membuat TNI lebih kuat dan profesional. """"Maka, keputusan sebesar ini perlu kehati-hatian. Bukalah ruang diskusi yang lebih luas, saksama, dan partisipatif. Mari diskusikan bersama rakyat, di kampus, di pasar, di warkop. Karena TNI adalah milik rakyat dan bagian dari rakyat. Biarkan rakyat di mana-mana boleh ikut membahas,"""" kata Anies. """"Semua ini perlu kita lakukan demi TNI yang lebih kuat, lebih profesional, makin dihormati dan makin dicintai. Dan semua ini demi Indonesia yang lebih kuat, lebih stabil, dan tetap berpegang teguh pada nilai-nilai keadilan dan demokrasi,"""" imbuhnya. Simak juga Video: Tok! DPR Resmi Sahkan RUU TNI Jadi Undang-undang [Gambas:Video 20detik]"""
"Demo Tolak UU TNI Memanas hingga Fasilitas di Grahadi Rusak,25 Mar 2025 03:30,https://www.detik.com/jatim/berita/d-7839809/demo-tolak-uu-tni-memanas-hingga-fasilitas-di-grahadi-rusak,""Aksi demo menolak UU TNI depan Gedung Grahadi Surabaya memanas. Massa aksi mulai melempar batu botol air mineral, mercon hingga molotov. Aksi ini diikuti ratusan mahasiswa dan masyarakat yang memakai baju serba hitam. Massa mendesak agar Indonesia jangan sampai kembali ke zaman Orde Baru (Orba). """"Saya yakin itu tidak hanya di Surabaya, tapi di seluruh Indonesia. Kami nggak mau kembali ke zaman Orba,"""" kata jubir massa aksi, Jaya, kepada wartawan di depan Gedung Negara Grahadi, Senin (24/3/2025). SCROLL TO CONTINUE WITH CONTENT Massa aksi terus meneriakkan kekesalannya dengan menolak UU TNI di depan Gedung Negara Grahadi. Massa kemudian mulai membakar ban. Ada massa aksi yang melemparkan sepatu sebagai bentuk kekesalan ke arah ban yang dibakar. Namun situasi mulai memanas sekitar pukul 16.00 WIB. Pantauan detikJatim, tampak kawat berduri di depan Grahadi berusaha ditarik massa. Massa mulai melempar mercon dan batu. Polisi langsung menyemprot massa dengan air dari water cannon secara terus-menerus. Selama aksi, water cannon berjaga di sisi timur. Mereka seakan tidak gentar dan terus-terusan melempar benda-benda yang ada di depannya. Selanjutnya, ada lemparan sejumlah flare dan molotov juga mengenai kawat berduri. Sesaat setelah kejadian itu, massa langsung bersorak. Mereka juga mulai melakukan penyerangan dengan batu. Tak hanya itu, mereka juga merusak pagar kawat berduri dan gapura yang berada di depan Grahadi. Aksi tersebut sempat berhenti selama kurang lebih 30 menit dan polisi bersiap kembali ke mako. Namun tiba-tiba pendemo kembali melempar batu atau keramik pedestrian, botol air mineral. Aksi yang dilakukan pendemo di bawah jembatan orang (JPO) ini membuat polisi pukul mundur hingga massa kocar-kacir. Massa akhirnya menuju kawasan Jalan Pemuda dan nyaris masuk ke Surabaya Plaza. Namun polisi mengimbau pengunjung segera masuk mengamankan diri. Sementara polisi menyisir pendemo hingga jalan protokol. Beberapa massa diamankan dan diperiksa polisi."""
"Polisi Bikin Pagar Betis, Pendemo Tolak UU TNI Semburat,24 Mar 2025 17:31,https://www.detik.com/jatim/berita/d-7839534/polisi-bikin-pagar-betis-pendemo-tolak-uu-tni-semburat,""Usaha polisi untuk memecah kerumunan massa pendemo di Grahadi Surabaya adalah dengan menyemprotkan air dari water canon. Polisi juga membuat pagar betis membubarkan massa. Dari pengamatandetikJatim, Senin (24/3/2025) Pembubaran massa dimulai saat pendemo mulai anarkis. Massa melemparkan molotov dan flare ke petugas. Lemparan itu diteruskan dengan lemparan batu. Water canon pun mulai menyemprot kerumunan massa. Kuatnya semprotan membuat massa mundur. Polisi kemudian membentuk barikade dan pagar betis. Pagar betis polisi tersebut terus maju meski terus dilempari batu. SCROLL TO CONTINUE WITH CONTENT Sebelumnya, massa berjumlah ratusan di Surabaya turun ke jalan menolak UU TNI. Aksi massa yang memakai baju hitam-hitam itu dilakukan di depan Gedung Negara Grahadi. Massa yang membentangkan poster itu membakar ban di tengah jalan. Tampak pagar betis kawat berduri mengelilingi depan Gedung Grahadi. Mereka meneriakkan akan selalu berdiri dengan pemikiran gagasan seorang mahasiswa. """"Kami berkumpul di sini, bukan sebagai DPR RI yang bukan perwakilan rakyat,"""" teriak salah satu orator, Senin (24/3/2025)."""
"PPI Dunia Tolak Revisi UU TNI: Berpotensi Meruntuhkan Supremasi Sipil,21 Mar 2025 07:30,https://www.detik.com/edu/edutainment/d-7833665/ppi-dunia-tolak-revisi-uu-tni-berpotensi-meruntuhkan-supremasi-sipil,""Perhimpunan Pelajar Indonesia (PPI) Dunia menolak Revisi UU TNI. RUU TNI ini berpotensi meruntuhkan supremasi sipil. Belum lagi proses legislasinya yang cenderung 'diam-diam'. """"Revisi Undang-Undang Tentara Nasional Indonesia (UU TNI) menjadi isu krusial dalam dinamika politik dan demokrasi di Indonesia karena perubahan yang terkandung di dalamnya memiliki potensi untuk meruntuhkan supremasi sipil lewat ruang-ruang yang disediakan kepada militer. Atas dasar itu, kami ingin mengambil sikap untuk setiap upaya yang berusaha memberikan peluang bagi aparat bersenjata untuk mencampuri urusan sipil. Kami menolak berdialog dengan moncong senjata,"""" tegas PPI Dunia dalam pernyataannya yang disampaikan tertulis pada Kamis (20/3/2025). PPI Dunia menyampaikan 4 pandangan yang mereka sebut sebagai peluang yang dapat menggeser keseimbangan kekuasaan antara sipil dan militer. SCROLL TO CONTINUE WITH CONTENT Pertama, perihal penambahan penempatan prajurit aktif di dalam kementerian/lembaga (Pasal 47 ). Usulan perubahan ini kami anggap memiliki peluang untuk mengembalikan kembali TNI ke ruang-ruang vital masyarakat yang sebelumnya pada masa orde baru telah memberikan dampak destruktif dan traumatis bagi kehidupan bermasyarakat. """"Perubahan ini juga kami anggap memiliki potensi untuk mencederai independensi lembaga seperti peradilan yang sekaligus dapat menaikkan kadar impunitas TNI di mata hukum. Kami juga menilai, jika perubahan UU ini diloloskan, akan berdampak kepada angka pelanggaran HAM di masa depan karena mereka yang mengontrol senjata, mengendalikan kehidupan kita,"""" jelas PPI Dunia. Kedua, perihal penambahan tugas Operasi Militer Selain Perang (OMSP). Penambahan tugas dan cakupan TNI dari 14 menjadi 17 tugas dinilai dapat menjadi celah bagi aparat bersenjata untuk menyelewengkan wewenangnya dalam urusan sipil. """"Hal ini juga berpotensi menjadi pasal karet, yang dapat menormalkan tindakan penggusuran, perampasan lahan, dan segala bentuk operasi-operasi yang dapat melukai HAM. Kami menilai jika semakin luas cakupan operasi militer, semakin dekat TNI dengan pengkhianatan atas Sistem Pertahanan Rakyat Semesta (Sishankamrata) yang dianutnya,"""" kritik PPI Dunia. Ketiga, perihal konteks reformasi sektor keamanan. Perubahan UU TNI ini PPI Dunia anggap bukan merupakan agenda mendesak dalam tubuh TNI dikarenakan masih adanya agenda lain seperti agenda reformasi peradilan militer yang jauh lebih penting. """"Selain itu, evaluasi terhadap berbagai pelanggaran yang dilakukan oleh prajurit TNI, termasuk penyalahgunaan wewenang dan impunitas dalam kasus pelanggaran HAM, seharusnya menjadi prioritas utama. Tanpa adanya upaya penyelesaian masalah-masalah ini, revisi UU TNI dinilai memiliki resiko untuk memperburuk ketimpangan dalam sistem hukum dan semakin menjauhkan TNI dari prinsip profesionalisme serta akuntabilitas. Kami membutuhkan pertanggung jawaban atas setiap peluru yang bersarang dalam tubuh masyarakat sipil,"""" tegas PPI Dunia. Keempat, perihal proses legislasi yang disusun dengan cara yang tidak transparan dan tergesa-gesa. Proses legislasi perubahan UU TNI dinilai bermasalah karena tidak melibatkan partisipasi publik yang memadai, membuat aspek pengawasan dan akuntabilitas terhambat. """"Selain itu, naskah akademis yang menjadi dasar revisi kami nilai problematik, baik dari segi argumentasi maupun landasan akademis, yang telah menimbulkan kecurigaan bahwa perubahan ini lebih mengutamakan kepentingan beberapa pihak di atas kepentingan publik. Proses yang terburu-buru juga memperdalam kecurigaan bahwa revisi ini dilakukan tanpa mempertimbangkan dampak jangka panjang terhadap demokrasi dan supremasi sipil. Lebih tandas lagi, hal ini memunculkan kecurigaan bahwa perubahan ini semata-mata untuk merasionalisasi kekuasan untuk dapat mewujudkan mobilisasi dan ekspansi keterlibatan TNI dalam mewujudkan visi, misi, dan program politik pihak tertentu,"""" urai PPI Dunia. Hingga pernyataan sikap ini ditulis, DPR RI belum merilis naskah RUU yang dapat diakses publik. Pasal ini bersumber dari draf RUU yang sempat bocor, tetapi kemudian dibantah oleh DPR RI sebagai dokumen final. Berdasarkan hal-hal tersebut, dengan ini Perhimpunan Pelajar Indonesia (PPI) Dunia menyatakan sikap sebagai berikut: 1. Menolak Revisi UU TNI2. Menolak keterlibatan TNI dalam ranah sipil dan politik karena dianggap berpotensi mengancam prinsip demokrasi dan supremasi sipil atas militer3. Mengecam setiap upaya yang berpotensi untuk melemahkan institusi sipil dan merusak struktur pemerintahan yang demokratis.4. Menentang cakupan TNI yang semakin meluas dalam sektor keamanan domestik yang dapat mengganggu keseimbangan antara sipil dan militer5. Mempertahankan kebebasan sipil sebagai pilar utama negara demokrasi, yang bebas dari intervensi militer6. Mendesak agenda yang bertujuan untuk peningkatan profesionalisme dan akuntabilitas TNI7. Menyuarakan penolakan terhadap kebijakan yang dapat membuka peluang kepada kembalinya bentuk dwifungsi ABRI dan pelanggaran hak asasi manusia Seperti dilansir daridetikNews, berikut daftar 3 pasal kontroversial di RUU TNI. Pasal 7, Tambahan Tugas Operasi Militer Selain Perang Pada Pasal 7 RUU TNI, tercantum 2 tugas baru TNI dalam operasi militer selain perang dari yang sebelumnya 14 kini menjadi 16. Pasal 47, Kementerian/Lembaga yang Bisa Diisi TNI Dalam pasal 47, ada penambahan 4 posisi jabatan publik yang bisa diisi TNI aktif dari yang sebelumnya 10 kini menjadi 14. Pasal 53, Usia Pensiun TNI Pasal 53 RUU TNI mengubah batas usia pensiun prajurit. Ketentuan ini diatur dalam ayat (2) dengan batas usia pensiun yang variatif berdasarkan pangkat dan jabatan."""
"DPRD Kota Malang Sesalkan Demo Anarkis Tolak UU TNI,23 Mar 2025 21:40,https://www.detik.com/jatim/berita/d-7838007/dprd-kota-malang-sesalkan-demo-anarkis-tolak-uu-tni,""Wakil Ketua DPRD Kota Malang Rimzah menyesalkan tindakan anarkis massa aksi demo tolak UU TNI. Menurut Rimzah, tanpa aksi anarkis, anggota DPRD Kota Malang siap menerima aspirasi dari massa aksi. """"Hari ini kami belum sempat menemui massa aksi tapi sudah chaos. Berikut sedikit kami sayangkan, karena kami sebetulnya 7 fraksi siap menerima massa aksi untuk membangun narasi bersama untuk menyuarakan aspirasi,"""" ujar Rimzah, Minggu (23/3/2025). Rimzah menyampaikan bahwa ia sebenarnya berniat datang untuk menemui massa aksi. Namun, demo terlanjur anarkis terlebih dahulu. Saat ini pihaknya masih melakukan inventaris kerusakan imbas aksi anarkis yang dilakukan demonstran. SCROLL TO CONTINUE WITH CONTENT """"Kami akan koordinasi dengan dinas terkait dan sekwan untuk segera rang-rang (inventaris). Setahu saya tadi sebelah kiri pos (terbakar), tapi memang untuk tempat-tempat barang bekas. Prinsipnya tidak ada korban"""" ujar Rimzah. Rimzah berpesan kepada masyarakat yang ingin menyampaikan aspirasi agar dilakukan dengan cara yang lebih baik. Sebisa mungkin jangan melakukan tindakan anarkis dalam menyuarakan aspirasi. """"Pesan untuk teman-teman yang aksi, kita siap menerima aspirasi baik hujan, panas terik matahari ayo kita bangun narasi bersama. Jangan mau diprovokasi oleh hal-hal yang buruk di Kota Malang,"""" pesannya. Dari pantauandetikJatim, polisi melakukan penjagaan untuk mengawal jalannya aksi yang berlangsung sejak sore. Namun pendemo melakukan hal-hal anarkis dengan membakar ban. Polisi mencoba memukul mundur dan melakukan upaya pendekatan persuasif. Pada pukul 18.40 WIB situasi di kawasan gedung DPRD Kota Malang sudah kondusif."""
"Puan: Perubahan UU TNI Tetap Berlandaskan Supremasi Sipil-HAM,20 Mar 2025 12:16,https://news.detik.com/berita/d-7832541/puan-perubahan-uu-tni-tetap-berlandaskan-supremasi-sipil-ham,""Paripurna DPR RI telah menyepakati Rancangan Undang-Undang tentang Perubahan atas Undang-Undang Nomor 34 Tahun 2004 tentang Tentara Nasional Indonesia atauRUU TNIsebagai undang-undang. Puan mengatakan perubahan UU TNI tetap berlandaskan supremasi sipil. """"Saya kembali sampaikan bahwa berdasarkan hasil pembahasan substansi materi menyepakati dan menyetujui RUU TNI yang dibahas fokus hanya pada 3 substansi utama, yaitu yang pertama terkait dengan Pasal 7, yaitu tugas pokok TNI dalam operasi militer selain perang,"""" kata Puan dalam rapat paripurna DPR RI, Kamis (20/3/2025). Puan mengatakan adanya penambahan cakupan tugas pokok TNI yang semula 14 menjadi 16. Adapun penambahannya, yakni membantu upaya menanggulangi ancaman pertahanan siber dan membantu dalam melindungi dan menyelamatkan warga negara serta kepentingan nasional di luar negeri. SCROLL TO CONTINUE WITH CONTENT """"Penambahan dua tugas pokok dalam OMSP (operasi militer selain perang) tersebut meliputi membantu dalam upaya menanggulangi ancaman pertahanan siber dan membantu dalam melindungi dan menyelamatkan warga negara serta kepentingan nasional di luar negeri,"""" kata Puan. Ia menyebut prajurit aktif hanya bisa menjabat di 14 kementerian/lembaga. Adapun pada Undang-Undang TNI yang lama, prajurit aktif hanya menduduki 10 kementerian/lembaga. """"Pasal kedua yang dibahas adalah Pasal 47 terkait dengan penempatan prajurit TNI pada K/L, sebagaimana diketahui bahwa prajurit aktif dapat menduduki jabatan di berbagai K/L yang semula berjumlah 10 menjadi 14, berdasarkan permintaan pimpinan dan kementerian lembaga dan tetap tunduk pada peraturan administrasi yang berlaku di lingkungan K/L tersebut,"""" ucap Puan. """"Di luar penempatan pada 14 K/L yang telah disebutkan TNI dapat menduduki jabatan sipil lainnya setelah mengundurkan diri atau pensiun dari dinas aktif keprajuritan,"""" sambungnya. Puan mengatakan ada penambahan masa dinas keprajuritan. Masa pensiun yang semula 58 tahun untuk perwira dan 53 tahun bagi Tamtama dan Bintara diubah berdasarkan kategori pangkat. Puan menyatakan, DPR bersama pemerintah menegaskan perubahan UU TNI tetap berlandaskan nilai dan prinsip demokrasi serta tetap menjaga supremasi sipil. """"Pada pasal ini mengalami perubahan masa bakti prajurit, masa dinas yang semula diatur sampai usia paling tinggi 58 tahun bagi Perwira, dan 53 tahun bagi Bintara dan Tamtama mengalami penambahan sesuai dengan jenjang kepangkatan,"""" ujar Puan. """"Karenanya, kami bersama pemerintah menegaskan perubahan UU Nomor 34 Tahun 2004 tentang TNI tetap berlandaskan pada nilai dan prinsip demokrasi, supremasi sipil, HAM, serta memenuhi ketentuan hukum nasional dan hukum internasional yang telah disahkan,"""" imbuhnya. Lihat juga Video: Tok! DPR Resmi Sahkan RUU TNI Jadi Undang-undang [Gambas:Video 20detik]"""
"Revisi UU TNI, DPR Bakal Bahas Larangan TNI Berbisnis,18 Feb 2025 14:21,https://news.detik.com/berita/d-7783928/revisi-uu-tni-dpr-bakal-bahas-larangan-tni-berbisnis,""Wakil Ketua DPR Adies Kadir mengatakan larangan berbisnis bagi TNI diRUU TNIakan dibahas lebih lanjut. DPR akan meminta banyak masukan terkait hal tersebut. """"Itu kan ada dibahas ya, kita akan lihat pembahasannya. Usulan dari mana kita lihat nanti, kita kan pasti meminta banyak masukan ya. Kalau bisnis, bisnisnya seperti apa. Tugas TNI kan jelas mempertahankan Negara Kesatuan Republik Indonesia. Jadi kita akan lihat nanti,"""" kata Adies di kompleks parlemen, Senayan, Jakarta, Selasa (18/2/2025). Adies menegaskan tidak ada pembahasan perluasan wewenang TNI dalam RUU TNI. Dirinya mengatakan yang dibahas dalam RUU itu masalah usia pensiun TNI. SCROLL TO CONTINUE WITH CONTENT """"Nggaklah, nggaklah, itu dwifungsi ABRI segalamacemitu? Nggak, Nggaklah. Kita lihatlah nanti sama-sama,"""" ujar politikus Golkar itu. Sebelumnya, DPR RI telah menerima surat presiden (surpres) penunjukan wakil pemerintah terkait revisi Undang-Undang TNI. Surpres itu dibacakan pimpinan DPR dalam paripurna ke-13. Rapat digelar di ruang paripurna gedung Nusantara II DPR RI, Senayan, Jakarta Pusat, pagi tadi. Rapat dipimpin Adies Kadir yang didampingi pimpinan lain, yakni Saan Mustopa dan Cucun Ahmad Syamsurijal. Adies menyampaikan RUU TNI ini akan dibahas oleh Komisi I DPR RI. Pimpinan Dewan pun meminta persetujuan dan disambut anggota yang hadir dalam rapat paripurna. Simak juga Video 'TNI Dilibatkan Bangun Desa-Ketahanan Pangan, Panglima: Pembangunan Bisa Maksimal': [Gambas:Video 20detik]"""
"Komnas HAM Harap Pembahasan Revisi UU TNI Diperpanjang,19 Mar 2025 16:18,https://news.detik.com/berita/d-7831358/komnas-ham-harap-pembahasan-revisi-uu-tni-diperpanjang,""DPR akan mengesahkan revisi Undang-Undang Tentara Nasional Indonesia (RUU TNI) dalam rapat paripurna besok.Komnas HAMpun berharap pembahasan RUU TNI diperpanjang. """"Kalau kita melihat pada proses pembahasan yang mendapatkan atensi publik, kritik dan juga kekhawatiran tertentu, menurut kami memang seharusnya proses pembahasan ini diperpanjang, sehingga apa yang menjadi aspirasi dan perhatian publik dapat didiskusikan lebih lanjut,"""" kata Ketua Komnas HAM Atnike Nova Sigiro dalam konferensi pers di kantor Komnas HAM, Menteng, Jakarta Pusat, Rabu (19/3/2025). Atnike mengatakan Komnas HAM telah memberikan catatan terkait risiko perluasan jabatan sipil bagi militer dan persoalan HAM. Jika RUU TNI disahkan, Atnike mengatakan pihaknya akan melakukan pemantauan dan pengamatan terkait jalannya UU tersebut. SCROLL TO CONTINUE WITH CONTENT """"Jadi kalau kewenangan pembentukan undang-undangnya ada pada DPR dan Pemerintah, tapi Komnas HAM sudah memberikan catatan bahwa akan ada risiko-risiko dari perluasan jabatan sipil bagi militer. Dapat risiko juga terhadap persoalan-persoalan Hak Asasi Manusia,"""" kata Atnike. Atnike berharap catatan risiko yang ditemukan Komnas HAM tidak terjadi jika RUU TNI disahkan. Sementara itu, Koordinator Sub Komisi Pemajuan HAM, Anis Hidayah, mengatakan proses pembahasan RUU TNI kurang transparan. """"Sebenarnya di dalam kajian kami juga sudah kami sampaikan bahwa proses revisi Undang-Undang TNI ini kami menilai adanya kurang transparansi ya, yang bertentangan dengan prinsip pembentukan peraturan perundang-undangan yang demokratis dan berbasis HAM, sebagaimana diatur di dalam Undang-Undang tentang pembentukan peraturan perundang-undangan,"""" kata Anis. Berikut rekomendasi Komnas HAM terkait RUU TNI: 1. Melakukan evaluasi implementasi Undang-Undang No 34 tahun 2004 tentang TNI secara menyeluruh. Pemerintah perlu melakukan audit komprehensif terhadap implementasi Undang-Undang TNI dan efektivitas peran TNI dalam sistem pertahanan negara sebelum mengusulkan perubahan regulasi. 2. Menjamin partisipasi publik yang bermakna dalam proses legislasi. Penyusunan RUU harus dilakukan secara transparan dan inklusif dengan melibatkan akademisi, masyarakat sipil, serta komunitas yang terdampak langsung oleh kebijakan ini. 3. Mencegah kembalinya dwifungsi TNI. Revisi Undang-Undang TNI harus memperkuat peran TNI yang profesional dalam sektor keamanan serta memperkuat supremasi sipil. 4. Mengkaji ulang perpanjangan usia pensiun. Usulan perpanjangan masa dinas prajurit harus mempertimbangkan implikasi terhadap struktur organisasi TNI, regenerasi kepemimpinan demi kesejahteraan dan profesionalisme TNI, dan efisiensi anggaran pertahanan. Simak jugaVideo Temuan Komnas HAM Seusai Kaji Revisi UU TNI: Risiko Dwifungsi TNI [Gambas:Video 20detik]"""
"Desakan Keras Mahasiswa Tolak Revisi UU TNI, Polri dan Kejaksaan,18 Feb 2025 06:30,https://news.detik.com/berita/d-7783226/desakan-keras-mahasiswa-tolak-revisi-uu-tni-polri-dan-kejaksaan,""Mahasiswa dari berbagai kampus berbondong-bondong turun ke jalan menggelar aksi unjuk rasa bertajuk 'Indonesia Gelap'. Mereka tegas menolak revisi Undang-Undang (UU) TNI, Polri dan Kejaksaan. Aksi unjuk rasa 'Indonesia Gelap' merupakan bentuk protes terhadap kebijakan pemerintah yang dinilai semakin jauh dari prinsip keadilan sosial, demokrasi hingga kesejahteraan rakyat. Tak hanya menolak revisi UU TNI, Polri dan Kejaksaan, mereka juga menolak sejumlah kebijakan, salah satunya pemotongan anggaran pendidikan. Aksi itu berlangsung di kawasan Patung Kuda, Jakarta, Senin (17/2/2025). Mereka menilai pendidikan merupakan hak fundamental setiap warga negara. SCROLL TO CONTINUE WITH CONTENT """"Anggaran pendidikan yang layak adalah hal penting untuk memastikan seluruh rakyat akses pendidikan murah dan layak. Pendidikan adalah hak fundamental setiap warga negara. Pemangkasan anggaran pendidikan hanya akan memperdalam ketimpangan akses pendidikan dan memperburuk kualitasnya,"""" kata Koordinator BEM SI kerakyatan, Satria dalam keterangannya. Mereka mendesak pemerintah segera melakukan evaluasi terhadap proyek strategis nasional yang bermasalah hingga menolak revisi Undang-Undang Minerba. Beberapa revisi UU dinilai mengancam kehidupan demokrasi dan hak asasi manusia. Seperti Revisi UU TNI, Polri dan Kejaksaan. Lembaga-lembaga negara itu disebut berlomba meminta kewenangan yang berlebihan melalui beragam revisi UU tersebut. """"Dalam revisi UU Polri, Polisi ingin memperluas kewenangan lebih agar dapat melakukan kontrol terhadap konten-konten dalam media sosial. Sementara dalam rencana revisi UU Kejaksaan, Jaksa ingin memperkuat hak imunitasnya. Hak imunitas ini sebelumnya sudah diatur dalam UU Kejaksaan yang berlaku saat ini. Rencana revisi terhadap berbagai UU tersebut berbahaya dan menyimpang dari prinsip persamaan di hadapan hukum karena harusnya semua warga dan aparat negara tidak boleh mendapatkan imunitas itu,"""" ujarnya. """"Sementara rencana revisi UU TNI akan memberi ruang untuk militer masuk kembali dalam penegakan hukum seperti masa lalu. PadahalHingga saat ini militer belum tunduk pada peradilan umum, dan lagi-lagi kondisi tersebut sangat berbahaya untuk demokrasi,"""" lanjutnya. Mahasiswa juga menuntut agar multifungsi ABRI dicabut. Sebagaimana diketahui saat ini banyak TNI aktif dan Polisi aktif menduduki jabatan-jabatan sipil. Hal ini dinilai telah menyalahi demokrasi dan menyimpang dari tugas pokok mereka sebagaimana di atur dalam Undang-Undang. Berikut 13 poin tuntutan massa: 1. Ciptakan pendidikan gratis ilmiah dan demokratis serta batalkan pemangkasan anggaran pendidikan. 2. Cabut proyek strategis nasional bermasalah, wujudkan reforma agraria sejati. Menurut mereka Proyek Strategis Nasional (PSN) kerap menjadi alat perampasan tanah rakyat. Kami menuntut pencabutan PSN yang tidak berpihak pada rakyat dan mendorong pelaksanaan reforma agraria sejati. 3. Tolak revisi Undang-Undang Minerba, revisi Undang-Undang Minerba hanya menjadi alat pembungkaman bagi rezim untuk kampus-kampus dan lingkungan akademik ketika bersuara secara kritis. 4. Hapuskan multifungsi ABRI. Sebab keterlibatan militer dalam sektor sipil berpotensi menciptakan represi dan menghambat kehidupan yang demokratis. 5. Sahkan rancangan Undang-Undang Masyarakat Adat. Masyarakat adat membutuhkan perlindungan hukum yang jelas atas tanah dan kebudayaan mereka. 6. Cabut Instruksi Presiden nomor 1 tahun 2025 yang mana instruksi presiden ini dinilai sebagai ancaman terhadap bagian-bagian yang justru menjadi kepentingan rakyat seperti pendidikan dan kesehatan. 7. Evaluasi penuh program makan bergizi gratis. Kata mereka, program makan gratis harus dievaluasi agar tepat sasaran, terlaksana dengan baik, dan tidak menjadi alat politik semata. Massa Mahasiswa Aksi 'Indonesia Gelap' di Patung Kuda Terus Bertambah8. Realisasikan anggaran tunjangan kinerja dosen. Kesejahteraan akademisi harus diperhatikan demi peningkatan kualitas pendidikan tinggi dan melindungi hak-hak buruh kampus. 9. Desak Prabowo Subianto untuk mengeluarkan peraturan pemerintah pengganti undang-undang perampasan aset. Sebab korupsi adalah hal yang mendesak dan hal ini harus segera diatasi melalui Perppu untuk memberantas kejahatan ekonomi dan korupsi. 10. Tolak revisi Undang-Undang TNI, Polri, dan Kejaksaan. Mereka menilai revisi ini berpotensi menguatkan imunitas para aparat juga militer dan melemahkan penguasaan terhadap aparat. 11. Efisiensi dan rombak Kabinet Merah Putih. Borosnya para pejabat yang tidak bertanggung jawab harus diatasi dengan rombak para pejabat yang bermasalah. 12. Tolak revisi Peraturan Dewan Perwakilan Rakyat tentang tata tertib yang mana revisi saat sangat bermasalah dan bisa menimbulkan kesewenang-wenangan dari lembaga DPR. 13. Reformasi Kepolisian Republik Indonesia. Kepolisian harus direformasi secara menyeluruh untuk menghilangkan budaya represif dan meningkatkan profesionalisme. Aksi ini merupakan panggilan kepada seluruh elemen masyarakat untuk terus mengawal jalanan pemerintahan demi terciptanya keadilan sosial bagi seluruh rakyat di Indonesia.  '13 Tuntutan Massa BEM SI 'Indonesia Gelap': [Gambas:Video 20detik]"""
"Apa Itu Dwifungsi ABRI yang Dikaitkan dengan Revisi UU TNI?,17 Mar 2025 07:30,https://www.detik.com/edu/detikpedia/d-7826225/apa-itu-dwifungsi-abri-yang-dikaitkan-dengan-revisi-uu-tni,""Revisi Undang-Undang (RUU) TNI, Polri, hingga Kejaksaan tengah bergulir di Dewan Perwakilan Rakyat (DPR). Terbaru, media sosial dihebohkan dengan rapat Panja Komisi I DPR RI dengan pemerintah yang membahas RUU TNI, diketahui oleh kelompok sipil. Kelompok sipil yang mengatasnamakan diri dari Koalisi Reformasi Sektor Keamanan ini meminta agar rapat Panja RUU TNI dihentikan. Mereka mempersoalkan rapat Panja ini digelar secara tertutup. """"Kami dari Koalisi Reformasi Sektor Keamanan pemerhati di bidang pertahanan, hentikan, karena tidak sesuai ini diadakan tertutup,"""" ucap salah satu peserta aksi yang menolak rapat Panja bernama Andrie di Hotel Fairmont, Senayan, Jakarta Pusat, sebagaimana dikutip daridetikNewsMinggu (16/3/2025). SCROLL TO CONTINUE WITH CONTENT """"Bapak-Ibu yang terhormat, yang katanya ingin dihormati, kami menolak adanya pembahasan di dalam, kami menolak adanya dwifungsi ABRI, hentikan proses pembahasan RUU TNI,"""" tambahnya. Menyoal hal ini, Guru Besar Ilmu Hukum Tata Negara FSH UINSA Surabaya, Titik Triwulan Tutik memberikan catatan kritis terkait RUU TNI, Polri, hingga Kejaksaan. Menurutnya, RUU tersebut bukan bersifat memperkuat pengawasan, tetapi justru berlomba-lomba menambah kewenangan masing-masing. """"Ketentuan ini membuka peluang prajurit aktif mengisi jabatan di semua kementerian atau lembaga. Hal ini sebagaimana pada masa pemberlakuan dwifungsi ABRI di era Orde Baru,"""" katanya dalamdetikNews. Dosen Hukum Tata Negara di Fakultas Hukum Universitas Jambi, Muhammad Eriton, SH, MH, CLA, menjelaskan dwifungsi ABRI (Angkatan Bersenjata Republik Indonesia) mengandung pengertian bahwa ABRI mengemban dua fungsi. Fungsi pertama sebagai kekuatan hankam (pertahanan dan keamanan). Kemudian fungsi kedua sebagai kekuatan sosial politik. Konsep dwifungsi ABRI, pertama dicetuskan oleh Jenderal AH Nasution pada 11 November 1958. Kemudian di bawah kepemimpinan Presiden Soeharto, dwifungsi ABRI dilandaskan melalui Ketetapan MPRS No II Tahun 1969. Tujuan dwifungsi ABRI yakni untuk mewujudkan stabilitas nasional yang dinamis di segenap aspek kehidupan bangsa dalam rangka memantapkan tannas (Ketahanan Nasional) dan tujuan nasional berdasarkan Pancasila. """"Fungsi sebagai kekuatan sosial politik hakikatnya adalah tekad dan semangat pengabdian ABRI untuk ikut secara aktif berperan serta bersama-sama dengan segenap kekuatan sosial politik lainnya memikul tugas dan tanggung jawab perjuangan bangsa Indonesia dalam mengisi kemerdekaan dan kedaulatannya,"""" ucapnya, dikutip dari laman resmi Universitas Jambi. Menurut Eriton, pada mulanya, penempatan personil militer yang meluas pada instansi/lembaga pemerintahan dan lembaga masyarakat, menimbulkan silang pendapat. Akhirnya, kondisi ini menuntut perlunya aktualisasi dwifungsi ABRI (fungsi sospol) di kemudian hari. Namun, aktualisasi dwifungsi ABRI bisa efektif apabila ada keseimbangan kepentingan, yaitu keharmonisan antara kepentingan militer dan kepentingan sipil. """"Konsensus selalu dapat dibuat atas dasar tidak satu pun pihak boleh mendominasi pihak yang lain. Kecurigaan terhadap golongan lain harus dihindari, kearifan harus ditumbuhkan agar konflik internal tentang hal ini tidak merebak menjadi perpecahan yang mengganggu tannas,"""" paparnya. Dalam bukuSejarah 3 SMA Kelas XIIyang ditulis oleh Drs Sardiman A M, M Pd., selepas Soeharto turun, BJ Habibie yang menggantikan posisi Presiden RI langsung membuat keputusan yang positif. Keputusannya yakni memperjuangkan reformasi, di antaranya: Pada masa BJ Habibie, orang bebas mengemukakan pendapatnya di muka umum, baik melalui rapat umum, unjuk rasa atau demonstrasi. Hal ini dijamin oleh UU No 9 tahun 1998 yang saat itu dibuat oleh DPR dan pemerintah. BJ Habibie juga melakukan reformasi dalam tubuh ABRI. Sebab, pada masa Orde Baru, ABRI mempunyai kekuatan yang sangat strategis dalam bidang pertahanan dan keamanan serta dalam sosial politik masyarakat melalui dwifungsi ABRI. Pada era awal reformasi itu, konsep dwifungsi ABRI secara substansial bertentangan dengan tuntutan dan semangat global ke arah demokratisasi. Kemudian pada 5 Mei 1999, POLRI dipisahkan dari ABRI. Kemudian ABRI yang terdiri dari Angkatan Darat (AD), Angkatan Laut (AL), dan Angkatan Udara (AU) berubah nama menjadi TNI. Direktur Eksekutif Amnesty Universitas Negeri Semarang (Unnes), Raihan Muhammad, berpendapat bahwa mengembalikan dwifungsi ABRI merupakan langkah mundur bagi bangsa Indonesia. Kondisi ini berpotensi mengancam fondasi demokrasi yang telah dibangun dengan susah payah. Menurutnya, keberadaan dwifungsi ABRI bisa menimbulkan campur tangan militer dalam urusan sipil. Jika ini terjadi, maka ada potensi banyak penyalahgunaan kekuasaan dan pelanggaran hak asasi manusia (HAM). """"Pengalaman masa lalu harus menjadi pelajaran berharga bagi pemerintahan saat ini. Kembali pada praktik lama yang telah dikecam oleh rakyat Indonesia merupakan pengkhianatan terhadap semangat reformasi yang seharusnya terus dijaga dan diperkuat,"""" ungkap Raihan. Ia menilai, bahwa kritik dan penolakan terhadap dwifungsi ABRI harus terus diutarakan secara terbuka oleh seluruh elemen masyarakat yang berkomitmen untuk menjaga demokrasi dan memperjuangkan keadilan. """"Keberhasilan Reformasi 1998 tidak boleh disia-siakan dengan keputusan yang mengancam kembali ke era kelam tersebut,"""" ujarnya. Alih-alih fokus kepada Revisi UU, Raihan menekankan TNI seharusnya fokus pada agenda reformasi institusinya, yang bertujuan memperkuat profesionalisme dan efektivitas militer, bukan terlibat dalam urusan sipil yang seharusnya menjadi domain pemerintahan sipil. """"Pentingnya profesionalisme militer memastikan bahwa TNI tetap terfokus pada tugas-tugas militernya yang utama, yakni mempertahankan dan melindungi kedaulatan negara,"""" tuturnya."""
"Tolak UU TNI, Aliansi Masyarakat Lombok Timur Kembali Geruduk Kantor DPRD,14 Apr 2025 17:45,https://www.detik.com/bali/nusra/d-7868677/tolak-uu-tni-aliansi-masyarakat-lombok-timur-kembali-geruduk-kantor-dprd,""Aliansi Masyarakat Lombok Timur kembali menggeruduk kantor Dewan Perwakilan Rakyat Daerah (DPRD) Lombok Timur, Nusa Tenggara Barat (NTB). Massa aksi menuntut pencabutan Undang-Undang Tentara Nasional Indonesia (UU TNI) setelah demonstrasi sebelumnya tak ditemui oleh anggota dewan. """"Aksi sebelumnya tidak satu pun anggota dewan yang menemui kami, makanya hari ini kami kembali,"""" ujar Koordinator Umum (Kordum) Aksi, Kiri Azlan, ketika ditemuidetikBali, Senin (14/4/2025) sore. Azlan menjelaskan massa aksi hari ini menyerahkan surat pernyataan aliansi. Mereka juga mendesak anggota DPRD Lombok Timur bersikap dan ikut menolak UU TNI. SCROLL TO CONTINUE WITH CONTENT """"Kami sudah menyampaikan surat pernyataan dan tuntutan massa aksi dan kami mendesak supaya anggota dewan juga ikut menandatanganinya,"""" ujar Azlan. Azlan menilai substansi dalam UU TNI berpotensi mengaburkan batas sipil-militer dan melemahkan kontrol publik atas institusi bersenjata. Dalam konteks lokal, dia berujar, UU TNI dapat membuka ruang penetrasi kekuasaan aparat ke dalam urusan sipil masyarakat Lombok Timur dan mempersempit ruang gerak demokrasi. Wakil Ketua Komisi II DPRD Lombok Timur Waes Al Qarni berjanji akan menindak lanjuti tuntutan massa aksi. Ia mengeklaim berada dalam satu barisan dengan massa yang menolak UU TNI. """"Kami juga ikut menolak UU TNI. Apa yang kawan-kawan sampaikan nanti akan kami teruskan ke pusat secepatnya, paling lambat tiga hari,"""" ujar Waes di depan massa aksi. PantauandetikBali, massa aksi mendatangi kantor DPRD Lombok Timur sekitar pukul 10.00 Wita. Mereka kemudian membubarkan diri sekitar pukul 14.00 Wita setelah menyerahkan surat pernyataan kepada anggota dewan."""
"Cegah Polemik Revisi UU TNI, Pangdam I/BB Gelar Dialog dengan Mahasiswa,18 Apr 2025 11:30,https://www.detik.com/sumut/berita/d-7874668/cegah-polemik-revisi-uu-tni-pangdam-i-bb-gelar-dialog-dengan-mahasiswa,""Pangdam I/BB Mayjen Rio Firdianto memberikan penjelasan kepada mahasiswa di Sumatera Utara (Sumut) terkait revisi UU TNI yang sempat menjadi polemik. Menurut Rio, mahasiswa perlu memahami poin-poin yang direvisi dalam UU TNI. Penjelasan itu disampaikan Rio saat menjadi narasumber dalam Focus Group Discussion (FGD) di Universitas Dharmawangsa Medan, Kamis (17/4/2025). FGD itu bertema 'Peran Aktif Serta Kolaborasi Mahasiswa dan TNI dalam Memajukan Kesejahteraan Masyarakat'. """"Kami menjelaskan tentang hal-hal yang perlu diketahui oleh mahasiswa, salah satunya adalah tentang revisi UU TNI yang sudah disahkan oleh DPR RI. Jadi, kita jelaskan apa esensi dari revisi UU TNI yang hari ini menjadi polemik, dan beberapa silang pendapat di masyarakat,"""" kata Rio. SCROLL TO CONTINUE WITH CONTENT Rio menjelaskan bahwa pasal-pasal yang direvisi dalam UU TNI itu merupakan hal-hal yang memang dibutuhkan oleh negara dan masyarakat. Dia lalu menyampaikan soal penambahan kementerian atau lembaga yang bisa diisi oleh anggota TNI aktif. Menurutnya, hal itu tidak akan mengganggu jalannya pemerintahan. """"Saya jelaskan bahwa hal hal yang direvisi adalah hal-hal yang perlu dilakukan, misalnya soal pertahanan siber, bagaimana TNI membantu penyelamatan warga negara Indonesia di luar negeri. Kemudian, ada beberapa kementerian dan lembaga yang ditambahkan,ini juga saya jelaskan bahwa tidak mengganggu proses pemerintahan,"""" kata Rio. Dalam acara itu, Rio juga menyampaikan terkait upaya memajukan kesejahteraan masyarakat. Menurutnya, mahasiswa juga memiliki peran penting dalam hal itu. Rio mencontohkan soal kondisi anak-anak di Kabupaten Nias yang viral tidak bisa belajar karena tak ada guru. Menurutnya, mahasiswa perlu diterjunkan ke wilayah-wilayah yang mengalami permasalahan seperti itu. """"Tadi sampaikan kepada mahasiswa, ke universitas, kami salah satunya punya kegiatan Makan Bergizi Gratis mendukung kegiatan Bapak Presiden. Kemarin kami kegiatan di Nias, ada membantu sekolah selama satu bulan tidak ada didatangi oleh gurunya karena kendala alam, maka saya mengajak Pak Rektor agar kegiatan KKN ke daerah yang membutuhkan itu,"""" kata Rio. Rio menyampaikan bahwa pihaknya akan memberikan bantuan dan dukungan kepada mahasiswa-mahasiswa yang melakukan pengabdian tersebut. Menurutnya, mahasiswa yang turun langsung ke daerah-daerah yang membutuhkan tersebut akan lebih bagus. """"Nanti kita bantu supaya KKN mahasiswa real sehingga adik-adik mahasiswa ini sebelum mengabdi ke masyarakat tahu bahwa kita memang perlu ini dan mereka tahu betul kondisi masyarakat yang hadapi,"""" jelasnya."""
"Puluhan Orang Demo Cabut UU TNI di Bawah Guyuran Hujan Taman Apsari,10 Apr 2025 16:10,https://www.detik.com/jatim/berita/d-7862867/puluhan-orang-demo-cabut-uu-tni-di-bawah-guyuran-hujan-taman-apsari,""Puluhan orang dari aliansi warga sipil yang tergabung dalam Arek Gerak menggelar aksi cabut UU TNI di depan Taman Apsari atau seberang Gedung Negara Grahadi. Mereka membawa 3 tuntutan pada aksi tersebut. Massa mulai berorasi pukul 14.45 WIB menggunakan pakaian serba hitam. Mereka bergantian orasi mulai di depan monumen Gubernur Suryo, lalu maju ke pinggir jalan taman tepat di seberang Grahadi. Meski hujan mengguyur, tetapi massa masih melanjutkan aksi. Massa menuntut agar UU TNI yang disahkan tanpa melibatkan masyarakat itu agar dicabut. SCROLL TO CONTINUE WITH CONTENT """"Kami hari ini fokus cabut UU TNI, karena substansi yang sangat krusial. Per hari ini, fokusnya tuntut satu, yaitu cabut UU TNI,"""" kata Koordinator Tim Humas Mareta Dewani Ramadhanty dalam orasinya, Kamis (10/4/2025). Mareta mengatakan pada aksi hari ini ada beberapa kegiatan. Artinya tak hanya bentuk orasi, tetapi penampilan teatrikal, musik, dan gitar. Menurut Mareta, yang krusial ialah pasal-pasal yang dapat menyempitkan masyarakat sipil. Oleh karena itu, massa mengangkat isu lebih mendalam. """"Karena sudah disahkan, tapi tidak ada partisipasi masyarakat. Ada 2 pasal utama yang kita angkat, Pasal 47 dan Pasal 53,"""" ujarnya. Berikut 3 tuntutan yang dibawa massa Arek Gerak: 1. Penolakan terhadap pengesahan Undang-Undang TNI yang dalam prosesnya tidak ada transparansi dan tidak dilakukan secara inklusif. 2. Mendesak agar dilakukan peninjauan kembali perubahan pasal dalam Revisi Undang-Undang TNI yang dapat berpotensi memperluas peran militer tetapi mempersempit supremasi sipil. 3. Menuntut agar Pemerintah melindungi seluruh warga sipil yang memiliki Hak Asasi Manusia untuk berhak menyalurkan aspirasi dan kritikan yang membangun dalam proses demokrasi sebagai bentuk cinta tanah air."""
"Pendemo Tolak UU TNI di DPR Cerita Dapat Kiriman Makanan dari Warga,08 Apr 2025 13:14,https://news.detik.com/berita/d-7859037/pendemo-tolak-uu-tni-di-dpr-cerita-dapat-kiriman-makanan-dari-warga,""Masyarakat yang menolakUU TNImelakukan aksi mendirikan tenda di depan Gerbang Pancasila DPR RI, Senayan, Jakarta Pusat. Peserta aksi mengaku mendapat dukungan dari warga, salah satunya dalam bentuk kiriman makanan. Pantauandetikcom, Selasa (8/4/2025), pukul 12.20 WIB, sejumlah kurir paket mendekati tenda pendemo. Kurir tersebut membawa paket berupa makanan dan minuman di dalam kardus. Menurut peserta aksi yang tidak ingin disebutkan namanya, makanan dan minuman selalu berdatangan ke lokasi tenda aksi. Dia mengatakan makanan dan minuman berasal dari warga maupun warganet di media sosial. SCROLL TO CONTINUE WITH CONTENT """"Ada yangngasihdari medsos, tiba-tiba dikirimi Gojek, ada yangngirim, gitu-gitu aja,"""" katanya. """"(Warga kasih makanan) banyak banget, makanan juga banyak banget,"""" ucapnya. Menurutnya, dukungan itu sangat berarti bagi yang sedang mengikuti aksi. Dia juga mengatakan aksi tersebut terbuka bagi masyarakat. Peserta aksi memiliki latar belakang yang beragam, mulai mahasiswa hingga pekerja. """"(Warga bisa datang) bisa, bisa datang, gabung, bebas. (Pesertanya) macam-macam, ada yang mahasiswa, ada yang kerja juga,"""" ucapnya. Dia menyampaikan tidak membatasi warga yang hendak ikut dalam aksi dan bertahan di tenda. Menurutnya, jumlah peserta aksi bisa mencapai puluhan orang pada sore kemarin. """"Awalnya ada delapan, jadi pergi pulang, ada yang datang, ada yang pulang, kalau saya belum pulang. Ya puluhannyampe-lah, itu kemarin, tapi ya mondar-mandirgitu,"""" katanya. Dia mengaku sudah dua hari bertahan di tenda. Dia mengatakan belum ada anggota DPR RI yang menemui peserta aksi. Menurutnya, audiensi dengan anggota DPR RI bukanlah tuntutan utama peserta aksi. Tuntutan aksi tersebut adalah meminta UU TNI dicabut. """"Nggak ada (anggota DPR yang datang). Kalau dipanggil ke dalam, perwakilan, itu bukan tuntutannya, tuntutannya tetap itu (UU TNI) dicabut,"""" tegasnya.  'Prabowo soal Demo Tolak UU TNI: Itu Murni atau Ada yang Bayar?': [Gambas:Video 20detik]"""
"Tolak UU TNI Diwarnai Bakar Ban, Mahasiswa Jombang Ditemui 2 Anggota DPRD,30 Mar 2025 00:05,https://www.detik.com/jatim/berita/d-7848033/tolak-uu-tni-diwarnai-bakar-ban-mahasiswa-jombang-ditemui-2-anggota-dprd,""Aliansi Mahasiswa Cipayung Plus dan komunitas pemuda membakar ban dan menyalakan petasan saat demo menolak UU TNI di kantor DPRD Jombang. Sayangnya, massa hanya ditemui 2 anggota dewan. Massa Aliansi Mahasiswa Cipayung Plus dan komunitas pemuda di Jombang mengawali unjuk rasanya dengan berorasi dan membentangkan spanduk sekitar pukul 17.00 WIB. Salah satu spanduk mereka bertuliskan 'Tendang TNI ke Barak'. Di sisi lain, ratusan polisi menjaga keamanan unjuk rasa ini. Kapolres Jombang AKBP Ardi Kurniawan memimpin pengamanan demo. Sehingga demo puluhan mahasiswa di Jalan KH Wahid Hasyim ini tanpa ketegangan sedikit pun. SCROLL TO CONTINUE WITH CONTENT Korlap Mahasiswa, Muhammad Hidayatulloh menjelaskan 6 tuntutan dalam demonstrasi kali ini. Yaitu copot TNI aktif dari jabatan sipil, kembalikan TNI ke barak, tolak penambahan wewenang TNI dalam ranah operasi militer selain perang terutama di ranah siber, tolak perluasan fungsi TNI dalam ranah sipil, serta cabut revisi UU TNI. """"Kami menekan DPRD Jombang untuk sama-sama menolak revisi UU TNI. Nanti ada tanda tangan dalam tulisan dan ada materai,"""" terangnya kepada wartawan di lokasi, Sabtu (29/3/2025). Tak hanya berorasi, puluhan mahasiswa juga membakar ban bekas di depan kantor DPRD Jombang. Massa juga menyulut petasan sehingga terdengar 3 kali suara letusan. Namun, aksi mahasiswa ini tak memantik ketegangan dengan polisi. Massa mahasiswa lantas diizinkan masuk ke ruang paripurna DPRD Jombang. Sayangnya, hanya 2 anggota dewan yang menemui mereka. Sehingga penandatanganan naskah tuntutan atau aspirasi dari mahasiswa ditunda. Salah satu mahasiswa Kelvin Arisuddin menjelaskan, pihaknya mendesak draf tuntutan ditandatangani seluruh anggota DPRD Jombang yang berjumlah 50 orang. Rencananya, penandatangan digelar besok, Minggu (30/3) pukul 10.00 WIB. """"Besok jam 10.00 wib ada perwakilan temen-temen Jombang menggugat dengan seluruh anggota DPRD Jombang ada pertemuan bahas soal tuntutan tolak UU TNI,"""" tandasnya. Unjuk rasa puluhan mahasiswa menolak UU TNI berakhir sekitar pukul 19.00 WIB. Massa membubarkan diri setelah sepakat menunda penandatanganan draf tuntutan."""
"Mahasiswa Tolak UU TNI, Akan Gelar Aksi Besok di Depan Grahadi,23 Mar 2025 12:15,https://www.detik.com/jatim/berita/d-7837342/mahasiswa-tolak-uu-tni-akan-gelar-aksi-besok-di-depan-grahadi,""Gelombang penolakan UU TNI yang telah disahkan pada Kamis (20/3) masih bergejolak. Mahasiswa di Surabaya akan melebur bersama masyarakat sipil untuk menyuarakan sejumlah tuntutan dalam aksi 'Tolak UU TNI'. Ketua BEM Seluruh Indonesia (SI) Jawa Timur, Aulia Thaariq Akbar menyebut bahwa aksi itu akan digelar Senin (24/3) besok di depan Gedung Negara Grahadi. """"Kami (mahasiswa) akan melebur bersama elemen-elemen sipil lainnya yang kemarin sudah aksi juga,"""" ujar Thaariq saat dikonfirmasi detikJatim, Minggu (23/3/2025). SCROLL TO CONTINUE WITH CONTENT BEM SI Jatim menyebut bahwa UU TNI yang baru disahkan ini membuka pintu bagi militer kembali ke ranah sipil hingga mengancam demokrasi yang sudah diperjuangkan. Mereka tidak ingin Indonesia kembali layaknya masa orde baru. """"Kawan-kawan yang belum mudik atau yang masih di Surabaya, besok kita masifkan jalan-jalan sampai UU TNI dicabut. Siapapun boleh ikut, siapapun diundang,"""" kata Thaariq. Adapun 8 poin tuntutan aksi yang akan dibawakan oleh mahasiswa bersama masyarakat sipil di Surabaya dalam aksi 'Tolak UU TNI' Senin (24/3) adalah: 1. Tolak Revisi UU TNI2. â Menolak perluasan TNI di ranah sipil3. â Menolak perluadan TNI di ranah siber4. â Bubarkan komando teritorial5. â Tarik seluruh militer dari tanah Papua6. â Kembalikan TNI ke barak7. â Revisi peradilan militer8. â Cabut TNI aktif dari jabatan sipil Sementara itu diketahui sebelumnya puluhan massa telah menggelar aksi demonstrasi penolakan terhadap UU TNI yang baru disahkan. Mereka beraksi di depan Gedung Negara Grahadi, Surabaya. PantauandetikJatim, puluhan massa aksi berorasi dan membentangkan poster maupun spanduk bertuliskan 'Kembalikan Militer ke Barak' dan 'Tolak UU TNI'. Mereka juga menyanyikan lagu buruh tani. """"Kami setuju, tidak ingin kembali ke masa kelam supremasi militer yang ada di wilayah Indonesia. Oleh karena itu berkumpulnya kami di sini untuk menolak RUU TNI,"""" ujar salah satu orator, Kamis (20/3/2025)."""
"Demo Mahasiswa Tolak UU TNI, Warnai Arus Mudik Lebaran di Pantura Brebes,28 Mar 2025 18:55,https://www.detik.com/jateng/berita/d-7846364/demo-mahasiswa-tolak-uu-tni-warnai-arus-mudik-lebaran-di-pantura-brebes,""Sekelompok mahasiswa di Brebes, Jawa Tengah, menggelar aksi demo di depan kantor DPRD setempat. Meski tidak menimbulkan gangguan lalu lintas, setidaknya aksi ini menarik perhatian para pemudik. Massa mahasiswa berdemo sebagai bentuk penolakan terhadap disahkannya Undang-Undang Tentara Nasional Indonesia (UU TNI). Aksi dilaksanakan luar pagar Kantor DPRD hingga memakan sebagian badan jalan pantura di sisi utara. """"Kita di sini untuk menolak UU TNI. TNI harus dikembalikan ke barak. Kalau ikut campur dalam pemerintahan, kita takut akan kembali ke masa lalu,"""" kata Doni, salah satu koorlap demo dalam orasinya di depan kantor DPRD, Jumat (28/3/2025) sore. SCROLL TO CONTINUE WITH CONTENT Menurut mahasiswa, Negara Indonesia tidak dimiliki oleh satu orang, kelompok atau bahkan lembaga negara. Indonesia milik seluruh rakyat Indonesia. """"Negara ini bukan milik Prabowo, bukan milik TNI, dan bukan milik Polri. Negara ini milik kita semua, milik rakyat Indonesia,"""" tegasnya. Setelah beberapa lama berorasi, pendemo ditemui Wakil Ketua DPRD Brebes, Iqbal Tanjung. Pada kesempatan itu, mahasiswa langsung mengajak wakil rakyat itu untuk berdiskusi soal UU TNI. """"Prinsipnya kita menerima aspirasi dari teman teman mahasiswa. Kami dari dewan akan meneruskan aspirasi mereka,"""" tegas Iqbal Tanjung. Sementara itu, pantauan di lokasi, pemudik dari arah barat harus melintas dengan pelan karena sisi utara jalur pantura tengah berlangsung unjuk rasa. Puluhan petugas Polres Brebes berjaga mengamankan aksi sekaligus mengatur lalu lintas agar tidak terjadi kemacetan. Hingga waktu buka puasa, aksi masih berlangsung. Mahasiswa melanjutkan diskusi dengan wakil rakyat, buka puasa dan salat Magrib."""
"Ada Demo Tolak UU TNI di Grahadi, Polisi Lakukan Rekayasa Lalu Lintas,10 Apr 2025 14:49,https://www.detik.com/jatim/berita/d-7862653/ada-demo-tolak-uu-tni-di-grahadi-polisi-lakukan-rekayasa-lalu-lintas,""Demo penolakan UU TNI kembali digelar di Gedung Negara Grahadi, Surabaya. Polisi pun melakukan rekayasa lalu lintas di sekitar Jalan Gubernur Suryo, Surabaya. Demo sendiri rencananya akan digelar sekitar pukul 14.00 WIB hingga 17.00 WIB, namun pantauan di lokasi hingga pukul 14.30 WIB, massa demonstran belum ada yang tampak. Meski demikian penjagaan di sekitar lokasi sudah terlihat. Dalam rangka menjaga kelancaran agenda aksi damai agar tetap berlangsung dengan kondusif, tanpa mengganggu kenyamanan para pengguna jalan, pihak kepolisian telah menyiapkan skema pengalihan arus lalu lintas (lalin). SCROLL TO CONTINUE WITH CONTENT Kasat Lantas Polrestabes Surabaya AKBP Herdiawan Arifianto memastikan sejauh ini belum terdapat rencana rekayasa lalu lintas. Sebab hingga kini massa belum terlihat. """"Saat ini belum ada rencana akan dilakukan rekayasa lalu lintas, seperti penutupan dan pengalihan arus. Tapi, tidak menutup kemungkinan itu akan dilakukan apabila massa banyak dan memenuhi Jalan Gubernur Suryo sekitar pukul 15.00-16.00 wib, sifatnya situasional, Mas."""" Terangnya. Herdiawan berpesan kepada para pengendara yang hendak melintasi Jalan Gubernur Suryo untuk bisa melewati kawasan lain pada jam 15.00 WIB hingga 16.00 WIB. Bagi para warga Surabaya yang hendak melintasi kawasan Jalan Gubernur Suryo, dapat mengikuti arahan pengalihan arus lalu lintas berikut ini untuk menghindari potensi kemacetan. 1. Arus Lalu Lintas dari arah Tunjungan ke Timur dapat melewati Jalan Simpang Dukuh. 2. Dari arah Timur ke Selatan dapat melewati kawasan Taman Apsari, dan keluar di Jalur Panglima Sudirman Terpantau hingga pukul 14.00 WIB beberapa massa telah berkumpul di Kawasan Taman Apsari. Sebagian besar menggunakan kode berpakaian nuansa hitam, namun belum terlihat tanda-tanda aksi akan dimulai. Di sisi yang lain, pihak kepolisian telah bersiap siaga untuk menyambut masyarakat pada aksi damai hari ini."""
"Demo Tolak UU TNI di Surabaya: Kami Nggak Mau Kembali ke Zaman Orba!,24 Mar 2025 15:52,https://www.detik.com/jatim/berita/d-7839310/demo-tolak-uu-tni-di-surabaya-kami-nggak-mau-kembali-ke-zaman-orba,""Massa mengatasnamakan Warga Sipil, Warga Surabaya, menyerukan menolak UU TNI. Mereka mengaku kepemerintahan kali ini jangan sampai kembali ke zaman orde baru (Orba). """"Kami memberi nama kami 'Warga Sipil, Warga Surabaya'. Kalian bisa panggil kami Front Anti Militer,"""" kata Jubir Massa Aksi, Jaya kepada wartawan di depan Gedung Negara Grahadi, Senin (24/3/2025). """"Saya yakin itu tidak hanya di Surabaya, tapi di seluruh Indonesia. Kami nggak mau kembali ke zaman orba,"""" jelasnya. SCROLL TO CONTINUE WITH CONTENT Pihaknya lalu menunjukkan tuntutan massa. Ada 8 poin dan sudah disiarkan dengan poster aksi. 1. Tolak revisi UU TNI yang sekarang2. Tolak fungsi TNI dalam ranah sipil3. Tolak fungsi TNI dalam operasi militer selain perang, terutama dalam ranah siber4. Bubarkan komando teritorial5. Tarik militer dari semua tanah Papua6. Revisi UU Peradilan Militer7. Kembalikan TNI ke barak8. Copot TNI dari jabatan-jabatan sipil """"Apa yg membuat khawatir UU TNI ini? Jelas, revisi UU TNI kemarin akan semakin punya superbody dan itu akan melemahkan super masyarakat sipil. Itu yang kami khawatir. Ketika super masyarakat sipil sudah nggak ada atau dilemahkan, lalu apa yang bisa kita sebut kalau bukan fasisme (Ideologi politik),"""" tegasnya."""
"Demo Tolak UU TNI di Bojonegoro Diwarnai Aksi Saling Dorong-Lempar Batu,27 Mar 2025 18:23,https://www.detik.com/jatim/berita/d-7844921/demo-tolak-uu-tni-di-bojonegoro-diwarnai-aksi-saling-dorong-lempar-batu,""Ratusan orang yang tergabung dalam Aliansi Veteran Memanggil melakukan aksi demo tolak UU TNI di depan kantor DPRD Bojonegoro di Jalan Veteran. Demo ini berlangsung ricuh. Dengan memakai kostum serba hitam, massa bergantian melakukan orasi. Massa juga melakukan aksi vandalisme dengan mencorat-coret pagar gedung wakil rakyat dengan cat dan cat semprot. Isi coretan itu adalah kalimat penolakan tentang adanya UU TNI. Aksi mendadak panas sekitar pukul 17.00 WIB. Massa mendadak merangsek masuk ke gedung dewan. Massa mencoba menabrak para petugas polisi yang berjaga di depan pintu gerbang. SCROLL TO CONTINUE WITH CONTENT Kericuhan akhirnya pecah. Massa yang terus merangsek maju ditahan oleh petugas yang akhirnya terjadi saling dorong. Aksi lempar batu oleh massa juga tak terhindarkan Petugas dalmas yang diback up tim brimob langsung berusaha menghalau para pengunjuk rasa yang mencoba beberapa kali mendobrak pasukan polisi yang berjaga. Petugas polisi akhirnya membubarkan massa dengan semprotan air dari water canon. Massa yang kena semprot pun secara perlahan memecah dan kocar kacir."""
"15 Polisi Terluka Saat Mengamankan Demo Tolak UU TNI di Surabaya,24 Mar 2025 22:10,https://www.detik.com/jatim/berita/d-7839891/15-polisi-terluka-saat-mengamankan-demo-tolak-uu-tni-di-surabaya,""Belasan personel polisi terluka saat pengamanan aksi penolakan UU TNI di depan Grahadi Surabaya. Seluruhnya telah dipastikan telah mendapat perawatan intensif. Kasi Humas Polrestabes Surabaya AKP Rina Shanty Dewi mengatakan ada 15 anggota polisi dilaporkan terluka saat pengamanan massa aksi unjuk rasa tolak UU TNI di Surabaya. Mereka terluka saat kericuhan terjadi. """"Ada 15 personel kepolisian yang terluka, sudah mendapat perawatan,"""" kata Rina, Senin (24/3/2025). SCROLL TO CONTINUE WITH CONTENT Hal tersebut disampaikan usai petugas memukul mundur massa aksi dan membubarkan diri sekitar pukul 18.45 WIB. Namun, hanya 5 yang dikabarkan dirawat di RS. """"5 dirawat di rumah sakit, sisanya tidak (sudah normal kembali),"""" imbuhnya."""
"Demo Tolak UU TNI, Mahasiswa Bakar Ban di Depan DPRD NTT,24 Mar 2025 18:37,https://www.detik.com/bali/nusra/d-7839603/demo-tolak-uu-tni-mahasiswa-bakar-ban-di-depan-dprd-ntt,""Mahasiswa dari Aliansi Cipayung Plus menggelar aksi demonstrasi di Gedung DPRD Nusa Tenggara Timur (NTT), Senin (24/3/2025). Mereka menolak Undang-Undang TNI (UU TNI) yang sudah disahkan. Dalam aksi tersebut, massa juga membakar ban. """"Kami dari Aliansi Cipayung Plus, BEM, dan OKP Nusa Tenggara Timur menolak UU TNI yang baru disahkan anggota DPR RI kemarin,"""" ujar kordinator umum aksi, Putra Umbu Toku Ngudang. Massa juga meendesak DPRD NTT untuk menyatakan sikap menolak UU TNI. Mereka khawatir UU TNI menghidupkan kembali dwifungsi ABRI yang memberikan peluang keterlibatan militer di ranah politik. SCROLL TO CONTINUE WITH CONTENT Putra juga menegaskan penolakannya atas perpanjangan masa pensiun perwira TNI yang diatur dalam UU TNI. """"Regulasi ini berpotensi menghidupkan kembali praktik dwifungsi ABRI yang pernah mencederai demokrasi di masa lalu,"""" cecar dia. Mereka juga menuntut supremasi sipil dan netralitas TNI dalam struktur ketatanegaraan. """"TNI harus tetap berpegang pada amanat TAP MPR Nomor VII Tahun 2000 dan Undang-Undang Nomor 34 Tahun 2004 tentang TNI, yang mengatur bahwa militer harus netral dan tidak terlibat dalam politik praktis,"""" urai Putra. Di wilayah NTT, dia melihat adanya pola keterlibatan TNI dalam proyek-proyek strategis nasional. Di antaranya, proyek geotermal di Manggarai dan perampasan lahan di Pulau Timor. """"Kami mengecam segala bentuk tindakan intimidasi yang dilakukan oleh aparat terhadap rakyat dan menuntut agar pemerintah menghentikan penggunaan kekuatan militer untuk kepentingan investasi dan proyek yang merugikan hak-hak masyarakat,"""" tegasnya. Sementara itu, Ketua DPRD NTT Emilia Nomleni, saat menerima massa aksi mengaku akan menyampaikan aspirasi Cipayung Plus ke DPR RI. """"Kami akan bahas di Lembaga DPRD NTT, dan surat tuntutan dari massa aksi akan kita sampaikan ke DPR RI,"""" ujar Emilia kepada massa aksi. Untuk diketahui, Cipayung Plus NTT merupakan gabungan beberapa organisasi mahasiswa, yakni GMKI, GMI, HMI, PMII, KHMI, IMM, LMND, FMN, BEM Nusantara, dan OKP lokal. Aksi demo berlangsung mulai pukul 11.00-15.00 Wita. Massa berorasi di depan Gedung DPRD NTT. Suasana memanas saat mereka terlibat aksi saling dorong dengan anggota polisi. Mahasiswa memaksa masuk dan menduduki Gedung DPRD NTT. Tak bisa masuk, mereka lantas membakar ban di depan gedung DPRD NTT. Melianus, salah satu massa aksi dari GMI Kupang sempat dipukul oleh seorang pegawai di Sekretariat DPRD NTT."""
"Aksi Dobrak Pagar DPRD Warnai Aksi Tolak UU TNI di Banyuwangi,26 Mar 2025 19:15,https://www.detik.com/jatim/berita/d-7843255/aksi-dobrak-pagar-dprd-warnai-aksi-tolak-uu-tni-di-banyuwangi,""Mengenakan pakaian serba hitam dan pita berwarna putih di lengan kiri, puluhan Mahasiswa yang tergabung dalam Aliansi Banyuwangi Bergerak turut menyuarakan penolakan terhadap UU TNI. Puluhan mahasiswa sempat membakar ban bekas dan memaksa masuk ke gedung DPRD Banyuwangi dengan mencoba mendobrak pagar gerbang utama. Aksi dorong antara polisi dan mahasiswa mengakibatkan pagar selebar sekitar 13 meter dengan tinggi sekitar 4,5 meter itu pun keluar dari relnya. Namun, aksi dorong tersebut tak berlangsung lama setelah salah seorang koordinator aksi mengajak seluruh peserta aksi untuk duduk dan menunggu ketua DRPD Banyuwangi I Made Cahya Negara keluar dari gedung DPRD. SCROLL TO CONTINUE WITH CONTENT """"Seluruh tuntutan kami terima tidak ada yang kami tolak, mereka memohon untuk diteruskan ya kami teruskan karena Undang-undang itu kewenangan dari DPR-RI,"""" ujar Made usai menandatangani tuntutan aksi, Rabu (26/3/2025). Made menyebut aksi yang digelar hari ini normatif dan situasinya tidak hanya terjadi di Banyuwangi saja. Menurut Madea, aksi tersebut bagian dari kekhawatiran saja. """"Saya rasa ini hanya kekhawatiran saja,"""" tutupnya. Sementara sekretaris Gerakan Mahasiswa Nasional Indonesia (GMNI) Cabang Banyuwangi yang sempat menghentikan upaya aksi masa memasuki gedung DPRD menyatakan aksi penolakan tersebut sebagai bentuk ungkapan sayang kepada anggota TNI. """"Ini adalah bentuk wujud sayang kami kepada TNI, kami menolak upaya pelemahan perwira-perwira TNI yang diberi kewenangan di ranah sipil sehingga tidak fokus pada tugas utamanya,"""" terang Andri. Ia menambahkan yang berakhir jelang waktu berbuka puasa itu bukan yang terakhir. Ia memastikan akan terus mengawal hingga UU TNI dibatalkan. """"Ini bukan yang terakhir dan ini bukan berakhir begini saja. Akan kami kawal sampai tuntas UU TNI dibatalkan,"""" tegasnya. Dalam aksi tersebut, anggota DPRD Banyuwangi langsung mengirimkan surat tuntutan masa aksi kepada DPR-RI melalui Fax yang disertai bukti copy fax sore itu juga."""
"Massa Tolak UU TNI di Surabaya Geser ke Pintu Masuk Gedung Grahadi,24 Mar 2025 16:10,https://www.detik.com/jatim/berita/d-7839349/massa-tolak-uu-tni-di-surabaya-geser-ke-pintu-masuk-gedung-grahadi,""Massa aksi yang menolak UU TNI di Gedung Negara Grahadi Surabaya kini bergeser. Massa kali ini bergeser ke sisi pintu masuk Grahadi di sebelah timur. PantauandetikJatim, massa tak hanya dari mahasiswa namun juga, siswa SMA dan masyarakat sipil. Tampak sebagian mereka terus menyuarakan menolak UU TNI. Di sela-seruan tuntutannya itu, massa juga menyanyikan lagu-lagu kebangsaan seperti Indonesia Pusaka. Mereka kemudian kembali melingkar dan duduk tepat di depan pintu Grahadi sisi timur. SCROLL TO CONTINUE WITH CONTENT Puluhan polisi tampak berjaga siaga di depan pintu masuk.Sedangkan dari dalam halaman Grahadi tampak mobil water cannon dan damkar telah siaga. Sebelumnya, ratusan mahasiswa di Surabaya turun ke jalan menolak UU TNI. Aksi massa yang memakai baju hitam-hitam itu dilakukan di depan Gedung Negara Grahadi. Massa yang membentangkan poster itu membakar ban di tengah jalan. Tampak pagar betis kawat berduri mengelilingi depan di depan Gedung Grahadi. Mereka meneriakkan akan selalu berdiri dengan pemikiran gagasan seorang mahasiswa. """"Kami berkumpul di sini, bukan sebagai DPR RI yang bukan perwakilan rakyat,"""" teriak salah satu orator, Senin (24/3/2025)."""
"Ratusan Massa di Bali Gelar Aksi Tolak UU TNI di Gedung DPRD,21 Mar 2025 22:04,https://www.detik.com/bali/berita/d-7835638/ratusan-massa-di-bali-gelar-aksi-tolak-uu-tni-di-gedung-dprd,""Ratusan orang dari berbagai elemen masyarakat di Bali menggelar aksi long march menuju Gedung DPRD Bali pada Jumat (21/3/2025). Aksi ini merupakan hari kedua dari rangkaian protes terhadap pengesahan revisi Undang-Undang Tentara Nasional Indonesia (UU TNI), yang dinilai merugikan masyarakat sipil. Lebih dari 150 peserta aksi yang terdiri dari mahasiswa, pelajar SMA, masyarakat sipil, serta pemuda-pemudi lainnya berkumpul di depan Monumen Bajra Sandhi, Renon, sebelum memulai longmarch ke Gedung DPRD Bali. Setibanya di depan gedung wakil rakyat, mereka menggelar orasi dan menyampaikan aspirasi. Menariknya, di tengah aksi, peserta juga saling berbagi takjil sebagai bentuk solidaritas selama bulan Ramadan. Humas aksi tolak revisi UU TNI hari kedua, Tomy Wiria, menegaskan aksi kali ini berbeda dari hari pertama yang dilakukan dalam bentuk aksi diam. SCROLL TO CONTINUE WITH CONTENT """"Hari ini kami mengadakan long march untuk menunjukkan kepada masyarakat bahwa Bali sama sekali tidak diam,"""" ujar Tomy di depan Gedung DPRD Bali. Tomy mengkritisi bahwa pengesahan UU TNI ini sama sekali tidak melibatkan aspirasi masyarakat karena dibuat secara tertutup. """"Rapatnya tertutup dan meskipun mereka mengeklaim terbuka, tapi tidak diumumkan,"""" jelasnya. Selain itu, massa aksi menilai ada indikasi meningkatnya peran militer dalam ranah sipil yang berpotensi mengancam kebebasan masyarakat serta meningkatkan represifitas aparat. """"Jika RUU ini disahkan, netralitas TNI akan terganggu. TNI tidak lagi fokus pada pertahanan negara, dan ada indikasi meningkatnya represifitas aparat terhadap masyarakat. Kami khawatir ini menjadi versi baru dari Orde Baru,"""" tegas Tomy. Mereka memilih Gedung DPRD sebagai tujuan aksi karena menilai lembaga tersebut seharusnya menjadi perwakilan rakyat. Namun menurut mereka, hingga saat ini DPRD Bali belum menegaskan sikapnya terhadap revisi UU TNI. """"Gedung DPRD adalah simbol bagaimana rakyat sama sekali tidak mendapatkan akses untuk bicara kepada wakil mereka. Hari ini, DPRD Bali bahkan tidak menegaskan sikap menolak, apalagi mencabut revisi UU TNI,"""" ungkap Tomy. Aksi ini kemudian ditutup dengan pernyataan sikap di depan Monumen Bajra Sandhi, tempat mereka pertama kali berkumpul."""
"Komisi I DPR soal Revisi UU TNI Digugat ke MK: Itu Hak Warga,23 Mar 2025 15:56,https://news.detik.com/berita/d-7837628/komisi-i-dpr-soal-revisi-uu-tni-digugat-ke-mk-itu-hak-warga,""Komisi I DPR menanggapi munculnya gugatanjudicial review(JR) terhadaprevisi Undang-Undang (UU) TNIke Mahkamah Konstitusi (MK). Wakil Ketua Komisi I DPR Dave Laksono mengatakan jalur JR UU ke MK merupakan hak warga yang dilindungi konstitusi. """"Itu kan hak warga yang dilindungi dalam konstitusi,"""" kata Dave saat dihubungi, Minggu (23/3/2025). Politikus Golkar ini mengatakan pihaknya bukan serta-merta mempersilakan gugatan ke MK. Namun dia tak akan mengganggu hak warga yang telah dijamin konstitusi. SCROLL TO CONTINUE WITH CONTENT """"Bukan kami yang mempersilakan, akan tetapi itu adalah hak yang terdapat dalam konstitusi Indonesia,"""" kata dia. Lebih lanjut, Dave menyerahkan kepada pihak penggugat jika ada hal-hal yang belum terakomodasi dalam revisi UU itu. Menurut Dave, proses pembahasan UU TNI di DPR telah menerapkan partisipasi publik. """"Wah ya itu pandangan mereka yang menuntut kan? Jadi sebaiknya tanya ke mereka. Kita sudah melewati proses (partisipasi publik) tersebut,"""" kata dia. Dua hari setelah disahkan atau pada Sabtu (22/3/2025), UU TNI itu langsung digugat ke MK. Ada 7 orang yang menggugat UU itu ke MK. Dilihat di situs Mahkamah Konstitusi (MK), permohonan itu terdaftar dengan nomor 48/PUU/PAN.MK/AP3/03/2025. """"Permohonan Pengujian Formil Undang-Undang Nomor... Tahun 2025 tentang Perubahan atas Undang-Undang Nomor 34 Tahun 2004 tentang Tentara Nasional Indonesia,"""" bunyi pokok perkara gugatan tersebut. Adapun para pemohon adalah Muhammad Alif Ramadhan (Pemohon I), Namoradiarta Siaahan (Pemohon II), Kelvin Oktariano (Pemohon III), M. Nurrobby Fatih (Pemohon IV), Nicholas Indra Cyrill Kataren (Pemohon V), Mohammad Syaddad Sumartadinata (Pemohon VI), dan R. Yuniar A. Alpandi (Pemohon VII). : Tok! DPR Resmi Sahkan RUU TNI Jadi Undang-undang [Gambas:Video 20detik]"""
"Massa Tolak Revisi UU TNI Demo di Gerbang Depan DPR, Ancam Gugat ke MK,20 Mar 2025 11:58,https://news.detik.com/berita/d-7832514/massa-tolak-revisi-uu-tni-demo-di-gerbang-depan-dpr-ancam-gugat-ke-mk,""Massa yang menolak revisi Undang-UndangTNImelakukan demonstrasi di depan gedung DPR RI, Senayan, Jakarta Pusat. Massa menolak revisi Undang-Undang TNI yang kini telah disahkan sebagai undang-undang. Pantauandetikcom, Kamis (20/3/2025), pukul 10.55 WIB, massa yang menolak pengesahan revisi UU TNI melakukan demonstrasi dengan berorasi dan membawa sejumlah poster. Poster itu bertulisan 'Tolak RUU TNI' hingga 'Supremasi Sipil'. Menurut Perwakilan Koalisi Masyarakat Sipil Reformasi Sektor Keamanan, Satya, pembahasan revisi UU TNI cacat konstitusional. Dia menilai banyak pasal bermasalah. SCROLL TO CONTINUE WITH CONTENT """"Kami mewakili masyarakat sipil menolak pengesahan RUU TNI, karena di dalamnya masih banyak pasal bermasalah, seperti Pasal 47 yang menambah jabatan militer aktif dalam sipil,"""" kata Satya. """"Tidak hanya substansi yang bermasalah, tapi juga prosesnya sangat cacat konstitusional, pembahasan ini tidak dilakukan transparansi dan akuntabilitas, ini sangat mengecewakan,"""" sambungnya. Dia mengaku akan mencari berbagai cara membatalkan revisi UU TNI yang telah sah menjadi undang-undang. Salah satunya denganjudicial reviewke Mahkamah Konstitusi (MK). """"Jika ini disahkan, kita tidak akan berhenti dan akan melakukanjudicial reviewke MK dan akan terus bersolidaritas,"""" ucapnya. Selain massa yang menolak revisi UU TNI, ada juga massa yang mendukung pengesahan revisi UU TNI. Massa tersebut mendorong DPR segera mengesahkan RUU TNI. """"Sebagai masyarakat dan bangsa Indonesia kami mendukung sepenuhnya undang-undang yang akan disahkan oleh DPR,"""" ucap orator di atas mobil komando. Ruas Jalan Gatot Subroto yang berada di depan gedung DPR masih ramai lancar. Polisi tampak berjaga melakukan pengamanan di sekitar area demonstrasi."""
"Massa Aksi Tolak UU TNI di Gerbang DPR Cerita Dibubarkan Satpol PP,09 Apr 2025 19:47,https://news.detik.com/berita/d-7861623/massa-aksi-tolak-uu-tni-di-gerbang-dpr-cerita-dibubarkan-satpol-pp,""Massa aksi penolakanUndang-Undang (UU) TNIdi DPR yang menggelar tenda sebagai bagian dari protes mengaku dibubarkan oleh Satpol PP. Mereka menyebutkan pembubaran aksi itu dilakukan pada sore hari sekitar pukul 16.00-17.00 WIB. Pantauandetikcompukul 18.22 WIB, terlihat massa aksi yang masih berkumpul di trotoar seberang jalan gerbang pintu belakangan DPR RI. Tak terlihat tenda seperti aksi sebelum-sebelumnya di pintu belakang gedung DPR/MPR/DPD ini. """"Aksi dari jam 7 (pagi), tapi aku datangnya agak telat. jam 16.00 datangnya. Masih, masih banyak (pas datang) mungkin 5 (tenda) ada,"""" kata Dane (24) warga sipil saat ditemui di depan gerbang pintu belakang DPR, Senayan, Jakarta Pusat, Rabu (9/4/2025). SCROLL TO CONTINUE WITH CONTENT Dane mengatakan Satpol PP yang membubarkan tenda massa aksi. Bahkan, kata dia, tenda itu dibawa oleh Satpol PP. """"Tadi pas aku maujoinitu sudah ramai,udahdikepung sama Satpol buat disuruh tutup aksinya dan cara menutupnya mereka adalah dengan ambil tenda-tendanya,"""" ujar Dane. """"Setahuku nggakdikembaliinkarena tadi tendanya digusur Satpol bawa mobil, 'langsung taruh mobil, taruh mobil',"""" ujar Dane menirukan Satpol PP itu. Dalam aksinya Dane menyayangkan pengesahanRUU TNImenjadi undang-undang oleh DPR. Ia tak ingin pengesahan yang dinilai terburu-buru dilakukan terhadap RUU yang lain. """"Terus ada wacana baru penginngebahasRUU Polri dan RUU Polri takutnya nanti Keluang lagi apa yang dilakukan RUU TNI, nggak melibatkan warga sipil padahal polisi harusnya keamanan, TNI harusnya membela rakyatgitu,"""" ujar Dane. """"Tapi dalam prosesnya takutnya kembali nggak melibatkan rakyat, padahal UU itu kan harusnya bukan hanya substansi tapi segala prosedurnya yang harus kita pertimbangkan,"""" sambungnya. Hal serupa dikatakan oleh Jack (25). Ia menyayangkan aksi dibubarkan oleh Satpol PP. Jack menilai sikap yang ia lakukan bersama kawannya tak membuat onar. """"Sejak kemarin (pindah tenda ke trotoar) Satpol PP pagi bilang kita nggak masalah sama orangnya, tapi sama tendanya. Tapi, malam mereka bilang 'Nggak, kalian nggak ada surat izin. Jadi selalu ada alasanaja,"""" kata Jack. """"Kita aksinya damai nggakngapa-ngapain, kita juga koperatif kita tidak melakukan tindakan apa pun. Ya jadi aneh. ini udah sampai masihaja, setahu saya Satpol PP nggak bisa ambil perangkat aksi itu nggak boleh, kenapa Satpol PP yang turun?,"""" herannya. Lihat juga Video: Massa Demo Tolak UU TNI Berdatangan ke DPR, Lalin Ditutup [Gambas:Video 20detik]"""
"Anarkis, Massa Demo Tolak UU TNI di Grahadi Lempar Petugas dengan Molotov,24 Mar 2025 17:11,https://www.detik.com/jatim/berita/d-7839500/anarkis-massa-demo-tolak-uu-tni-di-grahadi-lempar-petugas-dengan-molotov,""Massa demonstran tolak UU TNI di Gedung Negara Grahadi mulai anarkis. Mereka menyerang petugas yang berjaga di depan pintu sisi timur Grahadi dengan batu, flare, dan molotov . PantauandetikJatim, suasana demo langsung pecah saat sebuah molotov dilempar massa dari belakang. Bom api itu mengenai pohon dan membakarnya. Lemparan sejumlah flare dan molotov juga mengenai kawat berduri. SCROLL TO CONTINUE WITH CONTENT Sesaat setelah kejadian itu, massa langsung bersorak. Mereka juga mulai melakukan penyerangan dengan batu. Tak hanya itu, mereka juga merusak pagar kawat berduri dan gapura yang berada di depan Grahadi. Sebelumnya, ratusan mahasiswa di Surabaya turun ke jalan menolak UU TNI. Aksi massa yang memakai baju hitam-hitam itu dilakukan di depan Gedung Negara Grahadi. Massa yang membentangkan poster itu membakar ban di tengah jalan. Tampak pagar betis kawat berduri mengelilingi depan Gedung Grahadi. Mereka meneriakkan akan selalu berdiri dengan pemikiran gagasan seorang mahasiswa. """"Kami berkumpul di sini, bukan sebagai DPR RI yang bukan perwakilan rakyat,"""" teriak salah satu orator, Senin (24/3/2025)."""
"Polisi Kejar dan Bubarkan Pendemo Tolak UU TNI yang Anarkis di Grahadi,24 Mar 2025 17:42,https://www.detik.com/jatim/berita/d-7839551/polisi-kejar-dan-bubarkan-pendemo-tolak-uu-tni-yang-anarkis-di-grahadi,""Aparat mengejar dan membubarkan pendemo tolak UU TNI di Gedung Negara Grahadi, Surabaya. Sejumlah orang ditangkap dan diamankan ke dalam Grahadi. Pantauan di lokasi, Senin (24/3/2025), aparat tampak menembakkan water cannon saat massa melakukan aksi anarki. Aparat terus maju merangsek dan membuat mundur massa. Massa kemudian terlihat diamankan aparat. Mereka yang tertangkap kemudian diamankan ke dalam gedung Grahadi. Belum diketahui berapa jumlah yang diamankan. SCROLL TO CONTINUE WITH CONTENT Sebelumnya, ratusan mahasiswa di Surabaya turun ke jalan menolak UU TNI. Aksi massa yang memakai baju hitam-hitam itu dilakukan di depan Gedung Negara Grahadi. Massa yang membentangkan poster itu membakar ban di tengah jalan. Tampak pagar betis kawat berduri mengelilingi depan Gedung Grahadi. Mereka meneriakkan akan selalu berdiri dengan pemikiran gagasan seorang mahasiswa. """"Kami berkumpul di sini, bukan sebagai DPR RI yang bukan perwakilan rakyat,"""" teriak salah satu orator, Senin (24/3/2025)."""
"Demo UU TNI Kota Malang, Kecaman Dwifungsi ABRI Tertulis di Aspal Jalan,23 Mar 2025 17:36,https://www.detik.com/jatim/berita/d-7837770/demo-uu-tni-kota-malang-kecaman-dwifungsi-abri-tertulis-di-aspal-jalan,""Aksi demo menolak pengesahan Undang-Undang TNI digelar di Kawasan gedung DPRD Kota Malang. Ratusan orang yang mengenakan kaus hitam berkumpul di depan Gedung DPRD Kota Malang. PantauandetikJatim, massa mulai berdatangan ke kawasan Gedung DPRD Kota Malang sejak pukul 16.05 WIB. Aksi demonstrasi ini diawali dengan meluapkan keresahan massa melalui coretan kapur dan cat semprot di aspal. Beragam tulisan di aspal itu berisi tuntutan penolakan pengesahan UU TNI. SCROLL TO CONTINUE WITH CONTENT """"Sekolah yang bener biar gak jadi polisi,"""" isi coretan di aspal jalan. Tulisan yang lain adalah Supremasi Sipil, Gusti mboten sare, Dimana keadilan, Reneo Orba, Orde Baru Paling Baru, UU TNI Sah. Uu perampasan aset kapan?, Dari rezim ke rezim. Tak hanya aspal, tembok pagar gedung DPRD Kota Malang juga tak luput dari sasaran aksi corat-coret massa. Poster dan spanduk dengan background putih ditempel di pagar gedung DPRD Kota Malang. Petasan hingga botol kaca berulang kali dilemparkan massa ke balik tembok pagar gedung DPRD Kota Malang. Pembakaran seragam loreng juga dilakukan sebagai simbol penolakan UU TNI. """"Otoriter si 'gemoy' berdarah dingin,"""" isi salah satu poster. """"Demokrasi itu supermasi sipil bukannya Dwifungsi ABRI,"""" """"Tarik Mundur Militer ke Barak,"""" Terpantau hingga pukul 17.10 WIB, massa aksi masih bertahan di depan Gedung DPRD Kota Malang. Beberapa orator bergantian menyampaikan aspirasi dan tuntutan mereka. """"Melawan dan terus melawan, jangan sampai mereka mengembalikan kejayaan di masa orde baru di tanah kita masyatakat sipil,"""" tegas salah satu orator dihadapan ratusan massa, Minggu (23/3/2025)."""
"Demo Tolak UU TNI di Surabaya, Massa Bakar Ban Depan Gedung Grahadi,24 Mar 2025 14:10,https://www.detik.com/jatim/berita/d-7838963/demo-tolak-uu-tni-di-surabaya-massa-bakar-ban-depan-gedung-grahadi,""Ratusan mahasiswa di Surabaya turun ke jalan menolak UU TNI. Aksi massa yang memakai baju hitam-hitam itu dilakukan di depan Gedung Negara Grahadi. Massa yang membentangkan poster itu membakar ban di tengah jalan. Tampak pagar betis kawat berduri mengeliling depan di depan Gedung Grahadi. Mereka meneriakkan akan selalu berdiri dengan pemikiran gagasan seorang mahasiswa. """"Kami berkumpul di sini, bukan sebagai DPR RI yang bukan perwakilan rakyat,"""" teriak salah satu orator, Senin (24/3/2025). SCROLL TO CONTINUE WITH CONTENT Mahasiswa dan warga bergantian menyerukan penolakan UU TNI. Saat aksi, mereka duduk bersila melingkari ban yang dibakar, tepatnya di depan Grahadi. Sementara poster-poster itu berbunyi di antaranya: """"Ini aksi rakyat. Hidup rakyat! Ini adalah bentakan kecaman seluruh rakyat di Kota Pahlawan"""". Hingga pukul 14.00 WIB, aksi ini masih berjalan. Massa masih melakukan aksi teatrikal. Anggota kepolisian berjaga di lokasi."""
"Demo Tolak UU TNI di Depan DPR Selesai, Lalin Jl Gatsu-Tol Dalam Kota Dibuka,27 Mar 2025 19:47,https://news.detik.com/berita/d-7845097/demo-tolak-uu-tni-di-depan-dpr-selesai-lalin-jl-gatsu-tol-dalam-kota-dibuka,""AksesJalan Gatot Subrotoyang mengarah ke Slipi sudah bisa dilintasi kendaraan seusai demo menolak UU TNI-RUU Polri oleh sejumlah elemen masyarakat. Tol dalam kota yang sebelumnya tidak bisa dilintasi pun sudah kembali normal. Pantauandetikcom, Kamis (27/3/2025), pembukaan Jalan Gatot Subroto dilakukan oleh pihak kepolisian setelah massa aksi bubar. Petugas kebersihan dari PPSU pun melakukan bersih-bersih sisa sampah di seluruh ruas jalan. Begitu juga dengan ruas tol dalam kota yang sempat tidak bisa dilintasi kini sudah kembali normal. Mobil-mobil yang sempat tertahan pun kini sudah bisa melintas normal. SCROLL TO CONTINUE WITH CONTENT Seperti diketahui, aksi tolak UU TNI-Revisi UU Polri di depan gedung DPR/MPR/DPD RI berakhir. Suara petasan serta semprotan water cannon sempat terjadi sebelum aksi selesai. Massa aksi mulai membubarkan diri pada pukul 18.31 WIB. Mereka bubar setelah polisi memberi imbauan agar aksi penyampaian pendapat dilakukan secara baik-baik. Aksi dilakukan Koalisi Masyarakat Sipil menggelar demo di depan gedung DPR/MPR RI. Mereka menolak tegas pengesahan RUU Nomor 34 Tahun 2004 tentang TNI. Sejumlah spanduk berisikan nada penolakan dipasang oleh mereka. Massa aksi juga membawa selebaran-selebaran yang berisikan pesan penolakan atas pengesahan UU TNI menjadi undang-undang oleh DPR RI. Tuntutan yang disampaikan oleh mereka seperti 'Yang Pensiun Aja Rakus, Gimana Yang Aktif!'. Ada juga poster bertulisan 'Selain Sipil, Dilarang Masuk!', kemudian 'Kembalikan TNI ke Barak' hingga 'Ranah Khusus Sipil, Kembalikan Militer ke Barak'. Selain itu, massa aksi ini membacakan puisi-puisi perjuangan secara emosional. Mereka juga sempat menyampaikan orasi-orasi yang terus membakar semangat massa aksi. Sebagai informasi, DPR RI resmi mengesahkan Rancangan Undang-Undang tentang Perubahan atas Undang-Undang Nomor 34 Tahun 2004 tentang Tentara Nasional Indonesia atau RUU TNI menjadi undang-undang. Keputusan ini diambil dalam rapat paripurna yang dihadiri oleh sejumlah menteri. Rapat terselenggara di ruang paripurna, gedung DPR RI, Senayan, Jakarta Pusat, Kamis (20/3). Rapat dipimpin oleh Ketua DPR RI Puan Maharani yang didampingi Wakil Ketua DPR yang lain, seperti Sufmi Dasco Ahmad, Saan Mustopa, dan Adies Kadir. Menteri Pertahanan Sjafrie Sjamsoeddin, Panglima TNI Jenderal Agus Subiyanto, Wamenkeu Thomas Djiwandono, hingga Menteri Sekretaris Negara Prasetyo Hadi hadir dalam rapat paripurna. Lihat juga Video: Massa Demo Tolak UU TNI Berdatangan ke DPR, Lalin Ditutup [Gambas:Video 20detik]"""
"Soal Revisi UU TNI, PPI Jepang Dukung KontraS-Koalisi Masyarakat Kritisi Proses Legislasi,17 Mar 2025 12:30,https://www.detik.com/edu/detikpedia/d-7826777/soal-revisi-uu-tni-ppi-jepang-dukung-kontras-koalisi-masyarakat-kritisi-proses-legislasi,""Rapat pembahasan revisi Undang-Undang TNI dilaksanakan tertutup di Hotel Fairmont, Jakarta Pusat, Sabtu (15/3/2025). Komisi Untuk Orang Hilang dan Korban Tindak Kekerasan (KontraS) dan Koalisi Masyarakat Sipil untuk Reformasi Sektor Keamanan menggeruduk rapat di hotel bintang lima dan meminta revisi UU TNI disetop. Sebelumnya, KontraS telah memberikan surat terbuka pada DPR RU tentang penolakan pembahasan terhadap RUU TNI dan Polri. Wakil Koordinator KontraS, Andrie Yunus menjelaskan penolakan pembahasan revisi UU TNI dan Polri lantaran dinilai berpotensi menambah kewenangan ke institusi militer sekaligus mengurangi kontrol terhadap institusi militer. Contohnya, fungsi TNI berpotensi meluas ke jabatan sipil. """"Itu tidak pernah ada proses-proses pelibatan aktif kepada masyarakat ataupun ahli, terutama kami yang juga turut perhatikan kebijakan-kebijakan mengenai reformasi sektor keamanan termasuk TNI,"""" kata Andrie di di gedung DPR RI, Jakarta, Senin (3/3/2025), dilansirdetiknews. SCROLL TO CONTINUE WITH CONTENT Merespons polemik revisi UU TNI, Ketua Persatuan Pelajar Indonesia (PPI Jepang) menyatakan dukungan pada KontraS dan Koalisi Masyarakat Sipil untuk Reformasi Sektor Keamanan untuk mengkritisi proses legislasi yang berlangsung. PPI Jepang menuntut pemerintah dan DPR membuat naskah akademis mengenai urgensi Revisi UU TNI. Setelah itu, beri ruang bagi publik untuk mengkaji naskah akademis tersebut. PPI Jepang menilai langkah di atas penting untuk menunjukkan komitmen pemerintah terhadap transparansi dan partisipasi publik dalam penyusunan regulasi. """"Terlepas dari manfaat yang dikatakan oleh Menteri Pertahanan Sjafrie Sjamsoeddin bahwa revisi UU TNI diperlukan untuk menghadapi dinamika geopolitik, kompleksitas ancaman, dan perkembangan teknologi militer global, kami rasa RUU ini akan berpotensi mengancam demokrasi dan penegakan HAM di Indonesia melalaui potensi pengembalian dwifungsi TNI melalui perluasan jabatan sipil yang dapat diisi oleh prajurit aktif,"""" kata Ketua Umum PPI Jepang Prima Gandhi di Tokyo dalam keterangannya, dikutip Senin (17/3/2025). """"Bila demokrasi dan penegakan HAM tidak terjamin di Tanah Air, kami mengkhawatirkan mahasiswa Indonesia yang sedang melanjutkan studinya di luar negeri khususnya di negara-negara yang menjunjung tinggi nilai demokrasi, ketika lulus nanti enggan balik ke Indonesia bahkan pindah warga negara (brain drain). Padahal Indonesia membutuhkan mereka untuk membangun bangsa!"""" kata mahasiswa doktoral di Tokyo University of Agriculture ini. Gandhi menyatakan pelaksanakaan rapat revisi UU TNI selama dua hari di Fairmont, hotel bintang lima dekat kantor DPR, Jakarta Pusat menjadi preseden buruk bagi pemerintah dan DPR di tengah penggalakan efisiensi anggaran pemerintah. """"Harusnya seluruh Kementerian dan anggota DPR RI mendukung kebijakan efisiensi anggaran yang ditetapkan Presiden Prabowo dengan aksi nyata jangan hanya dengan kata-kata!"""" ucapnya. Terpisah, Menteri Pertahanan (Menhan) Sjafrie Sjamsoeddin menyatakan revisi UU TNI menjadi perubahan regulasi agar lebih adaptif merespons dinamika global dan perkembangan ancaman seperti perang siber, perang hibrida, serta ancaman asimetris lain. """"Perubahan UU TNI diajukan oleh DPR RI untuk memberikan landasan hukum yang lebih jelas terhadap peran TNI dalam tugas lain selain perang, tanpa melanggar prinsip demokrasi dan supremasi sipil,"""" kata Sjafrie, dilansir EMedia DPR. Sejumlah poin utama revisi UU TNI antara lain memperkuat memperkuat kebijakan pengembangan industri pertahanan dalam negeri, memperjelas batasan dan mekanisme terkait modernisasi alutsista, memastikan keterlibatan TNI dalam berbagai tugas nonmiliter tetap berada dalam koridor hukum yang jelas, memberikan jaminan sosial dan kesejahteraan yang lebih baik bagi prajurit TNI, dan mengakomodasi kebutuhan organisasi dengan menyesuaikan jenjang karier dan usia pensiun prajurit. Sementara itu, Anggota Komisi I DPR, TB Hasanuddin mengatakan hasil pembahasan Panitia Kerja (Panja) RUU TNI antara lain terkait tambahan kementerian atau lembaga sipil yang bisa diisi oleh prajurit aktif. Simak daftar instansi dan ketentuannyaDI SINI."""
"Polisi Sisir Jalan Protokol Surabaya Antisipasi Sisa Pendemo Tolak UU TNI,24 Mar 2025 19:27,https://www.detik.com/jatim/berita/d-7839670/polisi-sisir-jalan-protokol-surabaya-antisipasi-sisa-pendemo-tolak-uu-tni,""Polisi menyusuri jalan-jalan protokol usai aksi demo menolak UU TNI kembali ricuh setelah sempat berhenti sejenak untuk berbuka puasa. Beberapa polisi memperingatkan anggotanya agar tidak memukul pendemo yang dipukul mundur hingga Jalan Pemuda (Surabaya Plaza), Jalan Yos Sudarso dan Panglima Sudirman. """"Tolong pengunjung mal agar tetap di dalam (Surabaya Plaza), agar situasi tetap kondusif,"""" imbau salah satu perwira, Senin (24/3/2025). SCROLL TO CONTINUE WITH CONTENT Polisi juga tampak terlihat mengalihkan arus lalu lintas dan menunjukkan jalan memutar bagi pengguna jalan. Sebelumnya, kericuhan demo tolak UU TNI di Gedung Negara Grahadi Surabaya masih berlanjut hingga malam ini. Demonstran yang masih bertahan membakar water barrier di depan SMAN 6 Surabaya. PantauandetikJatimdi lokasi, Senin (24/3/2025), awalnya polisi mencoba memukul mundur di sisi timur Gedung Negara Grahadi dengan water cannon. Demonstran yang terdesak kemudian mundur. Namun saat massa di depan SMAN 6 lantas membakar water barrier yang berada di sekitar. Api sempat disiram petugas dengan water cannon. Sedangkan massa terus memberikan perlawanan. Karena hal ini, petugas lantas kembali merangsek maju mengejar dan memukul mundur demonstran hingga Alun-Alun Suroboyo. Di lokasi itu lah, massa kemudian bercerai-berai. Sebagian ada yang mundur ke Jalan Yos Sudarso, Jalan Panglima Sudirman, dan Jalan Pemuda."""
"Demo Tolak UU TNI di Surabaya, Sejumlah Polisi Terluka Terkena Batu-Petasan,24 Mar 2025 18:14,https://www.detik.com/jatim/berita/d-7839584/demo-tolak-uu-tni-di-surabaya-sejumlah-polisi-terluka-terkena-batu-petasan,""Demo menolak UU TNI di Gedung Grahadi Surabaya berakhir anarkis. Sejumlah polisi yang mengamankan demo mengalami luka. Pantauan di lokasi, massa mulai anarkis dengan melempari batu, flare, dan molotov ke arah aparat yang berjaga. Akibatnya, sejumlah polisi yang terkena lemparan mengalami luka. Mereka yang terluka kemudian diamankan ke tim medis untuk mendapat perawatan. SCROLL TO CONTINUE WITH CONTENT Tampak polisi yang terluka di bagian mata karena lemparan petasan. Ada juga yang terkena lemparan batu di kaki dan wajah. """"Kena batu besar sampai tembus sepatu,"""" ujar AKPAgus, salah satu polisi yang terluka kepadadetikJatim, (24/3/2025). Belum diketahui berapa jumlah polisi yang dilaporkan terluka. Namun,Agusmenyebut ada banyak termasuk dirinya. """"Ada banyak tadi,"""" ujar polisi yang menjabat Danki Dalmas Polda Jatim itu. Massa sendiri saat ini telah dipukul mundur dan bertahan di ke Taman Apsari hingga saat ini. Sebelumnya, ratusan mahasiswa di Surabaya turun ke jalan menolak UU TNI. Aksi massa yang memakai baju hitam-hitam itu dilakukan di depan Gedung Negara Grahadi. Massa yang membentangkan poster itu membakar ban di tengah jalan. Tampak pagar betis kawat berduri mengeliling depan Gedung Grahadi. Mereka meneriakkan akan selalu berdiri dengan pemikiran gagasan seorang mahasiswa. """"Kami berkumpul di sini, bukan sebagai DPR RI yang bukan perwakilan rakyat,"""" teriak salah satu orator, Senin (24/3/2025)."""
"Puan ke Massa Demo Tolak Revisi UU TNI: Kami Siap Beri Penjelasan,20 Mar 2025 12:59,https://news.detik.com/berita/d-7832652/puan-ke-massa-demo-tolak-revisi-uu-tni-kami-siap-beri-penjelasan,""Ketua DPR RIPuan Maharanimenanggapi demonstrasi yang digelar di depan gedung DPR saat pengesahanrevisi UU TNImenjadi UU hari ini. Puan mengatakan DPR siap memberi penjelasan mengenai hal-hal yang tidak dimengerti dari UU TNI. """"Kami berharap dan mengimbau adik-adik mahasiswa yang saat ini mungkin masih belum mendapatkan penjelasan atau keterangan yang dibutuhkan, kami siap memberikan penjelasan,"""" kata Puan di gedung MPR/DPR/DPD, Jakarta Pusat, Kamis (20/3/2025). Puan memastikan hal-hal yang menjadi kekhawatiran dari disahkannya UU TNI tidak akan terjadi. Puan berharap UU TNI ini dapat bermanfaat untuk semua pihak. SCROLL TO CONTINUE WITH CONTENT """"Apa yang dikhawatirkan, apa yang dicurigai bahwa ada berita-berita yang RUU TNI tidak sesuai dengan yang diharapkan, insyaallah tidak,"""" ujarnya. """"Kami berharap RUU TNI yang tadi disahkan nantinya ke depan akan bermanfaat bagi bangsa dan negara,"""" sambung dia. Puan menyampaikan dalam pembahasan RUU TNI, DPR dan pemerintah telah mendengarkan masukan dan aspirasi berbagai elemen masyarakat. Dia mengatakan fokus pembahasan RUU TNI memenuhi asas legalitas. """"Jadi hanya tiga hal (pasal yang dibahas), dan tadi kami juga sudah menjelaskan bahwa kami DPR RI dan pemerintah tetap menegaskan bahwa tetap mengedepankan supremasi sipil, hak-hak demokrasi, hak asasi manusia, sesuai dengan peraturan perundangan di Indonesia dan internasional,"""" jelasnya. Selain itu, Puan menjawab kekhawatiran mengenai TNI dapat ikut mengawasi aksi demo. Puan menegaskan hal tersebut tidak ada. """"Tidak ada, nanti bisa dicek, tidak ada, kita tetap mengedepankan supremasi sipil,"""" tegasnya. Sebagai informasi, DPR RI resmi mengesahkan Rancangan Undang-Undang tentang Perubahan atas Undang-Undang Nomor 34 Tahun 2004 tentang Tentara Nasional Indonesia atau RUU TNI menjadi undang-undang. Keputusan ini diambil dalam rapat paripurna yang dihadiri oleh sejumlah menteri. Sementara itu, di depan Gedung DPR RI, sejumlah elemen masyarakat menggelar aksi demonstrasi. Mereka menolak pengesahan RUU TNI karena menilai banyak pasal yang bermasalah. Perwakilan Koalisi Masyarakat Sipil Reformasi Sektor Keamanan, Satya, menyebut salah satu pasal bermasalah yakni penambahan posisi jabatan publik yang bisa diisi prajurit aktif. Selain itu, dia juga menyoroti operasi militer selain perang yang dapat dilakukan TNI dengan minimnya kontrol. """"Kami mewakili masyarakat sipil menolak pengesahan RUU TNI karena di dalamnya masih banyak pasal bermasalah, seperti pasal 47 yang menambah jabatan militer aktif dalam sipil,"""" kata Satya di depan gedung DPR RI, Senayan, Jakarta Pusat, Kamis (20/3/2025). """"Lalu TNI dapat melaksanakan operasi militer selain perang tanpa adanya kontrol sipil, dan pasal-pasal lain yang menurut kami bermasalah,"""" lanjutnya. Lihat juga Video Kubu Pendukung dan Penolak RUU TNI Geruduk DPR [Gambas:Video 20detik]"""
"LBH Pos Malang Pastikan Tak Ada Peserta Aksi Tolak UU TNI Ditahan Polisi,27 Mar 2025 00:01,https://www.detik.com/jatim/hukum-dan-kriminal/d-7843555/lbh-pos-malang-pastikan-tak-ada-peserta-aksi-tolak-uu-tni-ditahan-polisi,""Sejumlah orang dikabarkan hilang usai aksi unjuk rasa menolak UU TNI depan DPRD Kota Malang. Lembaga Bantuan Hukum (LBH) Pos Malang memastikan mereka bahwa telah kembali pulang ke rumah masing-masing. Koordinator LBH Pos Malang Daniel Siagian mengatakan awalnya pihaknya menerima pengaduan mengenai sembilan orang yang dikabarkan belum ditemukan usai aksi unjuk rasa depan DPRD Kota Malang, Minggu (23/3/2025). Setelah dilakukan verifikasi dengan pihak kepolisian ditemukan bahwa enam orang tengah menjalani pemeriksaan dan perawatan medis oleh Dokkes Polresta Malang Kota. SCROLL TO CONTINUE WITH CONTENT Sementara tiga orang lainnya, yakni YA, IKB, dan TVH alias Dino belum diketahui keberadaannya pada saat itu. Namun, kata Daniel, dari hasil investigasi dan cross-check yang dilakukan oleh tim LBH Pos Malang pada Senin (24/03/2025) menemukan bahwa tiga orang yang sebelumnya dilaporkan hilang telah kembali ke rumah masing-masing. Ketiganya berinisial YA, IKB, dan TVH alias Dino. """"Tim kami sudah mengkonfirmasi pada Senin 24 Maret 2025, ketiga orang itu sudah berada di kediaman masing-masing,"""" kata Daniel saat dikonfirmasi, Rabu (26/3/2025). Sementara enam orang yang sempat diamankan oleh pihak kepolisian untuk dimintai keterangan adalah MTA (24), FG (24), ANR (24), RAW (21), serta FDA (16) dan DRK (18) yang masih berstatus pelajar dan mahasiswa. """"Mereka diamankan untuk mendapat perawatan medis dan menjalani pemeriksaan terkait dugaan keterlibatannya dalam aksi perusakan saat demonstrasi berlangsung,"""" ungkap Daniel. Daniel menambahkan hari ini salah seorang peserta aksi yang sempat diamankan kembali menjalani pemeriksaan kesehatan dan hasil pemeriksaan dipastikan kondisinya baik. """"Hari ini telah dilakukan pemeriksaan kesehatan kembali terhadap saudara BD dan yang lainnya untuk memastikan kondisi kesehatannya pasca aksi demonstrasi,"""" imbuhnya. Dengan adanya pernyataan ini, diharapkan dapat memperjelas informasi terkait adanya orang hilang pasca unjuk rasa menolak UU TNI di Kota Malang beberapa waktu lalu. Sehingga tidak ada pihak yang kemudian dirugikan. Sementara Kasat Reskrim Polresta Malang Kota Kompol M Sholeh menyatakan pihaknya telah menyerahkan keenam orang yang diduga terlibat aksi unjuk rasa beberapa waktu lalu kepada LBH Pos Malang untuk mendapatkan pendampingan lebih lanjut. """"Sudah kami serahkan sepenuhnya kepada LBH Pos Malang untuk pendampingan selanjutnya,"""" terang Soleh."""
"Kontras Surabaya Ungkap 25 Orang Diamankan Saat Demo Tolak UU TNI,25 Mar 2025 07:47,https://news.detik.com/berita/d-7840145/kontras-surabaya-ungkap-25-orang-diamankan-saat-demo-tolak-uu-tni,""Aksitolak UU TNIdiSurabaya, Jawa Timur (Jatim), berujung ricuh. Sejumlah pendemo diamankan polisi dalam aksi yang berlangsung siang hingga malam itu. Koordinator Kontras Surabaya Fatkhul Khoir menyebut ada lebih dari 25 pendemo yang diamankan. Namun pihaknya belum mengetahui secara detail identitas pendemo yang dibawa polisi. """"Sementara kami data yang di Mapolrestabes ada 25 orang. Tapi identitasnya belum dapat detail semua, baru dua yang berhasil kami identifikasi,"""" kata Fatkhul dikutipdetikJatim, Selasa (25/3/2025). SCROLL TO CONTINUE WITH CONTENT Fatkhul mengatakan pihaknya sudah berkoordinasi dengan pihak penyidik. Namun belum ada titik terang. """"Cuma memang belum diberikan akses untuk masuk karena memang belum ada kuasa,"""" ujarnya. Dari 25 pendemo yang diamankan, terdapat mahasiswa Universitas Muhammadiyah (UM) Surabaya. Pihak kampus pun menyiapkan tim advokasi untuk mendampingi mahasiswanya. Baca selengkapnyadi sini. Lihat juga Video Kondisi 3 Korban Bentrok Demo Tolak UU TNI di Sukabumi [Gambas:Video 20detik]"""
"Demo Tolak UU TNI di Karawang Sempat Memanas, Massa Dibubarkan Paksa,25 Mar 2025 21:13,https://www.detik.com/jabar/berita/d-7841613/demo-tolak-uu-tni-di-karawang-sempat-memanas-massa-dibubarkan-paksa,""Aksi unjuk rasa mahasiswa yang menolak Undang-Undang Tentara Nasional Indonesia (UU TNI) di depan gedung DPRD Karawang berakhir ricuh. Polisi terpaksa menembakkan gas air mata untuk membubarkan massa yang bertahan hingga malam hari, Selasa (25/3/2025). Kericuhan pecah setelah mahasiswa tetap bertahan meski negosiasi dengan anggota DPRD tidak membuahkan hasil. Mereka kecewa karena tidak satupun perwakilan mereka diundang untuk audiensi. Komandan Regu (Danru) Security DPRD Karawang, Kosasih, mengungkapkan aksi unjuk rasa dimulai sejak pukul 15.00 WIB dan berlangsung hingga pukul 18.30 WIB. SCROLL TO CONTINUE WITH CONTENT """"Demo mulai jam 3 sore, ini sampai ada kericuhan yah beruntung memang berkat pengamanan dari Polres, Brimob anggota kita (security) juga aman,"""" kata Kosasih saat diwawancara usai aksi unjuk rasa di DPRD Karawang, Selasa (25/3/2025). Meski begitu, Kosasih mengaku tidak mengetahui secara rinci tuntutan mahasiswa. """"Tuntutan kita gak paham yah, yang jelas ini demo UU TNI, kemarin sebelumnya mahasiswa juga sempat demo, tidak berhasil ditemui oleh anggota dewan,"""" kata dia. Pada aksi kedua ini, mahasiswa memang berhasil masuk ke gedung DPRD Karawang. Namun, mereka tidak mendapatkan kesempatan berdialog dengan anggota dewan. Hingga malam hari, tidak ada satupun perwakilan yang dipanggil untuk audiensi, yang akhirnya memicu kemarahan massa. Amarah mahasiswa meledak setelah merasa diabaikan. Massa mulai bertindak anarkis dengan merusak fasilitas gedung DPRD Karawang. """"Ini kita lihat sudah anarkis mungkin itu alasan polisi membubarkan massa, karena fasilitas juga dirusak gerbang hancur tembok juga jadi sasaran vandalisme,"""" pungkasnya. Kapolres Karawang AKBP Edwar Zulkarnain mengatakan, unjuk rasa yang digelar pada Selasa (25/3/2025) petang di gedung DPRD Karawang itu, dinilai meresahkan, sebab seperti tidak berniat menyampaikan aspirasi. """"Kita tidak bisa mengatakan itu aksi mahasiswa, itu kelompok kriminal yah. Tidak begitu cara bekerja mahasiswa, itu hanya kelompok kriminal yang sengaja bikin kacau di Karawang,"""" kata Edwar usai pergeseran pasukan pengamanan unjuk rasa di DPRD Karawang. """"Memang informasi sudah kita dapat satu hari sebelumnya, itu beberapa kelompok kriminal yang melakukan perusakan di gedung DPRD Karawang,"""" sambungnya. Kendati demikian, Edwar menjelaskan, pihaknya tetap berusaha melakukan tindakan persuasif, meski akhirnya harus dibubarkan secara paksa karena ulah masa unjuk rasa sudah sulit terkendali. """"Kami polisi sudah berusaha melakukan tindakan persuasif, akan tetapi massa sudah mulai sulit dikendalikan merusak beberapa fasilitas di gedung DPRD sehingga kami membubarkan tadi,"""" katanya. Terkait jumlah orang yang diamankan, pihaknya belum bisa menjelaskan lebih rinci, namun, puluhan orang sudah dipastikan telah diamankan untuk dilakukan penyelidikan. """"Kalau berapa orang yang diamankan kami masih belum tahu pasti, yang jelas puluhan sudah diamankan termasuk diantaranya perempuan. Biarkan kami bekerja kami akan melakukan penyelidikan nanti informasinya kami berikan lebih lanjut,"""" pungkasnya."""
"Demo Tolak UU TNI di Kota Malang Ricuh, Massa Bakar Ban Depan Gedung DPRD,23 Mar 2025 18:52,https://www.detik.com/jatim/berita/d-7837843/demo-tolak-uu-tni-di-kota-malang-ricuh-massa-bakar-ban-depan-gedung-dprd,""Demo menolak UU TNI di DPRD Kota Malang ricuh. Massa melakukan pelemparan dan membakar ban di depan gedung DPRD Kota Malang. Dari pengamatandetikJatim, Minggu (23/3/2025), massa berjumlah ratusan awalnya melakukan aksi damai. Namun usai Magrib, massa melakukan aksi yang lebih agresif. Massa mulai melakukan aksi pembakaran. Barang-barang seperti ban bekas, rambu lalu lintas, kursi, traffic cone, dibakar oleh massa. Mereka membakar barang-barang itu di depan pagar gedung DPRD Kota Malang. SCROLL TO CONTINUE WITH CONTENT Massa kemudian beraksi lagi dengan melakukan pelemparan. Massa melempar batu dan kembang api ke arah dalam gedung DPRD Kota Malang. Lemparan itu membuat kaca gedung DPRD pecah. Lemparan batu juga membuat satu pos penjagaan rusak. Terlihat kaca dan genteng pos penjagaan pecah dan rusak. Polisi kemudian membentuk barikade dan mulai merangsek ke massa. Namun massa melawan dan polisi terpukul mundur. Namun polisi kembali membuat barikade dan kembali memukul mundur massa. Sebuah mobil water canon juga dikerahkan untuk membuat massa bubar dengan semprotan air."""
"Ricuh Demo Tolak UU TNI di Bandung hingga Bank Swasta Dibakar,23 Mar 2025 03:30,https://www.detik.com/jabar/berita/d-7836434/ricuh-demo-tolak-uu-tni-di-bandung-hingga-bank-swasta-dibakar,""Aksi demonstrasi menolak pengesahan Undang-Undang TNI yang digelar di depan Gedung DPRD Jawa Barat, Kota Bandung pada Kamis (20/3) dan Jumat (21/3) berujung ricuh. Jika pada hari pertama aksi berlangsung tertib, situasi berubah drastis pada hari kedua. Pada Kamis, ratusan mahasiswa menggelar aksi unjuk rasa menolak UU TNI di depan Gedung DPRD Jabar, Jalan Diponegoro. Dalam aksinya, mereka menolak pengesahan undang-undang yang dianggap tidak transparan. Kordinator aksi dari Front Mahasiswa Nasional cabang Bandung Raya, Ainun Mardiah mengatakan, mereka menuntut agar RUU TNI yang baru saja disahkan untuk dibatalkan. SCROLL TO CONTINUE WITH CONTENT """"Kami menolak RUU TNI yang baru saja disahkan karena hal tersebut sangat tidak memihak rakyat. Kita menolak segala bentuk militerisme, karena itu adalah bentuk konkrit negara dalam menjadikan militer sebagai alat untuk menindas dan membungkam masyarakat,"""" ungkapnya. Aksi tersebut sempat memanas setelah massa beberapa kali melemparkan petasan ke dalam gedung dewan. Namun sekitar pukul 18.00 WIB, massa membubarkan diri dengan tertib. Namun pada Jumat sore, demonstrasi mulai tidak kondusif. Massa berpakaian hitam melempar bom molotov ke Gedung DPRD sembari menyuarakan penolakan UU TNI dengan spanduk dan coretan bertulis 'Kembalikan TNI ke Barak', 'tolak UU TNI'. """"Kami minta DPR itu menolak habis-habisan RUU TNI. Kan kemarin sudah disiarkan, sudah disahkan. Kami minta DPR tarik kembali,"""" ucap Ahmad Siddiq perwakilan massa. """"Jika TNI sudah masuk ke lembaga, bagaimana nasib rakyat ini? Bagaimana ketika TNI sudah masuk ke sipil, bagaimana nasib rakyat? TNI itu diwajibkan untuk menjaga keamanan negara, bukan masuk ke ranah-ranah sipil,"""" tegasnya. Aksi kemudian mulai berlangsung anarkis dimana massa melakukan pelemparan petasan bahkan bom molotov ke dalam Gedung DPRD yang dijaga ketat petugas kepolisian. Terlihat di lokasi kobaran api muncul dari ban bekas yang dibakar di tengah-tengah kerumunan. Aksi itu bertahan hingga malam hari. Massa bahkan berupaya masuk ke dalam area gedung dengan menjebol pintu gerbang. Kericuhan makin memuncak ketika sejumlah demonstran menganiaya jurnalis yang tengah meliput kejadian. Faqih salah seorang jurnalis media online jadi korban kekerasan yang dilakukan massa. Akibat penganiayaan itu, Faqih mengaku mengapa beberapa pukulan di kepala dan bagian tubuh lainnya. """"Lagi ambil video di dekat masa tiba tiba massa yang duduk itu bilang awas-awas itu yang gendut intel itu pakai baju putih. Udah ngeluarin id card, sempet ada yang ngamanin katanya ini dari media. Tapi tetap saja ada massa yang terus mukulin,"""" katanya. """"Kepala dua kali, ditendang pantat dua kali atau tiga kali, beberapa kali ditarik-tarik tapi sempat diamankan sama masa aksi,"""" ujarnya. Massa juga merusak fasilitas umum, hingga membakar kantor sebuah bank swasta, Hana Bank di Jalan Ir H Juanda atau Jalan Dago Nomor 54, Kota Bandung. Pantauan detikJabar di lokasi, Sabtu (22/3/2025) pagi, kebakaran memang sudah padam. Polisi juga telah memasang garis polisi untuk menyelidiki hal tersebut. Diketahui, penyerangna dilakukan dinihari sekitar pukul 02.00 WIB. """"Bangunan Hana Bank di lokasi tersebut yang terbakar. Kami juga berkoordinasi dengan unsur kewilayahan dan kepolisian untuk memastikan proses pemadaman berjalan lancar,"""" kata Kabid Kesiapsiagaan Operasi Pemadaman dan Penyelamatan Diskar PB Kota Bandung M Yusuf Hidayat. """"Untuk brankas terkunci dan aman. Kami juga tidak memiliki kewenangan untuk membukanya. Yang jelas, bangunan tersebut, khususnya di lantai bawah, terbakar habis,"""" jelasnya. Berdasarkan keterangan saksi, massa sempat membakar ban bekas di tengah Jalan Dago. Dari kejauhan, ia lalu melihat massa makin beringas dengan masuk ke Hana Bank dan membakar hingga menghancurkan bangunan tersebut. """"Kurang lebih jam 10an (malam) kejadiannya. Mereka dari arah DPRD Jabar, terus ke sini dan akhirnya ngebakar kantor bank,"""" kata sumber detikJabar yang meminta namanya untuk dirahasiakan. Sementara Kapolrestabes Bandung Kombes Budi Sartono menyebut kasus pembakaran bank tersebut sedang ditangani. Polisi juga mengamankan barang bukti CCTV dan memeriksa saksi yang ada di lokasi kejadian. """"Saat ini penyidik sedang melakukan pendalaman dengan melakukan penyelidikan, memeriksa saksi dan CCTV untuk memastikan siapa pelaku yang melakukan pengrusakan tersebut,"""" terangnya."""
"Pemkot Surabaya Perbaiki Fasum yang Rusak Usai Demo Tolak UU TNI,26 Mar 2025 04:01,https://www.detik.com/jatim/berita/d-7841809/pemkot-surabaya-perbaiki-fasum-yang-rusak-usai-demo-tolak-uu-tni,""Pemkot Surabaya melakukan perbaikan pada sejumlah fasilitas umum yang rusak usai demo penolakan UU TNI, Senin (24/3). Diketahui, sejumlah fasum rusak usai sempat terjadi kericuhan saat demo. Wali Kota Surabaya Eri Cahyadi mengatakan, fasilitas umum itu segera diperbaiki karena merupakan milik warga Surabaya. """"Ini pembelajaran karena kita demokrasi ya, semoga ke depan kalau ada demo saya berharap tidak merusak fasum di Surabaya,"""" ujar Eri, Selasa (25/3/2025). SCROLL TO CONTINUE WITH CONTENT Sementara itu, Kepala Dinas Lingkungan Hidup (DLH) Kota Surabaya Dedik Irianto menjelaskan bahwa beberapa fasilitas umum yang rusak itu salah satunya di Taman Apsari. """"Yang jelas rusak kemarin efek itu Taman Apsari ada beberapa properti seperti lampu sorot karena posisi di bawah. Jadi mungkin panik keinjak-injak jadi ada yang rusak,"""" jelas Dedik. Selanjutnya, ada pula taman-taman yang rusak karena terinjak. """"Kemudian ada pendorongan dari Jalan Pemuda ke timur ke Delta Plaza ya ada beberapa bola-bola di tepi Jalan Pemuda sempat dilepasi juga,"""" beber Dedik. Perbaikan itu pun akan dilakukan sesuai proses dan kebijakan. """"Untuk prosesnya Bakesbang minta laporan dan minta hitung kerugian, kita masih laporan kesitu kita akan perbaiki yang lama ya rumputnya. Kalau sarpras asal barang datang dipasang cepat,"""" pungkas Dedik."""
"Jurnalis Korban Kekerasan Aparat Saat Liput Demo UU TNI Lapor ke Polda Jatim,26 Mar 2025 17:51,https://www.detik.com/jatim/hukum-dan-kriminal/d-7843119/jurnalis-korban-kekerasan-aparat-saat-liput-demo-uu-tni-lapor-ke-polda-jatim,""Jurnalis beritaJatim menjadi korban kekerasan yang diduga dilakukan oknum polisi. Ia menjadi korban kekerasan saat meliput unjuk rasa penolakan UU TNI di Surabaya pada Senin (24/3). Jurnalis itu adalah Rama Indra Surya Permana. Rama telah melapor ke SPKT Polda Jatim atas kasus kekerasan yang diduga oleh oknum polisi. Rama didampingi tim pengacara saat melakukan pelaporan. Pengacara Komite Advokasi Jurnalis (KAJ) Jatim Salawati Taher mengatakan terdapat delik pers pada peristiwa itu. Menurutnya, aktivitas kerja Rama sebagai jurnalis saat mengambil dokumentasi video massa aksi yang diamankan dihambat oleh oknum polisi. SCROLL TO CONTINUE WITH CONTENT Sebelum melakukan laporan ke Polda Jatim, Senin (24/3) malam Rama berupaya membuat laporan ke Polrestabes Surabaya. Tapi diarahkan oleh petugas SPKT untuk melapor ke Polda Jatim karena dinilai alat bukti kurang. """"Senin malam ada usaha juga dari Mas Rama sendiri, bahwa setelah terjadi pemukulan seperti itu melapor ke Polrestabes,"""" kata Salawati kepada awak media, Rabu (26/3/2025). Salawati menjelaskan penganiayaan itu bermula saat Rama mengalami pemukulan oleh oknum polisi saat meliput demo tolak UU TNI di Grahadi. Sebelum dianiaya, Rama sempat dipaksa menghapus file video saat dirinya merekam tindakan sejumlah oknum polisi berseragam dan tidak berseragam menganiaya 2 pendemo di Jalan Pemuda Surabaya pada Senin (24/3/2025) sekitar pukul 18.28 WIB. Lantaran mengetahui dirinya direkam, para personel polisi itu menghampirinya. Lalu, langsung menyeret, memukul kepala, hingga memaksa Rama menghapus rekaman videonya. Rama tetap bersikukuh menolak dan menyatakan berulang kali bahwa dirinya adalah jurnalis beritajatim.com. Bukannya menjauh dan tetap mempersilakan melanjutkan tugasnya, para oknum polisi itu justru tetap membentak dan berteriak menyuruh Rama menghapus videonya. Rama menyatakan salah satu oknum polisi merebut dan mengancam akan membanting ponselnya. Beruntung, aksi oknum polisi itu berhenti saat jurnalis dari kumparan.com dan detik.com datang lalu berupaya menolong dengan melerai pertikaian. Saat dikroscek oleh 2 wartawan tersebut, terlihat luka di kepala, pelipis kanan, bibir bagian dalam robek, dan punggung Rama. Lalu, ada luka di leher diduga akibat pitingan oknum polisi itu. Usai hal tersebut, Rama berupaya dievakuasi ke RS terdekat untuk mendapat pertolongan medis. """"Mas Rama juga sudah ke rumah sakit karena tadi malam mengalami pusing dan juga mual seperti itu ya, sudah ditunjukkan ke kami ada obatnya diberikan obat mual seperti itu,"""" imbuhnya. Salawati menyatakan Rama mengalami pemukulan dan pengeroyokan diduga oleh oknum polisi. Diduga dilakukan sekitar 4 oknum polisi. Maka dari itu, Salawati menegaskan KAJ berencana membuat laporan dengan Pasal 18 Ayat 1 UU Pers Nomor 40 Tahun 1999 serta Pasal 170 tentang penganiayaan dan pengeroyokan. Sebab, peristiwa tersebut dinilai menghambat tugas jurnalis. """"Ada kejadian yang kemarin ada delik pers yang terjadi menghambat dan menghalangi pekerja pers dalam melakukan peliputan dan mengumpulkan berita seperti itu dan tidak hanya itu terjadi pemukulan dan juga pengeroyokan di situ,"""" tuturnya. Redaktur beritajatim.com Teddy Ardianto mengungkapkan jurnalis bekerja berdasarkan etika dan dilindungi oleh UU Pers. Oleh karena itu, ia mendukung penuh laporan yang dibuat Rama ke Polda Jatim. """"Mendukung sepenuhnya kepada Mas Rama untuk melaporkan atau apapun karena jurnalis ini kan sebagai profesi, jadi punya hak, ada UU pers, profesi itu dilindungi oleh negara,"""" paparnya. Menyikapi hal itu, Rama berharap mendapat keadilan. Sebab, kerja jurnalistiknya dihalang-halangi dan mendapat 'bonus' berupa dugaan tindak kekerasan yang dilakukan 4 oknum polisi. """"Harapannya terkait penegakan hukum lah, terkait dengan tindak kekerasan, menghalangi aktivitas dari kinerja jurnalis itu memang harus ditegakkan atau harus penuh dengan komitmen,"""" tutupnya."""
"Mahasiswa Demo Tolak Revisi UU TNI di Jalan AP Pettarani Makassar,17 Mar 2025 14:30,https://www.detik.com/sulsel/makassar/d-7827306/mahasiswa-demo-tolak-revisi-uu-tni-di-jalan-ap-pettarani-makassar,""Sejumlah massa dari Gerakan Aktivis Mahasiswa (GAM) diMakassar, Sulawesi Selatan (Sulsel) menggelar aksi demonstrasi menolak revisi Undang-undang (UU) TNI. Revisi itu dinilai akan mengancam demokrasi. PantauandetikSulsel, Senin (17/3/2025), pukul 14.45 Wita massa membakar ban dan berorasi di tengah Jalan AP Pettarani Makassar. Mereka mengadang kontainer untuk dijadikan panggung orasi yang menyebabkan lalu lintas di lokasi tersendat. """"Sudah dari tadi aksi, lumayan lama sejak sekitar 13.30 Wita tadi mulai,"""" kata seorang polisi di lokasi. SCROLL TO CONTINUE WITH CONTENT Dalam orasinya, mereka menilai pembahasan revisi UU TNI terkesan dipaksakan dan dilakukan secara diam-diam. Sementara dalam prosesnya, menurut orator, pembahasan revisi UU tersebut tidak transparan. """"Ini bukan pertama kalinya rakyat dikejutkan dengan regulasi yang berpotensi mengancam demokrasi dan supremasi sipil,"""" kata orator tersebut. Dia menilai jika hal ini dibiarkan, maka pemerintah ke depan akan semakin sewenang-wenang mengubah regulasi tanpa mendengar suara rakyat. Hal ini dinilai merupakan bukti negara mulai meninggalkan prinsip demokrasi. """"Maka dari itu, kami secara kelembagaan menilai RUU TNI masih mengandung pasal-pasal bermasalah yang tetap akan mengembalikan dwi fungsi TNI dan menguatnya militerisme,"""" katanya. Dalam tuntutannya mahasiswa dari GAM Makassar ini menolak pembahasan RUU TNI. Khususnya perubahan pasal 3 dan pasal 47 ayat 2. Selanjutnya, mendesak Majelis Kehormatan DPR untuk segera memeriksa oknum yang terlibat dalam pembahasan RUU TNI di Hotel Fairmont Jakarta. Terakhir, massa mendesak KSAD Maruli Simanjuntak dicopot dari jabatannya. Usai berorasi, massa lanjut berkumpul dan bernyanyi lagu perjuangan di bawah jalan Tol Layang Pettarani tersebut. Tak lama kemudian massa lalu membubarkan diri dengan tertib sekitar pukul 15.00 Wita."""
"Kontras Surabaya Sebut 25 Pendemo Tolak UU TNI di Surabaya Diamankan,25 Mar 2025 03:45,https://www.detik.com/jatim/berita/d-7840021/kontras-surabaya-sebut-25-pendemo-tolak-uu-tni-di-surabaya-diamankan,""Aksi tolak UU TNI di Surabaya berujung ricuh. Sejumlah pendemo diamankan polisi dalam unjuk rasa yang berlangsung siang hingga malam itu. Koordinator Kontras Surabaya Fatkhul Khoir menyebut ada lebih dari 25 pendemo yang diamankan. Tapi pihaknya masih belum mengetahui secara detail identitas pendemo yang dibawa polisi. """"Sementara kami data yang di Mapolrestabes ada 25 orang. Tapi identitasnya belum dapat detail semua, baru dua yang berhasil kami identifikasi,"""" kata Fatkhul, Senin (24/3/2025). SCROLL TO CONTINUE WITH CONTENT Fatkhul mengatakan pihaknya sudah berkoordinasi dengan pihak penyidik. Namun belum ada titik terang. """"Cuma memang belum diberikan akses untuk masuk karena memang belum ada kuasa,"""" ujarnya. Dari 25 pendemo yang diamankan, terdapat mahasiswa Universitas Muhammadiyah (UM) Surabaya. Pihak kampus pun menyiapkan tim advokasi untuk mendampingi mahasiswanya. """"Nggih, dari mahasiswa UM Surabaya memang terkonfirmasi ada (yang diamankan). Tapi memang terkait jumlahnya masih belum bisa kami pastikan, karena memang tim masih turun ke lapangan untuk memastikan hal tersebut,"""" ujar Kepala Biro Kemahasiswaan UM Surabaya Khoirul Anam. Pihak kampus juga akan ke Polrestabes untuk memastikan jumlah mahasiswanya. UM Surabaya juga menyiapkan bantuan hukum. """"Sudah pasti kami menyiapkan tim untuk mengadvokasi mahasiswa kami yang ikut serta dalam aksi tadi. Karena memang kami menghargai ini bagian dari kebebasan akademik, teman-teman mahasiswa untuk menyampaikan ekspresinya. Tentu kami akan memberikan advokasi hukum, kaitannya dengan mahasiswa kami yang tertangkap,"""" jelasnya."""
"Polisi Masih Data Jumlah Pendemo Tolak UU TNI di Surabaya yang Diamankan,24 Mar 2025 22:00,https://www.detik.com/jatim/berita/d-7839882/polisi-masih-data-jumlah-pendemo-tolak-uu-tni-di-surabaya-yang-diamankan,""Aksi tolak UU TNI di depan Gedung Negara Grahadi telah selesai. Ada sejumlah orang yang diamankan polisi usai aksi ricuh hingga malam hari. Kapolrestabes Surabaya Kombes Luthfie Sulistiawan mengatakan pihaknya masih melakukan pendataan terhadap massa aksi yang diamankan. Namun Luthfie belum bisa menyebut secara pasti berapa jumlahnya. """"Masih kita lakukan pendataan. Nanti kita akan sampaikan. Tentu Nanti kita sampaikan, tadi kita dalami ada yang kita amankan. Apakah itu melakukan pidana atau tidak,"""" kata Luthfie kepadadetikJatimdi Grahadi, Senin (24/3/2025). SCROLL TO CONTINUE WITH CONTENT Luthfie menyebut aksi hari ini memang chaos. Massa aksi melempari petugas dengan botol, batu, petasan, molotov, hingga merobohkan properti gapura Ramadan. Sedangkan polisi menyiram water cannon dan memukul mundur massa. """"Mudah-mudahan hari ini pembelajaran aspirasi tetap kita akan layani, tapi kita berharap bahwa aturan tolong ditaati. Tadi sedikit ada lempar-lemparan, tapi insyaallah tidak ada yang krusial,"""" jelasnya. Selain itu, diduga ada dua anggota polisi yang terluka. Namun Luthfie masih mendalami dan belum bisa menyampaikan kebenarannya. """"Kita dalami. Kita akan sampaikan,"""" pungkasnya."""
"Sempat Diamankan, 4 Peserta Aksi Tolak UU TNI di Semarang Dibebaskan,20 Mar 2025 23:37,https://www.detik.com/jateng/berita/d-7833893/sempat-diamankan-4-peserta-aksi-tolak-uu-tni-di-semarang-dibebaskan,""Empat orang peserta aksi demo dari Badan Eksekutif Mahasiswa (BEM) se-Semarang Raya telah dibebaskan. Mereka sebelumnya diamankan aparat kepolisian saat aksi menuntut pencabutan UU TNI di kompleks DPRD Jateng. PantauandetikJateng, puluhan orang aliansi massa BEM Semarang Raya berkumpul di depan ruang Resmob Polrestabes Semarang, Kecamatan Semarang Selatan, sejak pukul 18.30-21.30 WIB. Mereka kompak menunggu peserta aksi yang ditahan itu dibebaskan. Beberapa dosen Universitas Katolik (Unika) Soegijapranata juga tampak hadir di Mapolrestabes Semarang menunggu mahasiswanya dibebaskan. Mereka sempat hendak memasuki ruang Resmob tetapi tak diperbolehkan. SCROLL TO CONTINUE WITH CONTENT Sekitar pukul 21.30 WIB, keempat orang yang merupakan mahasiswa Unika, mahasiswa Universitas Islam Sultan Agung (Unissula), sopir mobil komando (mokom), dan soundman mokom telah dibebaskan. """"Empat kawan kami yang ditangkap sudah bebas,"""" kata Pengacara publik dari Lembaga Bantuan Hukum (LBH) Semarang, Fajar Muhammad Andhika yang mendampingi empat orang itu, di Mapolrestabes Semarang, Kamis (20/3/2025). """"Satu dari empat orang itu sementara ini kami dapatkan, mereka mengalami luka-luka di tangan dan di kaki. Dan dua lainnya juga mengalami tindakan yang hampir serupa,"""" lanjutnya. Ia menyayangkan penangkapan empat orang tersebut oleh aparat kepolisian. Menurutnya, kebebasan mengemukakan pendapat harusnya dilindungi oleh hukum dan hak asasi manusia. """"Dan berdasarkan bukti berdasarkan yang disampaikan kawan-kawan kami yang tertangkap, mereka sama sekali tidak melakukan apa yang dituduhkan oleh pihak kepolisian,"""" tegasnya. """"Langkah ke depannya teman-teman dari Unika saat ini sedang melakukan visum untuk membuktikan ada tindakan kekerasan dan mungkin nanti akan ada upaya-upaya lanjutan,"""" imbuhnya. Dhika mengungkapkan, berdasarkan Berita Acara Pemeriksaan (BAP), para mahasiswa diamankan lantaran adanya indikasi penghasutan. """"Kami juga bingung apa dasar kepolisian melakukan penangkapan, karena kawan-kawan yang diperiksa ini tidak dijelaskan mereka ini ditangkap karena apa. Kalau kami melihat di BAP-nya itu karena ada indikasi Pasal 160 soal penghasutan,"""" jelasnya. """"Mereka ini enggak melakukan apapun. Mereka ini bukan (penghasutan), mereka orasi, menyampaikan pendapat, aspirasi Itu merupakan hak setiap orang,"""" lanjutnya. Kendati adanya kejadian tak mengenakkan saat aksi sore tadi, Dhika mengaku hal itu tak menyurutkan semangat mahasiswa untuk terus menuntut kebijakan yang dinilai mengancam demokrasi, salah satunya yakni UU TNI. Sebelumnya diberitakan, empat peserta aksi BEM se-Semarang Raya yang menuntut pencabutan UU TNI di kompleks DPRD Jateng ditahan pihak kepolisian. Kapolrestabes Semarang Kombes M Syahduddi menyebut ada provokasi. """"Ada kurang lebih sekitar empat orang kita amankan. Karena kita melakukan upaya pendorongan keluar mereka berupaya untuk berperilaku anarkis sehingga kita amankan dulu,"""" kata Syahduddi di DPRD Jateng, Kecamatan Semarang Selatan, Kamis (20/3/2025). Polrestabes Semarang pun melakukan pendalaman dan penyelidikannya terhadap empat peserta aksi yang ditahan di Mapolrestabes Semarang tersebut. """"(Termasuk orator?) Iya, salah satunya. Tadi kan yang orator mengeluarkan kalimat-kalimat provokasi sehingga mempengaruhi teman-teman mahasiswa yang lain untuk melakukan upaya-upaya pendorongan dan anarkis terhadap petugas kepolisian. (Ada fasilitas yang rusak?) Tidak ada,"""" jelasnya."""
"Aksi Teatrikal Tolak UU TNI di Grahadi, Massa Bergantian Baca Puisi Widji Tukul,24 Mar 2025 14:43,https://www.detik.com/jatim/berita/d-7839065/aksi-teatrikal-tolak-uu-tni-di-grahadi-massa-bergantian-baca-puisi-widji-tukul,""Ratusan mahasiswa di Surabaya turun ke jalan menolak UU TNI. Setelah membakar ban di tengah jalan, mereka secara bergantian melakukan aksi teatrikal dengan membacakan puisi dari Widji Tukul yang disampaikan perwakilan massa yakni 'Arek Rakyat'. """"27 Tahun lalu kita memperjuangkan negara ini, sekarang dihancurkan oleh aparat yang tidak bertanggung jawab. Hidup rakyat Indonesia,"""" teriak salah satu orator, Senin (24/3/2025). Tampak massa laki-laki membacakan puisi dengan telanjang dada. """"Bendera tak berkibar untuk kebanggaan. Terbakar atas darah yang kalian tumpahkan. Ada kemarahan yang tidak bisa kau redam. Lihat mata kami sebelum menekan pelatuk"""". SCROLL TO CONTINUE WITH CONTENT Hingga pukul 14.30 WIB, gelombang massa terus berdatangan. Mereka masih bergantian berorasi. Massa juga kembali membakar ban di tengah jalan atau di lokasi yang sama. Sebelumnya, aksi massa yang memakai baju hitam-hitam itu dilakukan di depan Gedung Negara Grahadi. Massa membentangkan poster itu membakar ban di tengah jalan. Tampak pagar betis kawat berduri di depan Gedung Grahadi. Mereka meneriakkan akan selalu berdiri dengan pemikiran gagasan seorang mahasiswa. """"Kami berkumpul di sini, bukan sebagai DPR RI yang bukan perwakilan rakyat,"""" teriak salah satu orator."""
"Demo Tolak UU TNI di DPRD DIY Ricuh, Water Canon Dikerahkan,21 Mar 2025 00:49,https://www.detik.com/jogja/berita/d-7833955/demo-tolak-uu-tni-di-dprd-diy-ricuh-water-canon-dikerahkan,""Kericuhan mewarnai aksi demo menolak UU TNI di depan DPRD DIY, malam ini. Polisi yang berupaya membubarkan massa mendapatkan perlawanan dari para peserta aksi. Kericuhan terjadi Jumat (21/3/2025), sekitar pukul 00.30 WIB saat Kapolresta Jogja Kombes Aditya Surya Dharma mengimbau para peserta aksi untuk membubarkan diri. Hal itu sesuai kesepakatan dalam mediasi yang digelar sebelumnya, di mana polisi memberikan waktu sejam kepada massa untuk bubar. Permintaan polisi tersebut direspons massa dengan membuat barikade di depan gerbang. Polisi pun maju untuk mendorong massa mundur. SCROLL TO CONTINUE WITH CONTENT Aksi ini direspons massa dengan melempar botol hingga sampah ke arah petugas. Sementara polisi terus berupaya mendorong massa dengan tameng dan pentungan. Massa yang terlibat saling dorong bahkan tampak melemparkan mercon ke arah petugas. Polisi pun mengerahkan water canon ke arah massa. Hingga pukul 00.40 WIB, aksi saling dorong masih berlangsung."""
"Mahasiswa Demo Tolak Revisi UU TNI di DPRD Sulsel, Jalan ke Flyover Ditutup,19 Mar 2025 15:43,https://www.detik.com/sulsel/makassar/d-7831250/mahasiswa-demo-tolak-revisi-uu-tni-di-dprd-sulsel-jalan-ke-flyover-ditutup,""Sejumlah massa dari Himpunan Mahasiswa Islam (HMI) menggelar aksi demonstrasi menolak revisi Undang-undang (UU) TNI di Kantor DPRD Sulawesi Selatan (Sulsel) sore ini. Massa menutup akses jalan dari arah Masjid Raya menuju Flyover. PantauandetikSulseldi depan Kantor DPRD Sulsel, Jalan Urip Sumoharjo, Makassar, Rabu (19/3/2025) pukul 16.06 Wita, massa membakar bakar ban dan berorasi di jalan. Massa aksi sempat mengadang kontainer untuk dijadikan panggung orasi. Massa juga terlihat mengadang sejumlah kendaraan yang nekat menerobos jalan yang ditutup. Arus lalu lintas menuju arah ke Flyover kini macet hingga 1 kilometer. SCROLL TO CONTINUE WITH CONTENT """"Kami datang ke sini menolak revisi Undang-undang TNI yang dapat merusak demokrasi kita di Indonesia,"""" teriak seorang orator. Dalam aksi ini, massa aksi dan pengendara motor sempat terlibat cekcok. Namun aparat kepolisian yang berada di lokasi langsung melerai insiden tersebut. Sementara, petugas kepolisian hingga kini masih bersiaga di lokasi. Sejumlah petugas tampak mencoba mengatur arus lalu lintas agar tetap bisa berjalan."""
"Demo Tolak UU TNI di Kota Kediri, Petugas Dilempari Petasan hingga Molotov,27 Mar 2025 22:30,https://www.detik.com/jatim/berita/d-7845252/demo-tolak-uu-tni-di-kota-kediri-petugas-dilempari-petasan-hingga-molotov,""Demo menolak UU TNI juga terjadi di Kota Kediri. Demo di depan Gedung DPRD Kota Kediri itu berakhir anarkis. Ratusan orang berpakaian serba hitam membawa poster dengan berbagai seruan dan tuntutan seperti 'Selamatkan Indonesia Dari Penjajahan Oleh Bangsa Sendiri!, Rakyat Menolak Dikepung Senjata."""" Massa juga membawa poster mengkritik TNI dan dwifungsinya. Aksi yang awalnya berjalan damai sejak siang dengan orasi dan pemasangan berbagai poster protes berakhir ricuh. Usai berbuka puasa atau sekitar pukul 18.30 WIB, situasi mulai memanas. SCROLL TO CONTINUE WITH CONTENT Massa melakukan aksi vandalisme dengan mencorat-coret area sekitar serta menempelkan sejumlah kertas bertuliskan pesan-pesan kritis. Massa kemudian melempari petasan ke arah aparat yang berjaga di depan Gedung DPRD Kota Kediri. Tidak hanya petasan, sejumlah benda menyerupai bom molotov dilempar oleh pendemo ke arah gedung DPRD Kota Kediri. Begitu juga dengan batu yang juga melayang. Polisi kemudian melakukan pembubaran massa yang mulai bertindak anarkis. """"Peserta aksi melaksanakan tindakan yang membahayakan seperti pelemparan kembang api, melemparkan bahan peledak molotov sehingga mengenai beberapa objek terbakar,"""" ujar Kapolres Kediri Kota AKBP Bramastyo Priaji, Kamis (27/3/2025). Polisi kemudian mengambil tindakan tegas dengan membubarkan massa menggunakan water cannon. """"Sehingga kita harus segera melaksanakan pembubaran pendorongan dengan pelapis yang ada yaitu water cannon. Kita harapkan tidak terjadi lagi karena ini merugikan semua pihak dan juga mengganggu ketertiban umum, karena juga masyarakat menggunakan jalan umum ini sebagai akses utama,"""" imbuh Bramastyo. Usai kegiatan unjuk rasa, polisi dibantu TNI mengamankan 21 orang. Dandim 0809 Kediri Letkol Inf. Ragil Jaka Utama mengatakan pihaknya mengaku heran dengan aksi anarkis ini. Ragil menegaskan bahwa sebelumnya telah dilakukan audiensi dengan kelompok perhimpunan mahasiswa, namun aksi kali ini bukan bagian dari kelompok tersebut. """"Kita sayangkan ya kenapa kok aksi sampai sedemikian rupa. Kalau teman-teman lihat itu ada batu, terus tadi melempar bom molotov, ada yang bawa martil, palu di dalam tasnya tadi kita dokumentasikan,"""" kata Ragil. Sementara itu, Wakil Ketua DPRD Kota Kediri Sudjono Teguh Widjaja, menilai aparat sudah bertindak dengan sangat sabar dalam menghadapi massa. """"Satu sudah pembakaran bom molotov, kembang api, palu, ngasih selebaran penghinaan kepada aparat, coretan dengan aparat. Maka saya minta kalau ke depan ingin suarakan ke pemerintah sebaiknya audiensi,"""" kata Sudjono."""
"Taman Apsari Rusak Parah Buntut Demo Tolak UU TNI, Kerugian Rp 29 Juta,27 Mar 2025 03:15,https://www.detik.com/jatim/berita/d-7843580/taman-apsari-rusak-parah-buntut-demo-tolak-uu-tni-kerugian-rp-29-juta,""Pemkot Surabaya menaksir kerugian fasilitas umum berupa taman yang rusak usai demo Tolak UU TNI di depan Gedung Negara Grahadi pada Senin (24/3) mencapai Rp 29 juta. Kerusakan terparah terjadi di Taman Apsari. Kerusakan tersebut telah diinventarisasi dan sebagian sudah dibenahi oleh Pemkot Surabaya. Kepala Bidang Pengendalian Pencemaran dan Pengelolaan Keanekaragaman Hayati, DLH Kota Surabaya, Myrna Augusta menyebut ribuan tanaman rusak hingga tiga buah lampu LED Flood Light 30 watt hilang di Taman Apsari. SCROLL TO CONTINUE WITH CONTENT """"Kemarin sudah kami inventarisasi untuk kerusakannya lebih banyak ke tanaman ya, sama ada yang lantai-lantai yang dicoret-coret. Tapi kemarin sudah coba kami bersihkan pakai paint remover itu sudah lumayan lah nggak kelihatan,"""" ujar Myrna saat dihubungidetikJatim, Rabu (26/3/2025). Dari hasil inventarisasi DLH Surabaya kerusakan terparah terjadi di bagian depan Taman Apsari. Sebanyak 3.255 tanaman hias mengalami kerusakan dan masih menunggu perbaikan. Di antaranya Erva Merah (800 tanaman), Walisongo Variegata (400 tanaman), Rowelia (700 tanaman), Pangkas Mas (600 tanaman), Blego Merah (500 tanaman), Tabernae (50 tanaman), Soka Jambon (200 tanaman), dan 5 rumput Gajah Mini. Kemudian ada beberapa lantai dari batu alam di Taman Apsari yang pecah. Lalu ada pula dekorasi bola di sepanjang Jalan Pemuda yang terlepas. """"Di Jalan Pemuda, ada (dekorasi bola) yang rusak, ada yang lepas. Tapi sudah langsung kami benahi kalau itu. Ada yang memang nggak bisa dibenahi, ya kita angkut, kita ganti yang baru,"""" jelas Myrna. Myrna mengungkapkan saat ini pihaknya juga masih berkoordinasi dengan Bakesbangpol Surabaya maupun kepolisian terkait kerusakan dan perbaikan fasilitas umum imbas demo tersebut. """"Jadi kemarin itu kami dapat info harus koordinasi dulu dengan Bakesbangpol Jadi kami kirim inventarisasi kerugiannya itu. Nanti mau dikomunikasi dengan pihak polisi apakah ada yang dipertanggungjawabkan atau nggak,"""" ungkap Myrna. Myrna pun berharap ke depan apabila ada aksi serupa, masyarakat bisa lebih bijak dan tidak melakukan perusakan terhadap fasilitas umum. Untuk oknum yang kedapatan sengaja melakukan perusakan, pihaknya berharap ada tindak lanjut yang dilakukan. """"Kalau misalnya memang apa kejadian tidak terduga seperti kemarin ditunggangi segala macam oknum, nah oknumnya kami ingin hadirkan gitu ya. Bisa kemudian diberi pemahaman bahwa demonya itu tidak apa-apa kan demokrasi ya, tapi kan tidak merusak. Sehingga mereka punya rasa tanggung jawab,"""" pungkasnya."""
"Panja Pertimbangkan Keuangan Negara Bahas Usia Pensiun di Revisi UU TNI,13 Mar 2025 17:17,https://news.detik.com/berita/d-7821980/panja-pertimbangkan-keuangan-negara-bahas-usia-pensiun-di-revisi-uu-tni,""Ketua Komisi I DPR RI Utut Adianto mengatakan pembahasanPanja Revisi Undang-Undang TNIbakal dilaksanakan besok. Ia menjamin pembahasan undang-undang ini akan dilaksanakan dengan saksama. """"Iya (perdebatan soal revisi dibahas pada Panja). Mulai besok (pembahasan),"""" kata Utut di kompleks parlemen, Senayan, Jakarta Pusat, Kamis (13/3/2025). Ketua Panja RUU TNI ini mengatakan pihaknya akan membahas dengan sungguh-sungguh. Ia menyebut perubahan usia pensiun berkaitan erat dengan keuangan negara. SCROLL TO CONTINUE WITH CONTENT """"Begini, kalau kita mau mengerjakan undang-undang, itu harus saksama, mulai konsep ini kan kalau usia pensiun itu berkaitan dengan keuangan negara,"""" ungkapnya. Menteri Pertahanan (Menhan) Sjafrie Sjamsoeddin sebelumnya berharap pembahasan revisi UU TNI selesai pada bulan Ramadan ini. Sjafrie turut membeberkan poin-poin dari usulan pasal yang akan direvisi. Ada tiga pasal utama yang akan direvisi, yaitu kedudukan TNI (Pasal 3), penempatan prajurit di kementerian/lembaga (Pasal 47), dan batas usia pensiun (Pasal 43). Sjafrie mengatakan Presiden Prabowo Subianto juga sudah memberikan petunjuk mengenai revisi UU TNI. Dia menyinggung soal keharusan pensiun dini. """"Sedangkan untuk revisinya, ini Presiden Republik Indonesia selaku panglima tertinggi juga telah memberikan petunjuk kepada Menteri Pertahanan untuk para prajurit TNI yang akan ditugaskan di kementerian dan lembaga, itu harus pensiun dan kita sebut pensiun dini,"""" kata Sjafrie. """"Setelah pensiun, baru kita usulkan ke kementerian dan lembaga yang dimaksud. Tentunya sesuai dengan kapabilitas dan eligibilitas harus terukur dan yang paling penting dia loyal kepada negara dan bangsa, memegang teguh sapta marga dan sumpah prajurit,"""" sambungnya.  'Komisi I DPR Raker Bareng Panglima Bahas RUU TNI': [Gambas:Video 20detik]"""
"Aliansi Masyarkat Sipil di Makassar Demo Tolak UU TNI, Ini Tuntutannya,20 Mar 2025 14:18,https://news.detik.com/berita/d-7832875/aliansi-masyarkat-sipil-di-makassar-demo-tolak-uu-tni-ini-tuntutannya,""Massa yang tergabung dalam Aliansi Masyarakat Sipil menggelar unjuk rasa menolak revisi Undang-Undang (UU) TNI. Aksi digelar di bawahflyover, Makassar, Sulawesi Selatan (Sulsel). Lalu lintas (lalin) di sekitar lokasi tidak ditutup, tapi macet. Massa berorasi menyuarakan penolakanRUU TNI. Massa membentangkan spanduk aksi sambil membentuk lingkaran. Mereka juga membawa poster bertulisan 'Tolak RUU TNI Kembalikan Militer ke Barak'. SCROLL TO CONTINUE WITH CONTENT Tampak massa aksi membagikan selebaran yang berisi tuntutan dan pernyataan sikap mereka. Sementara itu, aparat kepolisian dari Satuan Lalu Lintas berupaya mengurai kemacetan. """"Terdapat tiga isu yang menjadi pembahasan dalam revisi Undang-Undang TNI ini. Yang pertama status dan kedudukan TNI di Pasal 3. (Kemudian) perluasan kedudukan TNI yang sebelumnya hanya dibatasi 10 lembaga/kementerian menjadi 15. Selanjutnya ada penambahan masa pensiun prajurit,"""" kata perwakilan koalisi masyarakat sipil Ahkamul Ihkam, dilansirdetikSulsel, Kamis (20/3/2025). Ahkamul mengatakan revisi Undang-Undang TNI dapat memperluas peran TNI untuk menduduki jabatan sipil. Dia menyebut hal tersebut merupakan upaya mengaktifkan kembali dwifungsi TNI. """"Keberadaan TNI di ranah sipil bertentangan dengan upaya mendukung TNI sebagai alat pertahanan yang profesional sesuai amanah konstitusi tentunya,"""" tuturnya. Baca selengkapnya disini."""
"Gubernur Lemhannas Nilai Revisi UU TNI Masih dalam Konteks Supremasi Sipil,17 Mar 2025 17:45,https://news.detik.com/berita/d-7827814/gubernur-lemhannas-nilai-revisi-uu-tni-masih-dalam-konteks-supremasi-sipil,""Gubernur Lembaga Ketahanan Nasional (Lemhannas) Ace Hasan Syadzily menilairevisi Undang-Undang (UU) TNIrelevan untuk dilakukan guna mengakomodasi peran militer dalam beberapa institusi negara yang selama ini belum diatur secara tegas. Ia mengatakan keberadaan TNI dalam lembaga tertentu diperlukan sesuai dengan kapasitas dan kompetensinya. """"Ada beberapa jabatan yang saya kira juga perlu perluasan. Misalnya, saya ambil contoh Badan Nasional Penanggulangan Bencana (BNPB) itu TNI, jenderal bintang 3, di dalam RUU lama belum ada,"""" kata Ace saat ditemui di Balai Kota Jakarta, Senin (17/3/2025). """"Atau misalnya BSSN (Badan Siber dan Sandi Negara) kemudian misalnya BNPT (Badan Nasional Penanggulangan Terorisme) itu kan sebelumnya tidak diatur dalam UU lama, ya sekarang ya harus diatur,"""" sambungnya. SCROLL TO CONTINUE WITH CONTENT Menurutnya, supremasi sipil dalam demokrasi tetap harus dijunjung tinggi, di mana TNI memiliki fungsi utama sebagai pertahanan negara dan Polri bertanggung jawab dalam bidang keamanan. Namun, dalam praktiknya, ada sejumlah lembaga yang dinilai membutuhkan peran TNI, di antaranya BNPB, BNPT, BSSN, Badan SAR Nasional (Basarnas), Badan Keamanan Laut (Bakamla), dan Badan Narkotika Nasional (BNN). """"Lembaga-lembaga ini sesuai kapasitas dan kompetensinya membutuhkan keberadaan TNI untuk menjaga kedaulatan dan keselamatan negara. Misalnya dalam penanggulangan bencana, TNI sering menjadi yang terdepan dalam memastikan keselamatan warga negara dengan pendekatan yang lebih cepat,"""" ungkap dia. Di sisi lain, ia mencontohkan bahwa dalam revisi UU TNI yang baru, posisi perwira tinggi militer di BNPB, BNPT, dan BSSN harus diakomodasi dengan lebih jelas. Hal ini untuk memastikan efektivitas dan peran TNI dalam menghadapi ancaman berupa terorisme, keamanan siber, serta bencana alam. Sementara itu, menanggapi kritik yang menyebut revisi ini mengarah pada dwi fungsi militer seperti di era Orde Baru, Ace menegaskan perubahan aturan ini masih berada dalam koridor supremasi sipil. """"Sejauh ini, menurut saya, masih dalam konteks supremasi sipil. Ada beberapa posisi badan yang selama ini belum terakomodasi misalnya tadi BNPB, BNPT, BSSN itu harus dipertegas,"""" katanya. Selain itu, ia juga mengomentari terkait tantangan geopolitik dan teknologi yang berkembang pesat, termasuk isu keamanan siber. Lemhanas, sebelum dipimpinnya, pernah mengusulkan pembentukan matra siber sebagai bagian dari pertahanan negara. """"Negara seperti Singapura itu punya angkatan siber sendiri. Tapi kemarin kami berdiskusi dengan pak Menkopolhukam, bahwa yang harus kita perkuat di masing-masing matra, pasukan sibernya harus diberikan kapasitas,"""" imbuhnya.  'Respons Mensesneg soal Rapat RUU TNI di Hotel Digeruduk KontraS': [Gambas:Video 20detik]"""
"6 Pendemo Tolak UU TNI di Kota Malang Dimintai Keterangan Polisi,24 Mar 2025 23:20,https://www.detik.com/jatim/hukum-dan-kriminal/d-7839958/6-pendemo-tolak-uu-tni-di-kota-malang-dimintai-keterangan-polisi,""Sejumlah peserta aksi demontrasi menolak pengesahan Undang-Undang TNI di Gedung DPRD Kota Malang dimintai keterangan polisi. Usai dimintai keterangan, mereka pun dipulangkan. Kasat Reskrim Polresta Malang Kota Kompol M Sholeh mengatakan ada enam orang yang dimintai keterangan berkaitan dengan aksi unjuk rasa di DPRD Kota Malang pada Minggu (23/3). Sejauh ini, kata Sholeh, pemeriksaan berjalan lancar. Karena pendemo yang awalnya diamankan untuk dimintai keterangan cukup kooperatif. SCROLL TO CONTINUE WITH CONTENT """"Ada enam orang (diperiksa). Sementara ini proses yang masih kami jalankan adalah penyelidikan. Semuanya sangat kooperatif dan terbuka,"""" ungkap Sholeh kepada wartawan, Senin (24/3/2025). Sholeh menyebut dari enam orang yang dimintai keterangan, hanya satu yang sementara teridentifikasi sebagai mahasiswa. Sisanya diketahui adalah pelajar atau di bawah umur dan sudah tidak berstatus mahasiswa. """"Satu yang teridentifikasi sebagai mahasiswa, jadi yang lain adalah adik-adik kita yang masih sekolah yaitu dua anak di bawah umur dan teman teman memang alumni atau lepas dari mahasiswa,"""" sebutnya. Menurut Sholeh, pemeriksaan berkaitan dengan aksi unjuk rasa yang berdampak adanya kerusakan sejumlah fasilitas serta jatuhnya korban dari personel yang bertugas mengamankan aksi unjuk rasa. """"Karena jelas ada korban dan obyek yang rusak, yang terjadi atas peristiwa itu dan juga teman-teman petugas juga ada yang jadi korban. Sehingga tetap mereka diamankan untuk kami lakukan pemeriksaan,"""" tuturnya. Setelah proses pemeriksaan selesai dilakukan, keenam orang itupun kemudian dipulangkan. Dan keberadaan mereka juga dijamin oleh Lembaga Bantuan Hukum (LBH) Pos Malang. Sholeh menambahkan mereka pun menyatakan bersedia untuk kembali datang untuk kembali dimintai keterangan saat penyidik membutuhkan informasi tambahan. """"Kami tidak ada alasan untuk melakukan penahanan. Kapan pun kami minta keterangan tambahan, mereka dengan sukarela datang menghadap penyidik,"""" ujarnya. Sementara Koordinator LBH Pos Malang Daniel Siagian mengungkapkan dua dari enam pendemo yang ditangkap oleh kepolisian saat demo UU TNI kemarin masih berusia di bawah umur. """"Kami mendapatkan informasi sekitar pukul 19.30 WIB kemarin ada yang ditangkap, setelah kami konfirmasi dua di antaranya anak di bawah umur, masih pelajar,"""" kata Daniel. Kedua anak di bawah umur yang sempat diamankan tersebut, lanjut Daniel, sudah dipulangkan beserta satu mahasiswa. """"Progresnya sudah tiga sudah dipulangkan, satu mahasiswa dan dua pelajar,"""" ujarnya. Daniel melanjutkan untuk tiga pendemo lainnya saat hingga saat ini masih menjalani proses pemeriksaan oleh penyidik Polresta Malang Kota. """"Tiga orang lagi sampai sekarang masih belum, karena kepolisian mengatakan ada pemeriksaan lanjutan. Pemeriksaan sesuai prosedur dengan progres pendalaman dan BAP sesuai prosedur semua,"""" pungkas Daniel. Informasi yang diperoleh detikJatim, ketiga orang yang tengah dimintai keterangan sudah dipulangkan oleh penyidik pada sore tadi."""
"Mahasiswa Demo Tolak Revisi UU TNI di DPRD Sulsel Bubar, Lalin Kembali Lancar,19 Mar 2025 17:43,https://www.detik.com/sulsel/makassar/d-7831542/mahasiswa-demo-tolak-revisi-uu-tni-di-dprd-sulsel-bubar-lalin-kembali-lancar,""Massa dari Himpunan Mahasiswa Islam (HMI) yang menggelar aksi unjuk rasa di depan Kantor DPRD Sulawesi Selatan (Sulsel) membubarkan diri setelah menyuarakan penolakan terhadap revisi Undang-Undang (UU) TNI. Arus lalu lintas di sekitar lokasi kembali normal. PantauandetikSulseldi depan Kantor DPRD Sulsel, Jalan Urip Sumoharjo, Makassar, Rabu (19/3/2025) pukul 17.41 Wita, massa membubarkan diri setelah diterima oleh Anggota DPRD Sulsel. Massa meninggalkan lokasi dengan tertib. Personel Satpol PP dan kepolisian kemudian membersihkan sisa-sisa ban bekas yang sebelumnya dibakar massa. Polisi juga mengatur arus lalu lintas di lokasi. SCROLL TO CONTINUE WITH CONTENT """"Saya akan menyampaikan secara resmi (tuntutan penolakan pengesahan revisi undang-undang TNI ke komisi 1 DPR RI) dan Insyaallah saya akan komunikasi dengan adik-adik sekalian hal yang perlu dikomunikasikan,"""" kata Wakil Ketua DPRD Sulsel Sufriadi Arief saat menerima massa aksi. Dia mengungkapkan bahwa besok akan digelar rapat paripurna untuk mengesahkan Rancangan Undang-Undang (RUU) TNI. Menurutnya kritik terhadap RUU tersebut tidak hanya terjadi di Sulsel. """"Perlu adik-adik ketahui kami mendapatkan informasi tanggal 20 (Maret) akan ada namanya paripurna pengesahan rancangan undang-undang terkait dengan TNI,"""" ujarnya. """"Sikap kritik ini tidak hanya dilakukan oleh adik-adik di Sulawesi Selatan hampir seluruh penjuru Indonesia,"""" pungkasnya. Diberitakan sebelumnya, massa aksi memblokade akses jalan dari arah Masjid Raya menuju Flyover pada Rabu (19/3) pukul 16.06 Wita. Mereka juga membakar ban dan menyampaikan orasi di tengah jalan. """"Kami datang ke sini menolak revisi Undang-undang TNI yang dapat merusak demokrasi kita di Indonesia,"""" teriak seorang orator."""
"Sultan HB X Sayangkan Perusakan Saat Aksi Tolak UU TNI di DPRD: Memprihatinkan,21 Mar 2025 13:45,https://www.detik.com/jogja/berita/d-7834645/sultan-hb-x-sayangkan-perusakan-saat-aksi-tolak-uu-tni-di-dprd-memprihatinkan,""Gubernur DIY Sri Sultan Hamengku Buwono X menyayangkan aksi massa Aliansi Jogja Memanggil di Gedung DPRD DIY, kemarin. Sultan mengaku prihatin adanya perusakan fasilitas di Gedung DPRD DIY. """"Ya mestinya tidak emosi seperti itu, saya kira kalau itu yang terjadi saya memprihatinkan. Perkara menyampaikan aspirasi silakan, tapi jangan merusak,"""" ungkap Sultan saat ditemui wartawan, Jumat (21/3/2025). Sultan menegaskan tidak membatasi kegiatan yang bersifat demokrasi di Jogja. Namun, Sultan tidak membenarkan jika ada perusakan fasilitas umum pada prosesnya. SCROLL TO CONTINUE WITH CONTENT """"Demokrasi sih di Jogja bisa dimungkinkan untuk tumbuh berkembang, tapi jangan merusak fasilitas umum, itu tidak bagus, yang rugi mahasiswa sendiri karena penilaian masyarakat yang akan terjadi,"""" tegas Sultan. Di samping itu, Sultan mengaku, belum membaca seluruh isi Undang-undang TNI yang telah disahkan Kamis (20/3). UU TNI ini yang dituntut massa pada aksi kemarin untuk segera dibatalkan. """"Kalau itu aspirasi ndak ada masalah, silahkan saja, tapi punya relevansi dengan tuntutan ada dwifungsi atau tidak saya ndak tahu. Saya kan nggak ngerti persoalan bunyi draf undang-undang seperti apa saya ndak ngerti,"""" pungkas Sultan. Diberitakan, Massa Aliansi Jogja Memanggil menggelar aksi di gedung DPRD DIY Kamis (20/3) siang. Mereka membawa tuntutan yakni tolak dan batalkan Undang-undang TNI yang telah disahkan sebelum aksi. """"Tuntutan masyarakat adalah hapuskan dwi fungsi Abri maka dengan percepatan RUU TNI dwi fungsi Abri kembali,"""" ungkap Juru bicara aksi, Bung Koes kepada wartawan, Kamis (20/3). Massa pun bertahan di depan Gedung DPRD DIY hingga malam hari. Mereka membakar sampah, menyulut petasan, hingga mencoret-coret Gedung DPRD. Pada Jumat (21/3) dini hari, kepolisian pun memaksa massa untuk meninggalkan Gedung DPRD DIY. Audiensi berkali-kali dilakukan, hingga menemui kesepakatan. Namun, pembubaran massa semalam sempat diwarnai kericuhan. Hingga polisi dan koordinator massa bisa kembali bersepakat untuk pembubaran massa yang aman dan kondusif. Massa pun mundur dengan pengawalan dari kepolisian."""
"Komisi I DPR Rapat Tertutup Lagi dengan Menkum-Wamenkeu Bahas Revisi UU TNI,19 Mar 2025 19:30,https://news.detik.com/berita/d-7831740/komisi-i-dpr-rapat-tertutup-lagi-dengan-menkum-wamenkeu-bahas-revisi-uu-tni,""Komisi I DPRRI menggelar pertemuan dengan sejumlah kementerian yang berkaitan langsung dengan pembahasanrevisi Undang-Undang TNI. Pertemuan ini digelar selama kurang lebih hampir dua jam secara tertutup. Pantauandetikcom, di Gedung Nusantara II DPR RI, Senayan, Jakarta Pusat, Rabu (19/3/2025) sejumlah anggota Komisi I DPR tampak memasuki ruang rapat. Terlihat Wakil Ketua Komisi I DPR Dave Laksono berjalan dengan Wakil Menteri Pertahanan Donny Ermawan Taufanto. Tak berselang lama sekitar pukul 16.36 WIB tampak Wakil Menteri Keuangan Thomas Djiwandono di lokasi. Terlihat juga di sana Wamensesneg Bambang Eko Suhariyanto hingga Ketua Komisi I DPR RI Utut Adianto. SCROLL TO CONTINUE WITH CONTENT Pertemuan berlangsung hampir dua jam secara tertutup. Adapun agenda rapat ini tak tertuang di agenda DPR RI, Rabu (19/3). Menkum Supratman Andi Agtas mengatakan pertemuan ini untuk memperbaiki hal teknis dari RUU TNI. Supratman memastikan kekhawatiran terkait dwifungsi TNI tak tertuang di revisi UU TNI. """"Nggak ada, cuma perbaikan soal apa ya untuk memastikan apa yang menjadi tuntutan adek-adek mahasiswa terkait dengan kekhawatiran akan terjadinya dwifungsi ABRI atau dwifungsi TNI itu sama sekali sesuatu yang tidak perlu dikhawatirkan. Karena semua yang dibahas di dalam itu adalah terkait dengan tugas tugas pertahanan TNI,"""" kata Supratman di kompleks parlemen, Senayan, Jakarta Pusat, Rabu (19/3/2025). Supratman mengatakan tak ada pasal subtansial yang diubah pada rapat pemerintah dan Komisi I DPR RI. Ia mengatakan pembahasan di rapat kali ini mencakup frasa-frasa. """"Nggak ada itu, hanya menyesuaikan dengan dari sisi gramatikal aja ada yang keamanan yang seharusnya pertahanan. Frasa-frasa jadi kalau keamanan nanti tafsirannya nanti TNI bisa urusan dengan tugas Polri padahal itu tugas pokok adalah menyangkut soal pertahanan negara,"""" katanya.  'Temuan Komnas HAM Seusai Kaji Revisi UU TNI: Risiko Dwifungsi TNI': [Gambas:Video 20detik]"""
"Menhan Target Revisi UU TNI Rampung di Ramadan Sebelum DPR Reses,11 Mar 2025 16:52,https://news.detik.com/berita/d-7818102/menhan-target-revisi-uu-tni-rampung-di-ramadan-sebelum-dpr-reses,""Menteri Pertahanan (Menhan)Sjafrie Sjamsoeddinberharap pembahasan revisi UU TNI selesai di bulan Ramadan ini. Sjafrie turut membeberkan poin-poin dari usulan pasal yang akan direvisi. """"Menteri Pertahanan menugaskan Sekjen Kementerian Pertahanan untuk memimpin kelompok kerja yang akan membahas 3 pasal yang akan dibahas,"""" kata Sjafrie seusai Rapat Kerja bersama Komisi I DPR di Kompleks Parlemen, Senayan, Jakarta Pusat, Selasa (11/3/2025). """"Dengan harapan ini bisa selesai pada bulan Ramadan. Kita harapkan ini selesai sebelum reses para anggota DPR,"""" ucapnya. SCROLL TO CONTINUE WITH CONTENT Ada tiga pasal utama yang akan direvisi, yaitu kedudukan TNI (Pasal 3), penempatan prajurit di kementerian/lembaga (Pasal 47), dan batas usia pensiun (Pasal 43). """"Penugasan prajurit TNI di luar atau yang saya sebut di kementerian dan lembaga. Bagaimana yang kita semua tahu bahwa dalam UU sudah tercantum 15 institusi yang bisa diduduki oleh prajurit aktif TNI, yang seperti, yang ada di dalam UU 34 yang sekarang sedang berlaku,"""" kata Sjafrie seusai rapat. Sjafrie mengatakan Presiden Prabowo Subianto juga sudah memberikan petunjuk mengenai revisi UU TNI. Dia menyinggung soal keharusan pensiun dini. """"Sedangkan untuk revisinya, ini Presiden Republik Indonesia selaku panglima tertinggi juga telah memberikan petunjuk kepada Menteri Pertahanan untuk para prajurit TNI yang akan ditugaskan di kementerian dan lembaga, itu harus pensiun dan kita sebut pensiun dini,"""" kata Sjafrie. """"Setelah pensiun, baru kita usulkan ke kementerian dan lembaga yang dimaksud. Tentunya sesuai dengan kapabilitas dan eligibilitas harus terukur dan yang paling penting dia loyal kepada negara dan bangsa, memegang teguh sapta marga dan sumpah prajurit,"""" sambungnya. Berikut ini 15 institusi yang bisa dijabat prajurit aktif TNI seperti paparan Kemenhan di rapat. 1. Koor Bid Polkam2. Pertahanan Negara3. Setmilpres4. Inteligen Negara5. Sandi Negara6. Lemhannas7. DPN8. SAR Nasional9. Narkotika Nasional10. Kelautan dan Perikanan11. BNPB12. BNPT13. Keamanan Laut14. Kejagung15. Mahkamah Agung"""
"Apa Isi UU TNI Terbaru? Ini Daftar Pasal yang Direvisi dan Disahkan DPR,21 Mar 2025 13:05,https://www.detik.com/jogja/berita/d-7834561/apa-isi-uu-tni-terbaru-ini-daftar-pasal-yang-direvisi-dan-disahkan-dpr,""Dewan Perwakilan Rakyat (DPR) resmi mengesahkan Rancangan Undang-Undang (RUU) Perubahan UU Nomor 34 Tahun 2004 tentang Tentara Nasional Indonesia. Apa isi UU TNI terbaru? Berikut ini daftar pasal yang direvisi! DilansirdetikNews, pengesahan RUU TNI dilakukan melalui rapat paripurna yang digelar pada Kamis, 20 Maret 2025. Rapat ini dipimpin Ketua DPR RI, Puan Maharani. Sejumlah menteri tampak hadir, seperti Menteri Pertahanan Sjafrie Sjamsoeddin, Menteri Sekretaris Negara Prasetyo Hadi, dan Wakil Menteri Keuangan Thomas Djiwandono. Rapat dimulai dengan penyampaian laporan pembahasan RUU TNI oleh Ketua Panja (Panitia Kerja) Utut Adianto. Setelah laporan selesai, Puan Maharani menanyakan anggota dewan mengenai bisa tidaknya RUU tersebut disahkan menjadi undang-undang. SCROLL TO CONTINUE WITH CONTENT """"Kami menanyakan kepada seluruh anggota apakah Rancangan Undang-Undang tentang Perubahan atas Undang-Undang Nomor 34 Tahun 2004 tentang Tentara Nasional Indonesia, apakah dapat disetujui untuk disahkan menjadi undang-undang?"""" tanyanya. Peserta sidang menjawab setuju dan dengan demikian, UU yang mengatur perubahan UU Nomor 34 Tahun 2004 sah. Apa saja yang berubah dalam UU tersebut? Simak penjelasannya di bawah ini, yuk! DilihatdetikJogjadari dokumen Undang-Undang Republik Indonesia Nomor 34 Tahun 2004 tentang Tentara Nasional Indonesia, tugas pokok TNI dibedakan menjadi 2 dalam pasal 7 ayat (2), yakni operasi militer untuk perang dan operasi militer selain perang. Untuk operasi militer selain perang, tugas TNI dirinci sebanyak 14 poin sebagaimana tertera dalam huruf b ayat (2) pasal 7. Keempat belas tugas tersebut adalah: Nah, dalam RUU TNI yang kemarin disahkan, terdapat dua tugas tambahan, yakni: Di samping itu, terdapat satu ayat tambahan untuk pasal 7 yang bunyinya: """"Pelaksanaan operasi militer selain perang sebagaimana dimaksud pada ayat (2) huruf b diatur lebih lanjut dengan Peraturan Pemerintah atau Peraturan Presiden, kecuali untuk ayat (2) huruf b angka 10."""" Perubahan selanjutnya terdapat di pasal 47 UU Nomor 34 Tahun 2004. Pasal ini mengatur tentang kementerian atau lembaga yang dapat diisi TNI. Dalam ayat (2) pasal tersebut, tertulis: """"Prajurit aktif dapat menduduki jabatan pada kantor yang membidangi koordinator bidang Politik dan Keamanan Negara, Pertahanan Negara, Sekretaris Militer Presiden, Intelijen Negara, Sandi Negara, Lembaga Ketahanan Nasional, Dewan Pertahanan Nasional, Search and Rescue (SAR) Nasional, Narkotika Nasional, dan Mahkamah Agung."""" Setelah direvisi, terdapat total 14 K/L yang bisa diisi TNI, yakni: Sebelum direvisi, anggota TNI bertugas paling lama hingga usia 58 tahun untuk tingkat perwira. Sementara itu, untuk pangkat bintara dan tamtama, hingga usia maksimal 53 tahun. """"Prajurit melaksanakan dinas keprajuritan sampai usia paling tinggi 58 (lima puluh delapan) tahun bagi perwira, dan 53 (lima puluh tiga) tahun bagi bintara dan tamtama."""" Usai diubah, batas usia pensiun prajurit menjadi: Demikian informasi lengkap mengenai pasal-pasal yang diubah dalam RUU TNI kemarin. Semoga bisa menjawab pertanyaan detikers, ya!"""
"Mensesneg Pastikan Revisi UU TNI Tak Akan Hidupkan Kembali Dwifungsi ABRI,17 Mar 2025 14:20,https://news.detik.com/berita/d-7827276/mensesneg-pastikan-revisi-uu-tni-tak-akan-hidupkan-kembali-dwifungsi-abri,""Mensesneg Prasetyo Hadi membantah revisi Undang-Undang Tentara Nasional Republik Indonesia atauRUU TNIberpotensi menghidupkandwifungsi ABRI. Prasetyo menyebut RUU TNI itu dilakukan sebagai penguatan institusi. """"Tidak, kita pastikan enggak,"""" kata Prasetyo kepada wartawan di Kantor KemePAN-RB, Jakarta, Senin (17/3/2025). Prasetyo meminta semua pihak untuk lebih teliti memahami isi subtansi yang dilakukan revisi. Ia menyebut jangan hal yang tidak menjadi subtansi justru dipolemikkan. SCROLL TO CONTINUE WITH CONTENT """"Pertama begini, kalau menurut kami tentunya semua harus lebih teliti lagi dalam memahami isi dari kalau sekarang yang beredar kan rancangan DIM, jadi jangan juga apa yang dipolemikkan itu sesungguhnya itu tidak ada dalam pembahasan,"""" ujarnya. """"Kita harus waspada, kita harus hati hati betul, tidak boleh dibentur-benturkan, bagaimanapun mohon maaf revisi UU TNI apapun itu TNI adalah institusi milik kita, milik bangsa dan negara kita,"""" lanjut Prasetyo. Prasetyo pun berhadap jangan ada pihak yang mengeluarkan pernyataan seolah RUU TNI memunculkan dikotomi dan dwifungsi ABRI. Prasetyo menegaskan RUU TNI untuk penguatan institusi. """"Siapapun itu berkewajiban menjaga institusi TNI jadi tolonglah untuk tidak mengeluarkan statement statement seolah olah ada dikotomi, kemudian disampaikan juga masyarakat akan kembali ada dwifungsi ABRI, tidak begitu. Secara subtansi apa yang sedang dilakukan revisi ini untuk perkuatan TNI sebagai institusi negara kita sangat penting, baik melindungi kedaulatan bangsa kita maupun menyelesaikan berbagai permasalahan permasalahan bangsa kita, yang bangsa kita hadapi,"""" ujarnya. Prasetyo menuturkan penugasan-penugasan prajurit nantinya tidak juga bisa dikatakan dwifungsi ABRI. Menurutnya, semua pihak harus siap jika dibutuhkan. """"Jadi berkenaan misalnya penugasan penugasan, jangan itu kemudian dimaknai sebagai dwifungsi abri, tidak. Manakala dibutuhkan, tidak hanya TNi kita semua manakala dibutuhkan, dan memiliki keahlian kita harus siap,"""" ujarnya. Ia mengambil contoh dalam hal penanganan bencana yang turut melibatkan TNI hingga Polri. Menurutnya, justru TNI-Polri merupakan garda terdepan menjalankan tugas-tugas kebencanaan. """"Contoh misalnya dalam hal penanganan bencana, itu kan, saudara saudara kita semua kan tahu bahwa teman-teman TNI, teman-teman kepolisian tentunya beserta teman-teman lain, selalu menjadi garda terdepan dalam menjalankan tugas tugas penanganan bencana, misalnya seperti itu. Jadi jangan kemudian itu dimaknai sebagai dwifungsi ABRI tidak. Jadi kira kira itu tanggapan kami,"""" ujarnya.  DPR Sebut Ada 3 Pasal yang Diubah di RUU TNI: Usia Pensiun-Jabatan Sipil [Gambas:Video 20detik]"""
"Revisi UU TNI, Prajurit Aktif Bisa Isi Jabatan di 16 Lembaga Sipil,16 Mar 2025 10:17,https://news.detik.com/berita/d-7825522/revisi-uu-tni-prajurit-aktif-bisa-isi-jabatan-di-16-lembaga-sipil,""AnggotaKomisi I DPR, TB Hasanuddin, mengungkap hasil pembahasan Panitia Kerja (Panja)RUU TNIyang terlaksana di salah satu hotel kawasan Jakarta. TB Hasanuddin mengatakan ada penambahan satu kementerian atau lembaga (K/L) dari usulan 15 K/L yang semula disampaikan oleh pemerintah dalam daftar inventarisasi masalah (DIM) RUU TNI. Politikus PDIP itu menyebutkan, berdasarkan Undang-Undang Nomor 34 Tahun 2004 tentang TNI, ada 10 kementerian atau lembaga sipil yang bisa diisi oleh prajurit aktif. Terbaru, pemerintah mengusulkan lima tambahan K/L dalam revisi UU TNI, yakni Kelautan dan Perikanan, BNPB, BNPT, Keamanan Laut, serta Kejagung. """"Tadi juga didiskusikan ya, itu ada penambahan yang pertama itu UU Nomor 34 Tahun 2004, itu kan 10. Kemudian, muncul dalam revisi itu adalah 5. Mungkin sudah tahu ya teman-teman,"""" kata TB Hasanuddin di Hotel Fairmont, Jakarta Pusat, Sabtu (15/3/2025). SCROLL TO CONTINUE WITH CONTENT TB Hasanuddin menyatakan, berdasarkan rapat panja, terdapat usulan tambahan lembaga yang bisa diisi oleh prajurit aktif. Lembaga tersebut adalah Badan Nasional Pengelola Perbatasan (BNPP). """"Sekarang ada di tambah 1, yaitu Badan Pengelola Perbatasan, satu, ya. Karena dalam perpres itu dan dalam kenyataannya, Badan Pengelola Perbatasan yang rawan perbatasan itu memang ada penempatan anggota TNI itu,"""" ujar TB Hasanuddin. Ia mengatakan prajurit di luar 16 kementerian atau lembaga yang ditetapkan oleh DPR dan pemerintah harus mengundurkan diri dari jabatannya. Ia menyebutkan 16 kementerian atau lembaga ini sudah final dirundingkan oleh Panja RUU TNI. """"Kemudian pertanyaan tadi soal penempatan prajurit TNI ya, di tempat lain, di luar yang 16 itu tetap harus mengundurkan diri. Jadi kalau itu sudah final,"""" kata TB Hasanuddin. """"Sudah (sepakat), kan saya (bilang) dari 15 jadi 16, satu adalah Badan Perbatasan ya, gitu,"""" tambahnya. Berikut ini 16 institusi yang bisa dijabat prajurit aktif TNI berdasarkan revisi undang-undang: 1. Koor Bid Polkam2. Pertahanan Negara3. Setmilpres4. Inteligen Negara5. Sandi Negara6. Lemhannas7. DPN8. SAR Nasional9. Narkotika Nasional10. Kelautan dan Perikanan11. BNPB12. BNPT13. Keamanan Laut14. Kejagung15. Mahkamah Agung16. Badan Nasional Pengelola Perbatasan (BNPP)"""
"Arahan Prabowo Soal Revisi UU TNI: Minta Prajurit di Jabatan Sipil Pensiun Dini,12 Mar 2025 05:22,https://news.detik.com/berita/d-7818831/arahan-prabowo-soal-revisi-uu-tni-minta-prajurit-di-jabatan-sipil-pensiun-dini,""Menteri Pertahanan, Sjafrie Sjamsoeddin, mengatakanPresiden Prabowo Subiantomemberikan masukan terkaitrevisi UU TNIyang saat ini dibahas oleh DPR RI dan pemerintah. Sjafrie menyebut Presiden ingin aturan prajurit TNI yang ditugaskan di kementerian atau lembaga (K/L) untuk pensiun dini. """"Untuk revisinya ini presiden Republik Indonesia selaku panglima tertinggi juga telah memberikan petunjuk kepada Menteri Pertahanan, untuk para prajurit TNI yang akan ditugaskan di kementerian dan lembaga, itu harus pensiun dan kita sebut pensiun dini,"""" kata Sjafrie usai melaksanakan rapat kerja di Komisi I DPR, Senayan, Jakarta Pusat, Selasa (11/3/2025). Sjafrie menyebut keputusan itu harus terukur dan memegang teguh Sapta Marga TNI. Adapun Komisi I DPR dan pemerintah pada rapat ini juga sepakat untuk membentuk Panja (panitia kerja) yang dipimpin oleh Ketua Komisi I Utut Adianto. SCROLL TO CONTINUE WITH CONTENT """"Setelah pensiun, baru kita usulkan ke kementerian dan lembaga yang dimaksud. Tentunya sesuai dengan kapabilitas dan eligibilitas, harus terukur dan yang paling penting dia loyal kepada negara, Seperti halnya seperti prajurit tni, memegang teguh sapta marga,"""" ujar Sjafrie. """"Ini akan dibahas di dalam Panja, yang akan dipimpin Ketua Komisi I dan masing-masing Menteri Hukum menugaskan eselon 1, sedangkan Menkeu menugaskan eselon 1, Mensesneg menugaskan eselon 1,"""" sambungnya. Menhan sebelumnya mengungkap usulan perubahan pasal pada revisi Undang-Undang tentang TNI. Pihaknya ingin ada aturan yang memperjelas batasan dan mekanisme pelibatan TNI di jabatan non militer. """"Perubahan undang-undang TNI diajukan oleh pihak DPR RI diperlukan untuk memberikan landasan hukum yang lebih jelas terhadap peran TNI, ada tugas lain selain perang tanpa melanggar prinsip demokrasi dan supremasi sipil,"""" ujar Sjafrie dalam rapat. Ia menyebut ada empat fokus yang ditekankan oleh pihaknya. Salah satunya, terkait kebijakan modernisasi alutsista hingga batasan pelibatan TNI di tugas non militer. """"Satu, memperkuat kebijakan modernisasi Alutsista dan industri pertahanan di dalam negeri. Dua, memperjelas batasan dan mekanisme pelibatan TNI dalam tugas non militer,"""" ujar Sjafrie. """"Tiga, meningkatkan kesejahteraan prajurit serta jaminan sosial bagi prajurit. Empat, menyesuaikan ketentuan terkait kepemimpinan jenjang karir dan usia pensiun sesuai dengan kebutuhan organisasi,"""" tambahnya. Dalam momen ini, Menhan juga menyertakan pasal-pasal perubahan di RUU TNI dari pemerintah. Adapun yang ditekankan, yakni kedudukan TNI (Pasal 3), penempatan prajurit TNI di kementerian atau lembaga (pasal 47) dan batas usia pensiun (pasal 53). Simak juga Video: Baleg DPR Batalkan Pembahasan RUU TNI-Polri, Serahkan ke Periode Selanjutnya [Gambas:Video 20detik]"""
"Apa Itu Dwifungsi ABRI yang Dikaitkan dengan Revisi UU TNI? Ini Penjelasannya,17 Mar 2025 12:25,https://www.detik.com/jogja/berita/d-7827005/apa-itu-dwifungsi-abri-yang-dikaitkan-dengan-revisi-uu-tni-ini-penjelasannya,""Memasuki pekan ketiga Maret 2025, masyarakat Indonesia tengah ramai membahas dwifungsi ABRI dan revisi UU TNI. Tahukah detikers apa itu dwifungsi ABRI? Berikut penjelasan ringkas plus sejarahnya. DilansirdetikNews, Komisi 1 DPR RI dan pemerintah menggelar Rapat Panitia Kerja (Panja) dengan fokus bahasan Revisi Undang-Undang (RUU) TNI. Rapat ini sudah digelar sejak Jumat siang dan terus berlanjut hingga Sabtu malam (15/3/2025). Pada hari Sabtu tersebut, tiga orang yang mengatasnamakan diri dari Koalisi Reformasi Sektor Keamanan datang dan meminta rapat Panja RUU TNI dihentikan. Mereka menilai pembahasan revisi ini tidak transparan sekaligus mempersoalkan masalah dwifungsi ABRI. SCROLL TO CONTINUE WITH CONTENT """"Bapak-Ibu yang terhormat, yang katanya ingin dihormati, kami menolak adanya pembahasan di dalam, kami menolak adanya dwifungsi ABRI, hentikan proses pembahasan RUU TNI,"""" ujar Andrie, salah seorang peserta aksi, di Hotel Fairmont, Senayan, Jakarta Pusat. Aksi Andrie dan kawan-kawan kemudian memicu perbincangan hangat masyarakat seputar dwifungsi ABRI yang dahulu pernah terjadi. Apa itu? Yuk, simak pembahasan mengenai dwifungsi ABRI dan sejarahnya berikut ini! Menurut Kamus Besar Bahasa Indonesia (KBBI), dwifungsi berarti fungsi ganda atau rangkap. Sementara itu, ABRI adalah singkatan dari Angkatan Bersenjata Republik Indonesia. Sebutan ABRI ini terus digunakan hingga TNI dan Polri dipisah pada 1 April 1999 silam. Lebih lanjut, Muhammad Eriton, SH MH CLA, dosen hukum tata negara di Fakultas Hukum Universitas Jambi, mengartikan dwifungsi ABRI sebagai terembannya dua fungsi di pundak ABRI. Keduanya adalah fungsi sebagai kekuatan pertahanan keamanan dan sosial politik. """"Fungsi sebagai kekuatan sosial politik hakikatnya adalah tekad dan semangat pengabdian ABRI untuk ikut secara aktif berperan serta bersama-sama dengan segenap kekuatan sosial politik lainnya memikul tugas dan tanggung jawab perjuangan bangsa Indonesia dalam mengisi kemerdekaan dan kedaulatannya,"""" tulis Eriton. Dwifungsi ABRI ini pada mulanya bertujuan untuk mewujudkan stabilitas nasional yang mantap dan dinamik dalam segenap aspek kehidupan bangsa. Namun, dalam eksekusinya, dwifungsi ABRI justru melenceng dari tujuan sehingga memicu peristiwa Reformasi 1998. Dirangkum dari Jurnal Kalpataru berjudul 'Mengulik Sejarah Penerapan Dwifungsi ABRI pada Masa Orde Baru' oleh Tazkia Kamila Sofuan, konsep dwifungsi ABRI dimunculkan oleh Jenderal Abdul Haris Nasution. Konsep ini terpikir oleh sang jenderal karena terinspirasi pemikiran Karl von Clausewitz, seorang jenderal dari Prussia. Jenderal Nasution berpendapat, hubungan antara sipil dan militer harus berlandaskan kerja sama yang selaras dan harmonis. Pihak militer juga berhak mengetahui persoalan-persoalan kebijakan politik pemerintahan. Secara gamblang, Jenderal Nasution menyatakan bahwasanya ABRI berhak diikutsertakan dalam lembaga-lembaga negara, baik eksekutif maupun legislatif. Konsep dwifungsi ini dikenal dengan nama Konsep Jalan Tengah pada waktu itu. Perlu dicatat, Jenderal Nasution tidak berkeinginan agar ABRI mendominasi. Hanya saja, beliau ingin agar ABRI yang notabene merupakan penjaga keamanan, diikutsertakan ketika pemerintah sedang menyusun kebijakan politik negara. Biarpun pada mulanya ditolak, konsep dwifungsi ABRI kemudian perlahan-lahan mendapat dukungan dan diterima. Setelah perjuangan, pemikiran Jalan Tengah dari Jenderal Nasution dilegitimasi melalui penggolongan ABRI menjadi golongan fungsional dalam kerangka konstitusional UUD 1945 via sidang Dewan Nasional tertanggal 19-21 November 1958. Setelah itu, dwifungsi ABRI mulai diterapkan, baik pada masa pemerintahan Presiden Soekarno maupun Presiden Soeharto. Namun, pada masa Orde Baru, dwifungsi ABRI justru mengakibatkan dominasi militer dalam segala aspek pemerintahan. Pada saat itu, militer tidak hanya bertugas menjaga ketertiban dan keamanan, tetapi turut mengatur kekuasaan pemerintahan. Lamat laun, muncul fraksi-fraksi dalam ABRI padahal semestinya ABRI tetap bersatu dan fokus menjaga kedaulatan RI. Masuknya ABRI dalam tubuh pemerintahan secara massal kemudian menyebabkan masalah baru. Misalnya, karena terlalu banyak anggota ABRI dalam lembaga legislatif, kebijakan-kebijakan yang dihasilkan menjadi bias. Pada saat itu, praktis dikatakan ABRI menjadi alat militer untuk memperkuat legitimasi penguasa. Lebih lanjut, disadur dari Jurnal Salome berjudul 'Problematika Dwifungsi ABRI' oleh Fatimah Aqilah Ichtiari dkk, menyimpangnya fungsi ABRI dalam konsep Jalan Tengah Jenderal Nasution kemudian memicu Reformasi 1998 terjadi. Salah satu tuntutan reformasi tersebut adalah agar ABRI kembali fokus pada tugas utamanya, yakni kekuatan pertahanan dan keamanan negara. Perlahan-lahan, dwifungsi ABRI mulai dihapuskan. Puncak berakhirnya dwifungsi ini adalah pembubaran fraksi TNI/Polri dari DPR pada tahun 2004. Dengan demikian, ABRI, yang kini bernama TNI, bisa lebih fokus terhadap tugas utamanya. Demikian pembahasan ringkas mengenai pengertian dwifungsi ABRI dan sejarahnya. Semoga menambah wawasan detikers sekalian, ya!"""
"Aksi Tolak Revisi UU TNI di DPR, Massa Serukan 'Selain Sipil Dilarang Masuk',27 Mar 2025 16:58,https://news.detik.com/berita/d-7844804/aksi-tolak-revisi-uu-tni-di-dpr-massa-serukan-selain-sipil-dilarang-masuk,""Sejumlah orang yang menamakan diri Koalisi Masyarakat Sipil menggelar demo di depan gedung DPR/MPR RI sore ini. Mereka menolak tegas pengesahanRUU Nomor 34 Tahun 2004 tentang TNI. Sejumlah spanduk berisikan nada penolakan pun dipasang oleh mereka. Massa aksi juga membawa selebaran-selebaran yang berisikan pesan penolakan atas pengesahan RUU TNI menjadi undang-undang oleh DPR RI. Tuntutan yang disampaikan oleh mereka seperti 'Yang Pensiun Aja Rakus, Gimana Yang Aktif!'. Ada juga poster bertuliskan 'Selain Sipil, Dilarang Masuk!', kemudian 'Kembalikan TNI ke Barak' hingga 'Ranah Khusus Sipil, Kembalikan Militer ke Barak'. SCROLL TO CONTINUE WITH CONTENT Selain itu, massa aksi ini turut membacakan puisi-puisi perjuangan secara emosional. Mereka juga sempat menyampaikan orasi-orasi yang terus membakar semangat massa aksi. Hingga saat ini, arus lalu lintas di Jalan Gatot Subroto depan gedung DPR/MPR RI tersendat lantaran aksi yang dilakukan. Kendaraan sementara dialihkan menuju jalur TransJakarta. Sebagai informasi, DPR RI resmi mengesahkan Rancangan Undang-Undang tentang Perubahan atas Undang-Undang Nomor 34 Tahun 2004 tentang Tentara Nasional Indonesia atau RUU TNI menjadi undang-undang. Keputusan ini diambil dalam rapat paripurna yang dihadiri oleh sejumlah menteri. Rapat terselenggara di ruang paripurna, gedung DPR RI, Senayan, Jakarta Pusat, Kamis (20/3). Rapat dipimpin oleh Ketua DPR RI Puan Maharani yang didampingi Wakil Ketua DPR yang lain, seperti Sufmi Dasco Ahmad, Saan Mustopa, dan Adies Kadir. Menteri Pertahanan Sjafrie Sjamsoeddin, Panglima TNI Jenderal Agus Subiyanto, Wamenkeu Thomas Djiwandono, hingga Menteri Sekretaris Negara Prasetyo Hadi hadir dalam rapat paripurna. Puan kemudian mempersilakan Ketua Panja RUU TNI, Utut Adianto, menyampaikan laporan pembahasan RUU TNI. Lihat Video 'Massa Demo Tolak UU TNI Berdatangan ke DPR, Lalin Ditutup': [Gambas:Video 20detik]"""
"Koalisi Sipil Tolak Revisi UU TNI di DPR: Potensi Kembalikan Dwifungsi ABRI,21 Feb 2025 11:58,https://news.detik.com/berita/d-7788832/koalisi-sipil-tolak-revisi-uu-tni-di-dpr-potensi-kembalikan-dwifungsi-abri,""Koalisi Masyarakat SipilmengkritikRevisi UU Nomor 34 Tahun 2004 tentang TNI (UU TNI)yang disahkan DPR menjadi prolegnas priotitas 2025. Koalisi menyebut revisi itu berpotensi mengembalikan dwifungsi ABRI. Koalisi Masyarakat Sipil ini terdiri dari Imparsial, YLBHI, KontraS, PBHI Nasional, Amnesty International Indonesia, ELSAM, Human Right Working Group (HRWG), WALHI, SETARA Institute, Centra Initiative, Lembaga Bantuan Hukum (LBH) Jakarta, Lembaga Bantuan Hukum (LBH) Pers, Lembaga Bantuan Hukum (LBH) Masyarakat, Lembaga Bantuan Hukum (LBH) Surabaya Pos Malang, Aliansi untuk Demokrasi Papua (ALDP), Public Virtue, Institute for Criminal Justice Reform (ICJR), Aliansi Jurnalis Independen (AJI) Jakarta dan Perhimpunan Pembela Masyarakat Adat Nusantara (PPMAN). """"Pada hari Kamis, 13 Februari 2025 Presiden Prabowo Subianto mengirimkan Surat Presiden (Surpres) kepada DPR RI untuk Revisi UU No. 34 Tahun 2004 tentang TNI (UU TNI). Berdasarkan Rancangan Revisi UU TNI 2024 yang diperoleh oleh Koalisi Masyarakat Sipil untuk Reformasi Sektor Keamanan (Koalisi RSK) terdapat beberapa perubahan yang akan mengembalikan peran dan fungsi sosial dan politik TNI seperti pada saat TNI menjadi tulang punggu pemerintahan Orde Baru,"""" kata Koalisi Masyarakat Sipil dalam keterangan pers tertulisnya, Jumat (21/2/2025). SCROLL TO CONTINUE WITH CONTENT Koalisi menekankan perubahan tersebut dapat memperluas penempatan TNI di kementerian dan juga lembaga, serta perpanjangan masa pensiun prajurit. Koalisi memandang terdapat tiga usulan perubahan yang bermasalah yaitu adanya perluasan jabatan sipil yang dapat diduduki oleh prajurit TNI aktif hingga penambahan usia pensiun prajurit TNI. """"Koalisi memandang, Perubahan Pasal 47 Ayat (2) ini sebenarnya tak lain merupakan upaya Prabowo untuk melegitimasi penempatan TNI aktif yang sudah dilakukannya secara tidak sah dan bertentangan dengan UU TNI sejak awal Pemerintahannya berlangsung, misalnya dalam penempatan Mayor Teddy sebagai Sekretaris Kabinet dan Mayjen TNI Novi Helmy sebagai Direktur Utama Perum Bulog,"""" kata Koalisi Masyarakat Sipil. """"Parahnya, ketimbang melakukan evaluasi dengan mengacu kepada UU TNI, dalam konteks penempatan pada posisi Seskab, pemerintah justru melakukan akrobatik hukum dengan melakukan perubahan regulasi terkait struktur Seskab,"""" imbuhnya. Koalisi mengatakan sebelumnya dalam Perpres Nomor 55 Tahun 2020 tentang Sekretariat Kabinet, Pasal 1 ayat (1) mengatur bahwa Sekretariat Kabinet berada di bawah dan bertanggung jawab kepada Presiden. Struktur ini kemudian diubah melalui Pepres No. 148 Tahun 2024 tentang Kementerian Sekretariat Negara karena dalam Pasal 48 ayat (1) Perpres a quo, Sekretaris Kabinet disebutkan menjadi bagian dari Sekretariat Militer Presiden. Koalisi mencatat terdapat 2.569 prajurit TNI aktif di jabatan sipil pada tahun 2023, di mana 29 prajurit di antaranya merupakan perwira aktif menduduki jabatan sipil di luar lembaga yang ditetapkan oleh UU TNI. Penempatan prajurit TNI aktif dalam jabatan sipil mengabaikan spesialisasi, kompetensi, pengalaman, serta masa pengabdian ASN di instansi terkait. """"Selain itu, perubahan ini juga dapat menjadi legitimasi kebijakan keliru dalam pelibatan dan mobilisasi TNI dalam menjalankan program-program Pemerintahan Prabowo dalam urusan sipil dan domestik, seperti Makan Bergizi Gratis (MBG), Distribusi Gas Elpiji, ketahanan pangan, penjagaan kebun sawit, pelaksanaan Proyek Strategis Nasional (PSN) serta penertiban dan penjagaan kawasan hutan bahkan sampai pengelolaan ibadah haji. Koalisi menilai, kebijakan tersebut dapat membuat TNI berhadapan secara langsung dengan masyarakat lokal dan adat serta berisiko menimbulkan pelanggaran HAM,"""" kata Koalisi. """"Penempatan TNI di luar fungsinya sebagai alat pertahanan negara bukan hanya salah, tetapi akan memperlemah profesionalisme TNI itu sendiri. Profesionalisme dibangun dengan cara meletakkan TNI dalam fungsi aslinya sebagai alat pertahanan negara dan bukan menempatkannya dalam fungsi dan jabatan sipil lain yang bukan merupakan kompetensinya,"""" imbuhnya. Tak hanya itu, kata Koalisi, dampak lain dari penempatan prajurit TNI aktif pada jabatan sipil dan urusan sipil-domestik adalah mengenai akuntabilitas dan transparansi. Koalisi menilai sampai dengan saat ini tidak ada satu cabang kekuasaan atau lembaga apapun yang dapat mengawasi TNI secara efektif, sekalipun itu DPR RI. """"Selain itu kebijakan seperti ini juga dapat membuat hubungan sipil-militer menjadi tegang karena perubahan ini akan merusak pola organisasi, jenjang karir atau kebijakan dan manajemen ASN karena ceruk Prajurit TNI untuk mengambil alih semua jabatan sipil yang tersedia semakin luas,"""" tutur Koalisi. Koalisi menilai usulan penambahan usia prajurit dari 58 tahun menjadi 60 tahun untuk perwira, serta dari 53 tahun menjadi 58 tahun untuk bintara dan tamtama akan memicu inefisiensi pada tubuh TNI. Mereka menyebut kondisi tersebut akan melanggengkan masalah klasik di mana adanya penumpukan (surplus) perwira TNI non-job. """"Usulan tersebut akan memicu inefisiensi pada tubuh TNI, dapat menambah beban anggaran di sektor pertahanan, menghambat regenerasi, serta membuat macet jenjang karir dan kepangkatan. Kondisi tersebut akan melanggengkan masalah klasik dimana adanya penumpukan (surplus) perwira TNI non-job. Alih-alih melakukan kebijakan percepatan pensiun terhadap perwira TNI non-job perubahan usia pensiun ini juga akan berpotensi mengkaryakan mereka di luar instansi militer seperti pada jabatan sipil dan urusan sipil-domestik lainya seperti yang sudah dijelaskan sebelumnya,"""" ujar Koalisi. Koalisi menyoroti adanya upaya politisasi militer yang tertuang dalam Pasal 53 Ayat (3), yang memungkinkan perpanjangan masa jabatan bagi perwira tinggi bintang empat berdasarkan keputusan Presiden. Mereka menyebut hal itu yang akan membuat perwira tinggi bintang empat tersebut rentan digunakan dalam agenda politik kekuasaan yang berfungsi kembalinya dwifungsi ABRI. """"Jika revisi ini tetap dijalankan, maka Indonesia akan menghadapi ancaman kembalinya Dwifungsi ABRI dalam politik dan pemerintahan, yang bertentangan dengan cita-cita reformasi,"""" kata Koalisi. Atas hal-hal tersebut, Koalisi Masyarakat Sipil untuk Reformasi Sektor Keamanan mendesak pemerintah untuk menghentikan pembahasan revisi UU TNI. Mereka menegaskan seharusnya DPR dan pemerintah fokus mendorong agenda reformasi TNI yang mengalami regresi. """"Kami Koalisi RSK mendesak Pemerintah untuk menghentikan pembahasan revisi UU TNI. Seharusnya DPR dan Pemerintah tidak melanjutkan pembahasan revisi UU TNI dan memfokuskan pada mendorong agenda reformasi TNI yang mengalami regresi, membentuk UU Tugas Perbantuan, reformasi sistem peradilan militer dan restrukturisasi komando teritorial (Koter), melakukan evaluasi dan koreksi secara menyeluruh terhadap penyimpangan tugas pokok TNI, serta membangun sistem pengawasan internal dan eksternal terhadap TNI yang efektif, akuntabilitas dan transparan,"""" tutur Koalisi Masyarakat Sipil. Simak juga Video 'Baleg DP"""
"Pendemo Protes Pembahasan RUU TNI: Kita Nggak Punya Draf Resmi,20 Mar 2025 13:16,https://news.detik.com/berita/d-7832703/pendemo-protes-pembahasan-ruu-tni-kita-nggak-punya-draf-resmi,""Massa terus menggelar demonstrasi menolak revisi Undang-Undang (UU)TNIyang telah disahkan menjadi UU oleh DPR. Massa mempersoalkan pembahasan RUU TNI yang dianggap tidak transparan. """"Terhitung sampai tadi malam, kita nggak punya draf resmi, kita nggak punya draf resmi, kita nggak punya draf resmi dan jangan bilang saya bodoh, karena saya magister hukum, saya tahu cara peraturan undang-undang dan saya pernah terlibat di peraturan undang-undang untuk audiensi dan lain-lain,"""" demikian orasi yang disampaikan orator di depan gerbang Pancasila DPR/MPR/DPD RI, Jakarta Pusat, Kamis (20/3/2025). Dia menyebutkan proses pembahasan RUU TNI di Komisi I DPR tidak memiliki etika. Dia menegaskan rakyat harus bersatu agar supremasi sipil ditegakkan. SCROLL TO CONTINUE WITH CONTENT """"Jadigini loh. Kalau misalkan penguasa udah nggak ada etikanya, dia sudah melanggar hukum. Terus kita dituntut 'Ayo jaga ketertiban, ayo jalan langgar hukum'. Merekanyangelanggar, aneh nggak?"""" lanjur orator tersebut. Seperti diketahui, DPR RI resmi mengesahkan Rancangan Undang-Undang tentang Perubahan atas Undang-Undang Nomor 34 Tahun 2004 tentang Tentara Nasional Indonesia atau RUU TNI menjadi undang-undang. Pengesahan tetap dilakukan meski banyak kritik dari kelompok sipil terhadap revisi UU TNI. Ada sejumlah pasal kontroversial dalam RUU TNI yang menuai kritik. Antara lain soal tambahan tugas operasi militer selain perang, penempatan prajurit TNI aktif di lembaga lain, dan perpanjangan usia pensiun. SimakVideo: Dasco Pastikan Masyarakat Dapat Akses Draf Akhir RUU TNI di Laman DPR [Gambas:Video 20detik]"""
"Pendemo Tolak UU TNI Duduki Jalan Depan Grahadi, Jalanan Surabaya Macet,24 Mar 2025 18:20,https://www.detik.com/jatim/berita/d-7839587/pendemo-tolak-uu-tni-duduki-jalan-depan-grahadi-jalanan-surabaya-macet,""Massa yang semula berdiri di depan pintu masuk sisi timur tiba-tiba melempari botol air mineral, batu, mercon ke arah polisi yang berjaga di depan Gedung Grahadi Surabaya. Bahkan massa tampak melempar molotov ke area dalam Gedung Grahadi Surabaya. Dari pantauan detikJatim, tampak kawat berduri di depan Grahadi berusaha ditarik massa sekitar pukul 16.15 WIB, Senin (24/3/2025). Massa seakan tidak takut dengan polisi yang berjaga. Mereka terus melempar polisi dengan mercon, batu. Polisi langsung menyemprot massa dengan air dari water cannon secara terus-terusan. Selama aksi, water cannon berjaga di sisi timur. SCROLL TO CONTINUE WITH CONTENT Water cannon berusaha menghalau massa yang terus melempari botol, mercon, batu dan lain-lain. Massa disemprot air terus-terusan agar menghentikan aksinya. Dari pantauan detikJatim, massa tak henti-hentinya melempar petugas berjaga silih berganti. Bahkan massa tampak merusak pintu Gedung Grahadi. """"Iki rakyat, ajok sak karepe dewe (Ini rakyat, jangan semena-mena),"""" teriak salah satu massa di lokasi yang terus melempar batu ke arah Gedung Negara Grahadi. Sementara arus lalu lintas di sekitar Gedung Negara Grahadi macet tak bergerak. Apalagi bertepatan dengan jam pulang kantor. Pengguna jalan yang terjebak macet tidak menyangka kawasan Gubernur Suryo ditutup. """"Saya kira jam 4 sore dibuka, malah dengernya malah pendemo rame ama polisi,"""" keluh Alda (45), salah satu warga Nyamplungan yang akan buka bersama di kawasan Gubeng kepada detikJatim. Hingga pukul 18.00 WIB, kawasan Kayoon Embong Malang, Jalan Pemuda, depan kantor Pemkot Surabaya Jalan Walikota Mustajab, Grand City Jalan Kusuma Bangsa, Jalan Panglima Sudirman dan Jalan Kayoon juga macet."""
"Kembali Beraksi, Pendemo Tolak UU TNI Dipukul Mundur hingga Alun-alun Surabaya,24 Mar 2025 18:36,https://www.detik.com/jatim/berita/d-7839601/kembali-beraksi-pendemo-tolak-uu-tni-dipukul-mundur-hingga-alun-alun-surabaya,""Setelah buka puasa dan berhenti kurang lebih 30 menit, pendemo kembali melempari petugas kepolisian yang berjaga di depan Gedung Negara Grahadi. Massa melempari batu, botol maupun serpihan pedestrian yang rusak ke arah polisi. Polisi yang memakai tameng terus mendesak pendemo untuk bubar. Bahkan water cannon tampak turut maju menuju massa yang berada di depan Alun-Alun Surabaya. Polisi meminta massa tetap kondusif. """"Allahu Akbar. Pasukan belok, maju-maju,"""" teriak salah satu komando yang melihat pendemo kembali melempari petugas, Senin (24/3/2025). SCROLL TO CONTINUE WITH CONTENT Dari pantauan detikJatim pukul 18.20 WIB, massa tampak tidak takut dengan aksi polisi yang mendesaknya mundur. Mereka terus melempari polisi dengan batu, botol dan lain-lain."""
"Massa Tolak UU TNI dan Polisi Sempat Tenang Saat Azan Magrib Berkumandang,24 Mar 2025 18:24,https://www.detik.com/jatim/berita/d-7839595/massa-tolak-uu-tni-dan-polisi-sempat-tenang-saat-azan-magrib-berkumandang,""Demo tolak TNI di Grahadi dinterupsi azan Magrib. Massa aksi maupun polisi pun menurunkan tensi untuk saling tenang dan mengkondusifkan suasana. Massa yang menyebar di beberapa titik pun mulai tenang dan berbuka puasa. Mereka saling berbagi air minum maupun makanan ringan untuk membatalkan puasa. Bahkan sejumlah pendemo dan polisi saling bersalaman. Namun massa masih bertahan dan belum membubarkan barisan. SCROLL TO CONTINUE WITH CONTENT """"Buko sek rek,"""" kata salah satu pendemo, Minggu (24/3/2025). Setelah berbuka puasa, massa kembali ke tempat kumpulannya. Polisi juga mulai merapatkan barisan. Pimpinan polisi juga mengimbau pasukan untuk tidak maju sebelum ada perintah. """"Anggota tidak ada yang maju kecuali perintah,"""" kata salah satu pimpinan polisi."""
"Demo Tolak UU TNI di Sukabumi, Massa Lempar Cat-Polisi Tembakan Water Canon,24 Mar 2025 17:07,https://www.detik.com/jabar/berita/d-7839494/demo-tolak-uu-tni-di-sukabumi-massa-lempar-cat-polisi-tembakan-water-canon,""Aksi unjuk rasa yang dilakukan oleh Aliansi Badan Eksekutif Mahasiswa Sukabumi (ABSI) berujung ricuh. Massa yang awalnya berdemo secara damai mulai melemparkan cat ke arah aparat kepolisian. Situasi memanas hingga polisi menembakkan water cannon untuk membubarkan massa. Dalam aksi yang digelar di depan DPRD Kota Sukabumi, ratusan mahasiswa turun ke jalan menyuarakan tuntutan mereka terhadap kebijakan pemerintah yang dinilai tidak berpihak pada rakyat. Demonstrasi itu dilakukan sebagai bentuk protes terhadap berbagai kebijakan terkait TNI, demokrasi, dan transparansi pemerintahan. Salah satu orator dalam aksi tersebut dengan lantang menyampaikan tuntutan mereka. """"Melihat situasi akhir-akhir ini, ketika hukum diombang-ambing oleh para penguasa, maka hanya ada satu kata: lawan!,"""" teriak orator. SCROLL TO CONTINUE WITH CONTENT Massa mengklaim bahwa aksi mereka sudah terorganisir dengan baik dan berdasarkan kajian yang matang. Namun, mereka kecewa karena dihadang kawat berduri yang dipasang aparat. """"Kita hanya ingin masuk untuk membacakan tuntutan. Apa yang kita suarakan saat ini sudah menjadi undang-undang!,"""" lanjutnya. Situasi mulai memanas ketika mahasiswa yang frustrasi karena tidak diberi akses masuk mulai melempar cat ke arah petugas. Polisi yang berjaga langsung merespons dengan menyemprotkan water cannon untuk menghalau massa yang semakin beringas. Belum ada laporan resmi mengenai korban dalam insiden ini. Namun, aksi saling dorong sempat terjadi antara mahasiswa dan aparat kepolisian. Hingga berita ini diturunkan, situasi di lokasi masih dalam penjagaan ketat. Polisi belum memberikan keterangan resmi terkait insiden ini. Sementara itu, dalam aksinya, mahasiswa menuntut untuk menolak militerisasi jabatan sipil karena bertentangan dengan semangat reformasi TNI dan supremasi sipil. Kemudian mereka mendesak DPR dan pemerintah untuk memastikan TNI tetap netral dan tidak terseret dalam dinamika politik praktis melalui mekanisme hukum yang lebih ketat dan membatasi keterlibatan TNI dalam urusan sipil sesuai amanat UU No. 34 Tahun 2004 agar tidak terjadi penyalahgunaan kekuasaan dan pelanggaran hak asasi manusia. Mendesak DPR untuk melibatkan publik, akademisi, dan masyarakat sipil dalam proses pembahasan revisi RUU TNI guna memastikan perubahan undang-undang tetap sesuai dengan prinsip demokrasi dan memastikan bahwa revisi RUU TNI tidak menjadi langkah mundur dalam reformasi militer dan supremasi sipil yang telah diperjuangkan sejak 1998. Kemudian, mengecam keras pemerintah atas kebijakan yang tidak berorientasi kepada kesejahteraan rakyat dan ini harus segera dihentikan, menuntut presiden untuk mengesahkan RUU perampasan aset para koruptor, mendesak DPR RI terhadap transparansi informasi yang sedang dirapatkan, dalam rapat terbuka maupun rapat tertutup. Massa juga menuntut agar masuk ruang DPRD. Unjuk rasa di depan Gedung DPRD Kota Sukabumi berakhir ricuh. Demonstrasi yang dimulai dengan penyampaian orasi berubah menjadi chaos setelah massa aksi memaksa masuk ke dalam gedung. Polisi yang berjaga pun bertindak tegas dengan menembakkan water canon hingga beberapa mahasiswa diamankan dan beberapa lainnya harus dilarikan ke rumah sakit. Ratusan mahasiswa ini turun ke jalan untuk menyuarakan tuntutan terkait revisi RUU TNI dan transparansi kebijakan pemerintah. Mereka meminta bertemu langsung dengan perwakilan DPRD, namun dihadang barikade kawat berduri dan aparat kepolisian. Tak kunjung mendapat izin masuk, massa mulai mendorong barikade dan melempar cat ke arah polisi. Aksi dorong-mendorong pun terjadi, hingga akhirnya aparat menembakkan water cannon untuk membubarkan massa. Kericuhan semakin tidak terkendali ketika polisi menembakan water canon yang kedua kalinya. Sejumlah mahasiswa berlarian ke arah atas dan bawah Jalan Dago atau Jalan Ir H Djuanda. Aparat kepolisian pun menangkap beberapa demonstran yang dianggap sebagai provokator dalam aksi tersebut. Selain itu, sejumlah mahasiswa mengalami luka-luka akibat bentrokan dan harus dilarikan ke rumah sakit. Beberapa di antaranya mengalami sesak napas diduga terkena pukul. """"Kena pukul kak. Iya sesak, tadi sudah kami berikan oksigen dan dilarikan ke IGD RSUD Syamsudin SH,"""" kata salah satu tim medis yang berada di lokasi. Dalam aksinya, mahasiswa menyampaikan sejumlah tuntutan, di antaranya menolak militerisasi jabatan sipil yang dinilai bertentangan dengan semangat reformasi TNI dan supremasi sipil. Mereka juga mendesak DPR untuk lebih transparan dalam pembahasan revisi RUU TNI. """"Kami tidak ingin demokrasi yang sudah diperjuangkan sejak 1998 justru mengalami kemunduran. RUU ini harus dikaji ulang dengan melibatkan publik dan akademisi,"""" tegas mahasiswa dalam oratornya. Mereka juga menuntut DPR untuk membuka rapat-rapat pembahasan kebijakan kepada publik serta mengesahkan RUU Perampasan Aset Koruptor. Hingga pukul 18.39 WIB, situasi di sekitar Gedung DPRD Kota Sukabumi masih dalam penjagaan ketat aparat kepolisian. Massa aksi pun masih bertahan di dekat BPK Penabur Kota Sukabumi."""
"Ramai Kecaman Penyerangan Awak Medis dan Pers Saat Demo UU TNI di Malang,24 Mar 2025 06:15,https://inet.detik.com/cyberlife/d-7838205/ramai-kecaman-penyerangan-awak-medis-dan-pers-saat-demo-uu-tni-di-malang,""Gelombang demonstrasi menolak revisi Undang-Undang TNI yang diduga membuka peluang kembalinya dwifungsi militer kembali memanas di Kota Malang. Aksi yang digelar pada Minggu malam, 23 Maret 2025, diwarnai bentrokan antara massa demonstran dengan aparat keamanan. Namun, yang menjadi sorotan utama adalah laporan serangan terhadap tenaga medis dan jurnalis yang tengah bertugas di lokasi, memicu kemarahan warganet di berbagai platform media sosial. SCROLL TO CONTINUE WITH CONTENT Sejumlah saksi mata melaporkan bahwa tenaga medis yang sedang memberikan pertolongan pertama kepada demonstran yang terluka menjadi sasaran kekerasan aparat. Bahkan ada laporan aparat melakukan sweeping hingga ke dalam rumah sakit. """"Kami mendapat kabar dari kawan-kawan, bahwa sampai detik ini polisi masih melakukan sweeping di berbagai lokasi di Kota Malang, termasuk Rumah Sakit tempat para korban di rawat dan kedai-kedai kopi yang mereka curigai sebagai tempat berkumpul,"""" ujar@tribunmelawan. Tak hanya itu, jurnalis yang sedang meliput peristiwa tersebut juga mendapat perlakuan serupa, mulai dari intimidasi hingga serangan fisik. """"Hari ini aku masih terselamatkan oleh kartu pers, tapi tidak dengan teman-temanku. Beberapa kawan dipukul dan dihajar ditempat. Bahkan kawan-kawan pers mahasiswa lain beberapa ada yang mendapat bogem mentah aparat meski sudah menunjukan kartu pers,"""" ungkap@petanigabut. """"haduh ya Allah aku udah balik kampung cuman krn tempat rantauankubsekarang di malang jadi khawatir banget sama keadaan disana sekarang.. apalagi banyak mahasiswa, warga, bahkan medis dan perempuan yang jadi korbanð­ð­ð­ sedih banget sediih.. kenapa aparat jadi kelewat batasð­ð­ð­,"""" ungkap @528yas. """"Malang bener-bener chaos, I hope y'all burn in hell. Gedung yang terbakar itu cuma simulasi. Masih gak kapok dan lupa sama tragedi Kanjuruhan ternyata. Jurnalis bahkan tenaga medis aja dihajar, dipukuli. Terus rakyat mana yang dilindungi?"""" tanya @Primroselie. """"Seharusnya dapat penanganan medis, malah diperlakukan kayak kriminal. Situasi ini ga cuma pelanggaran prosedur kemanusiaan, tapi bukti terang-terangan gimana negara memperlakukan rakyatnya yg bersuara sebagai ancaman yg harus dibungkam, bahkan ketika tubuh mereka udah ga berdaya,"""" kata @toketriot. """"Gak usah teriak-teriak demo Malang anarkis cuma karena gedung kebakar, anggaran mereka banyak buat buzzer, bungkam suara rakyat sampai nutupin berita. Satu gedung hilang gak bikin rugi negara,"""" ujar @sensesual. """"menggeruduk safe zone, tenda, dan tenaga medis? sweeping sampai ke rumah sakit? memukul perempuan? memukul pers? polisi malang emang punya DNA kebrutalan yang lebih gendeng ketimbang parcok-parcok lain. di kanjuruhan, insting binatangnya bahkan dipakai untuk membantai 1 keluarga,"""" tulis @berfirmanlah."""
"RUU TNI Disahkan, Puan Tegaskan Prajurit Aktif Dilarang Berbisnis-Berpolitik,20 Mar 2025 13:34,https://news.detik.com/berita/d-7832763/ruu-tni-disahkan-puan-tegaskan-prajurit-aktif-dilarang-berbisnis-berpolitik,""Ketua DPR RIPuan Maharanimenegaskan, dalamUU TNIyang baru, prajurit aktif tetap dilarang untuk berbisnis dan menjadi anggota partai politik. Puan mengatakan hanya 14 kementerian dan lembaga yang dapat diisi oleh anggota TNI aktif. """"Tetap dilarang, tidak boleh berbisnis, tidak boleh menjadi anggota parpol,"""" kata Puan di gedung MPR/DPR/DPD, Jakarta Pusat, Kamis (20/3/2025). Puan lagi-lagi menekankan hanya 14 posisi jabatan publik yang bisa diisi prajurit aktif. Di luar posisi tersebut, prajurit harus mundur. SCROLL TO CONTINUE WITH CONTENT """"Kalau di luar dari pasal 47 bahwa cuma ada 14 kementerian lembaga yang bisa diisi TNI aktif, yang TNI aktif itu harus mundur,"""" ujarnya. Puan berharap semua pihak membaca dengan teliti hasil revisi UU TNI. Ia meminta publik tak asal berburuk sangka. """"Jadi jangan ada kecurigaan, jangan ada prasangka dulu, mari kita sama-sama baca dengan baik setelah UU ini disahkan,"""" ujar Puan. """"Jangan apa-apa berburuk sangka, ini bulan Ramadan, bulan penuh berkah, kita sama-sama, harus mempunyai pikiran positif dahulu, sebelum membaca, sebelum melihat, jangan berprasangka,"""" lanjutnya. Adapun posisi jabatan publik yang bisa diisi prajurit aktif itu tertuang dalam pasal 47. Dalam pasal itu, ada penambahan 4 posisi jabatan publik yang bisa diisi TNI aktif dari yang sebelumnya 10 kini menjadi 14. Berikut ini lengkapnya: 1.â Kementerian Koordinator Bidang Politik dan Keamanan2.â Kementerian Pertahanan, termasuk Dewan Pertahanan Nasional3.â â Kesekretariatan negara yang menangani urusan kesekretariatan presiden dan kesekretariatan militer presiden4.â â Badan Intelijen Negara5.â â Badan Siber dan/atau Sandi Negara6.â â Lembaga Ketahanan Nasional7.â â Badan Search And Rescue (SAR) Nasional8.â â Badan Narkotika Nasional (BNN)9.â â Badan Nasional Pengelola Perbatasan (BNPP)10.â â Badan Penanggulangan Bencana11.â â Badan Penanggulangan Terorisme12.â â Badan Keamanan Laut13.â â Kejaksaan Republik Indonesia (Jaksa Agung Muda Bidang Tindak Pidana Militer)14.â â Mahkamah Agung SimakVideo: Puan soal UU TNI: Kami Kedepankan Supremasi Sipil-Hak Demokrasi [Gambas:Video 20detik]"""
"Kondisi Gedung DPRD Jabar Usai Demo Tolak UU TNI Berakhir Ricuh,22 Mar 2025 09:30,https://www.detik.com/jabar/berita/d-7835874/kondisi-gedung-dprd-jabar-usai-demo-tolak-uu-tni-berakhir-ricuh,""Aksi demonstrasi penolakan pengesahan Undang-undang TNI yang digelar di depan Gedung DPRD Jawa Barat, Jalan Diponegoro, Kota Bandung, Jumat (21/3) malam berakhir ricuh. Usai kejadian, massa aksi merusak fasilitas umum. PantauandetikJabar, Sabtu (22/3/2025) pagi sekitar Pukul 06.58 WIB, tembok depan gedung wakil rakyat dipenuhi coretan-coretan cat pilox yang berisikan tulisan-tulisan kritikan, salah satunya ditujukan ke Presiden Prabowo Subianto. Selain itu ada juga poster-poster kertas yang sama-sama bermuatan pesan kritik kepada pemerintah ditempel di tembok depan Gedung DPRD. SCROLL TO CONTINUE WITH CONTENT Tak hanya itu, ram kawat yang dipasang polisi awut-awutan, banyak bekas barang terbakar, salah satunya water barrier berwarna orange juga masih ada di jalan. Tanaman yang ada di depan gedung ini juga hancur karena diinjak-injak massa. Bukan di tembok saja, pesan kritik kepada pemerintah juga ditulis di badan jalan yang ada di sepanjang depan jalan DPRD Jabar. """"Di luar saja, kalau di dalam ada satu kaca jendela yang kena,"""" kata salah satu petugas keamanan DPRD Jabar. Tak hanya Gedung DPRD, bangunan rumah makan yang ada di sebelah Gedung DPRD yang pada malam tadi digunakan sebagai tempat berlindung awak media juga jadi sasaran. """"Ada kaca retak,"""" kata salah satu karyawan rumah makan tersebut. Kerusakan tak hanya terjadi di kawasan Gedung DPRD, benteng-benteng gedung yang ada di Jalan Diponegoro dan mengarah ke Jalan Sulanjana juga jadi sasaran vandalisme. Selain itu, pot bunga yang ada di Jalan Ir H Djuanda dirusak dan pecah hingga tanahnya berhamburan ke jalan raya. Kerusakan lain di Jalan Ir H Djuanda ada videotron yang diduga dibakar dan bangunan yang digunakan bank juga diduga turut dibakar massa. Saat itu di sepanjang Jalan Diponegoro, mengarah ke Jalan Sulanjana dan Jalan Ir H Djuanda sedang dibersihkan oleh petugas gober berompi biru. Kerusakan fasilitas umum ini dikeluhkan sejumlah warga Bandung. """"Sayang, tujuan demonya bagus, tapi malah anarkis dan juga rusak fasilitas umum,"""" kata Dewi yang ditemui usai jogging di Jalan Ir H Djuanda. Keluhan serupa juga dikatakan oleh Milda Kamila. Milda mengaku heran dengan kejadian ini. """"Bisa gak sih kalau demonya gak sambil anarkis, heran saya, fasilitas umum dibangun dari uang rakyat, kalau gak dijaga dan malah dirusak itu gimana? Gak elok menurut saya, lihat aja ini banyak bekas batu, sampah dan juga tulisan-tulisan di bangunan, miris,"""" pungkas Milda."""
"Ricuh Mereda, Massa Demo Tolak UU TNI di DPRD DIY Bubarkan Diri,21 Mar 2025 01:52,https://www.detik.com/jogja/berita/d-7833959/ricuh-mereda-massa-demo-tolak-uu-tni-di-dprd-diy-bubarkan-diri,""Massa Aliansi Jogja Memanggil akhirnya membubarkan diri dari Gedung DPRD DIY. Mereka bubar usai sempat ricuh saat keluar dari kompleks DPRD DIY. PantauandetikJogja, Jumat (21/3/2025), kericuhan mereda sekitar pukul 01.00 WIB. Tepat di simpang Sosrowijayan anggota polisi tampak berdiskusi dengan perwakilan massa. Sebagian lagi menunggu di jalan dan pedestrian Malioboro. Dari percakapan itu, terdengar jika kericuhan diduga salah paham. Dari kesepakatan awal, polisi bersedia mengawal massa membubarkan diri. Namun saat personel pengamanan bergerak, massa panik hingga terjadi kericuhan. SCROLL TO CONTINUE WITH CONTENT Kericuhan pun tak berlangsung lama. Usai audiensi singkat dengan polisi, massa memahami jika pergerakan polisi adalah untuk mengawal massa dan memastikan keamanan. Massa pun mundur perlahan dengan kawalan polisi sampai parkiran Abu Bakar Ali. Pasukan pengamanan pun dibagi dua lapis, Dalmas berada di depan dan Brimob di belakangnya. Mobil dan truk Brimob pun berhenti di dalam gedung DPRD DIY. Massa yang tertinggal barisan di kanan kiri jalan pun diarahkan untuk menyusul rekan rekannya. Usai massa tiba di Abu Bakar Ali, pengawalan Dalmas dan Brimob mengendur. Namun beberapa anggota polisi termasuk Kapolresta Jogja Kompol Aditya Surya Dharma masih membersamai massa. Beberapa warga sekitar juga tampak di kanan-kiri jalan, meski hanya segelintir orang. Massa yang parkir motor di selatan Gedung DPRD DIY pun dikawal kepolisian untuk mengambil kendaraannya. Hingga berita ini ditulis, kondisi berangsur kondusif. Massa juga mulai meninggalkan Abu Bakar Ali dengan pengawasan kepolisian beberapa massa juga tampak istirahat. Kondisi di Gedung DPRD DIY pun sudah kondusif."""
"Massa Demo Tolak UU TNI Bertahan di DPRD DIY, Polisi Beri Waktu Sejam,20 Mar 2025 23:18,https://www.detik.com/jogja/berita/d-7833879/massa-demo-tolak-uu-tni-bertahan-di-dprd-diy-polisi-beri-waktu-sejam,""Ratusan massa Aliansi Jogja Memanggil masih bertahan di depan Gedung DPRD DIY. Polisi sempat melakukan mediasi agar massa mau membubarkan diri. PantauandetikJogjadi lokasi, mediasi digelar sekitar pukul 22.30 WIB. Polisi meminta massa untuk membubarkan diri karena sesuai Perda, aksi unjuk rasa hanya diperkenankan hingga pukul 18.00 WIB. Mediasi berlangsung alot karena massa menolak untuk membubarkan diri. Sekitar pukul 23.00 WIB, polisi akhirnya memberi waktu kepada massa selama sejam. SCROLL TO CONTINUE WITH CONTENT """"Satu jam, monggo silakan diskusi satu jam saja,"""" ujar Kapolresta Jogja, Kombes Aditya Surya Dharma. Sejumlah massa menolak tawaran tersebut dan meminta untuk bertahan hingga dini hari. """"Subuh pak, subuh pak,"""" teriak massa. Polisi kemudian berangsur mundur dan merapat ke gedung DPRD DIY. Sementara massa juga bergerak merapat ke gerbang. Massa lalu membentuk pagar dengan saling menyilangkan tangan sambil terus meneriakkan yel-yel."""
"Revisi UU TNI Terus Tuai Kritik Jelang Paripurna Pengesahan di DPR,20 Mar 2025 09:23,https://news.detik.com/berita/d-7832240/revisi-uu-tni-terus-tuai-kritik-jelang-paripurna-pengesahan-di-dpr,""Kritik perubahan Undang-Undang Tentara Nasional Indonesia (TNI) atauRUU TNIterus menggema menjelang pengesahan di DPR RI. Kelompok masyarakat dan mahasiswa kompak menyatakan menolak RUU TNI. Berdasarkan catatandetikcom, Kamis (20/3/2025), Koalisi Masyarakat Sipil hingga mahasiswa mengkritik revisi Undang-Undang tersebut. Meski menuai banyak kritikan tajam, DPR RI tetap mengesahkan RUU TNI menjadi Undang-Undang pada hari ini. Pengesahan RUU TNI menjadi Undang-Undang dikonfirmasi langsung oleh Wakil Ketua Komisi I DPR RI Dave Laksono. Dia membenarkan RUU TNI akan disahkan pada hari ini di rapat paripurna. SCROLL TO CONTINUE WITH CONTENT """"Yes (dibawa ke paripurna hari ini),"""" kata Dave Laksono dikonfirmasi. Sebagai informasi, rapat pengesahan RUU TNI akan digelar di ruang paripurna, Gedung Nusantara II, Jalan Jenderal Gatot Subroto, Jakarta Pusat, hari ini. Agenda rapat ini dijadwalkan berlangsung pukul 09.30 WIB. Namun, sebelum disahkan, RUU TNI ternyata sempat dikritik banyak pihak selama proses pembahasan yang dilakukan oleh DPR dan Pemerintah. Berikut ini rangkaian kritiknya: Penyampaian petisi itu berlangsung di kantor Yayasan Lembaga Bantuan Hukum Indonesia (YLBHI), Jakarta Pusat, Senin (17/3), berbagai jaringan masyarakat sipil secara bergantian membacakan isi petisi tersebut. Jaringan sipil tersebut terdiri dari YLBHI, Perempuan Mahardika, Imparsial, Human Rights Working Group (HRWG), Greenpeace Indonesia, Bijak Memilih, Kontras, Gerakan Buruh Bersama Rakyat (Gebrak), LBH Pers, Transparency International Indonesia, Amnesty International Indonesia, Sentra Inisiatif, dan lain lain. Isi petisi tersebut terkait pasal-pasal yang direvisi berdasarkan daftar inventaris masalah (DIM), yang diajukan oleh pemerintah. Koalisi Masyarakat Sipil mengatakan revisi RUU TNI tak memiliki urgensi yang membawa TNI ke arah lebih profesional. """"Terdapat pasal-pasal yang akan mengembalikan militerisme (dwifungsi TNI) di Indonesia. Kami menilai agenda revisi UU TNI tidak memiliki urgensi transformasi TNI ke arah yang profesional. Justru akan melemahkan profesionalisme militer,"""" ujar Dosen UI Sulistyowati Irianto saat membacakan petisi. Dalam petisi juga disebutkan TNI dipersiapkan untuk perang, bukan untuk mengisi jabatan sipil. Koalisi Masyarakat Sipil meminta perwira aktif TNI segera mengundurkan diri jika menduduki jabatan sipil. """"Sebagai alat pertahanan negara, TNI dilatih, dididik dan disiapkan untuk perang. Bukan untuk fungsi non-pertahanan seperti duduk di jabatan-jabatan sipil,"""" ujar Sulis. """"Kami mendesak agar anggota TNI aktif yang menduduki jabatan sipil di luar yang sudah diatur dalam Pasal 47 ayat 2 UU TNI, agar segera mengundurkan diri (pensiun dini),"""" tambahnya. Dalam petisi tersebut juga disebutkan UU TNI tak memiliki keharusan direvisi. Koalisi Masyarakat Sipil justru mendorong pemerintah segera merevisi UU Nomor 31 Tahun 1997 tentang Peradilan Militer. Tak cuma lewat petisi, ternyata kritik juga datang lewat aksi penggerudukan ketika membahas RUU TNI di salah satu hotel di kawasan Jakarta. Tiga orang yang mengatasnamakan diri dari Koalisi Reformasi Sektor Keamanan menggeruduk rapat RUU TNI untuk meminta agar rapat Panja RUU TNI dihentikan. """"Kami dari Koalisi Reformasi Sektor Keamanan pemerhati di bidang pertahanan, hentikan, karena tidak sesuai ini diadakan tertutup,"""" kata salah satu aksi yang menolak rapat Panja bernama Andrie di Hotel Fairmont, Senayan, Jakarta Pusat, Sabtu (15/3). Mereka menilai pembahasan ini dilakukan tidak secara terbuka. Mereka meneriakkan penolakan dan menilai RUU TNI ini dapat mengembalikan dwifungsi ABRI. """"Bapak-Ibu yang terhormat, yang katanya ingin dihormati, kami menolak adanya pembahasan di dalam, kami menolak adanya dwifungsi ABRI, hentikan proses pembahasan RUU TNI,"""" ungkapnya. Tidak hanya masyarakat sipil, kritik juga datang dari Komnas HAM. Mereka menyoroti temuan Komnas HAM terkait perluasan jabatan sipil bagi prajurit aktif dan mengenai usia pensiun yang diubah karena dinilai menghambat regenerasi. """"Dari kajian yang kami lakukan pada tahun 2024 yang lalu, ada dua temuan utama Komnas HAM terkait dengan RUU TNI. Yang pertama adalah usulan perluasan jabatan sipil bagi prajurit aktif,"""" kata koordinator sub Komisi Pemajuan HAM, Anis Hidayah, Rabu (19/3). Anis mengatakan terkait temuan kedua mengenai perpanjangan usia pensiun prajurit TNI. Menurutnya, perpanjangan usia itu mengakibatkan pengelolaan jabatan di lingkungan organisasi TNI menjadi politis. """"Yang kedua, perpanjangan usia pensiun prajurit TNI. Usulan Perubahan Pasal 53 yang menaikkan batas usia pensiun prajurit aktif berisiko menyebabkan stagnasi regenerasi kepemimpinan, inefisiensi anggaran, serta penumpukan personel tanpa kejelasan penempatan tugas. Pengaturan Pasal 53 ayat 2 dan ayat 4 usulan perubahan ini akan menjadikan pengelolaan jabatan di lingkungan organisasi TNI menjadi politis dan memperlambat regenerasi tubuh di TNI,"""" ujarnya. Dia menyoroti jaminan kesejahteraan prajurit. Menurutnya, jaminan kesejahteraan itu tidak bisa semata-mata dipenuhi dengan perpanjangan usia pensiun prajurit TNI. """"Tetapi melalui penguatan jaminan kesejahteraan yang lebih komprehensif mulai dari penggajian dan tunjangan lainnya,"""" ujarnya. Hingga kemarin masyarakat terus menyuarakan penolakan RUU TNI. Sejumlah mahasiswa di beberapa wilayah Indonesia juga menggelar aksi demo. Salah satunya di Jakarta, demo digelar di depan gerbang gedung DPR RI. Menteri Hukum (Menkum) Supratman Andi Agtas juga sempat melakukan audiensi dengan mahasiswa demo. """"Hari ini DPR dan Kementerian Pertahanan mencoba untuk mengembalikan dwifungsi tersebut,"""" ujar salah satu perwakilan massa aksi Universitas Trisakti. """"Amanat reformasi adalah bagaimana memberikan supremasi sipil yang seluas-luasnya dan menghentikan militeristik dalam ranah pemerintahan,"""" sambungnya. Perwakilan mahasiswa itu mengatakan pihaknya akan terus menolak RUU TNI. Ia mengaku enggan duduk bersama anggota DPR. Dalam audiensi itu, Supratman mengatakan akan menampung aspirasi massa aksi. Supratman mengaku akan berkomunikasi dengan pemerintah dan DPR mengenai aspirasi tersebut. """"Semua tuntutan terkait dengan pembahasan Rancangan Undang-Undang Tentara Nasional Indonesia saya sudah dengar. Karena itu beri saya kesempatan sebagai Menteri Hukum untuk berkomunikasi dengan pemerintah, dengan pimpinan DPR, dengan anggota Komisi I,"""" jelasnya. [Gambas:Video 20detik]"""
"Mahasiswa Demo Tolak Revisi UU TNI di DPR, Hadang Mobil Menteri Hukum,19 Mar 2025 16:43,https://news.detik.com/berita/d-7831426/mahasiswa-demo-tolak-revisi-uu-tni-di-dpr-hadang-mobil-menteri-hukum,""Sejumlah mahasiswa Universitas Trisakti menggelar aksi penolakan RUU TNI di pintu gerbang gedung DPR RI, Jalan Gelora, Jakarta Pusat. Mereka menghadang mobil Menteri Hukum (Menkum) Supratman Andi Agtas yang melintas di sekitar lokasi. Pantauandetikcomdi lokasi, Rabu (19/3/2025), mulanya massa berdemo di depan gerbang masuk DPR. Saat massa sedang berdemo, tampak mobil Alphard berwarna hitam akan memasuki gerbang DPR. Massa lalu mendekati mobil tersebut. Mereka terlihat mencopot pelat nomor mobil itu. SCROLL TO CONTINUE WITH CONTENT Tampak dua ajudan Menkum keluar dari mobil. Dua ajudan itu meminta massa aksi membukakan jalan. Namun, massa aksi tetap menghadang mobil. Mereka meminta sosok dalam mobil itu untuk keluar. """"Turun dulu, turun dulu,"""" minta massa aksi. Dua ajudan itu terlihat masih berusaha bernegosiasi dengan massa aksi. Namun, massa tetap meminta pejabat di dalam mobil turun. Supratman kemudian tampak keluar dari mobil. Massa aksi tampak bersorak saat Supratman turun. Supratman terlihat berjalan bersama massa aksi ke depan gerbang DPR. Dia tampak berdiskusi dengan para massa aksi tersebut. Sebelumnya, Komisi I DPR RI bersama pemerintah telah menyepakati revisi Undang-Undang Nomor 34 Tahun 2004 tentang TNI dibawa ke tingkat II atau paripurna untuk disahkan menjadi undang-undang. Kesepakatan ini diambil dalam rapat kerja (raker) pembicaraan tingkat I RUU TNI. Rapat ini terselenggara di ruang Banggar DPR RI, Senayan, Jakarta Pusat, Selasa (18/3). Rapat ini dipimpin oleh Ketua Komisi I DPR RI yang juga Ketua Panja RUU TNI Utut Adianto. Sebagaimana tertuang dalam rapat, delapan fraksi sepakat RUU TNI dibawa ke tingkat II untuk pengesahan. Adapun fraksi tersebut adalah PDIP, Golkar, Gerindra, NasDem, PKB, PKS, PAN, dan Demokrat """"Apakah RUU tentang Perubahan atas UU Nomor 34 Tahun 2004 tentang TNI untuk selanjutnya dibawa ke pembicaraan tingkat II untuk disetujui menjadi UU, apakah dapat disetujui?"""" tanya Utut kepada anggota Dewan. """"Setuju,"""" jawab anggota disertai dengan ketukan palu untuk pimpinan Komisi I sebagai tanda persetujuan. Adapun Komisi I DPR RI lewat Panja RUU TNI telah melaksanakan sejumlah rapat untuk pembahasan Daftar Inventarisasi Masalah (DIM) dari pemerintah. Setidaknya ada tiga pasal yang menjadi sorotan, yakni Pasal 3 terkait kedudukan TNI, Pasal 53 tentang usai pensiun bagi prajurit, dan Pasal 47 terkait penempatan prajurit TNI di institusi lain. Simak jugaVideo: Besok BEM SI Demo Tolak RUU TNI, Komisi I Respons Gini [Gambas:Video 20detik]"""
"YLBHI Kecam Keras Pengesahan RUU TNI: Penundukan Sipil,20 Mar 2025 12:47,https://news.detik.com/berita/d-7832602/ylbhi-kecam-keras-pengesahan-ruu-tni-penundukan-sipil,""Yayasan Lembaga Bantuan Hukum Indonesia (YLBHI)mengecam keras pengesahan RUU TNI menjadi UU TNI. YLBHI menilai RUU ini inkonstitusional dan bisa mengancam kebebasan sipil. """"YLBHI mengecam keras pengesahan ini, walau kami sadar dan sudah memprediksi pembahasan dan pengesahan RUU TNI akan dilakukan dengan cara kilat dan inkonstitusional seperti ini,"""" kata Ketua Umum YLBHI, Muhamad Isnur, dalam keterangan tertulis, Kamis (20/3/2025). Dia juga mengatakan UU ini hanya mengakomodasi kepentingan elit militer dan politisi sipil. Menurut dia, para politisi ini tidak bisa taat pada aturan demokratis. SCROLL TO CONTINUE WITH CONTENT """"YLBHI melihat bahwa UU ini hanya untuk menyalurkan kepentingan para elit militer dan politisi-politisi sipil yang tidak bisa dan tidak mau mentaati aturan main yang demokratis,"""" tuturnya. Dia memandang UU ini membuat Indonesia terperosok pada militerisme dan penundukan sipil. Ia khawatir hal ini juga mengancam kebebasan sipil dan HAM. """"Wajah Indonesia semakin gelap dan masuk dalam cengkeraman otoritarian, kembali terperosok dalam militerisme dan penundukan sipil. Kami sangat khawatir ini akan berdampak serius terhadap kebebasan sipil dan penghormatan HAM ke depan,"""" tegasnya. DPR RI resmi mengesahkan Rancangan Undang-Undang tentang Perubahan atas Undang-Undang Nomor 34 Tahun 2004 tentang Tentara Nasional Indonesia atau RUU TNI menjadi undang-undang. Keputusan ini diambil dalam rapat paripurna yang dihadiri oleh sejumlah menteri. Rapat terselenggara di ruang Paripurna gedung DPR RI, Senayan, Jakarta Pusat, Kamis (20/3/2025). Rapat dipimpin oleh Ketua DPR RI Puan Maharani yang didampingi Wakil Ketua DPR yang lain, seperti Sufmi Dasco Ahmad, Saan Mustopa, dan Adies Kadir. Menteri Pertahanan Sjafrie Sjamsoeddin, Panglima TNI Jenderal Agus Subiyanto, Wamenkeu Thomas Djiwandono, hingga Menteri Sekretaris Negara Prasetyo Hadi hadir dalam rapat paripurna. Puan kemudian mempersilakan Ketua Panja RUU TNI, Utut Adianto, menyampaikan laporan pembahasan RUU TNI. Utut menyampaikan beberapa poin krusial terkait kedudukan TNI, usia pensiun, hingga keterlibatan TNI aktif di kementerian atau lembaga. Ia memastikan tak ada dwifungsi TNI dalam pembahasan revisi UU ini. Selepas Utut menyampaikan laporannya, Puan lantas menanyakan kepada anggota Dewan yang hadir apakah RUU tersebut dapat disepakati menjadi undang-undang. Mayoritas menjawab setuju. """"Kami menanyakan kepada seluruh anggota apakah Rancangan Undang-Undang tentang Perubahan atas Undang-Undang Nomor 34 Tahun 2004 tentang Tentara Nasional Indonesia, apakah dapat disetujui untuk disahkan menjadi undang-undang?"""" kata Puan Maharani. """"Setuju,"""" jawab peserta sidang diikuti dengan ketukan palu tanda pengesahan. Lihat juga Video Mahasiswa Demo Tolak RUU TNI di Depan Gedung DPR [Gambas:Video 20detik]"""
"Rapat di DPR, Menhan Ungkap 3 Pasal UU TNI yang Bakal Direvisi,11 Mar 2025 14:47,https://news.detik.com/berita/d-7817775/rapat-di-dpr-menhan-ungkap-3-pasal-uu-tni-yang-bakal-direvisi,""Menteri Pertahanan (Menhan),Sjafrie Sjamsoeddin, mengungkapkan usulan perubahan pasal dalamrevisi Undang-Undang TNIyang tengah digodok. Pihaknya ingin ada aturan yang memperjelas batasan dan mekanisme pelibatan TNI di jabatan nonmiliter. Hal itu disampaikan Sjafrie dalam Rapat Kerja (Raker) dengan Komisi I DPR RI di Kompleks Parlemen, Senayan, Jakarta. Ia mengatakan tak ingin ada pelanggaran prinsip demokrasi. """"Perubahan undang-undang TNI diajukan oleh pihak DPR RI diperlukan untuk memberikan landasan hukum yang lebih jelas terhadap peran TNI, ada tugas lain selain perang tanpa melanggar prinsip demokrasi dan supremasi sipil,"""" ujar Sjafrie dalam rapat, Selasa (11/3/2025). SCROLL TO CONTINUE WITH CONTENT Ia menyebut ada empat fokus yang ditekankan oleh pihaknya. Salah satunya terkait kebijakan modernisasi alutsista hingga batasan pelibatan TNI di tugas nonmiliter. """"Satu, memperkuat kebijakan modernisasi alutsista dan industri pertahanan di dalam negeri. Dua, memperjelas batasan dan mekanisme pelibatan TNI dalam tugas non militer,"""" ujar Sjafrie. """"Tiga, meningkatkan kesejahteraan prajurit serta jaminan sosial bagi prajurit. Empat, menyesuaikan ketentuan terkait kepemimpinan jenjang karir dan usia pensiun sesuai dengan kebutuhan organisasi,"""" tambahnya. Dalam momen ini, Menhan juga menyertakan pasal-pasal perubahan di RUU TNI dari pemerintah. Adapun yang ditekankan adalah kedudukan TNI di (Pasal 3), penempatan prajurit TNI di kementerian atau lembaga (pasal 47), dan batas usia pensiun (pasal 53). Simak juga video: Baleg DPR Batalkan Pembahasan RUU TNI-Polri, Serahkan ke Periode Selanjutnya [Gambas:Video 20detik]"""
"Mabes TNI Tegaskan Prajurit di Luar 14 Institusi Harus Pensiun Dini/Mundur,24 Mar 2025 04:17,https://news.detik.com/berita/d-7838134/mabes-tni-tegaskan-prajurit-di-luar-14-institusi-harus-pensiun-dini-mundur,""Undang-undang (UU) TNItelah disahkan DPR dalam rapat paripurna beberapa waktu lalu. Terdapat 3 pasal yang diubah dalam UU TNI. Salah satunya pasal 47 yang mengatur prajurit TNI boleh menduduki jabatan di 14 Kementerian/Lembaga. Mabes TNI menyampaikan prajurit aktif yang menduduki jabatan di luar 14 institusi yang telah ditentukan diminta untuk pensiun dini atau mengundurkan diri. """"Untuk hal ini sudah jelas, Panglima TNI sudah menegaskan bahwa anggota TNI aktif yang menduduki jabatan sipil (Kementerian/Lembaga) di luar yang sudah diamanatkan dalam Pasal 47 UU No 34 /2004 (10 K/L, 14 K/L dalam Revisi UU TNI) harus pensiun dini/mengundurkan diri dari dinas keprajuritan,"""" kata Kapuspen TNI Brigjen Kristomei Sianturi saat dihubungi melalui pesan singkat, Minggu (23/3/2024). SCROLL TO CONTINUE WITH CONTENT Perubahan pada Pasal 47 UU TNI yang lama dan RUU TNI yakni terletak pada posisi ayat (1) dan ayat (2). Selain itu, RUU TNI yang baru memuat 4 kementerian/lembaga tambahan yang dapat dijabat prajurit TNI. Pada UU TNI yang lama, Pasal 47 mengatur 10 pos yang dapat diisi prajurit aktif. Pasal 47 di UU TNI lama dan RUU TNI sama-sama tidak menghapus ketentuan bahwa prajurit harus pensiun atau mundur jika menempati jabatan sipil lain selain kementerian/lembaga yang sudah ditentukan di UU. Pasal 47 UU 34/2004(1) Prajurit hanya dapat menduduki jabatan sipil setelah mengundurkan diri atau pensiun dari dinas aktif keprajuritan.(2) Prajurit aktif dapat menduduki jabatan pada kantor yang membidangi koordinator bidang Politik dan Keamanan Negara, Pertahanan Negara, Sekretaris Militer Presiden, Intelijen Negara, Sandi Negara, Lembaga Ketahanan Nasional, Dewan Pertahanan Nasional, Search and Rescue (SAR) Nasional, Narkotika Nasional, dan Mahkamah Agung. Pasal 47 RUU TNI(1) Prajurit dapat menduduki jabatan pada kementerian/lembaga yang membidangi koordinator bidang politik dan keamanan negara, pertahanan negara termasuk dewan pertahanan nasional, kesekretariatan negara yang menangani urusan kesekretariatan presiden dan kesekretariatan militer presiden, intelijen negara, siber dan/atau sandi negara, lembaga ketahanan nasional, pencarian dan pertolongan, narkotika nasional, pengelola perbatasan, penanggulangan bencana, penanggulangan terorisme, keamanan laut, Kejaksaan Republik Indonesia, dan Mahkamah Agung. (2) Selain menduduki jabatan pada kementerian/lembaga sebagaimana dimaksud pada ayat (1), Prajurit dapat menduduki jabatan sipil lain setelah mengundurkan diri atau pensiun dari dinas aktif keprajuritan. Berikut daftar 14 kementerian dan lembaga yang dapat diisi anggota TNI aktif dalam UU TNI terbaru: 1. Kementerian Koordinator Bidang Politik dan Keamanan.2. Kementerian Pertahanan, termasuk Dewan Pertahanan Nasional.3. Kesekretariatan negara yang menangani urusan kesekretariatan presiden dan kesekretariatan militer presiden.4. Badan Intelijen Negara.5. Badan Siber dan/atau Sandi Negara.6. Lembaga Ketahanan Nasional.7. Badan Search And Rescue (SAR) Nasional.8. Badan Narkotika Nasional (BNN).9. Badan Nasional Pengelola Perbatasan (BNPP).10. Badan Penanggulangan Bencana.11. Badan Penanggulangan Terorisme.12. Badan Keamanan Laut.13. Kejaksaan Republik Indonesia (Jaksa Agung Muda Bidang Tindak Pidana Militer).14. Mahkamah Agung. Diketahui ada sejumlah Kementerian/Lembaga di luar 14 institusi tersebut diduduki TNI aktif. Mulai dari Irjen Kemenhub Letjen Maryono, Irjen Kementan Letjen Irham W, Badan Penyelenggara Haji Laksamana Satu Ian Heriyawan dan Dirut Bulog Mayjen Novi Helmy.  'Anggota DPR Pertanyakan Usulan Usia Pensiun TNI Jabatan Fungsional 65 Tahun': [Gambas:Video 20detik] [Gambas:Video 20detik]"""
"8 Tuntutan Aksi Massa di Surabaya: Tolak Fungsi TNI di Ranah Sipil!,24 Mar 2025 18:51,https://news.detik.com/berita/d-7839619/8-tuntutan-aksi-massa-di-surabaya-tolak-fungsi-tni-di-ranah-sipil,""Demo penolakan terhadap Undang-Undang TNI yang baru disahkan DPR terjadi di Surabaya, Jawa Timur. Para peserta aksi menyerukan delapan poin penolakan terkaitUU TNI. Demo digelar di depan gedung Negara Grahadi, Surabaya. Peserta aksi menamakan diri Warga Sipil, Warga Surabaya. """"Kami memberi nama kami 'Warga Sipil, Warga Surabaya'. Kalian bisa panggil kami Front Anti Militer,"""" kata jubir Massa Aksi, Jaya, dilansirdetikJatim, Senin (24/3/2025). SCROLL TO CONTINUE WITH CONTENT Ada delapan poin penolakan yang diserukan massa aksi dalam demo menolak UU TNI di Surabaya hari ini. Poin-poin itu mulai menolak TNI masuk ke ranah sipil hingga menolak fungsi TNI dalam mengatur ruang siber masyarakat. Peserta demo juga meminta pemerintah menarik militer dari Papua. Massa menuntut pasukanTNIuntuk kembali ke barak. """"Saya yakin itu tidak hanya di Surabaya, tapi di seluruh Indonesia. Kami nggak mau kembali ke zaman Orba,"""" jelas Jaya. Berikut ini 8 poin tuntutan demo tolak UU TNI di Surabaya: 1. Tolak revisi UU TNI yang sekarang2. Tolak fungsi TNI dalam ranah sipil3. Tolak fungsi TNI dalam operasi militer selain perang, terutama dalam ranah siber4. Bubarkan komando teritorial5. Tarik militer dari semua tanah Papua6. Revisi UU Peradilan Militer7. Kembalikan TNI ke barak8. Copot TNI dari jabatan-jabatan sipil Baca selengkapnya disini. Lihat Video 'Demo Tolak UU TNI di Surabaya Ricuh, Polisi Semprotkan Water Cannon': [Gambas:Video 20detik]"""
"Demo 'Indonesia Gelap', Mahasiswa Tolak Revisi UU TNI, Polri & Kejaksaan,17 Feb 2025 20:52,https://news.detik.com/berita/d-7783046/demo-indonesia-gelap-mahasiswa-tolak-revisi-uu-tni-polri-kejaksaan,""Koalisi masyarakat sipil bersama Aliansi BEM Seluruh Indonesia (SI) menggelar aksi unjuk rasa bertajuk'Indonesia Gelap'. Aksi unjukrasa digelar untuk menolak sejumlah kebijakan pemeintah yang dinilai semakin jauh dari prinsip keadilan sosial, demokrasi hingga kesejahteraan rakyat. Sejumlah kebijakan yang ditolak mulai dari pemotongan anggaran pendidikan hingga penolakan terhadap rencana revisi sejumlah aturan Undang-Undang, Kejaksaan, Undang-Undang Polri dan Undang-Undang TNI. Aksi berlangsung di kawasan Patung Kuda, Jakarta, Senin (17/2/2025). Massa aksi 'Indonesia Gelap' menuntut terciptanya pendidikan gratis, ilmiah, dan demokratis. Mereka juga meminta pemangkasan anggaran pendidikan dibatalkan. SCROLL TO CONTINUE WITH CONTENT """"Anggaran pendidikan yang layak adalah hal penting untuk memastikan seluruh rakyat akses pendidikan murah dan layak. Pendidikan adalah hak fundamental setiap warga negara. Pemangkasan anggaran pendidikan hanya akan memperdalam ketimpangan akses pendidikan dan memperburuk kualitasnya,"""" kata Koordinator BEM SI kerakyatan, Satria dalam keterangannya. Satria menyampaikan, massa aksi juga meminta dilakukan evaluasi Proyek Strategis Nasional yang bermasalah hingga menolak revisi Undang-Undang Minerba. Dia menyebut ada beberapa revisi Undang-Undang yang akan mengancam kehidupan demokrasi dan hak asasi manusia. Menurutnya, lembaga-lembaga negara berlomba meminta kewenangan yang berlebihan melalui beragam revisi yakni revisi Undang-Undang Polri revisi Undang-Undang Kejaksaan dan revisi Undang-Undang TNI. """"Dalam revisi UU Polri, Polisi ingin memperluas kewenangan lebih agar dapat melakukan kontrol terhadap konten-konten dalam media sosial. Sementara dalam rencana revisi UU Kejaksaan, Jaksa ingin memperkuat hak imunitasnya. Hak imunitas ini sebelumnya sudah diatur dalam UU Kejaksaan yang berlaku saat ini. Rencana revisi terhadap berbagai UU tersebut berbahaya dan menyimpang dari prinsip persamaan diahadapan hukum karena harusnya semua warga dan aparat negara tidak boleh mendapatkan imunitas itu,"""" ujarnya. """"Sementara rencana revisi UU TNI akan memberi ruang untuk militer masuk kembali dalam penegakan hukum seperti masa lalu. PadahalHingga saaat ini militer belum tunduk pada peradilan umum, dan lagi-lagi kondisi tersebut sangat berbahaya untuk demokrasi,"""" lanjutnya. Mahasiswa juga menuntut agar multifungsi ABRI dicabut. Sebagaimana diketahui saat ini banyak TNI aktif dan Polisi aktif menduduki jabatan-jabatan sipil. Hal ini dinilai telah menyalahi demokrasi dan menyimpang dari tugas pokok mereka sebagaimana di atur dalam Undang-Undang. Lihat Video 'Polisi Imbau Demo 'Indonesia Gelap' Bubar, Massa Lempar Botol': [Gambas:Video 20detik]"""
"Amiruddin Kritik Revisi UU TNI, Polri dan Kejaksaan: Harus Hati-hati,18 Feb 2025 06:45,https://news.detik.com/berita/d-7783230/amiruddin-kritik-revisi-uu-tni-polri-dan-kejaksaan-harus-hati-hati,""Mantan Komisioner Komnas HAM,Amiruddin Al Rahab, menolak penambahan kewenangan TNI, Polri dan Kejaksaan yang tertuang dalam draf Rancangan Undang-Undang (RUU). Amiruddin menilai seharusnya DPR lebih hati-hati menambah kewenangan terhadap institusi negara. """"DPR sebagai badan legislatif semestinya jauh lebih hati-hati, untuk memberikan atau menambah kewenangan-kewenangan baru kepada institusi-institusi negara,"""" kata Amiruddin kepada wartawan, Senin (17/2/2025). Amiruddin menerangkan semua eksekutif selalu merasa kurang dalam hal kewenangan. Hal inilah, kata Amiruddin, yang seharusnya diwaspadai DPR. SCROLL TO CONTINUE WITH CONTENT """"Alasannya apa? Begini, semua kekuatan eksekutif atau kekuatan eksekutif itu, selalu merasa kurang kewenangan, kecenderungannya apa, ya membesarkan kewenangannya? Nah kecenderungan seperti itu yang masih diwaspadai oleh DPR gitu loh,"""" ujarnya. Amiruddin menyayangkan DPR diam saja mengetahui eksekutif yang tengah memperbesar kewenangannya. Sementara kata Amiruddin, DPR punya fungsi check and balance terhadap eksekutif. """"Kenapa? Contoh sudah ada nih. Misalnya begini, DPR kita, saya sangat menyayangkan DPR ya sebagai lembaga negara yang memiliki fungsi untuk check and balance dengan eksekutif, Mendiamkan saja ketika eksekutif, kepala negara memperbesar kekuasaan sendiri,"""" ujarnya. """"Misalnya dengan menunjuk seorang perwira aktif misalnya menjadi kepala bulog. Dan itu dilarang oleh undang-undang kan? Kepala negara itu tentara aktif dilarang oleh undang-undang untuk menduduki institusi sipil seperti bulog. Dia hanya boleh, yang juga sudah diatur oleh undang-undang,"""" imbuhnya."""
"Hujan Turun, Massa Aksi Tolak RUU TNI Tetap Bertahan di Depan DPR,20 Mar 2025 16:59,https://news.detik.com/berita/d-7833305/hujan-turun-massa-aksi-tolak-ruu-tni-tetap-bertahan-di-depan-dpr,""Massa aksi tolak pengesahan RevisiUU TNImasih bertahan di depan gerbang utama gedung DPR RI, Senayan, Jakarta Pusat. Massa bertahan meski hujan mengguyur lokasi. Pantauandetikcom, Kamis (20/3/2025) pukul 16.22 WIB, massa masih berorasi menyampaikan penolakan terhadap pengesahan RUU TNI. Massa yang bertahan berasal dari elemen mahasiswa hingga aktivis sipil. Terlihat massa juga membakar kardus dan sampah di area demonstrasi. Tampak sejumlah massa melempar botol ke arah gerbang DPR RI. SCROLL TO CONTINUE WITH CONTENT Terdengar imbauan dari pihak kepolisian dari dalam pagar pintu utama gerbang DPR RI agar kegiatan demonstrasi dilaksanakan dengan tertib. Seperti diketahui, DPR RI resmi mengesahkan Rancangan Undang-Undang tentang Perubahan atas Undang-Undang Nomor 34 Tahun 2004 tentang Tentara Nasional Indonesia atau RUU TNI menjadi undang-undang. Keputusan ini diambil dalam rapat paripurna yang dihadiri oleh sejumlah menteri. Rapat terselenggara di ruang Paripurna, gedung DPR RI, Senayan, Jakarta Pusat, Kamis (20/3/2025). Rapat dipimpin oleh Ketua DPR RI Puan Maharani yang didampingi Wakil Ketua DPR yang lain, seperti Sufmi Dasco Ahmad, Saan Mustopa, dan Adies Kadir. Menteri Pertahanan Sjafrie Sjamsoeddin, Panglima TNI Jenderal Agus Subiyanto, Wamenkeu Thomas Djiwandono, hingga Menteri Sekretaris Negara Prasetyo Hadi hadir dalam rapat paripurna. Puan kemudian mempersilakan Ketua Panja RUU TNI, Utut Adianto, menyampaikan laporan pembahasan RUU TNI. Utut menyampaikan beberapa poin krusial terkait kedudukan TNI, usia pensiun, hingga keterlibatan TNI aktif di kementerian atau lembaga. Ia memastikan tak adanya dwifungsi TNI dalam pembahasan revisi UU ini. Selepas Utut menyampaikan laporannya, Puan lantas menanyakan kepada anggota Dewan yang hadir apakah RUU tersebut dapat disepakati menjadi undang-undang. Mayoritas menjawab 'setuju'. """"Kami menanyakan kepada seluruh anggota apakah Rancangan Undang-Undang tentang Perubahan atas Undang-Undang Nomor 34 Tahun 2004 tentang Tentara Nasional Indonesia, apakah dapat disetujui untuk disahkan menjadi undang-undang?"""" kata Puan Maharani. """"Setuju,"""" jawab peserta sidang diikuti dengan ketukan palu tanda pengesahan. SimakVideo Mahasiswa Bakar Ban dan Rusak Pagar Gerbang Pancasila DPR [Gambas:Video 20detik]"""
"Baleg DPR Beberkan Progres Revisi UU TNI,24 Jul 2024 21:05,https://www.detik.com/bali/berita/d-7455702/baleg-dpr-beberkan-progres-revisi-uu-tni,""Ketua Badan Legislasi (Baleg) DPR RI Supratman Andi Agtas membeberkan progres atau perkembangan revisi Undang-Undang (UU) TNI. Menurutnya, saat ini DPR tengah menunggu Daftar Inventarisasi Masalah (DIM) dari pemerintah. Sebelumnya, DPR telah melayangkan surat dan saat ini sedang digodok di Kementerian Politik, Hukum, dan Keamanan (Kemenpolhukam). """"Kami berharap dalam waktu dekat DIM-nya bisa turun ke DPR. Nggak ada target (waktu), kami nunggu pemerintah,"""" ujar Supratman di UID Bali Campus, KEK Kura-Kura Bali, Rabu (24/7/2024). Supratman menjelaskan revisi UU TNI bersifat urgen seiring putusan Mahkamah Konstitusi (MK) yang menyatakan UU TNI memungkinkan untuk direvisi. Yakni, menyangkut peran serta TNI dan fungsi TNI di sektor-sektor lain di luar fungsi tugasnya di bidang pertahanan dan keamanan alias dwifungsi TNI. SCROLL TO CONTINUE WITH CONTENT """"Tetapi, apakah nanti itu pemerintah setuju atau tidak, tergantung. Kami tunggu DIM-nya pemerintah. Kalau sekarang yang kami usulkan kan cuma dua,"""" kata Supratman. Dia membeberkan dua hal yang diusulkan oleh DPR, yakni usia pensiun TNI dan penempatan personel TNI untuk menduduki jabatan sipil. """"Itu saja dari DPR. Kami nggak tahu nanti DIM-nya pemerintah mungkin ada tambahan yang lain,"""" bebernya. Hal yang sama juga berlaku pada revisi UU Nomor 19 Tahun 2006 tentang Dewan Pertimbangan Presiden (Wantimpres) yang akan diubah menjadi Dewan Pertimbangan Agung (DPA). Supratman menyebut revisi undang-undang tersebut juga masih menunggu DIM. Menurutnya, revisi hanya berkaitan dengan perubahan nomenklatur dari Dewan Pertimbangan Presiden menjadi Dewan Pertimbangan Agung. """"Kemudian siapa yang terpilih, itu nanti akan menjadi pejabat negara,"""" ujar Supratman."""
"Bayang-bayang Tentara di Kampus,28 Apr 2025 17:12,https://news.detik.com/x/detail/spotlight/20250428/Bayang-bayang-Tentara-di-Kampus/,""Para mahasiswa yang mengkritisi UU TNI diduga diteror dan intimidasi oleh personel TNI aktif. Wakil Rektor III UIN Walisongo Semarang menegaskan jangan sampai ada intimidasi terhadap mahasiswanya. Ilustrasi : Edi Wahyono Diskusi terbuka yang diselenggarakan Kelompok Studi Mahasiswa Walisongo (KSMW), Semarang, pada 14 April lalu diganggu oleh hadirnya aparat militer. Mulanya forum itu berlangsung santai di pelataran depan auditorium kampus. Para peserta duduk lesehan, memperkenalkan diri satu per satu. Namun situasi mulai terasa janggal ketika seorang pria berperawakan besar enggan memperkenalkan diri. """"Kami curiga dia bukan dari kalangan pelajar, karena postur tubuh dan perawakannya jauh di atas rata-rata kami,"""" cerita Riyan Wisnal dari KSMW kepadadetikXsaat dihubungi pekan lalu. Saat diminta memperkenalkan diri, pria berbaju hitam itu menjawab singkat, """"Kalau nggak boleh ikut diskusi, ya nggak apa-apa."""" Mahasiswa menekankan perkenalan hanya prosedur biasa. Namun pria itu tetap menolak memperkenalkan diri dan akhirnya pergi meninggalkan lingkaran diskusi. Sekitar 20 menit setelah insiden tersebut, satpam kampus memanggil Riyan dan penanggung jawab forum. Mereka diajak menemui seseorang di belakang lokasi diskusi. Di sana, mereka mendapati sejumlah personel TNI beserta seorang pria berbaju hitam lain yang berbeda dari sosok sebelumnya. Salah satu personel TNI berseragam itu mengenakanname tagRokiman, yang berpangkat sersan satu. """"Saya sempat bertanya, apa tujuan personel TNI masuk ke dalam kampus,"""" kata Riyan."""
"Jejak Trauma Militer di Kampus,29 Apr 2025 17:54,https://news.detik.com/x/detail/spotlight/20250429/Jejak-Trauma-Militer-di-Kampus/,""Kekhawatiran mahasiswa terhadap kehadiran militer di kampus beralasan mengingat pengesahan UU TNI dan rekam jejak represi militer era Orde Baru. Ilustrasi : Edi Wahyono Bus-bus berwarna hitam bertulisan âMabes TNIâ memasuki kawasan kampus Institut Pertanian Bogor pada Senin, 21 April 2025. Bus itu Mengangkut sekitar 100 perwira menengah TNI. Muhammad Afif Fahreza kaget bukan main, tak ada pemberitahuan apa pun dari kampus, tak ada poster kegiatan kerja sama yang terpampang. Presiden Mahasiswa Badan Eksekutif Mahasiswa Keluarga Mahasiswa (BEM-KM) IPB itu pun menghimpun segenap mahasiswa untuk menempel poster ke seluruh penjuru kampus IPB. Isinya: kembalikan TNI ke barak. Setelah mendesak kampus melakukan transparansi apa yang sedang terjadi, akhirnya Afif mendapatkan jawaban. Sekitar 100 perwira menengah tersebut hendak melaksanakan bimbingan teknis menyoal pertanian. âDengan kondisi yang terjadi hari ini (pengesahan UU TNI), yang kami sayangkan tak ada transparansi. Akhirnya, setelah melakukan dialog dan tuntutan, kami menemukan jalan tengahnya di mana kami diberi tahu surat tugas mereka adalah mereka ingin belajar terkait proyek strategis nasional yang hari ini diamanahkan ke TNI,â jelas Afif alias Kokoh. Pihak kampus IPB pun akhirnya menerima kesepakatan yang dibuat dengan para mahasiswa terkait dengan aturan TNI masuk kampus. Salah satunya, jika ingin belajar di dalam kampus, harus melepaskan atribut seragam maupun senjata dan berkegiatan selayaknya sipil dengan pemberitahuan sebelumnya."""
"Mereka yang Menolak RUU TNI Lewat Karya Seni,24 Mar 2025 09:30,https://www.detik.com/pop/culture/d-7837859/mereka-yang-menolak-ruu-tni-lewat-karya-seni,""Di jagat maya, para seniman bersuara menolak RUU TNI jadi TNI dan berbagai kritikan terhadap masalah bangsa. Berikut di antaranya: Seniman visual Komikrukii yang berdomisili di Yogyakarta buat ilustrasi sederhana bertajuk Cinta Tanah Air. Dalam berbagai slide yang dibuatnya, ada seorang penyanyi yang sedang berdendang dengan lirik seperti ini, """"Cinta Tanah Air artinya Angkat Senjata melawan rakyatnya sendiri."""" Ilustrasi yang berdomisili di Jakarta dengan nama akun @pang.oioi membuat ilustrasi bertuliskan, """"Ya, gue anak kolong, dan gue menolak RUU TNI. Gue mau bapak gue pensiun, taubat, dan jadi pengurus masjid aja,"""" tulisnya. Komikus dengan nama @gumpnhell membuat ilustrasi Rekonstruksi dan Rasionalisasi atau RERA yang pernah dibuat oleh Bung Hatta saat pernah menjabat sebagai Menteri Pertahanan. Dalam ilustrasi sederhananya, pernyataan Bung Hatta di masanya seakan kontekstual dengan polemik di masa sekarang."""
"Reaksi Tokoh Muda Nahdliyin Jatim Usai DPR RI Sahkan RUU TNI,21 Mar 2025 17:59,https://www.detik.com/jatim/berita/d-7835275/reaksi-tokoh-muda-nahdliyin-jatim-usai-dpr-ri-sahkan-ruu-tni,""DPR RI resmi mengesahkan revisi Undang-Undang Tentara Nasional Indonesia (UU TNI), menggantikan Undang-Undang Nomor 34 Tahun 2004. Keputusan ini menuai beragam respons, termasuk dari Pengasuh Ponpes Annuriyah di Kaliwining, Jember, KH Ubaidillah Amin atau Gus Ubaid, yang menilai revisi tersebut sudah tepat karena telah melibatkan perwakilan masyarakat sipil dalam prosesnya. """"Terkait masih ramainya penolakan RUU TNI dan demonstrasi yang dilakukan beberapa mahasiswa menurut saya kurang pas, apalagi dilakukan di tengah-tengah kesucian bulan Ramadan ini,"""" kata Gus Ubaid, Jumat (21/3/2025). SCROLL TO CONTINUE WITH CONTENT """"Wakil Ketua DPR RI Pak Dasco beberapa hari yang lalu juga sudah mengundang masyarakat sipil untuk reformasi dialog di gedung DPR RI dan bukan di hotel mewah, Pak Dasco mengajak bicara untuk memberikan masukan mana wilayah-wilayah yang dianggap kurang pas,"""" tambahnya. Tokoh Muda Nahdliyin Jatim ini berharap, pada 10 hari terakhir Ramadan, masyarakat bisa menahan emosi dan memberi kepercayaan kepada pemerintah. """"Kami mengajak semua elemen masyarakat bisa menahan diri dan emosi di pertengahan bulan Ramadan ini, di mana masyarakat muslim hari ini berlomba-lomba menjalankan ibadah untuk memperoleh Lailatul Qadar,"""" jelasnya. """"Insyaallah yang kami pahami semangat revisi undang undang TNI ini demi terciptanya TNI yang kuat dan profesional. Sudah jelas dari Pak Dasco, tidak ada niatan dalam revisi UU TNI ini untuk mengembalikan dwifungsi ABRI dan beliau juga mengajak semua elemen untuk ikut mengawalnya. Jadi apalagi yang dipermasalahkan,"""" tambahnya. """"Beberapa tokoh di negara ini juga sudah berbicara seperti Ketua DPR RI Puan Maharani bahwa RUU TNI sama sekali tidak ada agenda mengembalikan dwi fungsi ABRI, jadi apalagi yang dipermasalahkan,"""" lanjutnya. Gus Ubaid juga meminta agar masyarakat mendoakan pemerintahan Prabowo-Gibran bisa melewati masa-masa yang berat ini terutama menghadapi tantangan ekonomi global. """"Tak lupa kami mengajak semua masyarakat muslim yang tengah menjalankan ibadah puasa Ramadan dan melaksanakan iktikaf di akhir akhir bulan ini meminta kepada Allah SWT agar Indonesia selalu diberkahi di bawah kepemimpinan Bapak Presiden Prabowo Subianto,"""" tandasnya."""
"Imparsial Ingatkan Revisi Pasal 47 RUU TNI Bisa Kacaukan Rekrutmen ASN,11 Mar 2025 13:44,https://news.detik.com/berita/d-7817596/imparsial-ingatkan-revisi-pasal-47-ruu-tni-bisa-kacaukan-rekrutmen-asn,""Imparsialmengkritik pembahasan RUU TNI yang saat ini bergulir. Revisi pasal 47 RUU TNI dinilai berpotensi memperluas jabatan prajurit TNI di ranah sipil dan bisa berdampak negatif pada jenjang karier ASN. """"Penempatan prajurit TNI aktif pada jabatan-jabatan sipil juga berpotensi berdampak negatif terhadap pengelolaan jenjang karier Aparatur Sipil Negara (ASN) dan masuknya militerisme ke dalam kementerian dan lembaga nonkementerian,"""" tulis Imparsial dalam dokumen catatan kritisnya, Juni 2024. Imparsial menilai penempatan prajurit aktif di jabatan sipil bisa mengabaikan kompetensi. Hal ini juga bisa mengacaukan oleh rekrutmen karier ASN. SCROLL TO CONTINUE WITH CONTENT """"Penempatan perwira TNI aktif dalam jabatan sipil mengabaikan spesialisasi, kompetensi, pengalaman, serta masa pengabdian ASN di instansi terkait. Selain mengacaukan pola rekrutmen dan pembinaan karirr ASN yang seharusnya diatur ajeg dan berjenjang,"""" tegasnya. Sebelumnya, Ketua Komisi I DPR Utut Adianto mengatakan dalam waktu sehari, pihaknya akan dikirim DIM RUU TNI oleh pemerintah. Utut menyebut DIM itu salah satunya berkaitan dengan Pasal 47 UU TNI. """"DIM itu singkatan dari daftar inventarisasi masalah yang akan nanti, kita banyak, kita akan revisi, yaitu yang berkaitan dengan lingkup tugas di Pasal 47, TNI bisa ke mana saja, kemudian di usia di Pasal 53 dan satu lagi di kedudukan, di Pasal 3,"""" ujar Utut dalam rapat, Senin (10/3/2025). Pasal 47 mengatur tentang aturan prajurit jika ingin menduduki jabatan sipil. Dalam ayat 1 dijelaskan prajurit bisa menduduki jabatan sipil jika pensiun dini. Sedangkan ayat 2, mengatur jabatan apa saja yang boleh diduduki prajurit aktif. Begini bunyi Pasal 47 ayat 1 dan 2: Pasal 47(1) Prajurit hanya dapat menduduki jabatan sipil setelah mengundurkan diri atau pensiun dari dinas aktif keprajuritan.(2) Prajurit aktif dapat menduduki jabatan pada kantor yang membidangi koordinator bidang Politik dan Keamanan Negara, Pertahanan Negara, Sekretaris Militer Presiden, Intelijen Negara, Sandi Negara, Lembaga Ketahanan Nasional, Dewan Pertahanan Nasional, Search and Rescue (SAR) Nasional, Narkotika Nasional, dan Mahkamah Agung. Sementara itu, Koalisi Masyarakat Sipil menduga ada usulan penambahan frasa pada Pasal 47 ayat 2. Yakni usulan frasa 'serta kementerian/lembaga lain yang membutuhkan tenaga dan keahlian Prajurit aktif sesuai dengan kebijakan Presiden'. Koalisi Masyarakat Sipil mengkritik keras penambahan frasa ini. Koalisi Masyarakat Sipil ini sangat berbahaya karena memperluas cakupan jabatan sipil bagi prajurit TNI aktif. """"Penambahan frasa tersebut sangat berbahaya karena memperluas cakupan jabatan sipil yang dapat diisi oleh prajurit TNI aktif, yang sebelumnya dibatasi hanya pada 10 kementerian dan lembaga sebagaimana diatur dalam UU TNI,"""" tulisnya, Kamis (6/3/2025). Simak juga video: Baleg DPR Batalkan Pembahasan RUU TNI-Polri, Serahkan ke Periode Selanjutnya [Gambas:Video 20detik]"""
"Jalan Putar Balik Reformasi TNI,31 Mar 2025 08:00,https://news.detik.com/x/detail/spotlight/20250330/Jalan-Putar-Balik-Reformasi-TNI/,""Sejak era rezim Jokowi, pemerintah mencari celah hukum untuk memperluas jabatan sipil yang bisa ditempati perwira TNI aktif. Kini upaya itu makin masif dan terang-terangan. Foto : Demonstrasi tolak UU TNI di Surabaya, Jawa Timur, Senin (24/03/2025). (Deny Prastyo Utomo/detikcom) Pasal 47 Undang-Undang TNI membatasi jabatan sipil bagi perwira aktif hanya di beberapa kementerian atau lembaga tertentu, tapi pemerintah mencari cara untuk mengakalinya. Menurut mantan Gubernur Lembaga Ketahanan Nasional (Lemhannas) Andi Widjajanto, ketika ia masih mendampingi Presiden Joko Widodo, ada sejumlah usulan agar perwira TNI aktif bisa ditempatkan di jabatan sipil di luar yang diizinkan UU TNI. Salah satu contoh yang menonjol adalah penunjukan Doni Monardo sebagai Kepala Badan Nasional Penanggulangan Bencana (BNPB) dengan status perwira aktif bintang tiga. Sebelumnya, Kepala BNPB dari unsur TNI harus beralih status menjadi aparatur sipil negara (ASN). """"Pak Jokowi cuma bertanya ke kami, dimungkinkan tidak? Lalu saya sangat ingat waktu itu kami berinteraksi dengan Pak Luhut, dengan tim hukum, coba dicari celahnya bagaimana,"""" ungkap Andi kepadadetikX. Saat itu, menurut Andi, Doni Monardo sempat menyatakan siap dan bersedia jika harus beralih status menjadi ASN. Namun Jokowi memberi arahan agar dicari celah hukum yang memungkinkan yang bersangkutan tetap berstatus TNI aktif. """"Waktu itu kami bilang permintaan Presiden coba kita kaji dulu,"""" sambung kader Partai Demokrasi Indonesia Perjuangan tersebut."""
"Massa GEMAS Masuk Gedung DPRD Kalteng, Nama Andina Narang Disebut-sebut,24 Mar 2025 21:00,https://www.detik.com/kalimantan/berita/d-7839764/massa-gemas-masuk-gedung-dprd-kalteng-nama-andina-narang-disebut-sebut,""Mahasiswa yang tergabung dalam Gerakan Masyarakat Sipil (GEMAS) mendesak adanya audiensi dengan DPRD Kalteng pada Senin (24/03/2025). Setelah sempat terjadi kericuhan, massa dipersilakan masuk untuk penyampaian aspirasi dan tuntutan. Dalam penyampaian aspirasi, nama Andina Thresia Narang berkali-kali disebut. Menurut GEMAS, di tengah gelombang penolakan UU TNI, justru ada anggota DPR Dapil Kalimantan Tengah yang mendukung UU TNI. Itu seperti yang disampaikan perwakilan dari BEM-Fakultas Hukum Universitas Palangkaraya (BEM-FH UPR). """"Yang paling krusial adalah dalam pengesahan undang-undang ini (UU TNI) ada perwakilan dari Kalimantan Tengah! Siapa itu?"""" tanya ia pada massa. SCROLL TO CONTINUE WITH CONTENT """"Andina Narang,"""" jawab massa serentak. Kemudian perwakilan BEM-Fakultas Sosial dan Politik Universitas Palangkaraya (BEM-FISIP UPR) juga menyinggung soal anggota DPR RI Dapil Kalimantan Tengah yang mendukung pengesahan UU TNI. """"Bahkan ironisnya kawan-kawan, anggota DPR RI Dapil Kalimantan Tengah Andina Narang juga ikut rapat pengesahan UU TNI ini,"""" tegasnya. Peserta demo lainnya, Imam, juga mengungkapkan kekecawaannya atas keterlibatan Andina dalam pengesahan UU TNI. """"Pengesahan Undang-Undang TNI saya lihat Andina Narang perwakilan DPR RI dari Kalimantan Tengah. Ia bersuara untuk pengesahan undang-undang tersebut,"""" ungkapnya. Audiensi berlangsung kurang lebih 2 jam dari sekitar pukul 15.30 WIB hingga 17.30 WIB. Setelah masing-masing perwakilan menyampaikan aspirasi, baru dari pihak DPRD menanggapi aspirasi tersebut. Wakil Ketua Komisi II DPRD Kalteng, Bambang Irawan menegaskan DPRD tidak memiliki wewenang untuk memutuskan gugatan UU TNI tersebut. """"Kita tahu bahwa DPRD Kalimantan Tengah ini hanya membahas tentang Perda, jadi terkait dengan undang-undang itu ranahnya DPR. Jadi terkait hal itu, apa yang telah disampaikan tadi akan kami teruskan, akan kami kawal sampai ke DPR RI,"""" tegasnya."""
"Di DPR, Menhan Targetkan Revisi UU TNI hingga Dewan Pertahanan Nasional,25 Nov 2024 12:08,https://news.detik.com/berita/d-7655433/di-dpr-menhan-targetkan-revisi-uu-tni-hingga-dewan-pertahanan-nasional,""Menteri Pertahanan (Menhan) Sjafrie Sjamsoeddin menghadiri rapat perdana di Komisi I DPR hari ini. Dalam rapat itu, Sjafrie menegaskan prosesrevisi Undang-Undang (UU) tentang Tentara Nasional Indonesia (TNI)akan dilakukan bersama DPR di periode ini dan akan merampungkan pembentukan Dewan Pertahanan Nasional. Rapat digelar di ruang rapat Komisi I DPR, Senayan, Jakarta, Senin (25/11/2024). Ketua Komisi I DPR Utut Adianto memimpin rapat tersebut. Sjafrie mulanya menyampaikan kebijakan-kebijakan Kemhan dalam lima tahun ke depan. Dia mengatakan arah kebijakan Kemhan yakni melanjutkan apa yang telah menjadi strategi nasional, strategi pertahanan, dan strategi militer di periode sebelumnya. SCROLL TO CONTINUE WITH CONTENT """"Kalau melihat situasi nasional yang disampaikan tadi, maka saya ingin menjelaskan arah pembangunan kekuatan pertahanan negara yang akan kita kerjakan di dalam kurun waktu saat ini sampai dengan lima tahun ke depan,"""" kata Sjafrie. """"Kebijakan kita adalah melanjutkan apa yang sudah menjadi rintisan, strategi nasional, strategi pertahanan, dan strategi militer yang akan kita kembangkan di dalam pembangunan kekuatan pertahanan negara,"""" tambahnya. Sjafrie menuturkan pihaknya akan melanjutkan penguatan kebijakan strategi pertahanan salah satunya berkaitan dengan revisi UU TNI. Selain itu, Kemhan juga disebut akan membentuk Dewan Pertahanan Nasional. """"Kita akan melanjutkan penguatan kebijakan strategi pertahanan, yaitu seperti yang tadi disinggung kita akan melakukan revisi Undang-Undang Tentara Nasional Indonesia,"""" kata Sjafrie. """"Kita akan melakukan penguatan kebijakan strategi nasional dengan membentuk amanat Undang-Undang Pertahanan Negara Pasal 15 yaitu terbentuknya Dewan Pertahanan Nasional dalam konteks bagaimana kita mengamankan kedaulatan negara,"""" imbuhnya."""
"Massa Aksi Tolak RUU TNI Bertambah, Jl Gatsu Depan DPR Tak Bisa Dilintasi,27 Mar 2025 17:27,https://news.detik.com/berita/d-7844859/massa-aksi-tolak-ruu-tni-bertambah-jl-gatsu-depan-dpr-tak-bisa-dilintasi,""Massa aksi tolak pengesahanrevisi Undang-Undang TNIdi depan gedung DPR makin bertambah. Akses Jalan Gatot Subroto depan gedung DPR RI pun tidak dapat dilintasi kendaraan. Pantauandetikcomdi lokasi, Kamis (27/3/2025), massa aksi meluber ke Jalan Gatot Subroto depan gedung DPR RI sejak pukul 16.30 WIB. Mereka tampak memenuhi seluruh sisi lajur jalan. Sejumlah kendaraan sempat melintasi jalur bus TransJakarta yang masih bisa dilalui. Namun kemacetan timbul lantaran tumpukan kendaraan di jalur bus TransJakarta. SCROLL TO CONTINUE WITH CONTENT Sekitar pukul 16.50 WIB, jalur bus TransJakarta pun akhirnya juga tidak dapat dilintasi. Kendaraan pun mulai dialihkan dariflyoverdekat Jakarta Conventions Center (JCC). Seperti diketahui, sejumlah massa mulai berdatangan ke depan gedung DPR/MPR RI, Jakarta Pusat, untuk melakukan aksi penolakan pengesahan RUU Nomor 34 Tahun 2004 tentang TNI. Mereka datang membawa sejumlah tuntutan. Massa aksi mulai datang sejak pukul 15.20 WIB. Mereka menggunakan pakaian serba hitam dalam aksi yang digelar hari ini. Setiba di lokasi, massa aksi terlihat menempel beberapa poster di pagar gedung DPR/MPR RI. Adapun poster tersebut berisikan kritik dan penolakan terhadap pengesahan RUU TNI. Ada poster bertulisan 'DPR=Dewan Pengecewa Rakyat', 'Kembalikan TNI ke-Barak', hingga 'Kebebasan Anda Terancam Hari Ini'. Dalam tulisan tersebut tergambar juga foto dari para pimpinan DPR RI. Selain itu, mereka membawa sejumlah artikel yang cetak kemudian ikut ditempelkan di beton-betonbarrierdepan gedung DPR/MPR RI. Artikel yang ditempelkan ini memuat tulisan serta gambar karikatur hewan jenis Babi. Sementara itu, arus lalu lintas di sekitar lokasi aksi masih normal. Belum terlihat adanya kemacetan atau pengalihan arus lalu lintas buntut aksi yang digelar. Sebagai informasi, DPR RI resmi mengesahkan Rancangan Undang-Undang tentang Perubahan atas Undang-Undang Nomor 34 Tahun 2004 tentang Tentara Nasional Indonesia atau RUU TNI menjadi undang-undang. Keputusan ini diambil dalam rapat paripurna yang dihadiri oleh sejumlah menteri pada Kamis (20/3). Simak juga Video 'Massa Aksi Tolak RUU TNI Sempat Terobos Tol Dalam Kota': [Gambas:Video 20detik]"""
"PKB Singgung Prajurit Duduki Jabatan Sipil, Khawatir RUU TNI Dicurigai,14 Mar 2025 11:31,https://news.detik.com/berita/d-7822925/pkb-singgung-prajurit-duduki-jabatan-sipil-khawatir-ruu-tni-dicurigai,""Wacana perluasan peranTNIdi ranah sipil kini sedang dibahas dalam revisi UU Nomor 34 Tahun 2004 tentang TNI. Ketua FraksiPKBDPR Jazilul Fawaid mengatakanprajurit TNIaktif menduduki jabatan sipil maka harus mengundurkan diri atau pensiun dari dinas. """"Kita ingin agar militer betul-betul menjadi alat pertahanan negara. Untuk itu, kita harus kembali kepada UU yang mengatur, yaitu UU Nomor 34 Tahun 2004 tentang TNI,"""" kata Gus Jazil dalam keterangannya, Jumat (14/3/2025). Waketum PKB itu mengatakan dalam Pasal 47 UU TNI jelas disebutkan bahwa prajurit hanya dapat menduduki jabatan sipil setelah mengundurkan diri atau pensiun dari dinas aktif keprajuritan. SCROLL TO CONTINUE WITH CONTENT """"Apakah yang sekarang sudah mengundurkan diri atau pensiun dari dinas aktif keprajuritan? Mari kita koreksi bersama,"""" kata Jazilul. Jazilul heran ketika aturan pasal tersebut tidak dijalankan oleh prajurit, Panglima TNI dan Menteri Pertahanan (Menhan) hanya mengimbau, tidak ada tindakan tegas. Seharusnya, menurut Jazilul, Panglima TNI dan Menhan menegakkan aturan, bukan hanya mengimbau. """"Mestinya ditegakkan ini, karena ini undang-undang. Undang-undang yang mengatur agar profesionalitas TNI betul-betul terjaga. Hari ini tidak terjaga kalau ini tidak dilaksanakan,"""" jelas Wakil Ketua Badan Anggaran (Banggar) DPR itu. Gus Jazil mengatakan apa yang dia sampaikan merupakan bentuk kecintaan kepada TNI dan militer. Untuk itu, dia menekankan agar UU TNI ditegakkan, jika tidak maka akan terus muncul kecurigaan terhadap TNI. """"Kita sayang kepada TNI, sayang kepada militer. Maka UU yang mengatur dirinya harus didisiplinkan dulu, sebelum mendisiplinkan yang lain. Kalau ini tidak disiplinkan, akan terus muncul kecurigaan-kecurigaan, termasuk soal revisi dan yang lain. Apakah untuk ini ada revisi kira-kira begitu?"""" paparnya. Jazilul menegaskan bahwa PKB sebagai partai yang lahir saat Reformasi, betul-betul menginginkan agar tentara menjadi alat pertahanan negara yang profesional. TNI diminta fokus melaksanakan tugasnya sesuai dengan undang-undang. """"Kami PKB yang lahir pada saat Reformasi, betul-betul menginginkan tentara menjadi alat pertahanan negara yang professional. Jangan diganggu supaya fokus di situ!"""" imbuhnya. Menhan Sjafrie Sjamsoeddin sebelumnya mengungkapkan usulan perubahan pasal dalam revisi UU TNI yang tengah digodok. Pihaknya ingin ada aturan yang memperjelas batasan dan mekanisme pelibatan TNI di jabatan nonmiliter. """"Perubahan undang-undang TNI diajukan oleh pihak DPR RI diperlukan untuk memberikan landasan hukum yang lebih jelas terhadap peran TNI, ada tugas lain selain perang tanpa melanggar prinsip demokrasi dan supremasi sipil,"""" ujar Sjafrie dalam rapat Komisi I DPR di kompleks parlemen, Senayan, Jakarta, Selasa (11/3). Sjafrie menyebut ada empat fokus yang ditekankan oleh pihaknya. Salah satunya terkait kebijakan modernisasi alutsista hingga batasan pelibatan TNI di tugas nonmiliter. """"Satu, memperkuat kebijakan modernisasi alutsista dan industri pertahanan di dalam negeri. Dua, memperjelas batasan dan mekanisme pelibatan TNI dalam tugas nonmiliter,"""" ujar Sjafrie. """"Tiga, meningkatkan kesejahteraan prajurit serta jaminan sosial bagi prajurit. Empat, menyesuaikan ketentuan terkait kepemimpinan jenjang karir dan usia pensiun sesuai dengan kebutuhan organisasi,"""" tambahnya. Lihat juga Video: Anggota DPR Pertanyakan Usulan Usia Pensiun TNI Jabatan Fungsional 65 Tahun [Gambas:Video 20detik]"""
"Imparsial Minta Pembahasan Revisi UU TNI Dihentikan, Beri Catatan Kritis,18 Jul 2024 12:18,https://news.detik.com/berita/d-7444824/imparsial-minta-pembahasan-revisi-uu-tni-dihentikan-beri-catatan-kritis,""Direktur ImparsialGufron Mabrurimengkritik pembahasan revisi UU TNI yang saat ini menjadi inisiatif DPR. Gufron menilai revisi UU TNI tidak mendesak dan diwarnai dengan beberapa usulan yang bermasalah. """"Kami memandang DPR RI sebaiknya menghentikan segala bentuk pembahasan agenda revisi UU TNI, mengingat revisi UU TNI bukan hanya tidak mendesak, tetapi DPR juga tidak memiliki waktu yang cukup untuk melakukan pembahasan,"""" kata Gufron dalam keterangan tertulisnya, Kamis (18/7/2024). Untuk diketahui, saat ini DPR tengah memasuki masa reses. DPR baru kembali pada pertengahan Agustus untuk masuk masa sidang. Dengan demikian, DPR hanya memiliki waktu kurang lebih 1 bulan untuk menyelesaikan pembahasan revisi UU TNI. SCROLL TO CONTINUE WITH CONTENT Gufron juga menilai beberapa subtansi yang diusulkan justru melemahkan agenda reformasi. Usulan-usulan tersebut dinilai tidak memperkuat TNI sebagai alat pertahanan negara yang profesional. """"Lebih dari itu, substansi perubahan yang diusulkan oleh pemerintah bukannya memperkuat agenda reformasi TNI yang telah dijalankan sejak tahun 1998, tapi justru malah sebaliknya. Alih-alih mendorong TNI menjadi alat pertahanan negara yang profesional, sejumlah usulan perubahan memundurkan kembali agenda reformasi TNI,"""" tuturnya. Lebih lanjut, Gufron menyampaikan sejumlah catatan kritis terkait usulan perubahan UU TNI ini. Catatan ini berdasarkan naskah DIM yang ia terima. Salah satu kritiknya, yakni soal pelibatan militer di luar sektor pertahanan. """"Perluasan dan penambahan jenis-jenis Operasi Militer Selain Perang (OMSP). Usulan perubahan Pasal 7 ayat 2 dan ayat 3 yang memperluas dan menambah cakupan OMSP menunjukan paradigma dan keinginan politik untuk memperluas keterlibatan peran militer di luar sektor pertahanan negara. Hal ini dapat dilihat dari penambahan 19 jenis OMSP dari yang sebelumnya berjumlah 14 jenis yang dapat dilakukan oleh TNI,"""" tuturnya. Gufron juga menyoroti perubahan soal perluasan peran menjadi aparat penegak hukum. Menurutnya, hal bertentangan dengan TAP MPR VII Tahun 2000. """"Ketentuan ini keliru dan betentangan dengan amanat Pasal 30 (2) dan (3) sebagai alat pertahanan negara dan TAP MPR VII Tahun 2000 tentang Peran TNI dan Peran Polri,"""" jelasnya. Selain itu, dia juga menilai penghapusan larangan berbisnis bagi TNI itu keliru. Sebab, usulan ini bisa menyebabkan kemunduran reformasi TNI. """"Ketiga, penghapusan larangan berbisnis bagi TNI. Ketentuan ini merupakan pandangan keliru serta mencerminkan kemunduran upaya reformasi tubuh TNI. Militer dididik, dilatih dan dipersiapkan untuk perang,"""" katanya. Terakhir, dia melihat upaya perluasan jabatan sipil yang bisa diduduki perwira aktif TNI tidaklah tepat. Dia menilai usulan ini membuka ruang kembalinya dwi fungsi ABRI. """"Keempat perluasan jabatan-jabatan sipil yang dapat diduduki oleh perwira TNI aktif. Adanya usulan perubahan yang memberikan ruang bagi TNI untuk dapat menduduki jabatan sipil yang lebih banyak dan lebih luas sebagaimana tercantum dalam naskah DIM revisi UU TNI Pasal 47 Ayat (2) dapat membuka ruang kembalinya dwi fungsi ABRI,"""" ungkapnya."""
"Mahasiswa Trisakti Kecewa RUU TNI Disahkan, Ungkit Reformasi 1998,20 Mar 2025 17:48,https://news.detik.com/berita/d-7833418/mahasiswa-trisakti-kecewa-ruu-tni-disahkan-ungkit-reformasi-1998,""Mahasiswa Trisakti mengungkap kekecewaannya setelah DPR mengesahkanRUU TNImenjadi undang-undang. Mereka pun mengungkit peristiwa Reformasi 1998. """"Hari ini pemerintahan yang mengangkangi konstitusi dari reformasi semangat dan spirit dari amanat dan tujuan reformasi. Orang-orang yang hari ini berupaya untuk mengembalikan kekecewaan-kekecewaan yang dulu pernah terjadi selama 32 tahun pemerintahan dengan corak militeristik menjabat itu adalah satu bentuk kemunduran dalam reformasi,"""" kata Presiden BEM Universitas Trisakti, Faiz Nabawi Mulya, kepada wartawan di gedung DPR, Senayan, Jakarta Pusat, Kamis (20/3/2025). Dia pun menyebutkan BEM Universitas Trisakti akan menginisiasi pembongkaran Tugu 12 Mei yang menjadi simbol lahirnya reformasi. Dia mengatakan pihaknya akan bersurat ke Pemerintah Provinsi Jakarta untuk pembongkaran tugu. SCROLL TO CONTINUE WITH CONTENT """"Saya perlu sampaikan bahwa hari ini kekecewaan teman-teman mahasiswa Universitas Trisakti adalah dengan bagaimana kami memberikan simbol dan juga menyerukan kepada pemda DKI untuk menghancurkan Tugu 12 Mei,"""" terang Faiz. """"Karena Tugu 12 Mei kami anggap sebagai salah satu monumen sakral untuk bagaimana menjadi simbol reformasi berdiri. Hari ini kami kecewa dan sangat amat betul marah kepada pemerintah, plan mengembalikan corak-corak militeristik dalam pemerintahannya,"""" sambungnya. Dia menjelaskan, keluarga besar mahasiswa Universitas Trisakti akan terus melakukan perlawanan terhadap upaya-upaya yang dinilai dapat mencederai cita-cita reformasi. """"Jadi hari ini saya perlu tegaskan bahwa mahasiswa Trisakti akan terus melawan terhadap apa pun yang melanggar maupun mengangkangi amanat reformasi itu sendiri,"""" ujarnya. Seperti diketahui, DPR RI resmi mengesahkan Rancangan Undang-Undang tentang Perubahan atas Undang-Undang Nomor 34 Tahun 2004 tentang Tentara Nasional Indonesia atau RUU TNI menjadi undang-undang. Keputusan ini diambil dalam rapat paripurna yang dihadiri oleh sejumlah menteri. Rapat terselenggara di ruang Paripurna, gedung DPR RI, Senayan, Jakarta Pusat, Kamis (20/3). Rapat dipimpin oleh Ketua DPR RI Puan Maharani yang didampingi Wakil Ketua DPR yang lain, seperti Sufmi Dasco Ahmad, Saan Mustopa, dan Adies Kadir. Menteri Pertahanan Sjafrie Sjamsoeddin, Panglima TNI Jenderal Agus Subiyanto, Wamenkeu Thomas Djiwandono, hingga Menteri Sekretaris Negara Prasetyo Hadi hadir dalam rapat paripurna. Puan kemudian mempersilakan Ketua Panja RUU TNI, Utut Adianto, untuk menyampaikan laporan pembahasan RUU TNI. Utut menyampaikan beberapa poin krusial terkait kedudukan TNI, usia pensiun, hingga keterlibatan TNI aktif di kementerian atau lembaga. Ia memastikan tak adanya dwifungsi TNI dalam pembahasan revisi UU ini. Selepas Utut menyampaikan laporannya, Puan lantas menanyakan kepada anggota Dewan yang hadir apakah RUU tersebut dapat disepakati menjadi undang-undang. Mayoritas menjawab setuju. """"Kami menanyakan kepada seluruh anggota apakah Rancangan Undang-Undang tentang Perubahan atas Undang-Undang Nomor 34 Tahun 2004 tentang Tentara Nasional Indonesia, apakah dapat disetujui untuk disahkan menjadi undang-undang?"""" kata Puan Maharani. """"Setuju,"""" jawab peserta sidang diikuti dengan ketukan palu tanda pengesahan. Lihat Video 'Puan soal UU TNI: Prajurit Aktif Tetap Dilarang Berbisnis-Berpolitik': [Gambas:Video 20detik]"""
"Anggota DPR Pertanyakan Usulan Pensiun TNI Usia 65 Tahun,13 Mar 2025 12:00,https://news.detik.com/berita/d-7821163/anggota-dpr-pertanyakan-usulan-pensiun-tni-usia-65-tahun,""AnggotaKomisi I DPRFraksi Demokrat Frederick Kalalembang mempertanyakan adanya usulan usia pensiun anggota TNI jabatan fungsional 65 tahun dalamRUU TNI. Frederick menilai mestinya anggota TNI tersebut juga dibekali dengan keahlian khusus. """"Saya kira semua tentunya sudah melalui kajian yang mendalam, ada beberapa pasal yang mungkin saya pertanyakan di sini masalah usia. Saya melihat apa yang Panglima dan para KSAD sampaikan, tentunya ini punya kajian dan pengalaman yang mendalam antara lain, seperti bintara, tamtama, sudah bisa sampai 58 tahun, kemudian perwira 60 tahun,"""" kata Frederick dalam rapat di Komisi I DPR kompleks parlemen, Senayan, Jakarta Pusat, Kamis (13/3/2025). Frederick lantas menyinggung adanya usulan pensiunan pada usia 65 bagi TNI jabatan fungsional. Frederick khawatir jabatan ini nantinya tak tertampung hingga menimbulkan kritik di publik. SCROLL TO CONTINUE WITH CONTENT """"Yang saya pertanyakan adalah usia yang 65 tahun. Saya lihat di sini 65 tahun adalah jabatan fungsional. Nah, kalau saya melihat, baik di Polri maupun di TNI, jabatan fungsional ini hanya tempat penampungan,"""" kata Frederick. """"Nah, kasihan nanti Panglima, KSAD, akan banyak rongrongan karena ini, apa, jabatan yang artinya di jabatan struktural saja mungkin tidak tertampung, apalagi nanti di jabatan fungsional ini,"""" sambungnya. Frederick mengatakan semestinya jabatan fungsional diisi oleh pihak yang memiliki keahlian khusus. Frederick menyebut hal tersebut harus dipertimbangkan lebih lanjut. """"Karena setahu saya biasanya di jabatan fungsional itu adalah mempunyai keahlian khusus. Jadi mungkin tolong dipertimbangkan dan ini menjadi yang merepotkan juga Panglima dan KSAD nantinya kalau ini kita masukkan,"""" ungkap Frederick. """"Jadi menurut saya, harus dibatasi yang mempunyai keahlian khusus, untuk batas usia 65 tahun, saya kira ini Panglima dan KSAD,"""" imbuhnya."""
"RUU TNI Dikhawatirkan Kembali Orba, Utut: Kita Tak Bisa Putar Balik Jarum Jam,04 Mar 2025 15:27,https://news.detik.com/berita/d-7806382/ruu-tni-dikhawatirkan-kembali-orba-utut-kita-tak-bisa-putar-balik-jarum-jam,""KetuaKomisi I DPRUtut Adianto menjawab gelombang penolakan terhadaprevisi Undang-Undang TNIyang tengah dibahas oleh DPR. Utut menyebutkan kekhawatiran RUU TNI Kembali ke Orde Baru (Orba) tak akan terjadi. Utut mulanya menyampaikan bahwa komisinya menampung seluruh masukan yang datang dari masyarakat. Oleh karena itu, sejumlah pihak hingga organisasi sipil masyarakat diundang ke Komisi I DPR untuk menyampaikan pendapatnya. """"Begini kalau pendapat tentu kita tampung. Kitanyaraninnyasebaik mungkin, kemarin para ahli dari ilmuwan, ada pelaku, ada jenderal dari Unhan,"""" kata Utut di kompleks DPR, Senayan, Jakarta Pusat, Selasa (4/3/2025). SCROLL TO CONTINUE WITH CONTENT Utut menyebutkan semua pihak dilibatkan dalam penyusunan revisi UU TNI. Wasekjen PDIP menepis adanya anggapan revisi UU TNI akan mengembalikan suatu institusi ke zaman Orde Baru. """"Artinya, semuastakeholderkita tentu nggak bisa satu per satu ini saya jawab. Kalau niatnya kan pasti baik, kalau ada ketakutan kembali ke Orde Baru saya rasa kita nggak bisa memutar balik jarum jam, ituaja,"""" ungkap dia. Legislator PDIP ini meminta media terus mengawal jalannya pembahasan Revisi UU TNI. Utut menyatakan Komisi I juga sudah melakukan rapat internal terkait pembahasan RUU TNI. """"Kemarin ini kami juga rapat intern, intern itu semua anggota komisi ditanya maungundangsiapa, maungundangsiapa,ngundangnyabukan maunya Pak Utut, tapi maunya dari masing-masing,"""" katanya. Simak juga video: Baleg DPR Batalkan Pembahasan RUU TNI-Polri, Serahkan ke Periode Selanjutnya [Gambas:Video 20detik]"""
"Komisi I DPR Rapat dengan Panglima dan Kepala Staf Bahas RUU TNI,13 Mar 2025 11:05,https://news.detik.com/berita/d-7821025/komisi-i-dpr-rapat-dengan-panglima-dan-kepala-staf-bahas-ruu-tni,""Komisi I DPRmenggelar rapat kerja (raker) dengan Panglima TNI Jenderal Agus Subiyanto dan tiga pimpinan TNI AD, TNI AL, dan TNI AU. Rapat ini dalam rangka membahas revisi Undang Undang Nomor 34 Tahun 2004 tentang TNI (RUU TNI). Rapat digelar di gedung Nusantara I DPR RI, Senayan, Jakarta Pusat, Kamis (13/3/2025). Rapat ini dipimpin oleh Ketua Komisi I DPR Utut Adianto, turut hadir KSAD Jenderal Maruli Simanjuntak, KSAU Marsekal Mohamad Tonny Harjono, Wakil KSAL Laksdya Erwin S. Aldedharma. """"Rapat kerja dengan Panglima TNI dan kepala staf, saya nyatakan terbuka dan dibuka untuk umum. Ibu-bapak sebelum kita mulai mohon ditayangkan bahwa kami mendapat surat dari Bapak Presiden tolong disampaikan ke Panglima dan kepala staf atau yang mewakili,"""" kata Utut dalam pemaparannya. SCROLL TO CONTINUE WITH CONTENT Utut menyebut Presiden Prabowo Subianto menunjuk empat menteri dalam pembahasan RUU TNI yakni Menteri Hukum, Menteri Keuangan, Menteri Pertahanan dan Menteri Sekretariat Negara. Utut menyebut ada 11 bab yang terdiri dari 78 pasal yang akan dibahas oleh pihaknya. """"Ini yang akan kita revisi UU Nomor 34 Tahun 2004 yang ditandatangani tanggal 16 Oktober 2004 oleh Presiden, Ibu Megawati Soekarnoputri. Terdiri dari 11 bab, 78 pasal,"""" ujar Utut. """"Kalau kita klaster ada 11, yaitu ketentuan umum pasalnya 1, jati diri, kedudukan, peran fungsi dan tugas, postur dan organisasi ini yang nanti akan erat kaitannya dengan Kemenkeu, kemudian pengerahan dan penggunaan kekuatan TNI ini tentu Pak Panglima sebagai orang yang akan sangat berhubungan langsung dengan revisi ini,"""" tambahnya. Adapun pembahasan revisi UU TNI juga menyertakan nasib para prajurit ke depannya, termasuk terkait batas usia pensiun. Utut mengatakan RUU ini disusun dengan hati-hati. """"Dan kemudian prajurit, ibu-bapak, prajurit pasalnya paling banyak 45, Pak Maruli punya pasukan paling banyak kalau dibulatkan dugaan saya sekitar 375 ribu,"""" ujar Utut. """"Kemudian pembiayaan, ini yang akan sangat kita hati-hati jangan sampai memberatkan keuangan negara. Tetapi kemarin melalui Wamenkeu dan sekjen Kemenkeu mereka sudah melakukan simulasi, singkat kata semuanya masih oke,"""" tambahnya. Utut menyebut hubungan kelembagaan juga dibahas dalam revisi UU TNI ini. Ia menyebut pembahasan secara terbuka kepada publik. """"Kemudian hubungan kelembagaan, ini yang kita jaga dugaan saya tidak akan mengganggu dengan yang lain, dan nanti ada ketentuan peralihan dan ketentuan penutup,"""" imbuhnya."""
"Satpam Hotel Fairmont Laporkan Penggerudukan Rapat RUU TNI, Ini Kata KontraS,16 Mar 2025 19:14,https://news.detik.com/berita/d-7826214/satpam-hotel-fairmont-laporkan-penggerudukan-rapat-ruu-tni-ini-kata-kontras,""Polda Metro Jaya menerima laporan penggerudukan rapat panitia kerja (panja) Komisi I DPR dengan pemerintah membahas revisi Undang-Undang (RUU)TNIdari sekuriti Hotel Farimont, Jakarta Pusat, berinisial RYR. Bagaimana respons Komisi Untuk Orang Hilang dan Korban Tindak Kekerasan (KontraS)? """"Terkait dengan proses pelaporan oleh satpam Fairmont ya, kami masih memverifikasi laporan itu kepada pihak kepolisian karena kami masih belum dapat salinan LP resminya,"""" kata kata koordinator KontraS, Dimas Bagus Arya Saputra, kepada wartawan, Minggu (16/3/2025). Dimas mengatakan pihaknya sudah melalui proses pengecekan keamanan dari sekuriti hotel saat melakukan penggerudukan. Dia menilai delik pasal yang disangkakan dalam laporan itu dipaksakan. SCROLL TO CONTINUE WITH CONTENT """"Kami melihat ada upaya yang dipaksakan karena pertama, dalam konteks pelaksaanan aksi kami sudah melewati securiti cek dari pihak hotel, artinya kita tidak membawa barang-barang atau benda-benda yang kemudian potentially harmful gitu ya, atau berpotensi untuk kemudian dapat melukai atau mengintimidasi seseorang,"""" ujarnya. Dimas mengatakan pihaknya hanya menyampaikan tuntutan. Dimas menuturkan pihaknya juga tak melakukan intimidasi atau ancaman saat menyampaikan tuntutan dalam penggerudukan tersebut. """"Kami juga hanya dalam proses orasi, kami hanya menyampaikan tuntutan, tidak ada nada ancaman sementara ada pasal-pasal gitu ya, yang disangkakan itu bernada ancaman, berkaitan dengan pasal yang berkaitan dengan ancaman keselamatan dan lain sebagianya,"""" ujarnya. Dimas mengatakan pelaporan ini harusnya dapat dicegah. Menurutnya, proses penyampaian pendapat yang KontraS lakukan saat penggerudukan itu sudah sesuai koridor. """"Jadi kami rasa proses pelaporan ini harusnya bisa diredam gitu ya, kami melihat kalaupun ternyata pihak pemerintah dan juga DPR itu tidak antikritik atau kupingnya bisa mendengar gitu ya, harusnya pemerintah dan DPR bisa mencegah pelaporan ini,"""" kata Dimas. """"Kenapa? Karena apa yang kami lakukan itu sudah pada koridor, sudah sesuai gitu ya dengan ketentuan yang sudah sesuai dengan proses-proses yang kami rasa berkaitan dengan proses-proses penyampaian pendapat di muka umum dan juga proses proses penyeampaian ekspresi,"""" tambahnya. Lebih lanjut, Dimas mengatakan pihaknya menunggu tindak lanjut dari pelaporan tersebut. Dia mengatakan pemerintah dan DPR harus lebih berhati-hati dalam membuat suatu kebijakan. """"Ini bagian dari tuntutan masyarakat untuk kemudian dapat memberikan satu peringatan kepada para pembuat kebijakan untuk lebih berhati-hati lagi dalam membuat satu peraturan atau satu produk legislasi agar tidak menghasilkan satu produk legislasi yang cacat,"""" ucapnya. Polda Metro Jaya diketahui menerima laporan terkait penggerudukan rapat panja Komisi I DPR dengan pemerintah membahas revisi UU TNI di Hotel Farimont, Jakarta Pusat. Pelapor merupakan sekuriti hotel berinisial RYR. Kabid Humas Polda Metro Jaya Kombes Ade Ary Syam Indradi mengatakan laporan diterima pada Sabtu (15/3) lalu. Laporan itu teregister dengan nomor LP/B/1876/III/2025/SPKT/POLDA METRO JAYA. """"Polda Metro Jaya menerima laporan dugaan tindak pidana mengganggu ketertiban umum dan atau perbuatan memaksa disertai ancaman kekerasan dan atau penghinaan terhadap penguasa atau badan hukum di Indonesia, yang dilaporkan oleh RYR,"""" kata Ade Ary, Minggu (16/3). Ade Ary mengatakan terlapor dalam kasus ini masih dalam penyelidikan. Dia mengatakan pasal yang diadukan dalam laporan ini adalah Pasal 172 dan/atau Pasal 212 dan/atau Pasal 217 dan/atau Pasal 335 dan/atau Pasal 503 dan/atau Pasal 207 UU Nomor 1 Tahun 1946 tentang KUHP. """"Pelapor RYR, korban anggota rapat pembahasan revisi UU TNI, terlapor dalam lidik,"""" ujarnya. : KontraS Geruduk Rapat Tertutup DPR, Minta Setop Revisi UU TNI [Gambas:Video 20detik]"""
"Muzani: Kekhawatiran Dominasi Militer di Kehidupan Sipil Tidak Terjadi,21 Mar 2025 16:19,https://news.detik.com/berita/d-7835070/muzani-kekhawatiran-dominasi-militer-di-kehidupan-sipil-tidak-terjadi,""Ketua MPR sekaligus Sekjen Partai GerindraAhmad Muzanimenilai kekhawatiran dominasi militer di dunia sipil tidak akan terjadi. Muzani mengatakan kekhawatiran tak akan terjadi karena sudah dijaminUU TNI. """"Ada kekhawatiran militerisasi dan kekhawatiran itu kan sudah dijawab dalam pengesahan undang-undang itu, bahwa apa yang dikhawatirkan adanya dominasi militer dalam kehidupan masyarakat sipil itu sudah cukup jelas, tidak terjadi,"""" kata Muzani di kawasan GBK, Senayan, Jakarta, Jumat (21/3/2025). Muzani mengatakan prajurit aktif masuk ke kementerian atau lembaga di luar yang telah diatur akan ada konsekuensi. Muzani mengatakan instansi yang dapat diisi oleh anggota TNI pun masih beririsan dengan pertahanan negara. SCROLL TO CONTINUE WITH CONTENT """"Hanya beberapa lembaga tertentu yang diizinkan mereka bisa berkiprah, dan rata-rata jabatan-jabatan yang bisa diduduki mereka dengan posisi militer aktif adalah jabatan-jabatan yang masih terkait dengan dunia kemiliteran atau dunia upaya untuk pertahanan negara seperti Indonesia,"""" jelasnya. """"Jika ada posisi militer yang menempati dunia di luar itu, mereka harus meninggalkan posisinya sebagai militer aktif,"""" sambung dia. Menurut dia, revisi UU TNI yang sudah disahkan DPR mempertegas posisi TNI dalam dunia sipil. Muzani mengatakan saat ini masih proses transisi penerapan UU TNI yang telah disahkan pada Kamis (20/3). """"Ya ini masa transisi dan saya kira tentu saja TNI memiliki road map dan agenda untuk menata dirinya setelah Undang-Undang TNI ini diaktifkan atau diundangkan menjadi undang-undang,"""" jelas dia. Muzani pun meyakini Presiden Prabowo Subianto akan menandatangani pengesahan revisi UU TNI yang sudah disahkan dalam rapat paripurna DPR. Namun Muzani belum dapat memastikan kapan UU tersebut akan ditandatangani. """"Saya kira iya (akan tanda tangan revisi UU TNI),"""" tuturnya. Simak juga Video 'Muzani soal Reshuffle Perdana Prabowo: Presiden Miliki Kewenangan Sepenuhnya': [Gambas:Video 20detik]"""
"Anggota DPR Minta Panglima Perintahkan Prajurit di Luar 14 Institusi Mundur,21 Mar 2025 10:54,https://news.detik.com/berita/d-7834339/anggota-dpr-minta-panglima-perintahkan-prajurit-di-luar-14-institusi-mundur,""AnggotaKomisi I DPRFraksi PDIP Tb Hasanuddin memintaPanglima TNIJenderal Agus Subiyanto mengeluarkan surat perintah bagi prajurit TNI aktif yang masih bertugas di luar 14 kementerian dan lembaga dalamUU TNIuntuk pensiun atau mengundurkan diri. Tb Hasanuddin menekankan semua pihak harus mematuhi UU TNI yang baru disahkan itu. """"Kita harus taat asas. Saya mohon kepada Panglima TNI agar segera mengeluarkan surat perintah, sehingga seluruh prajurit aktif yang berada di luar 14 K/L yang diperbolehkan dapat mengundurkan diri atau pensiun sesuai aturan yang berlaku,"""" ujar Tb Hasanuddin dalam keterangannya, Jumat (21/3/2025). Tb Hasanuddin mengatakan anggota TNI yang terdampak oleh perubahan ini dapat mencapai ribuan. Karena itu, dia mengatakan kebijakan transisi ini harus dilakukan dengan baik, sehingga tak mengganggu profesionalisme TNI. SCROLL TO CONTINUE WITH CONTENT Selain itu, dia menegaskan UU TNI ini sebagai upaya memperkuat reformasi TNI. Dia berharap, dengan aturan ini, anggota TNI tetap profesional dan fokus terhadap tugas pokoknya dalam pertahanan negara. """"Kita ingin memastikan bahwa aturan ini berjalan dengan baik dan semua pihak menjalankan tugasnya sesuai dengan ketentuan yang berlaku,"""" katanya. Sebagai informasi, DPR telah mengesahkan revisi Undang-Undang tentang Perubahan atas Undang-Undang Nomor 34 Tahun 2004 tentang Tentara Nasional Indonesia atau RUU TNI menjadi undang-undang. Keputusan ini diambil dalam rapat paripurna. Berikut daftar 14 kementerian dan lembaga yang dapat diisi anggota TNI aktif dalam UU TNI terbaru: 1. Kementerian Koordinator Bidang Politik dan Keamanan.2. Kementerian Pertahanan, termasuk Dewan Pertahanan Nasional.3. Kesekretariatan negara yang menangani urusan kesekretariatan presiden dan kesekretariatan militer presiden.4. Badan Intelijen Negara.5. Badan Siber dan/atau Sandi Negara.6. Lembaga Ketahanan Nasional.7. Badan Search And Rescue (SAR) Nasional.8. Badan Narkotika Nasional (BNN).9. Badan Nasional Pengelola Perbatasan (BNPP).10. Badan Penanggulangan Bencana.11. Badan Penanggulangan Terorisme.12. Badan Keamanan Laut.13. Kejaksaan Republik Indonesia (Jaksa Agung Muda Bidang Tindak Pidana Militer).14. Mahkamah Agung. Simak juga Video Puan soal UU TNI: Prajurit Aktif Tetap Dilarang Berbisnis-Berpolitik [Gambas:Video 20detik]"""
"Respons Ketua DPRD Tarakan soal Demo Jilid II, Klaim Sudah Teruskan Aspirasi,26 Mar 2025 11:30,https://www.detik.com/kalimantan/berita/d-7842134/respons-ketua-dprd-tarakan-soal-demo-jilid-ii-klaim-sudah-teruskan-aspirasi,""Ketua DPRD Kota Tarakan Muhammad Yunus menanggapi desakan Aliansi Supremasi Sipil Tarakan terkait penolakan UU TNI Nomor 34 Tahun 2024. Ia menyatakan aspirasi mahasiswa telah diteruskan ke Sekretariat DPRD (Sekwan) dan disampaikan ke DPR RI dengan tembusan kepada Pemerintah Provinsi serta Kementerian Dalam Negeri. Namun, ia menegaskan bahwa keputusan untuk menolak UU tersebut tidak bisa diambil sepihak olehnya, melainkan harus melalui kesepakatan seluruh fraksi di DPRD Kota Tarakan. """"Tugas kami di DPRD hanya menyampaikan aspirasi ke DPR RI. Untuk mengambil keputusan penolakan UU, itu harus diputuskan bersama seluruh anggota fraksi. Kami ini kan lembaga,"""" ujar Muhammad Yunus kepadadetikKalimantan, Selasa (25/3/2025). SCROLL TO CONTINUE WITH CONTENT Menanggapi ancaman demo jilid 2 dari mahasiswa, Yunus mempersilakan aksi tersebut sebagai hak menyampaikan pendapat. Sejauh ini, Yunus mengatakan belum ada perubahan UU yang disahkan pada Kamis (20/3) lalu itu. """"Silakan saja aksi, ini isu nasional. Di DPR RI pun belum ada perubahan terkait UU ini,"""" katanya. Yunus juga menyinggung aksi serupa juga berlangsung serentak di berbagai daerah di Indonesia. Dia berpesan agar massa tidak bertindak anarkis. """"Aksi dilindungi undang-undang, tapi jangan sampai anarkis,"""" tambahnya. Sebelumnya, Aliansi Supremasi Sipil Tarakan menyatakan kekecewaan terhadap Ketua DPRD Kota Tarakan yang dinilai tidak responsif terhadap tuntutan mereka. Setelah melayangkan ultimatum 1x24 jam agar Ketua DPRD mengeluarkan surat pernyataan resmi terkait penolakan UU TNI, aliansi ini kembali menemui jalan buntu. Koordinator Lapangan Aliansi Supremasi Sipil Tarakan Anhari menegaskan pihaknya siap menggelar demonstrasi jilid dua dengan massa lebih besar jika tuntutan mereka terus diabaikan. """"Kami meminta surat pernyataan resmi dari Ketua DPRD sebagai bentuk komitmen terhadap aspirasi kami. Namun, alasan yang diberikan selalu berubah-ubah. Awalnya dikatakan surat tidak bisa keluar karena hari Sabtu dan Minggu, lalu dijanjikan keluar pada Senin, 25 Maret. Tapi saat kamifollow uphari ini, Ketua DPRD beralasan harus ada rapat dengan seluruh anggota dewan terlebih dahulu,"""" ungkap Anhari. Menanggapi sikap DPRD yang dianggap plin-plan, Aliansi Supremasi Sipil Tarakan menggelar rapat konsolidasi pada, Selasa (25/3/2025). Rapat yang dihadiri tujuh perwakilan mahasiswa dari lima lembaga (BEM FKIP, BEM UBT, GMKI, SMI, dan HIMATASE) membahas evaluasi demo pertama serta langkah strategis menuju aksi lanjutan. """"Kami sepakat untuk menunda aksi besar sampai pasca-Lebaran karena banyak teman-teman yang pulkam. Tapi ini bukan berarti perjuangan berhenti. Kami akan gunakan waktu ini untuk memperkuat koordinasi,"""" jelasnya."""
"4 Orang Diamankan dari Aksi di Semarang, Kapolrestabes Sebut Ada Provokasi,20 Mar 2025 20:31,https://www.detik.com/jateng/berita/d-7833686/4-orang-diamankan-dari-aksi-di-semarang-kapolrestabes-sebut-ada-provokasi,""Empat orang peserta aksi demo Badan Eksekutif Mahasiswa (BEM) se-Semarang Raya yang menuntut pencabutan UU TNI di kompleks DPRD Jateng diamankan pihak kepolisian. Kapolrestabes Semarang Kombes M Syahduddi menyebut ada provokasi. """"Ada kurang lebih sekitar empat orang kita amankan. Karena kita melakukan upaya pendorongan keluar, mereka berupaya untuk berperilaku anarkis sehingga kita amankan dulu,"""" kata Syahduddi di DPRD Jateng, Kecamatan Semarang Selatan, Kamis (20/3/2025). Polrestabes Semarang pun melakukan pendalaman dan penyelidikan terhadap empat peserta aksi yang diamankan di Mapolrestabes Semarang. SCROLL TO CONTINUE WITH CONTENT """"(Termasuk orator?) Iya, salah satunya. Tadi kan yang orator mengeluarkan kalimat-kalimat provokasi sehingga mempengaruhi teman-teman mahasiswa yang lain untuk melakukan upaya-upaya pendorongan dan anarkis terhadap petugas kepolisian. ,"""" ujar Syahduddi. Syahduddi mengatakan, pihaknya telah berusaha menjaga aksi unjuk rasa tersebut. Dia membenarkan sempat terjadi aksi saling dorong dengan mahasiswa. """"Mereka memaksa untuk masuk lebih ke dalam gedung yang memang tidak kita perbolehkan, jadi ada sempat dorong-dorongan. Namun berhasil kita dorong ke luar pagar kantor dewan dan situasinya sudah aman dan kondusif,"""" jelasnya. Syahduddi juga membenarkan pihak kepolisian sempat mengeluarkan gas air mata untuk mendorong massa dari kompleks DPRD Jateng. """" Iya, karena memang petugas kan sudah mereka sudah menyerang petugas tadi. Berupaya untuk memaksa masuk. Kita sudah memberikan imbauan secara persuasif namun mereka juga tidak mengindahkan,"""" ujarnya. Syahduddi membantah petugas kepolisian melakukan aksi kekerasan kepada peserta aksi yang berunjuk rasa sejak siang tadi. """" Tidak ada. Kami hanya berupa mendorong mereka, karena kan sebenarnya kita memberikan ruang mahasiswa. Namun pada kenyataannya mereka meminta lebih untuk bisa masuk ke dalam kantor dewan. Sementara itu area yang harus kita jaga dan kita amankan,"""" kata dia. """"Untuk menghindari hal-hal yang tidak diinginkan ya kita terpaksa melakukan pendorongan untuk mengkondisikan situasi kamtibmas yang ada di seputaran kantor Dewan ini,"""" sambung Syahduddi. Dia menambahkan, pihak Polrestabes Semarang akan melakukan penyelidikan untuk memastikan apakah empat peserta demo itu boleh dipulangkan atau tidak."""
"Panglima Tepis Revisi UU TNI Hidupkan Dwifungsi: Kita Multifungsi ABRI,06 Jun 2024 15:56,https://news.detik.com/berita/d-7377726/panglima-tepis-revisi-uu-tni-hidupkan-dwifungsi-kita-multifungsi-abri,""Panglima TNIJenderal Agus Subiyantomenepis adanya kekhawatiran RevisiUndang-Undang (UU) TNImenghidupkan kembali dwifungsi ABRI. Sambil berkelakar, Agus mengatakan saat ini prajurit bak multifungsi ABRI. """"Sekarang bukan dwifungsi ABRI lagi, multifungsi ABRI, semuanya kita. Ada bencana kita di situ, ya kan? Jadi jangan berpikir seperti itulah,"""" kata Agus seusai rapat kerja bersama Komisi I DPR di gedung MPR-DPR-DPD RI, Jakarta Pusat, Kamis (6/6/2024). Agus menyebutkan penugasan prajuritnya tersebar di berbagai bidang dan wilayah. Dia menegaskan TNI terus mengabdi untuk negara. SCROLL TO CONTINUE WITH CONTENT """"Sekarang di Papua yangngajaritu anggota saya, TNI. Kemudian, pelayanan kesehatan, anggota saya, terus kalian maunyebutdwifungsi ABRI atau multifungsi sekarang? Kita jangan berpikir seperti itu ya. Kita untuk kebaikan negara ini,"""" kata dia. Dalam kesempatan itu, Wamenhan Herindra menyampaikan serupa. Dia memastikan tidak akan ada dwifungsi ABRI lantaran sudah ada regulasi ketat. Dia mengatakan penempatan personel TNI di kementerian dan lembaga akan menyesuaikan permintaan tiap instansinya. """"Sekarang kan sudah diatur oleh regulasi yang ketat ya. Jadi nggak semena-mena lah. Semua juga sudah ada aturannya, regulasi,"""" kata Herindra. """"Kita pun TNI pun kalau mengirim personel ke kementerian lain tentunya juga atas permintaan dari K/L tersebut, tidakujug-ujug, sehingga saya pikir kalau ada kekhawatiran seperti itu terlalu berlebihan lah ya,"""" imbuh dia."""
"Di Balik Layar Blak-blakan Prabowo,07 Apr 2025 08:45,https://news.detik.com/berita/d-7857315/di-balik-layar-blak-blakan-prabowo,""Pemimipin Redaksidetikcom, Alfito Deannova Gintings menjadi satu dari tujuh jurnalis senior yang diundang dalam acara bertajuk Presiden Prabowo Menjawab. Ketujuh pewarta terpilih tersebut diterima langsung oleh Presiden Prabowo Subianto di Kediamannya di Hambalang, Bogor pada Minggu (6/4/2025). Hadir sejak pukul 07,00 WIB, Alfito sempat bercengkerama dengan para undangan yang hadir. Menariknya dari seluruh jurnalis yang masuk daftar penanya hari itu, semua mengamini jika pihak istana tidak terlebih dahulu meminta daftar pertanyaan. Hal ini dianggap sebagai gestur baru istana. Para jurnalis juga merasa tertantang untuk diskusi blak-blakan tanpa ada batasan. SCROLL TO CONTINUE WITH CONTENT Wakil Menteri Komdigi, Angga Raka Prabowo menyebut jika wadah ini menjadi konsep baru komunikasi Presiden Prabowo. Dengan adanya forum sejenis, Angga menekankan jika Presiden Prabowo ingin lebih mendengar sekaligus menjawab berbagai kegelisahan yang muncul di tengah masyarakat. """"Acara ini merupakan bentuk usaha pemerintah untuk lebih terbuka kepada masyarakat. Harapannya agar publik dapat mendapat jawaban Presiden. Presiden juga menerima masukan dari publik lewat jurnalis. Ini konsep yang baru, Presiden bertemu dengan 7 jurnalis sekaligus. Kalau ini dirasa baik, dirasa bagus, ya ini sebagai sarana juga untuk Presiden mendengar masyarakat dan menjawab apa yang jadi pertanyaan-pertanyaan, mungkin baik untuk dilakukan berkelanjutan,"""" kata Angga. Sementara itu Alfito menyebut jika usaha presiden untuk lebih terbuka kepada masyarakat patut diapresiasi. Dirinya mengatakan hal ini akan menjadi sesuatu yang baik karena membuka transparansi pemerintahan kepada khalayak. """"Sekali lagi saya harus menyampaikan apresiasi saya karena Pak Prabowo tidak meminta daftar pertanyaan, tidak membatasi pertanyaan atau topik pertanyaan apa, semua pertanyaan dijawab, tidak ada yang dipotong,"""" kata Alfito. """"Jadi mudah-mudahan ini juga menunjukkan, apa ya, bisa berlanjut di kesempatan-kesempatan yang akan datang, model transparansi seperti ini sehingga ke depan nanti banyak isu yang bisa di-address oleh presiden langsung,"""" imbuhnya. Senada dengan hal tersebut, para pemimpin redaksi yang hadir mengungkapkan apresiasi mereka terhadap Presiden Prabowo karena mau menjawab seluruh pertanyaan dari berbagai topik yang hangat diperbincangkan masyarakat belakangan ini. Lalu bagaimana situasi di balik pertemuan ketujuh jurnalis dengan Presiden Prabowo? Ikuti perjalanan Alfito Deannova Gintings dalam Special Program: Di Balik Layar Blak-blakan Prabowo"""
"Germis Gelar Persami-Lapak Baca di DPRD Kalteng Tolak RUU Kontroversial,12 Apr 2025 20:00,https://www.detik.com/kalimantan/berita/d-7866005/germis-gelar-persami-lapak-baca-di-dprd-kalteng-tolak-ruu-kontroversial,""Gerakan Mahasiswa Kritis Palangka Raya (Germis Palangka Raya) menggelar Persami (Perkemahan Sabtu-Minggu) di depan gedung DPRD Kalteng pada Sabtu (12/4) sore. Acara tersebut digelar sebagai bentuk aksi simbolik terhadap RUU yang dianggap kontroversial yakni RUU Polri dan RUU KUHAP. Founder Germis Palangka Raya, Bintang, berharap melalui acara tersebut RUU kontroversial dapat dievaluasi, serta RUU yang lebih mendesak agar segera disahkan. """"Harapan dari acara itu adalah sesuai dengan point tuntutan yang kami bawa yaitu, UU TNI di cabut, tolak 2 RUU bermasalah (RUU Polri dan RUU KUHAP), sahkan RUU Perampasan Aset dan RUU Masyarakat Adat,"""" terangnya padadetikKalimantan, Sabtu (12/4/2025). SCROLL TO CONTINUE WITH CONTENT Acara tersebut sekaligus sebagai tindak lanjut dari kesepakatan DPRD Kalteng untuk menyampaikan tuntutan aksi Gerakan Masyarakat Sipil (GEMAS) Kalteng kepada DPRD pada bulan Maret 2025, yakni tentang UU TNI. """"Acara ini adalah kritik secara simbolis kak, karena kan kemarin sudah kritik jalur parlemen jalanan. Namun, tetap saja hasilnya tidak sesuai apa yang di harapkan,"""" ujarnya. """"Maka dari itu melalui aksi berkemah dan lapak baca gratis di DPRD adalah bukti bahwa mahasiswa, pelajar dan masyarakat Kalimantan Tengah masih terus melakukan penolakan terhadap undang-undang bermasalah sesuai dengan poin tuntutan yang kami bawa,"""" sambungnya. Komandan Regu (Danru) Satpol PP Palangka Raya David Fernandus bersama gabungan intel kepolisian menerangkan bahwa acara tersebut akan dikawal hingga selesai. """"Kalau memang aspirasi dari masyarakat, bisa aja nanti siapa tau dibahas dengan anggota dewan, barangkali ada keluhan, kita temenin lah, kami gandeng terus,"""" terangnya, Sabtu (12/4/2025). Berdasarkan pantauan detikKalimantan, acara tersebut dihadiri dari berbagai komunitas dan mahasiswa, yakni Aliansi Pelajar Kalteng, Aksi Kamisan Kalteng serta dari mahasiswa. Acara tersebut digelar pukul 17.00 WIB hingga Minggu (13/4). Diadakan pula acara Lapak Baca Buku Gratis serta diskusi terbuka dari para peserta aksi."""
"Politisi PDIP Minta Pembahasan Revisi UU TNI Tak Tergesa-gesa, Soroti 2 Hal,11 Jul 2024 17:57,https://news.detik.com/berita/d-7434516/politisi-pdip-minta-pembahasan-revisi-uu-tni-tak-tergesa-gesa-soroti-2-hal,""Koalisi masyarakat sipil yang terdiri atas PBHI, Setara, KontraS, serta Elsham berbicara tentangRevisi UU TNI, yang saat ini menjadi inisiatif DPR. Mereka menilai pembahasan Revisi UU TNI itu akan terkesan buru-buru jika dibahas pada periode saat ini. Hal itu diungkap perwakilan koalisi masyarakat sipil Elsham, Wahyudi Djafa, dalam agenda diskusi bersama beberapa politikus PDIP, yakni Tubagus Hasanuddin, Andi Widjajanto, dan Andreas Hugo Pareira, di kantor DPP PDIP, Jalan Pangeran Diponegoro, Menteng, Jakarta Pusat, pada Kamis (11/7/2024). Diskusi ini digelar menyoroti Revisi UU TNI yang saat ini masuk Prolegnas DPR. """"Secara proses, ini seperti diburu-buru, karena kan DPR akan segera berakhir pada 30 September 2024 sementara masa sidang tinggal tersisa satu kali masa sidang itu, kan. Jadi apakah itu memungkinkan untuk bisa membahas secara komprehensif sejumlah persoalan terkait dengan implementasi UU TNI?"""" kata Wahyudi dalam diskusi. SCROLL TO CONTINUE WITH CONTENT Wahyudi pun menyampaikan agar fraksi-fraksi di DPR kembali mempertimbangkan mengenai Revisi UU TNI ini. Dia mengungkap revisi ini lebih baik jika dibahas pada DPR periode mendatang. """"Jadi kami mendorong agar fraksi-fraksi mempertimbangkan ya kembali usulan inisiatif untuk membahas revisi undang-undang tersebut, meskipun ini usulannya dari DPR,gitukan,"""" terang Wahyudi. """"Akan lebih baik Revisi Undang-Undang TNI dibincangkan DPR periode baru, bukan justru malah diajukan DPR yang akan segera berakhir masa jabatannya, yang semestinya secara moral menghindari usul inisiatif pembahasan RUU baru,"""" imbuhnya. Politikus PDIP, Tb Hasanuddin pun merespons pernyataan Wahyudi. Dia menerangkan pembahasan revisi UU TNI ini akan dilakukan di Badan Legislasi (Baleg). """"Menurut informasi seperti saya ditugaskan dipindahkan ke Baleg, memperkuat. Kira-kira pembahasannya akan di Baleg,"""" ungkap Tb Hasanuddin. Namun dia belum mengetahui kapan pembahasan revisi UU TNI ini dibicarakan. Hasanuddin juga berharap agar pembahasan ini dilakukan di masa pemerintahan yang baru. """"Ndaktidak tahu, nih. Saya berharap diselesaikan nanti oleh pemerintahan yang baru ya. Jangan tergesa-gesa, ya kan masih banyak yang lain dan sebagainya dan mohon maaf aktivitas mereka yang tidak terpilih harus dipertimbangkan,"""" jelasnya. Hasanuddin pun menekankan, dalam pembahasan revisi UU TNI ini, ada beberapa poin yang tetap harus diperhatikan, yakni berkenaan dengan larangan berpolitik praktis dan mundur dari jabatan ketika mencalonkan diri dalam pemilu. """"Menurut hemat saya, karena masih ada pasal lain yang harus kita jaga, misalnya pasal UU TNI tentang 'Tentara Nasional Indonesia dilarang berpolitik praktis', itu tidak boleh hilang,"""" ungkapnya. """"Kedua, UU KPU 'setiap prajurit TNI yang akan mencalonkan diri sebagai anggota legislatif atau kepala daerah harus mundur total', itu harus kita jaga supaya tidak ada hubungan antara struktur tentara dan prajurit yang ada di tempat lain,"""" lanjutnya. Simak juga 'Saat DPR Terima Surpres RUU TNI, Polri, Imigrasi, dan Kementerian Negara': [Gambas:Video 20detik]"""
"#TolakRevisiUUTNI dan #IndonesiaGelap Bergema Keras di Medsos,21 Mar 2025 06:45,https://inet.detik.com/cyberlife/d-7834028/tolakrevisiuutni-dan-indonesiagelap-bergema-keras-di-medsos,""Media sosial kembali menjadi panggung utama bagi warganet untuk menyuarakan aspirasi mereka. Kali ini, tagar #TolakRevisiUUTNI dan #IndonesiaGelap menggema keras di berbagai platform, khususnya X. Netizen dari berbagai kalangan bersatu memberikan dukungan masif terhadap penolakan revisi Undang-Undang TNI yang dinilai kontroversial. Berdasarkan pantauan detikINET, tagar #TolakRevisiUUTNI ramai diperbincangkan dengan jumlah postingan mencapai 994 ribu.. Warganet menilai revisi UU TNI berpotensi mengembalikan dwifungsi ABRI, sebuah konsep yang memungkinkan militer turut campur dalam urusan politik dan sipil. Hal ini memicu kekhawatiran akan melemahnya demokrasi di Indonesia. SCROLL TO CONTINUE WITH CONTENT Tak hanya itu, tagar #IndonesiaGelap juga mencuri perhatian. Istilah ini merujuk pada kondisi sosial-politik yang dianggap semakin suram, ditambah dengan kritik terhadap kinerja pemerintah dan DPR yang dinilai lebih sibuk mengurus revisi UU ketimbang menyelesaikan masalah rakyat. Fenomena ini menunjukkan bagaimana media sosial tetap menjadi alat ampuh untuk mobilisasi massa dan penyebaran informasi di era digital. Menurut data We Are Social, pengguna media sosial di Indonesia mencapai 139 juta pada 2024, atau sekitar 49,9% dari total populasi. Angka ini diperkirakan terus bertambah pada 2025, menjadikan platform seperti X, Instagram, dan TikTok sebagai ruang strategis untuk menggalang dukungan. Hingga pagi ini, Jumat (21/3/2025), tagar #TolakRevisiUUTNI dan #IndonesiaGelap masih bertengger di trending topic X Indonesia. Gelombang protes ini diprediksi akan terus bergaung, baik di dunia maya maupun di jalanan, seiring meningkatnya perhatian publik terhadap isu tersebut. Berikut rangkuman suara-suara kegelisahan warganet di medsos X.com: """"Dewan Perwakilan Rakyat. mana gaada tugasnya untuk bela rakyat. Mari suarakan #TolakRevisiUUTNI, karena negara ini sedang tidak baik-baik saja. Dimulai dari kita dan kalian, sebarkan hingga suara kita terdengar. #TolakRUUTNI #PeringatanDarurat #IndonesiaGelap #TolakDwifungsiABRI,"""" kata @milktarooreo. """"teman-teman walaupun uu tni sudah di sahkan, kita harus tetep masif bersuara tagarnya di media sosial. perlawanan sekecil apapun itu tetap perlawanan. teman-teman & masyarakat sipil sampai saat ini masih di depan gedung DPR. panjang umur perjuangan #TolakRevisiUUTNI #TolakRUUTN,"""" ujar @rockstarstae. """"stop ignorant. ini tuh NGARUH buat hidup lo. bahkan se-simple kegiatan fangirl lo yang haha hihi itu bakal kena. please buka mata dan educate yourself sama keadaan di negara lo sekarang ð #TolakRUUTNI #TolakRevisiUUTNI#PeringatanDarurat#IndonesiaGelap #TolakDwifungsiABRI,"""" tutur @halalazia. """"Rakyat mana yang kalian wakili kok enteng benar ucap Setuju dengan kompak saat sidang Undang Undang TNI ini , tiba RUU perampasan aset diam diam bae kalian #PeringatanDarurat #IndonesiaGelap #TolakRevisiUUTNI #DPR,"""" ujar @la14ard. """"Aku gak percaya. Reformasi yang dulu diperjuangkan ayah-ibuku dengan turun ke jalan dan berteriak lantang menolak kediktatoran di hadapan wajah-wajah menjijikkan, kini rampung sudah. Inalillahi. Telah mati reformasi. #TolakRevisiUUTNI #TolakRUUTNI #tolakDwifungsiTNI,"""" kata @bluesunkiss_."""
"3 Catatan Hakim Konstitusi Saat Gugatan UU TNI Cetak Sejarah,10 Mei  2025 08:08,https://news.detik.com/berita/d-7908270/3-catatan-hakim-konstitusi-saat-gugatan-uu-tni-cetak-sejarah,""Undang-Undang TNIhasil revisi mencetak sejarah lantaran digugat 14 kali diMahkamah Konstitusi(MK). Hakim MK bahkan sampai memberikan sorotan terkait UU TNI tersebut. Untuk diketahui, sampai hari ini ada 14 gugatan yang diterima MK terhadap UU TNI. Sidang terkait UU TNI pun sudah dimulai pada Jumat (9/5) kemarin. Sidang tersebut dipimpin langsung oleh Wakil Ketua MK Saldi Isra. Ia memimpin sidang panel 2 pengujian UU TNI di gedung MK, Jakarta Pusat. SCROLL TO CONTINUE WITH CONTENT Dia awalnya menyampaikan pengajuan gugatan itu rata-rata ialah terkait uji formil. Total ada 14 gugatan yang diterima MK. """"Jadi semua permohonan yang terkait UU TNI ini ada sekitar 14 dan sebagian besarnya uji formil,"""" kata Saldi. """"Jadi ini baru pertama dalam sejarah Mahkamah Konstitusi isu yang sama itu disidangkan serentak dalam tiga panel yang berbeda. Ini pertama baru sejarah Mahkamah Konstitusi karena banyak sekali permohonan. Jadi memang antusiasme untuk mengajukan permohonan tinggi,"""" ujar Saldi. Saldi lantas mengusulkan agar para mahasiswa yang mengajukan gugatan untuk menggabungkan permohonannya. Menurutnya, hal itu bisa menunjukkan kekompakan mahasiswa dalam menyikapi satu isu yang sama. """"Oleh karena itu, sebetulnya karena nanti akan ada waktu perbaikan permohonan, akan jauh lebih baik teman-teman mahasiswa gabung saja dalam satu permohonan,"""" jelasnya. """"Coba dipikirkan itu supaya kelihatan itu mahasiswa Indonesia kompak satu permohonan, jangan-jangan di panel lain ada yang mahasiswa juga supaya nanti bisa saling melengkapi argumentasi, dalil-dalil, bukti-bukti dan segala macamnya. Karena bukan soal mewakili universitasnya yang penting, tapi soal substansi yang diperjuangkan itu,"""" lanjut Saldi. """"Kedudukan hukum pemohon ini yang kadang-kadang paling sungguh, Saudara harus hati-hati, saya lihat di keempat permohonan ini masih ada yang kurang menggigit, sehingga harus dijelaskan betul antara kerugian konstitusional,"""" kata Ridwan Mansyur. """"Sekali lagi kerugian konstitusional itu adalah nanti dikontestasikan antara norma atau pasal, ataupun keseluruhan, kalau itu formil itu yang bertentangan dengan UUD,"""" sambungnya. Menurutnya, pemohon harus menjelaskan dengan rinci terkait kerugian konstitusional dengan pengesahan UU TNI. Ridwan mengatakan dari penjelasan para pemohon, belum terlihat kerugian konstitusional yang dimaksud. """"Ini saudara harus kontestasikan, ini belum nampak baru disebut bertentangan dengan ini, banyak kali yang menyebutkan di mana pasal yang diuji atau keseluruhan, kalau itu formil itu dengan batu ujinya dengan dasar pengujiannya, itu disebutkan saja, tapi tidak diuraikan,"""" ujarnya. """"Padahal diuraian itu nanti yang memberikan keyakinan kepada Mahkamah bahwa betul-betul memohon itu, atau bahkan bukan hanya pemohon, karena ini kan kalau berhasil bukan hanya untuk kepentingan pemohon sendiri, tapi untuk seluruh rakyat Indonesia,"""" sambung dia. Selain itu, Ridwan mengingatkan pemohon agar menjelaskan dengan rinci terkait asas keterbukaan yang dilanggar pemerintah dan DPR. Dia mengatakan pemohon juga harus melampirkan bukti-bukti untuk menunjang pernyataan-pernyataan tersebut. """"Tidak hanya disebut bahwa itu memang suatu keharusan, antara lain asas keterbukaan, seperti apa asas keterbukaan yang dimaksud saudara, jelaskan itu, tidak hanya sekedar menulis. Terdapat kerugian konstitusional, tapi tidak disebut siapa yang dirugikan, apakah aktual, apakah ini bersifat potensial, setidak-tidaknya di masa yang akan datang atau pada saat tertentu,"""" paparnya. Ridwan lantas mengingatkan pemohon untuk tidak menggunakan emosi saat menyusun gugatan. Dia meminta pemohon sungguh-sungguh menyusun permohonan dengan benar dan melampirkan bukti-bukti. """"Betul bahwa saya senang dengan apa yang sudah Saudara sampaikan, tapi memang kadang-kadang belum kena. Ya bolehlah berapi-api generasi muda namanya, tapi harus benar yang disampaikan itu, jangan dengan emosi, sekali lagi jangan dengan emosi,"""" tuturnya. """"Karena ini betul, karena kadang-kadang kalau emosi kita lupa kadang membuat bukti di belakang cuma dengan tanda kurung, ada berapa huruf saja tidak dimasukkan, walaupun saya paham kekhawatirannya nanti bisa atau takut salah penempatan, nggak apa-apa karena nanti ada tambahan bukti, kalau itu memang perlu, tapi tidak setidaknya ada beberapa bukti, karena kita harus membuktikan apakah itu betul-betul, apalagi pengujian harus dengan bukti tidak hanya dengan tulisan-tulisan,"""" imbuh dia. Selain itu, hakim Konstitusi lainnya, Arsul Sani, berbicara terkait legal standing atau kedudukan hukum pemohon yang mengajukan gugatanUU TNI. Arsul mengingatkan masyarakat tak ikut-ikutan mengajukan gugatan UU TNI hanya untuk populer. """"Baiknya para pemohon ini supaya punya keyakinan bahwa saya ini memiliki kedudukan hukum atau kami ini memiliki kedudukan hukum sebagai pemohon, sebaiknya juga dilihat putusan-putusan sebelumnya,"""" kata Arsul Sani. Arsul meminta para pemohon memperhatikan putusan-putusan MK terkait uji formil. Dia pun mencontohkan putusan MK Nomor 91/PUU-XVIII/2020 terkait pengujian formil UU Nomor 11 Tahun 2020 tentang Cipta Kerja. Saat itu, kata Arsul, terdapat enam pemohon. Namun, dia mengatakan dalam putusan tersebut tak semua pemohon memiliki legal standing atau kedudukan hukum. """"Itu dipelajari juga apa kata Mahkamah terkait dengan kedudukan pemohon yang kebetulan di putusan 91, itu ada pemohon yang tidak diberi legal standing atau kedudukan hukum, ada yang diberi legal standing,"""" ujarnya. Diketahui, gugatan UU TNI banyak diajukan oleh mahasiswa. Arsul mengatakan setiap mahasiswa berhak mengajukan gugatan. Namun, kata dia, Mahkamah belum tentu dapat memberikan legal standing kepada para mahasiswa itu. """"Gimana kalau selama proses pembentukan itu (UU TNI), diskusi aja nggak, apalagi menulis surat pendapat atau usulan kepada DPR, demo juga nggak ke DPR, maksudnya agar didengar. (Dia) kuliah dan kemudian ngobrol-ngobrol di kantin gitu, terus setelah undang-undangnya jadi, mengajukan uji formil, apa harus juga diberikan kemudian kedudukan hukum yang mahasiswa seperti ini?"""" ujar Arsul. """"Berbeda kalau mahasiswa itu begitu mau ada proses, bikin diskusi, FGD, seminar, hasilnya disampaikan, kok ditutup pintu pagar DPR nya, terus demo. Nah beda dengan mahasiswa yang kuliah, abis kuliah terus ngobrol-ngobrol, yang diobrolin tentang cewek atau apa segala macem, tiba-tiba undang-undangnya disahkan, kemudian mengajukan permohonan formil, balapan lagi, kayak racing itu dulu duluan,"""" sambungnya. Arsul mengatakan para pemohon harus bisa meyakinkan MK jika memiliki legal standing. Hal itu, kata dia, juga harus disertai bukti-bukti yang kuat. Menurutnya, hal itu juga berlaku kepada pemohon yang berstatus karyawan. Dia mengingatkan agar para pemohon tak ikut-ikutan mengajukan gugatan hanya untuk populer. """"Sama saja kayak pemohon karyawan. Anda harus tunjukkan concern-nya itu, pada saat RUU-nya dalam persiapan pembahasan, atau dalam proses pembahasan, anda sudah tunjukkan,"""" jelasnya. """"Jangan juga selama ini asyik kerja, nggak p"""
"Blak-blakan Prabowo Bersama 7 Jurnalis,07 Apr 2025 15:57,https://news.detik.com/berita/d-7857699/blak-blakan-prabowo-bersama-7-jurnalis,""Tujuh jurnalis senior berkumpul di Hambalang, Bogor. Di depan Presiden Prabowo, mereka melontarkan berbagai pertanyaan seputar isu-isu serius yang bergulir belakangan ini. Pertemuan yang dilakukan pada Minggu (6/4/2025) tersebut membahas sejumlah isu sensitif mulai dari UU TNI, Danantara, pola komunikasi pemerintah, hingga sikap pemerintah terhadap aturan tarif dagang baru di era Donald Trump. Berjalan intensif selama lebih dari 3 jam, diskusi dilakukan dalam meja bundar di tengah ruang perpustakaan kompleks perumahan Presiden Prabowo. Adapun para jurnalis yang hadir dalam acara tersebut antara lain: 1. Alfito Deannova Gintings, Pemred detikcom2. Najwa Shihab, Founder Narasi3.â â Lalu Mara Satriawangsa, Pemred tvOne4.â â Uni Lubis, Pemred IDN Times5. Sutta Dharmasaputra, Pemred Harian Kompas6.â â Retno Pinasti, Pemred SCTV-Indosiar7. Valerina Daniel News Anchor TVRI sebagai moderator SCROLL TO CONTINUE WITH CONTENT Serunya berbagai pembahasan yang muncul memungkinkan jika acara semacam ini akan sering dilakukan oleh Prabowo. Hal tersebut dikatakan oleh Wamen Komdigi, Angga Raka Prabowo. Ia menyebut jika wadah ini menjadi konsep baru komunikasi Presiden Prabowo. Dengan adanya forum sejenis, Angga menyebut jika Presiden Prabowo ingin lebih mendengar sekaligus menjawab berbagai kegelisahan. """"Acara ini merupakan bentuk usaha pemerintah untuk lebih terbuka kepada masyarakat. Harapannya agar publik dapat mendapat jawaban Presiden. Presiden juga menerima masukan dari publik lewat jurnalis. Ini konsep yang baru, Presiden bertemu dengan 7 jurnalis sekaligus. Kalau ini dirasa baik, dirasa bagus, ya ini sebagai sarana juga untuk Presiden mendengar masyarakat dan menjawab apa yang jadi pertanyaan-pertanyaan, mungkin baik untuk dilakukan berkelanjutan,"""" kata Angga. Sementara itu, alotnya diskusi membuat acara tersebut berjalan lebih lama dari yang seharusnya dijadwalkan. Mengutip dari kegiatan yang sudah diagendakan, forum tanya-jawab antara para jurnalis senior dengan Presiden ini dijadwalkan selama dua jam saja. Namun pada praktiknya, acara yang berjalan sekitar pukul 08.45 WIB baru berakhir sekitar pukul 12.00 WIB Lalu Mara Satriawangsa, Pemimpin Redaksi TVone menyebut jika topik paling hangat yang diperbincangkan antara lain soal kekuatan ekonomi Indonesia dalam menghadapi kebijakan terbaru Presiden Amerika Serikat, Donald Trump. Dalam tanya jawab itu, Sutta mengatakan jika Prabowo masih optimistis. """"Pertama soal kebijakan Presiden Trump, kedua pembahasan RUU TNI dan Polisi. Yang menarik adalah beliau tetap optimis meskipun gejolak ekonomi global seperti ini, beliau optimis bahwa kita bisa mencapai target pertumbuhan ekonomi 8%,"""" kata Lalu. Sementara itu Founder Narasi, Najwa Shihab juga mengatakan jika RUU TNI menjadi salah satu topik yang sangat ia cermati. Najwa mengatakan, dirinya harus melontarkan banyak pertanyaan tambahan untuk memperjelas jawaban Prabowo. """"Sebenarnya dari moderator aturannya hanya sekali bertanya dan sekali follow up question. Dan dalam konteks saya ketika bertanya RUU Polri, ada yang belum tuntas dan ada yang belum dijawab sehinggafollow up-nya harus lebih dari itu. Tidak hanya itu, pertanyaan soal sikap Prabowo terhadap nasib timnas dalam menjelang piala dunia juga muncul. Lalu sejauh mana diskusi ini menjawab berbagai pertanyaan publik? Secara khususdetikcomakan menayangkan diskusi berdurasi sekitar 3,5 jam tersebut. Saksikan tayangannya di web serta berbagai media sosialdetikcomsore ini Selasa, 7 April 2025 pukul 16.30 WIB."""
"Mahasiswa UIN Surabaya Ajukan Pencabutan Gugatan UU TNI di MK,09 Mei  2025 18:05,https://news.detik.com/berita/d-7907803/mahasiswa-uin-surabaya-ajukan-pencabutan-gugatan-uu-tni-di-mk,""Mahasiswa UIN Sunan Ampel Surabaya mencabut gugatan terhadap UU Nomor 3 Tahun 2025 tentang Perubahan atas UU Nomor 34 Tahun 2004 tentang TNI di Mahkamah Konstitusi (MK). Surat permohonan pencabutan gugatan itu pun telah diterima MK. Pencabutan gugatan nomor perkara 57/PUU-XXIII/2025 telah dikonfirmasi Ketua MK Suhartoyo. Hal itu disampaikan dalam sidang pengujian UU TNI di gedung MK, Jakarta Pusat, Jumat (9/5/2025). """"Mahkamah akan minta penegasan dari Pemohon 57 karena ada surat penarikan permohonan, apakah betul permohonannya ditarik, ini untuk Permohonan 57?"""" tanya Suhartoyo. SCROLL TO CONTINUE WITH CONTENT """"Baik, Yang Mulia, izin konfirmasi untuk perkara nomor 57 kami mohonkan untuk dicabut, Yang Mulia,"""" jawab pemohon yang hadir secara virtual. Namun Suhartoyo tak bertanya lebih lanjut alasan pencabutan gugatan tersebut. Selain itu, pemohon tak memberikan penjelasannya terkait pencabutan gugatannya. """"Untuk perkara 57, kalau sudah memastikan sudah tetap mencabut, boleh sebenarnya meninggalkan persidangan ataukah tetap mengikuti juga dipersilakan,"""" ujar Suhartoyo. Adapun terdapat 14 gugatan terhadap UU TNI yang sudah masuk ke MK. Hari ini, MK menyidangkan 11 gugatan UU TNI. Sementara itu, tiga gugatan lainnya baru dilakukan register oleh MK. Sedangkan satu gugatan belum diproses register. Mayoritas gugatan UU TNI yang telah teregistrasi oleh MK berupa gugatan uji formil. Lihat juga Video 'Prabowo Tegaskan Tak Ada Niat Bangkitkan Dwifungsi Lewat UU TNI: Come On!': [Gambas:Video 20detik]"""
"Revisi UU TNI dan Polri Bergulir di DPR, Ini Kata Istana,03 Jun 2024 12:21,https://news.detik.com/berita/d-7371274/revisi-uu-tni-dan-polri-bergulir-di-dpr-ini-kata-istana,""Mensesneg Pratiknobuka suara soal revisi Undang-Undang tentang Perubahan Ke-3 atas UU Nomor 2 Tahun 2002 tentang Kepolisian Negara Republik Indonesia dan revisi UU TNI Nomor 34 Tahun 2004 yang menjadi RUU Usul Inisiatif DPR RI. Pratikno mengatakan belum mengetahui hal tersebut. """"RUU TNI-Polri, aku belum ngikutin,"""" kata Pratikno di Kompleks Istana Kepresidenan, Jakarta, Senin (3/6/2024). """"Oh iya usul inisiatif DPR makanya kami belum tahu,"""" lanjut Pratikno. SCROLL TO CONTINUE WITH CONTENT Pratikno menegaskan pemerintah belum mengetahui lebih lanjut terkait revisi UU TNI-Polri. Pihaknya akan memproses jika ada surat masuk. """"Belum, belum. Saya belum tahu tapi yang jelas kami kalau ada surat masuk tentu saja kami proses,"""" ujarnya. Sebelumnya, DPR RI telah menyetujui revisi Undang-Undang Kepolisian menjadi RUU usul inisiatif DPR RI. Keputusan tersebut diambil dalam paripurna ke-18 Masa Persidangan ke-V Tahun Sidang 2023-2024 digelar di Gedung Nusantara II, Senayan, Jakarta Pusat, Selasa (28/5). Ketua Badan Legislasi (Baleg) DPR RI, Supratman Andi Agtas, menegaskan revisi Undang-Undang (RUU) Nomor 34 Tahun 2004 tentang Tentara Nasional Indonesia (TNI) tidak akan mengembalikan dwifungsi. Supratman menyebut selama ini sudah ada 10 lembaga yang posisinya diduduki oleh perwira TNI. """"Nggak, buktinya selama ini sudah jalan. Apa masalahnya? Apakah dengan begitu dwifungsinya kembali? Kan nggak juga, kan sudah ada 10 lembaga yang diduduki oleh perwira TNI kan, nggak ada masalah,"""" ujar Supratman di kompleks parlemen, Senayan, Jakarta, Rabu (29/5/2024). Supratman mengulas bagaimana prajurit TNI aktif telah mengisi jabatan di pemerintahan. Supratman menekankan RUU TNI ditekankan pada usia pensiun prajurit TNI. """"Makanya kayak seperti di BNPT, kemudian di Badan Penanggulangan Bencana, kan militer aktif semua tuh. Iya kan, kan sudah berjalan. Semuanya TNI-Polri itu fokusnya di usia pensiun,"""" katanya. Polri angkat bicara soal RUU yang tengah bergulir di DPR itu. Kadiv Humas Mabes Polri Irjen Sandi Nugroho menyebut Polri tentu berharap revisi UU ini bisa menjadi motivasi dalam pengabdian kepada bangsa dan negara. Dia meyakini revisi UU Kepolisian dapat bermanfaat bagi instansi kepolisian. """"Saat ini masih dalam proses, masih dibahas di DPR. Mudah-mudahan hal tersebut bisa menjadi manfaat bagi kepolisian, bisa bekerja lebih baik ke depan. Terutama dengan tambahnya usia pensiun, berarti usia untuk mengabdi kepada masyarakat, bangsa, dan negara juga semakin bertambah,"""" kata Sandi dalam konferensi pers di Mabes Polri, Kamis (30/5/2024). """"Hal tersebut bisa memotivasi kami dari kepolisian untuk bekerja lebih baik lagi dan lebih bermanfaat tentunya,"""" lanjut Sandi."""
"RUU TNI Disahkan DPR Jadi UU, Isinya tentang Apa?,20 Mar 2025 14:07,https://www.detik.com/jogja/berita/d-7832851/ruu-tni-disahkan-dpr-jadi-uu-isinya-tentang-apa,""RUU TNI disahkan DPR jadi UU pada rapat paripurna yang digelar pada Kamis 20 Maret 2025 di Gedung Nusantara II, Gedung DPR, Senayan, Jakarta. Lantas, apa isi dari RUU TNI yang sudah disahkan menjadi UU tersebut? Dilansir EMedia DPR RI, sebelumnya Wakil Ketua DPR RI Sufmi Dasco Ahmad bersama Pimpinan Komisi I menggelar konferensi pers untuk mengklarifikasi revisi Undang-Undang (UU) Tentara Nasional Indonesia (TNI) atau UU Nomor 34 Tahun 2004. Dasco menegaskan bahwa hanya tiga pasal yang direvisi, yaitu Pasal 3, Pasal 53, dan Pasal 47. Namun, berdasarkan laporandetikNews, terdapat pasal lain yang diubah yaitu Pasal 7. Ingin mengetahui apakah isi perubahan UU TNI yang sudah disahkan DPR tersebut? Mari simak penjelasan lengkap berikut ini yang dihimpun dari laporandetikNewsdandetikEdu. SCROLL TO CONTINUE WITH CONTENT Seperti yang disebutkan sebelumnya, terdapat tiga pasal pada UU RI Nomor 34 Tahun 2004 yang mengalami perubahan, yaitu Pasal 3, Pasal 47, serta Pasal 53. Mari simak uraiannya! Revisi yang pertama terdapat pada Pasal 3 yang mengatur hubungan antara TNI, presiden, dan Kementerian Pertahanan. Detailnya dapat disimak di bawah ini. Dalam revisi UU TNI, tugas operasi militer selain perang (OMSP) mengalami perubahan dengan adanya dua tugas baru. Sebelumnya, terdapat 14 tugas, kini bertambah menjadi 16 tugas. Dua tambahan tugas baru tersebut adalah: Dengan demikian, berikut daftar 16 tugas operasi militer selain perang yang tercantum dalam Pasal 7 Ayat 2 Huruf b UU TNI terbaru: Pelaksanaan operasi militer selain perang ini akan diatur lebih lanjut dalam Peraturan Pemerintah atau Peraturan Presiden, kecuali untuk bantuan kepada Polri, yang sudah memiliki regulasi tersendiri. Perubahan signifikan dalam revisi Pasal 47 adalah penambahan jumlah kementerian/lembaga yang dapat diisi oleh prajurit TNI aktif. Jika sebelumnya hanya 10 kementerian/lembaga, kini bertambah menjadi 14 kementerian/lembaga, bahkan beberapa sumber menyebut 16 posisi karena draft UU TNI terbaru sendiri belum dirilis secara resmi oleh DPR. Berikut daftar kementerian/lembaga yang dapat diisi oleh prajurit TNI aktif berdasarkan revisi Pasal 47: Untuk prajurit TNI yang ingin menduduki jabatan sipil di luar 14 lembaga tersebut, mereka harus pensiun atau mengundurkan diri lebih dulu. Sebelumnya, usia pensiun prajurit bintara dan tamtama adalah 53 tahun, sedangkan perwira pensiun pada 58 tahun. Dalam revisi Pasal 53, usia pensiun dinaikkan sebagai berikut: Demikianlah rincian mengenai RUU TNI yang sudah disahkan DPR menjadi UU. Semoga bermanfaat!"""
"Mahasiswa UI Minta MK Batalkan UU TNI: Pembentukan Tak Transparan,09 Mei  2025 10:58,https://news.detik.com/berita/d-7906875/mahasiswa-ui-minta-mk-batalkan-uu-tni-pembentukan-tak-transparan,""Mahasiswa Universitas Indonesia (UI) meminta Mahkamah Konstitusi (MK) membatalkanUU Nomor 3 Tahun 2025 tentang Perubahan UU Nomor 34 Tahun 2004 tentang TNI. Mereka menilai proses pembentukan UU TNI tidak memenuhi asas keterbukaan. Hal itu disampaikan kuasa hukum Mahasiswa UI, Muhammad, dalam sidang perkara Nomor 45/PUU-XXIII/2025, di Gedung MK, Jakarta Pusat, Jumat (9/5/2025). Muhammad mengatakan pembentukan UU TNI telah menghilangkan partisipasi publik. """"Dalam membentuk peraturan perundang-undangan harus berdasarkan asas keterbukaan. Pembentukan peraturan perundang-undangan harus transparan dan terbuka artinya seluruh lapisan masyarakat berkesempatan seluas-luasnya memberi masukan,"""" kata Muhammad. SCROLL TO CONTINUE WITH CONTENT Dia mengatakan implementasi asas keterbukaan itu telah diatur Pasal 96 UU Nomor 13 Tahun 2022. Di mana, kata dia, masyarakat berhak memberikan masukan secara lisan maupun tertulis dalam setiap pembentukan UU. """"Namun dalam konteks pembentukan undang-undang a quo tidak ada penyebarluasan draft RUU secara resmi kepada publik, sebelum pengesahan hal ini dibuktikan dengan pernyataan Wakil Ketua DPR RI pada 18 Maret 2025 yang menyatakan bahwa draft RUU TNI yang tersebar di masyarakat bukanlah draft yang dibahas oleh Komisi I DPR RI,"""" jelasnya. Selain itu, menurutnya, presiden selaku inisiator pun telah melakukan pelanggaran terhadap proses penyusunan UU dalam UU P3. Dia mengatakan dalam penyusunan UU TNI, presiden tidak mengajukan naskah akademik yang baru. """"Pelanggaran yang terjadi dalam penyusunan RUU TNI tahun 2025, presiden mengajukan RUU TNI tanpa disertai naskah akademik yang diperbarui, melainkan menggunakan naskah akademik lama yang disusun pada periode 2020-2024. Padahal RUU TNI tidak termasuk dalam daftar carry over sebagaimana diatur dalam pasal 71a UU P3, sehingga seharusnya disusun ulang dari tahap awal termasuk naskah akademiknya,"""" ujarnya. Dia mengatakan RUU TNI juga tidak masuk dalam prolegnas prioritas tahun 2025. Muhammad mengatakan pemerintah dan DPR dapat mengajukan RUU di luar prolegnas hanya jika terdapat keadaan mendesak atau bencana alam. Sementara itu, menurutnya, RUU TNI yang diajukan di luar prolegnas tidak dalam keadaan mendesak. Sebab itu, dia menilai pengajuan RUU TNI untuk masuk ke dalam prolegnas DPR tidak memenuhi ketentuan UU P3. Lebih lanjut, Muhammad mengatakan presiden mengajukan surat permohonan memasukkan RUU TNI dalam prolegnas prioritas tanpa melakui proses perencanaan awal. Dia mengatakan naskah akademik pun disampaikan bersamaan dengan permohonan memasukkan RUU TNI ke prolegnas. """"Akibatnya terjadi kecacatan formil akibat pelanggaran pasal 22a Undang-undang P3 sebagai undang-undang yang mengatur tata cara pembentukan undang-undang telah dilanggar, sehingga proses penyusunan RUU TNI tidak sah secara formil,"""" ungkapnya. Dalam petitumnya, pemohon meminta MK membatalkan UU TNI. Pemohon juga meminta MK memutuskan agar UU Nomor 34 Tahun 2004 berlaku kembali. """"Menyatakan UU Nomor 3 Tahun 2025 tentang perubahan atas UU Nomor 34 Tahun 2004 tentang TNI bertentangan dengan Undang-Undang Dasar Negara Republik Indonesia 1945 oleh karenanya tidak mempunyai kekuatan hukum mengikat,"""" tuturnya. """"Menyatakan ketentuan norma dalam UU yang telah diubah dihapus atau yang telah dinyatakan tidak mempunyai kekuatan hukum mengikat, dalam UU Nomor 34 Tahun 2004 tentang TNI berlaku kembali,"""" imbuh dia. Simak juga Video Prabowo Tegaskan Tak Ada Niat Bangkitkan Dwifungsi Lewat UU TNI: Come On! [Gambas:Video 20detik]"""
"Episode Pertama 11 Gugatan UU TNI di MK,09 Mei  2025 07:10,https://news.detik.com/berita/d-7906622/episode-pertama-11-gugatan-uu-tni-di-mk,""Revisi Undang-Undang (UU) TNI terus menjadi sorotan sejak sebelum hingga sudah disahkan DPR. Kini, UU TNI diberondong gugatan judicial review ke Mahkamah Konstitusi (MK). Setidaknya, sebanyak 11 gugatan terhadap UU TNI akan mulai disidangkan MK besok. Simak poinnya dirangkumdetikcom. MK akan mulai menggelar sidang perdana pengujian UU Nomor 3 Tahun 2025 tentang Perubahan UU Nomor 34 Tahun 2004 tentang TNI. Rencananya, sidang perdana itu akan digelar besok. SCROLL TO CONTINUE WITH CONTENT Dilihat di situs MK, Kamis (8/5/2025), terdapat 11 perkara pengujian UU TNI yang akan disidangkan. Sidang akan dimulai pukul 09.00 WIB. Agenda sidang besok ialah pemeriksaan pendahuluan. Rencananya sidang digelar dengan tiga panel. Diketahui, sejak resmi disahkan, UU TNI telah banyak digugat ke MK. Ada empat gugatan lain yang saat ini belum diregistrasi. Keempat gugatan itu yakni dengan pemohon Yayasan Lembaga Bantuan Hukum Indonesia, gugatan dengan pemohon Mohammad Arijal Aqil, Nova Aulia, Shanteda Dhiandra. Gugatan ketiga ialah dengan pemohon Muhammad Imam Maulana, Nathan Radot Zudika Parasian Sidabutar. Gugatan keempat ialah dengan pemohon 3 orang individual yakni aktivis HAM Fathia Maulidiyanti, mahasiswa Jentera Eva Nurcahyani, dan aktivis sekaligus putri presiden keempat Inayah Wahid. Adapun berikut daftar perkaraUU TNIyang akan disidangkan besok: 1. 45/PUU-XXIII/2025, dengan pemohon Muhammad Alif Ramadhan, Namoradiarta Siaahan, Kelvin Oktariano, M. Nurrobby Fatih, Nicholas Indra Cyrill Kataren, Mohammad Syaddad Sumartadinata, dan R.Yuniar A. Alpandi.2. 55/PUU-XXIII/2025, dengan pemohon Christian Adrianus Sihite dan Noverianus Samosir.3. 56/PUU-XXIII/2025, dengan pemohon Muhammad Bagi Shadr, Muhammad Fawwaz Farhan Farabi, Thariq Qudsi Al Fahd4. 57/PUU-XXIII/2025, dengan pemohonBilqis Aldila Firdausi, Farhan Azmy Rahmadsyah, dan Lintang Raditya Tio Richwanto.5. 58/PUU-XXIII/2025, dengan pemohon Hidayatuddin dan Respati Hadinata.6. 66/PUU-XXIII/2025, dengan pemohon Masail Ishmad Mawaqif, Reyhan Roberkat, Muh Amin Rais Natsir, Aldi Rizki Khoiruddin.7. 68/PUU-XXIII/2025, dengan pemohon Prabu Sutisna, Haerul Kusuma, Noverianus Samosir, Christian Adrianus Sihite, Fachri Rasyidin, dan Chandra Jakaria8. 69/PUU-XXIII/2025, dengan pemohon Moch Rasyid Gumilar, Kartika Eka Pertiwi, Akmal Muhammad Abdullah, Fadhil Wirdiyan Ihsan, dan Riyan Fernando.9.74/PUU-XXIII/2025 , dengan pemohon Abdur Rahman Aufklarung, Satrio Anggito Abimanyu, Irsyad Zainul Mutaqin, BagusPutra Handika Pradana.10. 75/PUU-XXIII/2025, dengan pemohon Muhammad Imam Maulana, Mariana Sri Rahayu Yohana Silaban, Nathan Radot Zudika Parasian Sidabutar, Ursula Lara Pagitta Tarigan.11. 79/PUU-XXIII/2025, dengan pemohon Endrianto Bayu Setiawan, Raditya Nur Sya'bani, Felix Rafiansyah Affandi, Dinda Rahmalia, Muhamad Teguh Pebrian, dan Andrean Agus Budiyanto. Lihat juga Video Pramono Kecewa Satpol PP Bongkar Tenda Aksi Tolak UU TNI di DPR [Gambas:Video 20detik]"""
"Gugat UU TNI, Advokat-Mahasiswa Minta Prajurit Mundur Jika Duduki Jabatan Sipil,09 Mei  2025 17:29,https://news.detik.com/berita/d-7907744/gugat-uu-tni-advokat-mahasiswa-minta-prajurit-mundur-jika-duduki-jabatan-sipil,""Pemohon yang tergabung dalam advokat dan mahasiswa menggugat Pasal 47 ayat 2UU Nomor 3 Tahun 2025 tentang Perubahan Atas UU Nomor 34 Tahun 2004 tentang TNIkeMahkamah Konstitusi(MK). Pemohon menilai prajurit TNI harus mengundurkan diri jika menduduki semua jabatan sipil. Hal itu disampaikan pemohon dalam sidang panel 1 pengujian UU TNI Nomor Perkara 68/PUU-XXIII/2025, di gedung MK, Jakarta Pusat, Jumat (9/5/2025). Pemohon menilai jika Pasal 47 ayat 2 telah melanggar UUD 1945. """"Bahwa hak atau kewenangan konstitusional para pemohon telah dirugikan atas berlakunya ketentuan pasal 47 ayat 2 Undang-Undang TNI, hal mana ketentuan a quo berpotensi menimbulkan interpretasi yang berbeda-beda dalam praktiknya, sehingga melanggar prinsip konsistensi, koherensi, harmonisasi, sinkronisasi, dan respondensi pembentukan norma hukum,"""" kata pemohon. SCROLL TO CONTINUE WITH CONTENT Pemohon mengatakan Pasal 47 ayat 2 UU TNI telah menciptakan ketidakpastian hukum. Sebab itu, kata dia, pasal tersebut berpotensi merugikan hak-hak konstitusional warga negara. """"Karena terdapat dalam pasal 47 ayat 1 yang menyatakan prajurit dapat menduduki jabatan di kementerian atau lembaga dan seterusnya tanpa harus mengundurkan diri atau pensiun dari dinas aktif keprajuritan, akibat berlakunya ketentuan a quo, yang memberikan dua alternatif keleluasaan bagi prajurit TNI untuk menduduki jabatan tersebut dan jabatan sipil lain,"""" ujarnya. """"Kemudian bahwa kerugian konstitusional para pemohon bersifat spesifik dan aktual atau setidaknya potensial menurut penalaran yang wajar, dapat dipastikan akan terjadi akibat berlakunya ketentuan pasal 47 ayat 2 UU TNI,"""" sambungnya. Pemohon mengatakan pengajuan permohonan uji materiil Pasal 47 ayat 2 UU TNI bertujuan agar pasal tersebut tidak ditafsirkan secara serampangan. Selain itu, menurutnya perlu ada batasan yang jelas dalam pasal tersebut. """"Hal mana berlakunya ketentuana quotelah terjadi penyalahgunaan kekuasaan oleh penguasa pemerintah. Penguasa pemerintahan negara yang saat ini menjabat dan telah mengangkat prajurit TNI pada jabatan-jabatan strategis yang hanya ditunjukkan untuk kepentingan pribadi, tanpa memperhatikan prinsip demokrasi dan prinsip supremasi sipil yang dicita-citakan pada reformasi 98,"""" jelasnya. Sebagai informasi, dalam UU TNI yang terbaru, Pasal 47 ayat 1 menyatakan prajurit TNI dapat menduduki jabatan sipil di 14 kementerian dan lembaga. Sedangkan pada Pasal 47 ayat 2, prajurit TNI harus mengundurkan diri jika menduduki jabatan di luar 14 kementerian dan lembaga yang sudah ditentukan. Berikut Pasal 47 ayat 1 dan 2: (1) Prajurit dapat menduduki jabatan pada kementerian/lembaga yang membidangi koordinator bidang politik dan keamanan negara, pertahanan negara termasuk dewan pertahanan nasional, kesekretariatan negara yang menangani urusan kesekretariatan presiden dan kesekretariatan militer presiden, intelijen negara, siber dan/atau sandi negara, lembaga ketahanan nasional, pencarian dan pertolongan, narkotika nasional, pengelolaperbatasan, penanggulangan bencana, penanggulangan terorisme, keamanan laut, Kejaksaan Republik Indonesia, dan Mahkamah Agung. (2) Selain menduduki jabatan pada kementerian/lembaga sebagaimana dimaksud pada ayat (1), Prajurit dapat menduduki jabatan sipil lain setelah mengundurkan diri atau pensiun dari dinas aktif keprajuritan. Menurutnya, berlakunya Pasal 47 ayat 1 dan 2 mengakibatkan terjadinya kontradiksi sehingga menciptakan dwifungsi militer. Sebab itu, dia menilai prinsip supremasi sipil sebagai elemen fundamental negara hukum tidak terpenuhi. """"Pengisian jabatan sipil oleh prajurit TNI tanpa adanya pengunduran diri atau pensiun dari dinas aktif keprajuritan dapat mengancam prinsip checks and balances yang merupakan karakter fundamental dalam negara hukum. Oleh karena itu, Pasal 47 ayat (2) UU TNI berpotensi bertentangan dengan Pasal 1 ayat (3) UUD NRI 1945 karena tidak sepenuhnya mencerminkan prinsip negara hukum yang menuntut adanya kepastian hukum, keadilan, dan supremasi sipil dalam setiap aspek penyelenggaraan negara,"""" paparnya. """"Sebagai bentuk pencegahan terhadap dwifungsi militer dalam menduduki jabatan sipil sehingga pasal 47 ayat 2 Undang-Undang TNI sudah seharusnya memperhatikan batasana quo, sesuai dengan huruf d TAP MPR Nomor 6 Tahun 2000,"""" imbuhnya. Lebih lanjut, pemohon juga menilai prajurit TNI menduduki jabatan sipil tanpa mengundurkan diri akan berpotensi merusak tatanan negara hukum. Hal itu akan terjadi jika prajurit TNI tersandung kasus saat melaksanakan jabatan sipil. """"Jika prajurit TNI tersandung kasus tindak pidana atau administrasi dalam jabatan a quo, apakah tunduk pada hukum acara peradilan militer atau hukum acara sipil atau pidana,"""" ujar pemohon. """"Dengan demikian menurut penalaran yang wajar jawaban dari pertanyaan a quo hanyalah ketidakpastian hukum. Hal mana telah terbukti secara empiris dengan adanya perdebatan antara KPK dan Mahkamah Militer dalam menangani perkara yang melibatkan prajurit TNI, dalam kasus dugaan suap yang terjadi pada KPK yang menetapkan 2 prajurit TNI, ini mencerminkan adanya tumpang tindih kewenangan antar lembaga penegakan hukum yang tidak berkepastian hukum,"""" lanjutnya. Dalam petitumnya, pemohon meminta MK mengabulkan seluruh permohonan. Pemohon juga meminta MK mengubah frasa Pasal 47 Ayat 2 UU TNI. """"Menyatakan Pasal 47 ayat (2) Undang-Undang Nomor 3 Tahun 2025 Tentang Perubahan Atas Undang-Undang Nomor 34 Tahun 2004 Tentang Tentara Nasional Indonesia (Lembaran Negara Republik Indonesia Tahun 2025 Nomor 35, Tambahan lembaran Negara Republik Indonesia Nomor 7104) yang berbunyi 'Selain menduduki jabatan pada kementerian/lembaga sebagaimana dimaksud pada ayat (1), Prajurit dapat menduduki jabatan sipil lain setelah mengundurkan diri atau pensiun dari dinas aktif keprajuritan,' bertentangan dengan Undang-Undang Dasar Negara Republik Indonesia Tahun 1945 dan tidak mempunyai kekuatan hukum mengikat secara bersyarat sepanjang tidak dimaknai: 'Prajurit dapat menduduki jabatan pada kementerian/lembaga sebagaimana dimaksud pada ayat (1) atau jabatan sipil lain setelah mengundurkan diri atau pensiun dari dinas aktif keprajuritan',"""" tuturnya. Simak juga Video 'Prabowo Tegaskan Tak Ada Niat Bangkitkan Dwifungsi Lewat UU TNI: Come On!': [Gambas:Video 20detik]"""
"Hakim MK Minta Gugatan UU TNI Disusun Benar: Jangan Pakai Emosi,09 Mei  2025 14:20,https://news.detik.com/berita/d-7907284/hakim-mk-minta-gugatan-uu-tni-disusun-benar-jangan-pakai-emosi,""Hakim Konstitusi, Ridwan Mansyur, meminta para pemohon yang mengajukan gugatanUU Nomor 3 Tahun 2025 tentang Perubahan Atas UU Nomor 34 Tahun 2004 tentang TNIuntuk menyusun dengan benar permohonan gugatannya. Ridwan mengingatkan para pemohon untuk tidak menggunakan emosi saat menyusun permohonan. Hal itu disampaikan Ridwan Mansyur dalam sidang panel 2 pengujian UU TNI, di Gedung MK, Jakarta Pusat, Jumat (9/5/2025). Ridwan mulanya mengatakan banyak hal yang sering dilupakan pemohon dalam menyusun permohonan. """"Kedudukan hukum pemohon ini yang kadang-kadang paling sungguh, Saudara harus hati-hati, saya lihat di keempat permohonan ini masih ada yang kurang menggigit, sehingga harus dijelaskan betul antara kerugian konstitusional,"""" kata Ridwan Mansyur. SCROLL TO CONTINUE WITH CONTENT """"Sekali lagi kerugian konstitusional itu adalah nanti dikontestasikan antara norma atau pasal, ataupun keseluruhan, kalau itu formil itu yang bertentangan dengan UUD,"""" sambungnya. Menurutnya, pemohon harus menjelaskan dengan rinci terkait kerugian konstitusional dengan pengesahan UU TNI. Ridwan mengatakan dari penjelasan para pemohon, belum terlihat kerugian konstitusional yang dimaksud. """"Ini saudara harus kontestasikan, ini belum nampak baru disebut bertentangan dengan ini, banyak kali yang menyebutkan di mana pasal yang diuji atau keseluruhan, kalau itu formil itu dengan batu ujinya dengan dasar pengujiannya, itu disebutkan saja, tapi tidak diuraikan,"""" ujarnya. """"Padahal diuraian itu nanti yang memberikan keyakinan kepada Mahkamah bahwa betul-betul memohon itu, atau bahkan bukan hanya pemohon, karena ini kan kalau berhasil bukan hanya untuk kepentingan pemohon sendiri, tapi untuk seluruh rakyat Indonesia,"""" sambung dia. Selain itu, Ridwan mengingatkan pemohon agar menjelaskan dengan rinci terkait asas keterbukaan yang dilanggar pemerintah dan DPR. Dia mengatakan pemohon juga harus melampirkan bukti-bukti untuk menunjang pernyataan-pernyataan tersebut. """"Tidak hanya disebut bahwa itu memang suatu keharusan, antara lain asas keterbukaan, seperti apa asas keterbukaan yang dimaksud saudara, jelaskan itu, tidak hanya sekedar menulis. Terdapat kerugian konstitusional, tapi tidak disebut siapa yang dirugikan, apakah aktual, apakah ini bersifat potensial, setidak-tidaknya di masa yang akan datang atau pada saat tertentu,"""" paparnya. Ridwan lantas mengingatkan pemohon untuk tidak menggunakan emosi saat menyusun gugatan. Dia meminta pemohon sungguh-sungguh menyusun permohonan dengan benar dan melampirkan bukti-bukti. """"Betul bahwa saya senang dengan apa yang sudah Saudara sampaikan, tapi memang kadang-kadang belum kena. Ya bolehlah berapi-api generasi muda namanya, tapi harus benar yang disampaikan itu, jangan dengan emosi, sekali lagi jangan dengan emosi,"""" tuturnya. """"Karena ini betul, karena kadang-kadang kalau emosi kita lupa kadang membuat bukti di belakang cuma dengan tanda kurung, ada berapa huruf saja tidak dimasukkan, walaupun saya paham kekhawatirannya nanti bisa atau takut salah penempatan, nggak apa-apa karena nanti ada tambahan bukti, kalau itu memang perlu, tapi tidak setidaknya ada beberapa bukti, karena kita harus membuktikan apakah itu betul-betul, apalagi pengujian harus dengan bukti tidak hanya dengan tulisan-tulisan,"""" imbuh dia. Simak juga Video 'Prabowo Tegaskan Tak Ada Niat Bangkitkan Dwifungsi Lewat UU TNI: Come On!': [Gambas:Video 20detik]"""
"Mahasiswa Gugat UU TNI ke MK, Minta Presiden-DPR Bayar Ganti Rugi ke Negara,09 Mei  2025 13:46,https://news.detik.com/berita/d-7907213/mahasiswa-gugat-uu-tni-ke-mk-minta-presiden-dpr-bayar-ganti-rugi-ke-negara,""Mahasiswa Universitas Putera Batam, Hidayattudin dan Mahasiswi Unversitas Negeri Batam, Respati Hadinata, menggugat UU Nomor 3 Tahun 2025 tentang Perubahan Atas UU Nomor 34 Tahun 2004 tentangTNIkeMahkamah Konstitusi(MK). Pemohon meminta presiden dan DPR membayar uang ganti rugi dan uang paksa ke negara akibat mengesahkan UU TNI. Hal itu disampaikan kuasa hukum pemohon, dalam sidang panel 3 pengujian UU TNI nomor perkara 58/PUU-XXIII/2025, di Gedung MK, Jakarta Pusat, Jumat (9/5/2025). Pemohon menilai tidak ada keadaan darurat yang memaksa pemerintah dan DPR untuk mengesahkan UU TNI. """"Ketika UU TNI dilahirkan, tidak terdapat keadaan yang masuk kategori kegentingan yang memaksa dimaksud (Putusan Mahkamah Konstitusi Nomor 138/PUUVIII/2009), mengingat Tentara Nasional Indonesia masih dapat menjalankan hak dan kewenangan yang diberikan oleh UUD NRI 1945, maupun peraturan perundang-undangan lainnya,"""" kata kuasa hukum pemohon. SCROLL TO CONTINUE WITH CONTENT Dalam petitumnya, pemohon mencantumkan dua petitum. Yang pertama, pemohon meminta MK membatalkan UU TNI Nomor 3 Tahun 2025 dan memberlakukan kembali UU Nomor 34 Tahun 2004. """"Menyatakan Undang-Undang Nomor 3 Tahun 2025 Tentang Perubahan atas Undang-Undang Nomor 34 Tahun 2004 Tentang Tentara Nasional Indonesia (Lembaran Negara Republik Indonesia Tahun 2025 Nomor 3, Tambahan Lembaran Negara Republik Indonesia Nomor 7104), bertentangan dengan Undang-undang Dasar Negara Republik Indonesia Tahun 1945 oleh karenanya tidak mempunyai kekuatan hukum mengikat,"""" kata kuasa hukum. """"Menyatakan ketentuan norma dalam Undang-Undang yang telah diubah, dihapus dan/atau yang telah dinyatakan tidak mempunyai kekuatan hukum mengikat dalam Undang-Undang Nomor 34 Tahun 2004 tentang Tentara Nasional Indonesia (Lembaran Negara Republik Indonesia Tahun 2004 Nomor 127, Tambahan Lembaran Negara Nomor 4439) berlaku kembali,"""" sambungnya. Dalam petitum alternatif, pemohon meminta MK untuk memerintahkan pemerintah dan DPR merevisi UU Nomor 3 Tahun 2025. Selain itu, pemohon meminta MK menyatakan presiden dan DPR telah lalai dalam menjalankan tugas. Lebih lanjut, pemohon juga meminta MK menghukum presiden membayar ganti rugi kepada negara sebesar Rp 25 miliar. Kemudian DPR dihukum membayar ganti rugi sebesar Rp 50 miliar kepada negara. """"Menghukum masing-masing Pimpinan dan masing-masing Anggota Dewan Perwakilan Rakyat Republik Indonesia Periode 2024-2029 yang hadir dalam Rapat Paripurna Dewan Perwakilan Rakyat Republik Indonesia Tahun Sidang 2024-2025, Rapat ke-13 (Tiga Belas) Masa Persidangan II Tanggal 18 Februari 2025 untuk membayar ganti rugi kepada Negara sebesar Rp. 50.000.000.000,- (Lima Puluh Miliar Rupiah), terhitung sejak putusan ini diucapkan,"""" kata kuasa hukum. """"Menghukum Presiden Republik Indonesia Periode 2024-2029 untuk membayar ganti rugi kepada Negara sebesar Rp. 25.000.000.000,- (Dua Puluh Lima Miliar Rupiah), terhitung sejak putusan ini diucapkan,"""" sambungnya. Kemudian, pemohon meminta MK menghukum presiden membayar uang paksa atau dwangsom kepada negara setiap hari sebesar Rp 12,5 miliar. Lalu, menghukum DPR membayar uang paksa setiap hari sebesar Rp 25 miliar kepada negara. """"Menghukum masing-masing Pimpinan dan masing-masing Anggota Dewan Perwakilan Rakyat Republik Indonesia Periode 2024-2029 yang hadir dalam Rapat Paripuma Dewan Perwakilan Rakyat Republik Indonesia Tahun Sidang 2024-2025, Rapat ke-13 (Tiga Belas) Masa Persidangan II Tanggal 18 Februari 2025 untuk membayar uang paksa (dwangsom) setiap harinya kepada Negara sebesar Rp.25.000.000.000,- (Dua Puluh Lima Miliar Rupiah), jika masing-masing Pimpinan dan Anggota Dewan Perwakilan Rakyat Republik Indonesia Periode 2024-2029 lalai dalam melaksanakan isi bunyi putusan ini terhitung sejak putusan ini diucapkan sampai dengan isi putusan dilaksanakan dengan baik,"""" ujarnya. """"Menghukum Presiden Republik Periode 2024-2029 Indonesia tersebut untuk membayar uang paksa (dwangsom) setiap harinya kepada Negara sebesar Rp. 12.500.000.000,- (Dua Belas Miliar Lima Ratus Juta Rupiah), jika Presiden Republik Indonesia Periode 2024-2029 lalai dalam melaksanakan isi bunyi putusan ini terhitung sejak putusan ini diucapkan sampai dengan isi putusan dilaksanakan dengan baik,"""" imbuh dia. Simak juga Video 'Prabowo Tegaskan Tak Ada Niat Bangkitkan Dwifungsi Lewat UU TNI: Come On!': [Gambas:Video 20detik]"""
"UU TNI Banyak Digugat, Hakim Saldi Isra: Baru Pertama dalam Sejarah MK,09 Mei  2025 13:07,https://news.detik.com/berita/d-7907105/uu-tni-banyak-digugat-hakim-saldi-isra-baru-pertama-dalam-sejarah-mk,""Wakil Ketua Mahkamah Konstitusi (MK) Saldi Isramengatakan saat ini terdapat 14 gugatan terhadap UU Nomor 3 Tahun 2025 tentang Perubahan atas UU Nomor 34 Tahun 2004 tentang TNI. Saldi mengatakan hal ini merupakan sejarah baru bagi MK menyidangkan perkara yang sama di tiga panel berbeda. Hal itu disampaikan Saldi saat memimpin sidang panel 2 pengujian UU TNI di gedung MK, Jakarta Pusat, Jumat (9/5/2025). Saldi mengatakan pengajuan gugatan itu rata-rata ialah terkait uji formil. """"Jadi semua permohonan yang terkait UU TNI ini ada sekitar 14 dan sebagian besarnya uji formil,"""" kata Saldi. SCROLL TO CONTINUE WITH CONTENT Sebagai informasi, hari ini MK menyidangkan 11 gugatan terhadap UU TNI. Sedangkan tiga gugatan lainnya belum diregister oleh MK. Saldi pun mengatakan banyaknya gugatan itu merupakan bentuk antusiasme masyarakat terhadap UU TNI yang baru disahkan. Saldi mengatakan hal ini juga menjadi sejarah baru MK dalam menggelar sidang tiga panel dengan satu isu yang sama. """"Jadi ini baru pertama dalam sejarah Mahkamah Konstitusi isu yang sama itu disidangkan serentak dalam tiga panel yang berbeda. Ini pertama baru sejarah Mahkamah Konstitusi karena banyak sekali permohonan. Jadi memang antusiasme untuk mengajukan permohonan tinggi,"""" ujar Saldi. Saldi lantas mengusulkan agar para mahasiswa yang mengajukan gugatan untuk menggabungkan permohonannya. Menurutnya, hal itu bisa menunjukkan kekompakan mahasiswa dalam menyikapi satu isu yang sama. """"Oleh karena itu, sebetulnya karena nanti akan ada waktu perbaikan permohonan, akan jauh lebih baik teman-teman mahasiswa gabung saja dalam satu permohonan,"""" jelasnya. """"Coba dipikirkan itu supaya kelihatan itu mahasiswa Indonesia kompak satu permohonan, jangan-jangan di panel lain ada yang mahasiswa juga supaya nanti bisa saling melengkapi argumentasi, dalil-dalil, bukti-bukti dan segala macamnya. Karena bukan soal mewakili universitasnya yang penting, tapi soal substansi yang diperjuangkan itu,"""" lanjut Saldi. Diketahui, dalam sidang panel 2 terdapat tiga universitas yang mengajukan gugatan UU TNI, yakni mahasiswa Universitas Indonesia (UI), mahasiswa Universitas Padjadjaran (Unpad), dan mahasiswa Unibversitas Brawijaya. """"Kalau Anda bisa gabung, ya mahasiswa Indonesia kelihatan kompak, terlepas dari apa pun hasilnya nanti, tolong Anda pikirkan itu. Jadi ego masing-masing universitas dalam soal-soal seperti ini bisa, maksud saya ego masing-masing mahasiswa di universitas itu bisa dikelola dengan positif untuk soal-soal seperti ini,"""" ungkapnya. Simak juga Video 'Prabowo Tegaskan Tak Ada Niat Bangkitkan Dwifungsi Lewat UU TNI: Come On!': [Gambas:Video 20detik]"""
