Title,Date,URL,Content
Prospek Pembatalan Perubahan UU TNINews14 Mei 2025MK perlu melihat revisi UU TNI dalam kacamata mewabahnya autocratic legalism.,14 Mei 2025,https://nasional.kompas.com/read/2025/05/14/06300091/prospek-pembatalan-perubahan-uu-tni,"HINGGAtulisan ini dibuat, dokumen resmi hasil perubahan UU TNI belum juga dipublikasikan di portal-portal resmi lembaga negara seperti JDIH DPR. Padahal, UU bernomor 3 Tahun 2025 tersebut telah ditandatangani Presiden Prabowo Subianto sejak 26 Maret 2025. Ini bagian ujung dari keseluruhan proses revisi undang-undang yang tertutup sejak awal. Hal ini mengafirmasi deretan panjang kasus legislasi yang sarat dengan pelanggaran prinsip dan hak publik untuk mengetahui informasi serta terlibat dalam pembentukan undang-undang. Fenomena proses dan substansi undang-undang yang seringkali bertolak-belakang dengan semangat bernegara demokrasi konstitusional itu merupakan kondisiautocratic legalism. Autocratic legalismatau legalisme otokratik, mengacu pada pandangan Kim Lane Scheppele (2018) dan Javier Corrales (2015), merupakan penggunaan hukum oleh struktur kekuasaan negara untuk melegitimasi tindakan-tindakan yang tidak demokratis. Para otokrat, mewujudkan kepentingan sendiri dengan berlindung di balik hukum, berdalih kedaulatan dan kepentingan rakyat. Wiratraman (2022) menyatakan, salah satu elemen kunci yang menandakan legalisme otokratik adalah disusunnya undang-undang yang dibungkus oleh klausula-klausula yang memberdayakan kesejahteraan masyarakat, namun terdapat aspek-aspek otokratis yang terkubur di situ. Menurut hemat Penulis, dengan melihat pola-pola yang berkembang dalam legislasi kita,autocratic legalismdi Indonesia adalah strategi kekuasaan di mana otokrat memanfaatkan kewenangan legislasi untuk memperluas kendali. Ciri utama yang nampak dari pembentukan dan/atau perubahan hukum di Indonesia ialah kondisi di mana otokrat merancang aturan yang memperkuat kekuasaan sendiri, melemahkan lembaga lain, mereduksi mekanismecheck and balances, hingga mengaburkan batas konstitusional dalam negara. Pola-polaautocratic legalismdi Indonesia dengan mudah dilihat dari pembentukan/perubahan hukum yang ugal-ugalan, rendah transparansi dan partisipasi serta elitis. TNI Bukan Penjaga Kantor, tapi Penjaga Masa Depan Negara Norma-norma yang dibuat bersifat represif (abusive law), menyempitkan kebebasan sipil, memupuk kekerasan warga dan oposisi, hingga melucuti kewenangan lembaga-lembaga negara pengawas. UU TNI tak ubahnya dengan undang-undang bercorak legalisme otokratik lainnya seperti revisi UU KPK, revisi UU MK, revisi UU Kementerian Negara, UU Cipta Kerja, revisi UU Minerba, revisi UU Dewan Pertimbangan Negara, dan beberapa lainnya. Ada beberapa alasan. Pertama, UU ini bermasalah secara prosedural pembentukan undang-undang yang baik: tidak masuk prolegnas prioritas dan RPJMN 2025-2029, usulan revisi berasal Menhan dan atas desakan surat Presiden sehingga Komisi I memprioritaskan pembahasannya tanpa diputuskan terlebih dahulu RUU tersebut sebagai RUU Prioritas dalam Rapat Paripurna. Pola legislasinya,top-down policy, proses kilat, tidak transparan prosedur dan materi yang dibahas, tidak partisipatif, bahkan cenderung “partisipasi semu” dan “manipulatif.” Misalnya, ada informasi BEM kampus tertentu dijebak untuk mendukung pembahasan RUU berkedok bukber."
Panglima TNI Sebut Penjagaan Kejaksaan Sesuai UU TNI yang BaruNews26 Mei 2025Panglima TNI Jenderal Agus Subiyanto menjelaskan peran TNI dalam pengamanan kejaksaan sesuai UU baru.,26 Mei 2025,https://nasional.kompas.com/read/2025/05/26/19294691/panglima-tni-sebut-penjagaan-kejaksaan-sesuai-uu-tni-yang-baru,"JAKARTA, -Panglima TNIJenderalAgus Subiyantomenegaskan bahwa pengerahan prajuritTNIuntuk menjagakejaksaandi seluruh Indonesia sesuai dengan Undang-Undang (UU) Nomor 3 Tahun 2025 tentangTNI. DalamUU TNIyang baru disahkan tersebut, kata Agus, salah satu tugas pokok TNI dalam operasi militer selain perang (OMSP) adalah mengamankan obyek vital nasional yang bersifat strategis. “Jadi, pelibatan TNI di kejaksaan sebenarnya sudah sesuai dengan Undang-Undang Nomor 3 Tahun 2025 tentang TNI, yaitu tugas pokok TNI, dan tugas dalam OMSP yaitu mengamankan obyek vital nasional yang bersifat strategis, kemudian penempatan prajurit aktif di kejaksaan TNI,” ujar Agus, usai rapat tertutup bersama Komisi I DPR RI, Senin (26/5/2025). Selain itu, Agus mengatakan bahwa ketentuan penjagaan kejaksaan oleh prajurit TNI juga diperkuat dengan adanya nota kerja sama pengamanan denganKejaksaanAgung (Kejagung) RI. TNI: Kepala Gudang Lalai dalam Pelibatan Sipil di Pemusnahan Amunisi Garut “Kemudian juga telah terbit Perpres Nomor 66 Tahun 2025 tentang perlindungan negara terhadap jaksa, yaitu Pasal 2 dan Pasal 4,” kata Agus. “Pasal 2 yaitu jaksa berhak mendapatkan perlindungan negara dari ancaman yang membahayakan diri, jiwa, dan atau harta benda. Kemudian Pasal 4, perlindungan negara dilakukan oleh Polri dan TNI,” sambung dia. Agus menegaskan, TNI berkomitmen untuk bekerja secara profesional dan proporsional dalam menjalankan tugas penjagaan kejaksaan di seluruh Indonesia. “Komitmen TNI, kita bekerja secara profesional dan proporsional, serta berorientasi kepada sinergisitas kelembagaan, dan dapat meningkatkan keamanan dan efektivitas penegakan hukum di Indonesia,” pungkas dia. Sebelumnya, Panglima TNI Jenderal Agus Subiyanto mengeluarkan perintah untuk mengamankan kantor kejaksaan di seluruh Indonesia, mulai dari kejaksaan tinggi (kejati) hingga kejaksaan negeri (kejari). Melalui telegram pada 6 Mei 2025, Panglima TNI mengerahkan personel dan alat perlengkapan dalam rangka dukungan pengamanan kejati dan kejari di seluruh Indonesia. TNI Ungkap Warga Sipil Korban Ledakan Amunisi di Garut Berstatus Tukang Masak dan Pegawai ""Iya benar, ada pengamanan yang dilakukan oleh TNI terhadap Kejaksaan hingga ke daerah (di daerah sedang berproses), pengamanan itu bentuk kerja sama antara TNI dengan Kejaksaan,"" kata Kapuspenkum Kejagung Harli Siregar saat dikonfirmasi Kompas.com, Minggu (11/5/2025). Harli mengatakan, pengamanan tersebut merupakan bentuk kerja sama antara TNI dengan Kejaksaan Agung. ""Itu bentuk dukungan TNI ke Kejaksaan dalam menjalankan tugas-tugasnya,"" ucap dia."
Mahfud MD Sebut TNI Jaga Kejaksaan Tak Sesuai UUNews16 Mei 2025Mahfud MD menegaskan pengerahan TNI untuk menjaga kejaksaan tak sesuai UU.,16 Mei 2025,https://nasional.kompas.com/read/2025/05/16/11033891/mahfud-md-sebut-tni-jaga-kejaksaan-tak-sesuai-uu,"JAKARTA, - Eks Menteri Koordinator Bidang Politik Hukum dan KeamananMahfud MDmenegaskan, pengerahan prajuritTNImenjaga kantorkejaksaandi seluruh Indonesia tak sesuaiUndang-Undang(UU). Sebab, UU tentangKejaksaanmaupun UU TNI yang baru disahkan tidak membuka pintu bagi prajurit aktif untuk melakukan tugas pengamanan terhadap kantor-kantor kejaksaan. “Duaundang-undangyang mengatur tentang ini, satu Undang-Undang Kejaksaan, yang kedua Undang-Undang TNI, yang terakhir tidak membuka pintu untuk ini, kecuali dengan kunci khusus,"" ujar Mahfud dikutip dari program ROSI Kompas TV, Jumat (16/5/2025). Mahfud MD Sebut Pengerahan TNI Jaga Kejaksaan Tak Normal, Duga Ada Gejolak Politik Mahfud menerangkan bahwa UU Kejaksaan hanya mengatur hak jaksa dan keluarganya untuk meminta serta mendapatkan perlindungan khusus dari ancaman keselamatan. Namun, dalam beleid tersebut diatur secara tegas bahwa bantuan perlindungan khusus hanya bisa diminta ke kepolisian, bukan TNI. ""Di Undang-Undang Kejaksaan itu, Pasal 8A menyebutkan setiap anggota kejaksaan, jaksa dan keluarganya, berhak untuk mendapat perlindungan dari ancaman atas keselamatan. Tapi disebut eksplisit, minta ke kepolisian, bukan ke TNI,"" jelas Mahfud. Secara eksplisit, di dalam ayat (1) dan (2) beleid itu berbunyi sebagai berikut: (1) Dalam menjalankan tugas dan wewenang, Jaksa beserta anggota keluarganya berhak mendapatkan pelindungan negara dari ancaman yangmembahayakan diri, jiwa, dan/atau harta benda. (2) Pelindungan negara sebagaimana dimaksud pada ayat (1) dilakukan atas permintaaan Kejaksaan kepada Kepolisian Negara Republik Indonesia. Situasi Kejari Medan Usai Kebijakan Prajurit TNI Jaga Kantor Kejaksaan Selain itu, lanjut Mahfud, UU Kejaksaan juga sudah menegaskan keterlibatan TNI di Kejaksaan hanya berkaitan dengan tugas dan posisi Jaksa Agung Muda Bidang Pidana Militer (Militer). Mahfud juga menekankan bahwa Revisi UU TNI yang baru disahkan tidak mengatur perluasan wewenang tentara di ranah kejaksaan. “Mana yang baru dari Undang-Undang TNI yang memperluas kewenangan? Anda bilang Kejaksaan Agung misalnya. Kejaksaan Agung adalah sudah ada Jampidmil sebelum berlakunya Undang-Undang TNI itu dan tidak bisa dihindari masuk di situ,” ucap Mahfud. “Dan ingat bahwa di situ disebut, di dalam Pasal 47 yang dimaksud jabatan sipil dari Kejaksaan Agung itu adalah Jampidmil yang memang sudah ada sebelumnya. Bukan lalu menjaga peradilan-peradilan, kejaksaan se-Indonesia,” pungkasnya. Diberitakan sebelumnya, Panglima TNI Jenderal Agus Subiyanto mengeluarkan perintah untuk mengamankan kantor kejaksaan di seluruh Indonesia, mulai dari kejaksaan tinggi (kejati) hingga kejaksaan negeri (kejari). Melalui telegram pada 6 Mei 2025, Panglima TNI mengerahkan personel dan alat perlengkapan dalam rangka dukungan pengamanan kejati dan kejari di seluruh Indonesia. ""Iya benar, ada pengamanan yang dilakukan oleh TNI terhadap Kejaksaan hingga ke daerah (di daerah sedang berproses), pengamanan itu bentuk kerja sama antara TNI dengan Kejaksaan,"" kata Kapuspenkum Kejagung Harli Siregar saat dikonfirmasi Kompas.com, Minggu (11/5/2025). Harli mengatakan, pengamanan tersebut merupakan bentuk kerja sama antara TNI dengan Kejaksaan Agung. ""Itu bentuk dukungan TNI ke Kejaksaan dalam menjalankan tugas-tugasnya,"" ucap dia. Pengerahan prajurit untuk mengamankan kejaksaan ini mendapat beragam penolakan dari kelompok sipil karena TNI dinilai tak berwenang menjaga kantor aparat penegak hukum."
MK Kabulkan Penarikan Uji Materi UU TNI dari Dosen UnhanNews14 Mei 2025Mahkamah Konstitusi mengabulkan penarikan gugatan UU TNI oleh Kolonel Halkis. Simak selengkapnya di sini.,14 Mei 2025,https://nasional.kompas.com/read/2025/05/14/15082111/mk-kabulkan-penarikan-uji-materi-uu-tni-dari-dosen-unhan,"JAKARTA, -Mahkamah Konstitusimengabulkan penarikan kembali gugatan UU Tentara Nasional Indonesia (TNI) Nomor 39 Tahun 2004 yang dilayangkan oleh Guru Besar Universitas Pertahanan RI, Kolonel Sus Mhd. Halkis. Pengabulan penarikan kembali itu dibacakan oleh Ketua Mahkamah Konstitusi (MK), Suhartoyo, dalam sidang pembacaan putusan yang digelar di MK, Rabu (14/5/2025). ""Mengabulkan penarikan kembali permohonan para pemohon,"" ujar Suhartoyo, membacakan putusan perkara nomor 33/PUU-XXIII/2025. Pencabutan uji materiUU TNIitu juga dibacakan bersamaan dengan dua uji materi lainnya, yakni gugatan UU BUMN dengan perkara nomor 24/PUU-XXIII/2025 dan gugatan UU tentang Kejaksaan dengan perkara nomor 26/PUU-XXIII/2025. Mahasiswa UIN Sunan Ampel Surabaya Cabut Gugatan UU TNI di MK ""Menyatakan pemohon perkara-perkara tersebut tidak dapat mengajukan kembali permohonan-permohonannya,"" kata Suhartoyo. Dengan keputusan penarikan ini, gugatan UU TNI tersebut tak dilanjutkan ke tahap pembuktian yang berkaitan dengan kerugian konstitusional didalilkan Halkis. Sebelumnya, Halkis mencabut uji materi yang dia layangkan dalam sidang yang digelar Jumat (25/5/2025). Halkis mengatakan, pencabutan itu dilakukan karena sudah terjadilost objectsetelah UU TNI yang baru telah disahkan. UU TNI yang digugat Halkis adalah Nomor 36 Tahun 2004, sedangkan pembentuk undang-undang telah merevisi dan memberikan nomor 3 Tahun 2025 untuk UU terkait. ""Betul Pak Hakim, kami telah minta bantuan kepada kuasa kami untuk mencabut permohonan kami karena telah terjadilost object,"" imbuh Halkis. Koalisi Sipil Desak Bentuk Tim Independen Usut Ledakan Amunisi di Garut Sebelumnya, Halkis mengajukanuji materi UU TNIyang lama karena menilai undang-undang tersebut mengekang hak prajurit sebagai warga negara. ""Uji materi UU TNIdiajukan karena dianggap bertentangan dengan konstitusi dan mengekang hak prajurit sebagai warga negara,"" kata dia, dikutip dari Antaranews, Minggu (16/3/2025). Dalam permohonannya, Halkis mengatakan bahwa definisi Pasal 2 huruf d UU TNI tidak tepat secara logika karena menggunakan pendekatan negatif dan tidak menjelaskan apa definisi tentara profesional secara positif. Sebaliknya, hanya menyebutkan apa yang tidak boleh dilakukan sehingga ada kesalahpahaman dalam memahami profesionalisme militer. Pasal 2 huruf d UU TNI mendefinisikan tentara profesional sebagai prajurit yang terlatih, terdidik, diperlengkapi secara baik, tidak berpolitik praktis, tidak berbisnis, dan dijamin kesejahteraannya. Cerita Eks Hakim MK Lapor Perkara Pidana tapi Langsung Dihakimi Polisi ""Tentara profesional harus dimaknai sebagai prajurit yang menjalankan tugas negara secara netral, berbasis kompetensi, dan memiliki hak dalam aspek ekonomi serta jabatan publik,” ujarnya. Kemudian, Halkis mempersoalkan Pasal 39 Ayat (3) UU TNI yang melarang prajurit untuk berbisnis. Menurut pria yang juga masih aktif sebagai perwira ini, aturan tersebut bertentangan dengan Pasal 27 Ayat (2) UUD 1945, yang menjamin hak setiap warga negara untuk mendapatkan pekerjaan dan penghidupan yang layak."
Mahasiswa Hukum UII Kecam Intimidasi terhadap Penggugat UU TNIRegional26 Mei 2025Mahasiswa Hukum UII mengecam intimidasi ke rekan mereka yang menggugat UU TNI ke MK. Desak perlindungan hak berpendapat,26 Mei 2025,https://regional.kompas.com/read/2025/05/26/135729378/mahasiswa-hukum-uii-kecam-intimidasi-terhadap-penggugat-uu-tni,"YOGYAKARTA, – Keluarga Mahasiswa Fakultas Hukum Universitas Islam Indonesia (UII) menyampaikan pernyataan sikap terkait dugaan intimidasi yang dialami oleh tiga mahasiswa pemohon uji formil Undang-Undang TNI ke Mahkamah Konstitusi (MK). Ketiga mahasiswa tersebut – Handika, Irsyad, dan Arung – diduga mengalami intimidasi berupa pengambilan data pribadi oleh orang yang tidak dikenal. Pernyataan sikap ini diinisiasi oleh Lembaga Eksekutif Mahasiswa Fakultas Hukum UII dan digelar di halaman depan Fakultas Hukum UII. Ketua Lembaga Eksekutif Mahasiswa FH UII, Muhammad Rayyan Syahbana, menyampaikan bahwa intimidasi tersebut justru memicu solidaritas dari mahasiswa lainnya. ""Kita melihat, sebenarnya kejadian kemarin itu dari mahasiswa-mahasiswa Fakultas Hukum lumayan banyak yang semangat untuk mendukung dari mahasiswa yang terkena intimidasi,"" ujar Muhammad Rayyan Syahbana saat ditemui di halaman depan Fakultas Hukum UII, Senin (26/05/2025). Cerita Mahasiswa UII, Pemohon Judicial Review UU TNI yang Diduga Alami Intimidasi Acara tersebut dihadiri oleh mahasiswa, Ketua Program Studi Hukum Bisnis Program Sarjana FH UII, Mukmin Zakie, serta Wakil Dekan Bidang Keagamaan, Kemahasiswaan, dan Alumni FH UII, Agus Triyanta. ""Ini dihadiri oleh mahasiswa Fakultas Hukum dari berbagai organisasi. Tadi saya menyebutkan keluarga mahasiswa, karena keluarga mahasiswa itu udah mencakup seluruh mahasiswa Fakultas Hukum dan dari dosen-dosen pun turut mendukung,"" ucapnya. Dalam pernyataan sikapnya, Muhammad Rayyan menegaskan bahwa kejadian tersebut menunjukkan kondisi darurat demokrasi di Indonesia, yang mengancam kebebasan berpendapat dan berekspresi. ""Hal ini juga melanggar Pasal 28 Undang-Undang Dasar 1945 tentang hak warga negara dalam mengeluarkan pendapat,"" ujar Muhammad Rayyan Syahbana saat membacakan pernyataan sikap. UU TNI: Letjen Djaka Harus Pensiun jika Jabat Dirjen Bea Cukai Ia menambahkan bahwa tindakan pengambilan data pribadi oleh pihak yang mengaku aparat negara atau lembaga konstitusional tanpa kejelasan identitas dan legalitas merupakan pelanggaran terhadap hak atas perlindungan data pribadi, sebagaimana diatur dalam Pasal 65 ayat (1) UU No. 27 Tahun 2022. Tindakan tersebut juga dinilai menciderai rasa aman dan melanggar Pasal 30 UU No. 39 Tahun 1999 tentang Hak Asasi Manusia. Muhammad Rayyan menekankan bahwa kebebasan berpendapat dan berekspresi adalah hak fundamental setiap warga negara sebagaimana diatur dalam Pasal 28E ayat (3) UUD 1945. ""Bahwa mahasiswa sebagai insan akademis memiliki tanggung jawab moral untuk berkontribusi dalam proses demokrasi dan pengawasan terhadap produk hukum yang berpotensi mempengaruhi kehidupan berbangsa dan bernegara,"" ucapnya. Ia juga menyebutkan bahwa uji konstitusional merupakan bentuk mekanisme checks and balances dalam sistem hukum Indonesia. ""Bahwa partisipasi mahasiswa dalam proses hukum formal seperti judicial review mencerminkan komitmen terhadap supremasi hukum dan konstitusi,"" ungkapnya. Prospek Pembatalan Perubahan UU TNI"
"Yusril Sebut Tugas TNI Melindungi Jaksa Tak Bertentangan dengan UUNews22 Mei 2025Yusril Ihza Mahendra menyatakan, tugas TNI melindungi jaksa tidak bertentangan dengan UU TNI",22 Mei 2025,https://nasional.kompas.com/read/2025/05/22/20285011/yusril-sebut-tugas-tni-melindungi-jaksa-tak-bertentangan-dengan-uu,"JAKARTA,  -Menteri Koordinator Bidang Hukum, HAM, Imigrasi, dan Pemasyarakatan Yusril Ihza Mahendra mengatakan, tugas TNI melindungi jaksa tidak bertentangan dengan Undang-Undang TNI. Yusril beralasan, TNI hanya mengamankan jaksa yang berada dalam kondisi mendesak, tidak semua jaksa mendapatkan pengamanan dari TNI. ""Enggak, sebenarnya memang TNI itu dalam hal pertahanan kan sebenarnya, jaksa itu juga kan bisa melakukan satu tugas-tugas baik di pusat dan ke daerah-daerah, dan di mana jaksa itu merasa urgent untuk meminta bantuan TNI, maka itu diputuskan oleh pihak kejaksaan itu sendiri,"" kata Yusril di kantor Ombudsman, Jakarta Selatan, Kamis (22/5/2025). Yusril melanjutkan, Peraturan Presiden (Perpres) Nomor 66 Tahun 2025 yang mengatur pengamanan kejaksaan oleh TNI-Polri sebagaimana diatur juga memperjelas tugas TNI-Polri dalam mendukung tugas kejaksaan. TNI: Perpres Prabowo Lindungi Jaksa dari Intimidasi Dia mengatakan, perpres tersebut menegaskan pengamanan untuk Kejaksaan tak hanya melibatkan TNI, tetapi juga melibatkan Polri. ""Saya kira cukup jelas peraturan itu dan sehingga tidak seperti yang selama ini diramaikan seolah-olah hanya TNI, tapi sebenarnya tidak, polisi juga dilibatkan dan TNI juga dilibatkan,"" ujarnya. Lebih lanjut, Yusril mengatakan, dalam perpres tersebut diatur bahwa TNI-Polri akan memberikan bantuan kepada jaksa dan keluarga pengamanan apabila ada permintaan oleh Kejaksaan. ""Jadi ada batasan-batasan tertentu di mana Polisi dan TNI itu dapat memberikan bantuan atas permintaan oleh pihak Kejaksaan dalam melakukan pengawalan dan pengamanan, baik terhadap jaksa itu sendiri maupun juga terhadap keluarganya dalam kasus-kasus tertentu,"" ucap dia. Yusril: Perpres soal Pengamanan Jaksa Perjelas Tugas TNI-Polri Diberitakan, Presiden RI Prabowo Subianto menerbitkan Peraturan Presiden (Perpres) Nomor 66 Tahun 2025 tentang Perlindungan Negara Terhadap Jaksa dalam Melaksanakan Tugas dan Fungsi Kejaksaan Republik Indonesia. Perpres Nomor 66 Tahun 2025itu ditetapkan Prabowo pada 21 Mei 2025, serta diundangkan oleh Menteri Sekretaris Negara Prasetyo Hadi pada tanggal yang sama. Pasal 4 perpres tersebut menyebutkan, perlindungan terhadap jaksa dapat dilakukan oleh personel TNI dan Polri. Kemudian, pada Pasal 5 Ayat (1) disebutkan bahwa perlindungan negara yang dilakukan Polri dapat diberikan kepada jaksa serta anggota keluarga jaksa. Pasal 5 Ayat (2) merincikan anggota keluarga yang dimaksud, yakni yang punya hubungan perkawinan atau menjadi tanggungan dari jaksa. Selain itu, Pasal 3 menyebutkan perlindungan dari negara terhadap jaksa ini dapat dilakukan atas permintaan Kejaksaan."
"Soal TNI Amankan Kejaksaan, Puan: Sesuai Aturan di UU TNI dan ada PerpresnyaNews27 Mei 2025Ketua DPR, Puan Maharani sebut penjagaan kantor kejaksaan oleh TNI sudah sesuai aturan di UU TNI, ada Perpres",27 Mei 2025,https://nasional.kompas.com/read/2025/05/27/17440781/soal-tni-amankan-kejaksaan-puan-sesuai-aturan-di-uu-tni-dan-ada-perpresnya,"JAKARTA, -Ketua DPR RIPuan Maharanimenyebut, pengerahan prajuritTNIAD untuk mengamankan kantor-kantor Kejaksaan Negeri, Kejaksaan Tinggi, dan kompleks Kejaksaan Agung (Kejagung), sudah sesuai dengan aturan yang ada di Undang-Undang (UU) TNI. Apalagi, menurut dia, pembahasan mengenai pengerahan prajurit tersebut sudah dilakukan oleh Komisi I DPR RI. Selain UU TNI,Puanmengatakan, kebijakan itu juga diperkuat dengan adanya Peraturan Presiden (Perpres) Nomor 66 Tahun 2025 tentang Pelindungan Negara terhadapJaksaDalam Melaksanakan Tugas dan Fungsi Kejaksaan Republik Indonesia. ""Sudah sesuai aturan ada di UU TNI dan ada Perpresnya, jadi sesuai dengan aturan yang ada,"" kata Puan di kompleks parlemen, Jakarta, Selasa (27/5/2025), dikutip dariAntaranews. Jaksa Agung Sidak Kejari Jaksel dan Tangerang, Cek Langsung Layanan Warga Kemudian, dia mengingatkan agar jangan sampai ada intimidasi dari pihak manapun kepadajaksaketika menangani kasus. Puan bahkan meminta agar penegak hukum menindak tegas pelaku intimidasi hingga kekerasan terhadap jaksa yang sedang menjalankan tugasnya. Sebelumnya, Kepala Staf TNI Angkatan Darat Jenderal TNI Maruli Simanjuntak mengeluarkan Surat Telegram Nomor ST/1192/2025 tertanggal 6 Mei 2025 tentang perintah kepada jajaran untuk mendukung pengamanan kantor Kejaksaan Tinggi dan Kejaksaan Negeri di seluruh wilayah Indonesia Kepala Dinas Penerangan TNI AD (Kadispenad) Brigadir Jenderal TNI Wahyu Yudhayana mengatakan, substansi dari surat ditujukan kepada jajaran Panglima Komando Daerah Militer (Pangdam) TNI AD itu berkaitan dengan kerja sama pengamanan di lingkungan institusi Kejaksaan. Ketika Jaksa Memegang Senjata, Asah Ketajaman dan Ketenangan untuk Ambil Keputusan... Presiden Prabowo Subianto pun meneken Perpres Nomor 66 Tahun 2025 tentang Pelindungan Negara terhadap Jaksa Dalam Melaksanakan Tugas dan Fungsi Kejaksaan Republik Indonesia pada 21 Mei 2025. Perpres yang terdiri atas 6 bab dan 13 pasal itu diundangkan pada hari yang sama oleh Menteri Sekretaris Negara (Mensesneg) Prasetyo Hadi. Pada Pasal 2 Perpres itu diatur bahwa dalam menjalankan tugas dan fungsinya, jaksa berhak mendapatkan pelindungan negara dari ancaman yang membahayakan diri, jiwa, maupun harta benda. Kemudian, pelindungan jaksa itu dilakukan oleh TNI dan Polri sebagaimana tertuang dalam Pasal 4. Polemik Perpres Perlindungan Jaksa: Diminta Ditinjau Ulang Versus Dinilai Tak Langgar UU Selanjutnya, pada Pasal 5 Ayat (1) disebutkan bahwa perlindungan negara yang dilakukan Polri dapat diberikan kepada jaksa serta anggota keluarga jaksa. Lalu, pada Pasal 5 Ayat (2) merincikan anggota keluarga yang dimaksud, yakni yang punya hubungan perkawinan atau menjadi tanggungan dari jaksa. Kemudian, Pasal 6 Perpres 66/2025 itu juga mengatur enam jenis perlindungan yang akan didapatkan jaksa. Keenam perlindungan itu adalah: Selain itu, Pasal 9 mengatur bahwa pelindungan yang dilakukan TNI diberikan dalam bentuk pelindungan terhadap institusi kejaksaan, dukungan dan bantuan personel dalam pengawalan jaksa saat bertugas, dan/atau bentuk pelindungan lain sesuai kondisi dan kebutuhan yang bersifat strategis. Berlaku atas Permintaan Kejaksaan, Bagaimana Mekanisme Pelindungan Keluarga Jaksa oleh TNI-Polri?"
Mahfud Anggap Pengerahan TNI Jaga Kejaksaan Bukan karena Revisi UU TNINews16 Mei 2025Mahfud MD menegaskan bahwa pengerahan TNI untuk menjaga kejaksaan tidak terkait dengan RUU TNI yang baru disahkan.,16 Mei 2025,https://nasional.kompas.com/read/2025/05/16/13450971/mahfud-anggap-pengerahan-tni-jaga-kejaksaan-bukan-karena-revisi-uu-tni,"JAKARTA,  -Eks Menteri Koordinator Bidang Politik, Hukum, dan KeamananMahfud MDmenilai pengerahan prajurit TNI untuk menjaga semua kantor kejaksaan di Indonesia bukanlah hasil dari Revisi Undang-Undang (RUU) TNI yang baru disahkan. Menurut Mahfud MD, tidak ada substansi baru dalamRUU TNIyang memberikan wewenang tambahan bagi prajurit aktif untuk masuk ke ranah jabatan sipil. “Bukan buah (dari RUU TNI) menurut saya, karena sebenarnya di Undang-Undang TNI yang baru itu tidak ada materi baru,” ujar Mahfud, dikutip dari siaran program ROSI diKompas TV, Jumat (16/5/2025). Mahfud menerangkan bahwa pasal yang ramai ditolak dalam pembahasan RUU TNI sebelumnya adalah soal kewenangan Presiden menempatkan prajurit aktif di jabatan sipil mana pun. Mahfud Sebut Baru Pertama Kali TNI Dikerahkan Jaga Kejaksaaan, dan Alasannya Tak Masuk Akal Namun, pasal kontroversial itu akhirnya dihapus dan tidak masuk RUU yang disahkan setelah mendapatkan penolakan keras dari masyarakat. “Di draf yang lama memang itu ada, presiden bisa menetapkan TNI ditempatkan di mana pun, kalau itu dianggap perlu. Itu di draf yang pernah beredar. Entah benar, entah tidak,” kata Mahfud. “Itu yang diprotes oleh masyarakat sipil pada waktu itu. Kita protes semua dan itu sekarang tidak masuk. Jadi tidak ada yang baru dari waktunya,” imbuh dia. Mahfud menyebutkan, RUU TNI yang disahkan hanya mengatur penambahan batas usia pensiun prajurit, tanpa mengubah esensi profesionalisme ataupun memperluas kewenangan militer. Mahfud MD Sebut Pengerahan TNI Jaga Kejaksaan Tak Normal, Duga Ada Gejolak Politik Mahfud menambahkan, keberadaan jaksa agung muda bidang pidana militer (jampidmil) diKejaksaan Agungjuga tidak bisa dianggap sebagai bentuk ekspansi TNI ke ranah sipil. Sebab, posisi itu sudah ada sebelumnya dan diatur pula dalam UU Kejaksaan. “Yang dulu di Kejaksaan Agung sudah ada jampidmil. Sebelum berlakunya Undang-Undang TNI itu dan tidak bisa dihindari masuk di situ,” kata Mahfud. “Dan ingat bahwa di situ disebut, di dalam Pasal 47 (RUU), yang dimaksud Jabatan Sipil dari Kejaksaan Agung itu adalah jampidmil, yang memang sudah ada sebelumnya. Bukan lalu menjaga peradilan-peradilan, kejaksaan se-Indonesia,” ujar dia. Oleh karena itu, Mahfud berpendapat bahwa polemik soal pengerahan TNI untuk menjaga kantor kejaksaan tidak terkait sama sekali dengan revisi UU TNI. “Dua hal yang berbeda. Jangan disalahkan Undang-Undang TNI, itu sudah bagus menurut saya. Tidak ada yang baru dari yang lama,” kata Mahfud. Sebelumnya, Panglima TNI Jenderal Agus Subiyanto mengeluarkan perintah untuk mengamankan kantor kejaksaan di seluruh Indonesia, mulai dari kejaksaan tinggi (kejati) hingga kejaksaan negeri (kejari). Puan: Kenapa TNI Jaga Kejaksaan, Harus Ada Penjelasan Tegas"
"02:09DPR Tanggapi UU TNI soal Kewenangan Tangkap Pengedar NarkobaVideo5 Mei 2025Ahmad Heryawan tegaskan pentingnya kolaborasi TNI dan aparat hukum dalam memerangi narkoba, tanpa tumpang tindih kewenan",5 Mei 2025,https://video.kompas.com/watch/1844840/dpr-tanggapi-uu-tni-soal-kewenangan-tangkap-pengedar-narkoba,DPR Tanggapi UU TNI soal Kewenangan Tangkap Pengedar Narkoba Copyright 2008 - 2025 PT. Kompas Cyber Media (Kompas Gramedia Digital Group). All Rights Reserved.
"Sidang 11 Gugatan UU TNI: Pemohon dari Mahasiswa hingga Anak PresidenNews9 Mei 2025Sejumlah pemohon menggugat uji formil pembentukan UU TNI yang baru ini, karena dinilai cacat prosedur.",9 Mei 2025,https://nasional.kompas.com/read/2025/05/09/05192931/sidang-11-gugatan-uu-tni-pemohon-dari-mahasiswa-hingga-anak-presiden,"JAKARTA, -Mahkamah Konstitusi(MK) menggelar sidang untuk 11 gugatan terhadap Undang-Undang Nomor 3 Tahun 2025 tentang Tentara Nasional Indonesia, Jumat (9/5/2025). Gugatan ini diajukan oleh beragam latar belakang, baik dari mahasiswa, karyawan swasta, ibu rumah tangga, hingga anak Presiden ke-4 RI Abdurrahman Wahid,Inayah Wahid. Namun, Inayah tidak bersidang, karena gugatan masih masuk dalam permohonan dan belum diregistrasi sebagai perkara. Dilansir dari laman website Mahkamah Konstitusi, dari sebelas gugatan, sembilan di antaranya menggugat uji formil pembentukanUU TNIyang baru ini, karena dinilai cacat prosedur. Jadi DPO OPM, Lenis Kogoya: Saya Tidak Pernah Takut Kemudian, satu berfokus pada uji materiil, satu gugatan menggugat uji formil dan uji materiil. Mayoritas penggugat adalah mahasiswa, beberapa di antaranya terdapat karyawan swasta, hingga seorang advokat. Selain uji formil proses pembentukan undang-undang, salah satu gugatan berfokus pada uji materiil pasal yang diubah dalam revisi UU TNI. Pasal tersebut terkait dengan pendudukan TNI aktif pada jabatan sipil yakni Pasal 47 Ayat 2. Gugatan dengan nomor 68/PUU-XXIII/2025 diajukan oleh Prabu Sutisna, seorang advokat beserta lima konsultan hukumnya. Ada Nama Inayah Wahid dalam Daftar Pemohon Gugatan UU TNI di MK Pada pokok permohonan, mereka meminta agar pasal itu dinyatakan bertentangan dengan Undang-Undang Dasar Negara Republik Indonesia 1945, kecuali dimaknai seorang anggota TNI yang menduduki jabatan sipil harus mengundurkan diri atau pensiun dari dinas aktif keprajuritan. Pasal yang sama juga digugat seorang mahasiswa bernama Bilqis Aldila Firdausi bersama dua orang rekan mahasiswanya juga. Dalam gugatannya, Bilqis meminta pasal yang sama dengan gugatan uji materiil agar membatasi jabatan sipil yang boleh dijabat hanya terkait dengan pertahanan secara spesifik saja."
"UU TNI: Letjen Djaka Harus Pensiun jika Jabat Dirjen Bea CukaiNews21 Mei 2025Dalam Pasal 47 ayat (2) UU TNI dijelaskan, prajurit aktif boleh mengisi jabatan sipil selama telah mengundurkan diri atau p",21 Mei 2025,https://nasional.kompas.com/read/2025/05/21/12133911/uu-tni-letjen-djaka-harus-pensiun-jika-jabat-dirjen-bea-cukai,"JAKARTA, - LetjenDjaka Budi Utamayang merupakan eks Tim Mawar dikabarkan ditunjuk sebagai Direktur Jenderal (Dirjen) Bea dan Cukai oleh Presiden Prabowo Subianto. Hal tersebut diungkap Deputi Kemenko Marves Bimo Wijayanto mengungkapkan arahan Prabowo untuknya dan Djaka Budi untuk membenahi sistem perpajakan di Indonesia. ""Hari ini saya dengan PakLetjen Djaka Budi Utamadipanggil oleh Bapak Presiden. Beliau memberikan banyak arahan, beliau menegaskan komitmen beliau untuk memperbaiki sistem perpajakan Indonesia supaya lebih akuntabel, lebih berintegritas, lebih independen untuk mengamankan program-program nasional beliau, khususnya dari sisi penerimaan negara,"" ujar Bimo, di Istana, Jakarta, Selasa (20/5/2025). Profil Letjen Djaka, Eks Tim Mawar yang Ditugaskan Benahi Perpajakan Namun, apakahLetjen Djakayang merupakan prajurit aktif boleh mengisi pos yang berada di bawah Kementerian Keuangan (Kemenkeu)? Berikut aturannya dalam Undang-Undang Nomor 3 Tahun 2025 tentang Tentara Nasional Indonesia (TNI). Dalam Pasal 47 ayat (2)UU TNIdijelaskan, prajurit aktif boleh mengisi jabatan sipil di kementerian/lembaga selama telah mengundurkan diri atau pensiun dari dinas aktif keprajuritan. Artinya, Letjen Djaka haruslah pensiun atau mengundurkan diri jika benar akan menduduki kursiDirjen Bea dan Cukai. ""Selain menduduki jabatan pada kementerian/lembaga sebagaimana dimaksud pada ayat (1), prajurit dapat menduduki jabatan sipil lain setelah mengundurkan diri atau pensiun dari dinas aktif keprajuritan,"" bunyi Pasal 47 ayat (2) UU TNI. Letjen Djaka Jadi Dirjen Bea Cukai, Dinilai karena Eks Tim Mawar dan Dekat dengan Prabowo Adapun dalam Pasal 47 ayat (1) UU TNI, prajurit aktif hanya boleh mengisi jabatan di 14 kementerian/lembaga, yakni: Kedua pasal tersebut juga ditekankan pengamat politik dan militer dari Universitas Nasional (Unas), Selamat Ginting. Jika Letjen Djaka tidak mengajukan pensiun dini maka penunjukannya sebagai Dirjen Bea dan Cukai akan menyalahi aturan. ""Maka yang bersangkutan harus pensiun, pensiun dini. Jadi dalam kasus Letnan Jenderal Djaka Budi Utama ditempatkan menjadi Direktur Jenderal Bea dan Cukai di Kementerian Keuangan, maka yang bersangkutan harus melepaskan posisinya sebagai militer aktif, Letjen Djaka harus pensiun,"" ujar Selamat. Prabowo ke Letjen TNI Djaka Budi dan Bimo Wijayanto: Perbaiki Sistem Perpajakan Indonesia Sebagai informasi, Letjen Djaka lahir pada 9 November 1967 di Jakarta, yang merupakan lulusan SMA Negeri 39 Jakarta pada 1986 dan Akademi Militer pada 1990. Ia berasal dari kecabangan Infanteri (Kopassus) yang disebut pernah menjadi bagian dari Tim Mawar. Letjen Djaka juga pernah mengisi pos-pos strategis, seperti Asisten Panglima TNI, Inspektur Jenderal Kementerian Pertahanan (Kemenhan), dan Sekretaris Utama Badan Intelijen Negara (BIN)."
Mahasiswa UIN Sunan Ampel Surabaya Cabut Gugatan UU TNI di MKNews9 Mei 2025Tiga mahasiswa UIN Sunan Ampel Surabaya mencabut gugatan terkait UU TNI di Mahkamah Konstitusi. Simak alasannya!,9 Mei 2025,https://nasional.kompas.com/read/2025/05/09/15353871/mahasiswa-uin-sunan-ampel-surabaya-cabut-gugatan-uu-tni-di-mk,"JAKARTA, - Tiga mahasiswa Universitas Islam Negeri (UIN) Sunan Ampel Surabaya, Bilqis Aldila Firdausi, Farhan Azmy Rahmadsyah, dan Lintang Raditya Tio Richwanto, mencabut gugatan mereka terkait Undang-Undang Nomor 3/2025 tentang Tentara Nasional Indonesia (TNI) diMahkamah Konstitusi(MK). Mereka mencabut gugatan dengan nomor perkara 57/PUU-XXIII/2025 saat sidang pendahuluan yang digelar di Gedung MK, Jakarta Pusat, pada Jumat (9/5/2025). Ketua MK, Suhartoyo, sebelumnya menanyakan perihal surat masuk yang diterima MK terkait penarikan perkara tersebut. ""Apakah betul permohonannya ditarik ini untuk permohonan 57?"" kata Suhartoyo. Sidang Uji Materi UU TNI Cetak Sejarah di MK karena Banyaknya Gugatan “Baik Yang Mulia, izin konfirmasi untuk perkara nomor 57 kami mohonkan untuk dicabut,” ucap Bilqis dalam sidang. Suhartoyo kemudian menanyakan perihal asal kampus para pemohon yang mencabut gugatannya tersebut. ""Ini dari mana adik-adik yang (perkara) 57 ini?"" tanya Suhartoyo. ""Kami mahasiswa dari UIN Sunan Ampel Surabaya, Yang Mulia,"" imbuh Bilqis. Untuk diketahui, dalam permohonan perkara 57, para pemohon menyatakan bahwa pasal a quo memuat perluasan jabatan sipil yang dapat diisi oleh prajurit aktif tanpa harus mengundurkan diri atau pensiun dari dinas aktif keprajuritan. Dalam UU TNI pasca-perubahan, jumlah instansi yang dapat diisi oleh prajurit TNI bertambah menjadi 15. Penggugat di MK: UU TNI Inkonstitusional Permanen jika Setahun Tak Diperbaiki Norma tersebut dinilai telah kehilangan keabsahannya di mata masyarakat sebagai peraturan perundang-undangan. Sebab, pemohon menilai muatan UU TNI yang baru ditujukan untuk melegitimasi kepentingan oligarki kekuasaan tanpa mempertimbangkan hak-hak dasar warga negara. ""Sehingga norma tersebut sejatinya telah memperlemah dan merusak eksistensi sistem demokrasi di masyarakat yang berpotensi besar merugikan hak-hak masyarakat,"" tulis permohonan perkara 57."
"Penggugat di MK: UU TNI Inkonstitusional Permanen jika Setahun Tak DiperbaikiNews9 Mei 2025Gugatan terhadap UU TNI 2025 diajukan ke MK, meminta penundaan dan perbaikan dalam waktu setahun.",9 Mei 2025,https://nasional.kompas.com/read/2025/05/09/11560651/penggugat-di-mk-uu-tni-inkonstitusional-permanen-jika-setahun-tak-diperbaiki,"JAKARTA, - Gugatan terhadap UU TNI versi terbaru meminta agarMahkamah Konstitusi(MK) menyatakan beleid tersebut inkonstitusional permanen jika tidak diperbaiki dalam waktu setahun. ""Memerintahkan Dewan Perwakilan Rakyat Republik Indonesia (DPR RI) selaku pembentuk peraturan perundang-undangan untuk melakukan perbaikan dalam jangka waktu paling lama 1 (satu) tahun sejak putusan ini diucapkan dan apabila dalam tenggang waktu tersebut tidak dilakukan perbaikan, maka Undang-Undang Nomor 3 Tahun 2025 tentang Perubahan Undang-Undang Nomor 34 Tahun 2004 tentang Tentara Nasional Indonesia (Lembaran Negara Republik Indonesia Tahun 2025 Nomor 35) menjadi inkonstitusional secara permanen,"" ucap kuasa hukum pemohon gugatan dalam sidang yang digelar di Gedung MK, Jakarta, Jumat (9/5/2025). Permohonan gugatan terhadap UU Nomor 3 Tahun 2025 tentang TNI itu tertuang dalam gugatan perkara 66/PUU-XXIII/2025 yang diajukan oleh Masail Ishmad Mawaqif, Reyhan Roberkat, Muh Amin Rais Natsir, dan Aldi Rizki Khoiruddin. Dalam alasan gugatannya, pemohon menyebut pembentukan UU TNI yang baru tidak mengikuti Putusan Mahkamah Konstitusi Nomor 91/PUU-XVIII/2020 terkait dengan partisipasi masyarakat yang bermakna. ""Sehingga proses yang dilakukan cacat formal,"" kata kuasa hukum penggugat. Gugatan UU TNI, Prabowo dan Anggota DPR Diminta Bayar Denda Puluhan Miliar Rupiah ke Negara Menurut pemohon, Undang-Undang TNI hasil revisi disusun dan disahkan tanpapartisipasi publikyang memadai, termasuk dari organisasi masyarakat sipil, akademisi, dan komunitas hukum. ""Padahal, asas keterbukaan merupakan prinsip dasar pembentukan peraturan perundang-undangan sebagaimana tercantum dalam Pasal 5 huruf g Undang-Undang Nomor 12 Tahun 2011 yang telah diubah dengan UU Nomor 13 Tahun 2022 tentang Pembentukan Peraturan Perundang-undangan,"" imbuh kuasa hukum pemohon. Sidang 11 Gugatan UU TNI: Pemohon dari Mahasiswa hingga Anak Presiden Pemohon menilai, keterbatasan informasi yang tersedia kepada publik dan minimnya konsultasi publik atau dengar pendapat yang terbuka membuktikan bahwa proses penyusunan UU ini tidak sesuai dengan standar partisipasi yang bermakna (meaningful participation). Hal ini bertentangan dengan prinsip negara hukum demokratis yang mewajibkan keterlibatan rakyat dalam setiap proses legislasi, terutama terhadap regulasi yang memiliki dampak besar terhadap kehidupan publik dan struktur negara. Sebab itu, dalam provisi mereka meminta agar MK, sebelum menjatuhkan putusan akhir, bisa menunda keberlakuan dan pelaksanaan UU TNI yang baru. Sedangkan dalam pokok permohonan, mereka meminta MK menyatakan UU 3/2025 itu tidak memenuhi ketentuan pembentukan undang-undang berdasarkan Undang-Undang Dasar Negara Republik Indonesia Tahun 1945. MK juga diminta menyatakan beleid tersebut tidak memiliki kekuatan hukum mengikat dan UU TNI yang lama, yakni UU Nomor 34 Tahun 2004, berlaku kembali."
Gugatan UU TNI Singgung Rapat DPR dan Pemerintah di Hotel MewahNews10 Mei 2025Sidang uji formil UU TNI 2025 mengungkap kritik terhadap rapat tertutup di hotel mewah. Simak informasi lengkapnya!,10 Mei 2025,https://nasional.kompas.com/read/2025/05/10/07494501/gugatan-uu-tni-singgung-rapat-dpr-dan-pemerintah-di-hotel-mewah,"JAKARTA, - Sidang uji formal Undang-Undang Nomor 3 Tahun 2025 tentang Tentara Nasional Indonesia menyinggung rapat pembahasan di hotel mewah saat beleid tersebut masih dalam proses revisi. Isurapat di hotel mewahini disinggung dalam perkara nomor 69/PUU-XXIII/2025 oleh lima orang mahasiswa dari Universitas Padjajaran (Unpad), Jawa Barat. Mahasiswa UIN Sunan Ampel Surabaya Cabut Gugatan UU TNI di MK Dalam dokumen permohonan, para pemohon merincikan kronologi pembentukan UU 3/2025 yang dinilai menyimpang dari prosedur standar. Salah satunya adalah rapat di hotel mewah bintang lima Fairmont Jakarta pada 14-15 Maret 2025 secara tertutup. ""Langkah ini menuai kritik tajam karena dinilai tidak transparan, menghabiskan anggaran negara secara tidak efisien, dan sengaja menjauhkan proses dari pantauan publik,"" tulis gugatan yang dibacakan pada Jumat (9/5/2025). Selain itu, para pemohon mendalilkan, proses pengambilan keputusan untuk UU 3/2025 ini dinilai sangat cepat. Proses persetujuan tingkat 1 dilakukan pada 18 Maret 2025, dua hari kemudian, pada 20 Maret UU tersebut disahkan dalam rapat paripurna DPR-RI. Para pemohon menyebut, asas-asas pembentukan peraturan perundang-undangan yang diatur dalam Pasal 5 UU P3 dirumuskan secara kumulatif, artinya seluruh asas tersebut harus dipenuhi dan tidak dapat dikesampingkan. Penggugat di MK: UU TNI Inkonstitusional Permanen jika Setahun Tak Diperbaiki ""Dengan tidak diterapkannya asas kejelasan tujuan, asas kedayagunaan dan kehasilgunaan, serta asas keterbukaan dalam proses pembentukan UU TNI mengakibatkan terjadinya cacat formal,"" tulis permohonan tersebut. Karena itu, dalam petitumnya, para pemohon memohon kepada Mahkamah untuk menyatakan pembentukan UU 3/2025 tentang TNI tidak memenuhi ketentuan pembentukan peraturan perundang-undangan berdasarkan Undang-Undang Dasar Negara Republik Indonesia (UUD NRI) Tahun 1945 dan tidak mempunyai kekuatan hukum mengikat."
"Gugat UU TNI, Koalisi Masyarakat Singgung Anak ""Nakal"" Dibawa ke BarakNews7 Mei 2025Koalisi masyarakat sipil gugat UU TNI 2025, soroti kebijakan Gubernur Dedi Mulyadi yang memasukkan anak nakal ke bar",7 Mei 2025,https://nasional.kompas.com/read/2025/05/07/18180191/gugat-uu-tni-koalisi-masyarakat-singgung-anak-nakal-dibawa-ke-barak,"JAKARTA, -Koalisi masyarakat sipiluntuk reformasi sektor pertahanan menyinggung kebijakan Gubernur Jawa BaratDedi Mulyadimengirim siswa yang dianggap nakal ke barak TNI. Hal itu disampaikan anggota koalisi dari Yayasan Lembaga Bantuan Hukum Indonesia (YLBHI), Zainal saat menyerahkan gugatan uji formal UU Nomor 3/2025 tentang TNI ke Mahkamah Konstitusi (MK), Rabu (7/5/2025). Dia mengatakan, uji formal yang dilakukan olehkoalisi masyarakat sipilsekaligus sebagai peringatan kepada kepala daerah yang menormalisasi praktik militerisme yang dilakukan kepada sipil. ""Bahkan misalnya seperti yang terjadi di Jawa Barat, anak-anak dimasukkan ke barak militer,"" ujar Zainal. Resmi Ajukan Uji Formil, Koalisi Masyarakat Sipil Siapkan Uji Materi UU TNI ke MK Dia mengatakan, praktik normalisasi militerisme di ranah sipil akan merusak sistem demokrasi di Indonesia. ""Nantinya akan berakibat kepada penegakanhak asasi manusiadan kemudian akan mempersempit ruang-ruang supremasi sipil,"" ucapnya. Selain soal anak dibawa ke barak, Zainal juga menyinggung TNI yang juga dilibatkan dalam penertiban kawasan hutan. Padahal menurut Zainal, penertiban kawasan hutan adalah ruang penegakan hukum yang bukan kewenangan dari militer. ""Yang artinya di sini TNI digunakan sebagai alat untuk mengusir masyarakat yang sedang berkonflik di isu-isu agraria dan tentu masih banyak lagi,"" imbuh dia. Anggota koalisi dari Yayasan Lembaga Bantuan Hukum Indonesia (YLBHI), Arief Maulana mengungkap sejumlah tuntutan dalam uji formal yang mereka ajukan. Koalisi Masyarakat Sipil Gugat UU TNI ke MK: Tunda Juga Pemberlakuannya! Tuntutan dalam provisi meminta agar MK menunda pemberlakuan UU TNI dalam putusan sela, sebelum ada putusan final dan mengikat. ""Putusan sela atau putusan provisi agar Mahkamah Konstitusi, para Hakim Mahkamah Konstitusi untuk kemudian menunda pemberlakuan Undang-Undang nomor 3 tahun 2025 tentang perubahan atas Undang-Undang TNI sampai dengan adanya putusan akhir Mahkamah Konstitusi. Itu yang pertama,"" ujar Arief. Dalam provisi, Arief juga meminta agar MK memerintahkan Presiden Prabowo Subianto agar tidak menerbitkan peraturan pemerintah yang berkaitan dengan UU TNI yang baru. ""Kami juga kemudian menuntut dan juga meminta kepada Hakim Mahkamah Konstitusi untuk tidak mengeluarkan kebijakan dan atau tindakan strategis yang berkaitan dengan pelaksanaan Undang-Undang, revisi Undang-Undang TNI sampai dengan adanya putusan Mahkamah Konstitusi,"" ucapnya. Masih dalam provisi, permintaan agar eksekutif tidak mengeluarkan kebijakan yang berkaitan dengan UU TNI yang baru harus diterapkan di segala sektor, termasuk untuk kementerian, lembaga, dan badan terkait."
"Polemik Letjen Djaka, UU TNI Tak Atur Prajurit Boleh Isi Pos di KemenkeuNews21 Mei 2025Dalam Pasal 47 ayat (1) UU TNI dijelaskan, prajurit aktif hanya boleh menduduki jabatan di 13 pos kementerian/lem",21 Mei 2025,https://nasional.kompas.com/read/2025/05/21/11463471/polemik-letjen-djaka-uu-tni-tak-atur-prajurit-boleh-isi-pos-di-kemenkeu,"JAKARTA, - Presiden Prabowo Subianto dikabarkan akan menunjuk Letnan Jenderal TNIDjaka Budi Utamasebagai Direktur Jenderal (Dirjen)Bea dan Cukai. Hal tersebut diungkap Deputi Kemenko Marves Bimo Wijayanto mengungkapkan arahan Prabowo untuknya dan Djaka Budi untuk membenahi sistem perpajakan di Indonesia. Terkait posisinya, Bimo memastikan mereka diminta memperkuat martabat dari Ditjen Pajak dan Ditjen Bea Cukai. ""Hari ini saya dengan PakLetjen Djaka Budi Utamadipanggil oleh Bapak Presiden. Beliau memberikan banyak arahan, beliau menegaskan komitmen beliau untuk memperbaiki sistem perpajakan Indonesia supaya lebih akuntabel, lebih berintegritas, lebih independen untuk mengamankan program-program nasional beliau, khususnya dari sisi penerimaan negara,"" ujar Bimo, di Istana, Jakarta, Selasa (20/5/2025). Letjen Djaka Jadi Dirjen Bea Cukai, Dinilai karena Eks Tim Mawar dan Dekat dengan Prabowo Letjen Djakasendiri diketahui masih berstatus sebagai perwira tinggi aktif. Terakhir ia menduduki jabatan sebagai Sekretaris Utama Badan Intelijen Negara pada 2024. Jika Letjen Djaka benar akan mengisi pos Dirjen Bea dan Cukai yang berada di bawahKementerian Keuangan(Kemenkeu), ia akan melanggar Undang-Undang Nomor 3 Tahun 2025 tentang Tentara Nasional Indonesia (TNI). Karena statusnya masih sebagai prajurit aktif. Dalam Pasal 47 ayat (1) UU TNI dijelaskan, prajurit aktif hanya boleh menduduki jabatan di 14 pos kementerian/lembaga saja. Di dalamnya tidak termasuk Kemenkeu. ""Prajurit dapat menduduki jabatan pada kementerian/lembaga yang membidangi koordinator bidang politik dan keamanan negara, pertahanan negara termasuk dewan pertahanan nasional, kesekretariatan negara yang menangani urusan kesekretariatan presiden dan kesekretariatan militer presiden, intelijen negara, siber dan/ atau sandi negara, lembaga ketahanan nasional, pencarian dan pertolongan, narkotika nasional, pengelola perbatasan, penanggulangan bencana, penanggulangan terorisme, keamanan laut, Kejaksaan Republik Indonesia, dan Mahkamah Agung,"" bunyi Pasal 47 ayat (1) UU TNI. Profil Letjen Djaka, Eks Tim Mawar yang Ditugaskan Benahi Perpajakan Letjen Djaka bisa mengisi pos di Kemenkeu jika dirinya mengundurkan diri atau pensiun dari dinas aktif keprajuritan. Hal tersebut diatur dalam Pasal 47 ayat (w) UU TNI. ""Selain menduduki jabatan pada kementerian/lembaga sebagaimana dimaksud pada ayat (1), prajurit dapat menduduki jabatan sipil lain setelah mengundurkan diri atau pensiun dari dinas aktif keprajuritan,"" bunyi Pasal 47 ayat (2) UU TNI. Prabowo ke Letjen TNI Djaka Budi dan Bimo Wijayanto: Perbaiki Sistem Perpajakan Indonesia Sebagai informasi, Letjen Djaka lahir pada 9 November 1967 di Jakarta, yang merupakan lulusan SMA Negeri 39 Jakarta pada 1986 dan Akademi Militer pada 1990. Ia berasal dari kecabangan Infanteri (Kopassus) yang disebut pernah menjadi bagian dari Tim Mawar. Letjen Djaka juga pernah mengisi pos-pos strategis, seperti Asisten Panglima TNI, Inspektur Jenderal Kementerian Pertahanan (Kemenhan), dan Sekretaris Utama Badan Intelijen Negara (BIN)."
Sidang Uji Materi UU TNI Cetak Sejarah di MK karena Banyaknya GugatanNews9 Mei 2025Hakim MK Saldi Isra menyebut gugatan UU TNI mencetak sejarah karena baru pertama kalinya ada banyak gugatan yang sama,9 Mei 2025,https://nasional.kompas.com/read/2025/05/09/13210821/sidang-uji-materi-uu-tni-cetak-sejarah-di-mk-karena-banyaknya-gugatan,"JAKARTA,  -Hakim KonstitusiSaldi Isramengatakan, uji formal dan materiil Undang-Undang Nomor 3 Tahun 2025 tentang Tentara Nasional Indonesia (UU TNI) mencetak sejarah sepanjangMahkamah Konstitusi(MK). Ia menyebutkan, baru kali pertama dalam sejarah berdirinya MK, ada sidang gugatan dengan isu yang sama digelar secara serentak, di mana terdapat 14 permohonangugatan UU TNIdengan 11 perkara disidangkan pada Jumat (9/5/2025) hari ini. ""Jadi ini baru pertama dalam sejarah Mahkamah Konstitusi isu yang sama itu disidangkan serentak dalam tiga panel yang berbeda. Ini pertama baru sejarah Mahkamah Konstitusi karena banyak sekali permohonan,"" kata Saldi dalam sidang, Jumat. ""Jadi memang antusiasme untuk mengajukan permohonan tinggi,"" ujar dia. Sidang 11 Gugatan UU TNI: Pemohon dari Mahasiswa hingga Anak Presiden Oleh sebab itu, Saldi dalam nasihat hakimnya meminta kepada para penggugat untuk mempertimbangkan menggabungkan gugatannya. ""Coba dipikirkan itu supaya kelihatan bahwa mahasiswa Indonesia kompak satu permohonan. Jangan-jangan dipanen lain ada yang mahasiswa juga, supaya nanti bisa saling melengkapi argumentasi, dalil-dalil, bukti-bukti, dan segala macamnya,"" ucapnya. Hal itu disampaikan Saldi karena banyak gugatan UU TNI berasal dari mahasiswa. Dia menjelaskan, gugatan uji materi bukan sebuah perlombaan yang mewakili kampus, tetapi soal substansi perjuangan yang sama. Penggugat di MK: UU TNI Inkonstitusional Permanen jika Setahun Tak Diperbaiki ""Kalau Anda bisa gabung, ya mahasiswa Indonesia kelihatan kompak. Pas dari apapun hasilnya nanti, tolong Anda pikirkan itu, jadi ego masing-masing universitas dalam soal-soal seperti ini bisa. Ego masing-masing mahasiswa di universitas itu bisa dikelola dengan positif untuk soal-soal seperti ini,"" ujar Saldi. ""Jadi ada tiga kampus (yang bersidang di panel yang dipimpin Saldi): ada UI, Unpad, ada Brawijaya. Di tempat lain ada juga, gabung saja jadi salah satu,"" kata dia lagi. Dalam sidang tersebut, Saldi juga mempersilakan para pemohon untuk memperbaiki gugatannya sebaik mungkin. ""Jadi kalau ada dalil, harus dibuktikan. Syarat-syarat sebagai legal standingnya harus bisa kami meyakini bahwa ini memang ada keterkaitan dengan kepentingan para pemohon,"" ujar Saldi."
"Gugatan UU TNI, Prabowo dan Anggota DPR Diminta Bayar Denda Puluhan Miliar Rupiah ke NegaraNews9 Mei 2025Pemohon meminta agar Prabowo dan para pimpinan DPR membayar denda miliaran rupiah kepada negara",9 Mei 2025,https://nasional.kompas.com/read/2025/05/09/11044181/gugatan-uu-tni-prabowo-dan-anggota-dpr-diminta-bayar-denda-puluhan-miliar,"JAKARTA, - Gugatan Undang-Undang Nomor 3 Tahun 2025 tentang Tentara Nasional Indonesia (TNI) dengan nomor perkara 58/PUU-XXIII/2025 menyeret PresidenPrabowo Subiantodan para pimpinan DPR-RI. Gugatan ini dilayangkan oleh dua orang, Hidayatuddin, mahasiswa Universitas Putra Batam, dan pemohon Respati Hadinata, mahasiswa Universitas Negeri Batam. Mereka meminta agar Prabowo dan para pimpinan DPR membayardenda miliaran rupiahkepada negara akibat pengesahan UU TNI. Awalnya, Hakim Konstitusi Arief Hidayat sebagai pimpinan sidang mempertanyakan mengapa ada petitum alternatif dalam gugatan yang diajukan. Ada Nama Inayah Wahid dalam Daftar Pemohon Gugatan UU TNI di MK ""Sekarang kenapa ada alasan petitum alternatif ini? Apa yang dimaksud ini?"" ujar Arief, dalam sidang yang digelar di Gedung MK, Jumat (9/5/2025). ""Ini saudara mencantumkan pada halaman 27 ada alasan petitum alternatif, alternatifnya petitum apa?"" kata Arief lagi. Kuasa hukum pemohon lantas menjelaskan alasannya. ""Maksudnya dia ada dua petitum, Yang Mulia,"" imbuh kuasa hukum pemohon. ""Jadi, alternatifnya meminta UU ini dibatalkan, selain itu ada alternatif membayar ganti rugi? Siapa yang harus bayar ganti rugi?"" tanya Arief. Kuasa hukum pemohon kemudian menjawab orang-orang yang harus membayar ganti rugi tertuang dalam petitum mereka. Ada dua bagian petitum yang dibacakan tersebut. Sidang 11 Gugatan UU TNI: Pemohon dari Mahasiswa hingga Anak Presiden Bagian pertama, meminta agar MK menyatakan UU TNI Nomor 3/2025 tidak memenuhi ketentuan pembentukan undang-undang berdasarkan UUD NRI 1945, dan menyatakan norma yang ada dalam UU TNI tersebut tidak mempunyai kekuatan hukum mengikat. Pada bagian kedua, atau petitum alternatif, para pemohon meminta agar MK memerintahkan para pembentuk undang-undang merevisi UU TNI dalam jangka waktu satu tahun. Jika tidak, maka UU TNI tersebut dinyatakan inkonstitusional. Pada bagian petitum alternatif ini juga, para penggugat meminta agar MK menghukum para anggota DPR-RI yang hadir dalam rapat paripurna pengesahan UU TNI dengan denda Rp 50 miliar kepada negara. Begitu juga dengan Presiden Prabowo Subianto, agar membayar ganti rugi kepada negara sebesar Rp 25 miliar. Resmi Ajukan Uji Formil, Koalisi Masyarakat Sipil Siapkan Uji Materi UU TNI ke MK MK juga diminta menghukum lima pimpinan DPR-RI membayar ganti rugi Rp 5 miliar kepada negara. ""Menghukum masing-masing Pimpinan dan masing-masing Anggota Badan Legislasi Dewan Perwakilan Rakyat Republik Indonesia Periode 2024-2029 untuk membayar ganti rugi kepada Negara sebesar Rp 5.000.000.000,- (Lima Miliar Rupiah), terhitung sejak putusan ini diucapkan,"" tulis petitum yang diajukan. Tak hanya denda, penggugat juga meminta MK menjatuhkan sanksi uang paksa (dwangsom) kepada anggota DPR-RI yang mengesahkan UU TNI tersebut sebesar Rp 25 miliar, kemudian untuk Prabowo diminta membayar dwangsom sebesar Rp 12,5 miliar."
Ada Nama Inayah Wahid dalam Daftar Pemohon Gugatan UU TNI di MKNews8 Mei 2025Inayah Wahid turut menjadi pemohon dalam gugatan uji formil Undang-Undang Nomor 3 Tahun 2025 tentang TNI ke Mahkamah Konsti,8 Mei 2025,https://nasional.kompas.com/read/2025/05/08/22352571/ada-nama-inayah-wahid-dalam-daftar-pemohon-gugatan-uu-tni-di-mk,"JAKARTA, - Putri bungsu presiden keempat RI Abdurrahman Wahid atau Gus Dur,Inayah Wahidturut menjadi pemohon dalam gugatan uji formil Undang-Undang Nomor 3 Tahun 2025 tentang Tentara Nasional Indonesia (TNI) ke Mahkamah Konstitusi (MK). Dalam dokumen permohonan di MK, Inayah menjadi salah satu dari lima pemohon dalam gugatan yang diajukan oleh Koalisi Masyarakat Sipil untuk Reformasi Sektor Pertahanan pada Rabu (7/5/2025) kemarin. Inayah menjadi pemohon keempat dalam gugatan itu. Pemohon pertama merupakan Yayasan Lembaga Bantuan Hukum Indonesia (YLBHI), Perkumpulan Inisiatif Masyarakat Partisipatif untuk Transisi Berkeadilan (Imparsial) sebagai pemohon kedua, dan Perkumpulan Komisi untuk Orang Hilang dan Korban Tindak Kekerasan (KontraS) sebagai pemohon ketiga. Gugat UU TNI, Koalisi Masyarakat Singgung Anak Nakal Dibawa ke Barak Pemohon kelima dan keenam tercatat Eva Nurcahyani seorang mahasiswa, dan aktivis hak asasi manusia (HAM), Fatiah Maulidiyanty yang juga merupakan eks koordinator KontraS. Dalam gugatannya, anggota koalisi dari Yayasan Lembaga Bantuan Hukum Indonesia (YLBHI), Arief Maulana, mengatakan, tuntutan dalam provisi meminta agar MK menunda pemberlakuan UU TNI dalam putusan sela, sebelum ada putusan final dan mengikat. ""Putusan sela atau putusan provisi agar Mahkamah Konstitusi, para Hakim Mahkamah Konstitusi, untuk kemudian menunda pemberlakuan Undang-Undang Nomor 3 Tahun 2025 tentang perubahan atas Undang-Undang TNI sampai dengan adanya putusan akhir Mahkamah Konstitusi. Itu yang pertama,"" ujar Arief saat ditemui di Gedung MK, Jakarta Pusat, Rabu. Daftar 32 Pati TNI yang Terima Kenaikan Pangkat Dalam provisi, Arief juga meminta agar MK memerintahkan Presiden Prabowo Subianto agar tidak menerbitkan peraturan pemerintah yang berkaitan dengan UU TNI yang baru. ""Kami juga kemudian menuntut dan juga meminta kepada Hakim Mahkamah Konstitusi untuk tidak mengeluarkan kebijakan dan atau tindakan strategis yang berkaitan dengan pelaksanaan Undang-Undang, revisi Undang-Undang TNI sampai dengan adanya putusan Mahkamah Konstitusi,"" ucapnya. Masih dalam provisi, permintaan agar eksekutif tidak mengeluarkan kebijakan yang berkaitan dengan UU TNI yang baru harus diterapkan di segala sektor, termasuk untuk kementerian, lembaga, dan badan terkait. ""Agar tidak terjadi pelanggaran konstitusi yang kemudian berdampak pada berbagai pelanggaran hak asasi manusia atau kerugian masyarakat,"" tuturnya. Kemudian dalam pokok permohonan, Arief mengatakan koalisi masyarakat sipil meminta agar seluruh Hakim MK menyatakan UU TNI Nomor 3/2025 tidak memiliki kekuatan hukum mengikat. ""Sehingga kemudian UU 34/2004 tentang TNI seluruhnya diberlakukan kembali,"" tandasnya."
Puan Beri Komentar soal Usulan Penambahan Usia Pensiun ASN dan Revisi UU TNINews26 Mei 2025Puan meminta usulan penambahan usia pensiun ASN oleh Korpri dikaji lebih mendalam dengan menyoroti produktivi,26 Mei 2025,https://nasional.kompas.com/read/2025/05/26/19561781/puan-beri-komentar-soal-usulan-penambahan-usia-pensiun-asn-dan-revisi-uu-tni,"- Korps Pegawai Republik Indonesia (Korpri) belum lama ini mengusulkan kenaikan batas usia pensiun aparatur sipil negara (ASN). Usulan ini bertujuan untuk meningkatkan keahlian, pengembangan karier, serta pemanfaatan kompetensi ASN secara optimal. Korpri mengusulkan agar batas usia pensiun ASN yang semula 60 tahun diperpanjang menjadi antara 62 hingga 70 tahun. Menanggapi usulan tersebut, KetuaDPRRIPuanMaharani mengatakan bahwa hal itu perlu dikaji lebih mendalam. Ia juga mempertanyakan apakah kajian terhadap usulan itu sudah pernah dilakukan. ""Terkait dengan masa pensiun ASN untuk diperpanjang, sebaiknya itu dikaji dulu lebih lanjut,"" kata Puan, melansirdpr.go.id, Senin (26/5/2025). Perempuan pertama yang menjabat sebagai Ketua DPR RI itu juga menyoroti produktivitas ASN apabila batas usia pensiun semakin ditambah. Usulan Usia Pensiun ASN Diperpanjang Tak Masuk Revisi UU ASN ""Apakah (benar) kalau usia pensiun diperpanjang, produktivitas pegawai akan lebih baik? Yang juga penting adalah bagaimana ASN bisa lebih efektif dalam melayani masyarakat,"" ucap Puan. Adapun usulan perpanjangan usia pensiun dibedakan sesuai pangkat masing-masing ASN. Untuk pejabat pimpinan tinggi (JPT) utama, batas usia pensiun (BUP) diusulkan menjadi 65 tahun. Sementara itu, JPT madya atau eselon I diusulkan mencapai 63 tahun. JPT pratama atau setingkat eselon II diusulkan pensiun pada usia 62 tahun, sedangkan eselon III dan IV tetap pada usia 60 tahun. Untuk jabatan fungsional utama, batas usia pensiun diusulkan mencapai 70 tahun. Puan menegaskan, penambahan batas usia pensiun ASN juga harus mempertimbangkan postur anggaran pendapatan dan belanja negara (APBN). Pimpinan Baleg: Penambahan Batas Pensiun ASN Bisa Berkonsekuensi Panjang ""Satu lagi, jangan kemudian nanti membebani APBN,"" tegas Puan. Lebih lanjut, Puan juga merespons soal Undang-undang (UU) Tentara Nasional Indonesia (TNI) yang digugat ke Mahkamah Konstitusi (MK) oleh sejumlah mahasiswa. Untuk diketahui, sejumlah mahasiswa yang menggugatUU TNImendapatkan intimidasi dari orang tidak dikenal. Puan mengaku baru mengetahui kabar adanya sejumlah mahasiswa yang diintimidasi akibat menggugat UU TNI ke MK. ""Namun, jika memang seperti itu, kami akan lihat dan pertanyakan kepada aparat penegak hukum,” terang cucu Bung Karno itu. Mahasiswa Hukum UII Kecam Intimidasi terhadap Penggugat UU TNI “Siapa yang kemudian mengintimidasi, atas dasar apa diintimidasi, dan kenapa terjadi hal tersebut,"" imbuh Puan."
"Cerita Mahasiswa UII, Pemohon Judicial Review UU TNI yang Diduga Alami IntimidasiRegional24 Mei 2025Modus awalnya juga sama yakni memuji-muji saat sidang pertama di MK dan kemudian meminta data pribad",24 Mei 2025,https://yogyakarta.kompas.com/read/2025/05/24/190500878/cerita-mahasiswa-uii-pemohon-judicial-review-uu-tni-yang-diduga-alami,"YOGYAKARTA,- Tiga mahasiswa Fakultas Hukum Universitas Islam Indonesia (UII) pemohon uji formil Undang-Undang Tentara Nasional Indonesia (TNI) ke Mahkamah Konstitusi (MK) diduga mengalami intimidasi. Dugaan intimidasi tersebut berupa adanya orang tidak dikenal yang mengatasnamakan dari MK menggali data pribadi mereka. Arung, Handika, Irsyad serta Anggito merupakan pemohon uji formil Undang-Undang Tentara Nasional Indonesia (TNI) ke Mahmahkamah Konstitusi (MK). Viral, Video Oknum Prajurit Tendang Ibu-ibu, Ternyata Anggota Kopasgat TNI AU Salah satu mahasiswa Universitas Islam Indonesia (UII) asal Mojokerto, Jawa Timur yang merupakan koordinator tim, Arung mengaku, bersama tiga orang mahasiswa lainya mengajukan gugatan uji formil ke MK. ""Awalnya itu kan kami mengajukan gugatan uji formil. Kami mengajukan gugatan pada 30 April awalnya,"" ujar Arung saat dihubungi, Sabtu (24/05/2025). Pascasidang pertama, tiga mahasiswa yang menjadi pemohon mengalami hal yang serupa yakni pengambilan data pribadi. Tiga mahasiswa tersebut yakni Handika, Irsyad dan Arung. ""Setelah 9 hari kami sidang pertama itu pada tanggal 18 Mei tiga dari kami itu mengalami hal serupa yakni mengalami pengambilan data,"" katanya lagi. Klarifikasi RS Erni Medika soal Uang Rp 30 juta untuk Operasi Pasien Kecelakaan Besaran Gaji TNI Arung menuturkan Irsyad berasal dari Lampung dan Handika dari Grobogan. Menurutnya, ketua RT tempat tinggal mereka pernah didatangi oleh orang tidak dikenal yang mengatasnamakan dari MK. ""Didatangi oleh orang tidak dikenal yang mengatasnamakan MK. Dalihnya itu ya melakukan verifikasi faktual, apakah benar yang bersangkutan tinggal di sini,"" ungkapnya. Hukuman Mati Koruptor yang Selalu Jadi Wacana Dikatakan Arung, awalnya orang tidak dikenal tersebut memuji-muji penampilan saat sidang pertama di MK. Namun, pada akhirnya orang tidak dikenal ini mengali data pribadi, mulai dari aktivitas hingga kegiatan keduanya. Ujung-ujungnya, mereka meminta salinan kartu keluarga (KK). ""Ketua RT-nya diminta salinan KK oleh orang tidak dikenal tersebut. Ketua RT ini datang ke rumah Handika meminta salinan KK, menjelaskan ada dari MK mencari Handika, minta salinan KK. Dikasih, terus balik ke rumah, baru ditunjukan pada orang tidak dikenal ini, akhirnya di foto,"" ucapnya. Disdikpora DIY Perketat Aturan SPMB, Wajib Cek NIK dan KK 1 Tahun"
"Resmi Ajukan Uji Formil, Koalisi Masyarakat Sipil Siapkan Uji Materi UU TNI ke MKNews7 Mei 2025Koalisi masyarakat sipil akan menggugat UU TNI 2025 ke Mahkamah Konstitusi. Pasal-pasal yang digugat masi",7 Mei 2025,https://nasional.kompas.com/read/2025/05/07/16555441/resmi-ajukan-uji-formil-koalisi-masyarakat-sipil-siapkan-uji-materi-uu-tni,"JAKARTA, -Koalisi masyarakat sipiluntuk reformasi sektor pertahanan akan menyiapkangugatan uji materiUndang-Undang Nomor 3 Tahun 2025 tentang Tentara Nasional Indonesia (TNI). Anggota koalisi dari Imparsial, Husein Ahmad, mengatakan, saat ini tim hukum sedang menyusun pasal-pasal dalam UU TNI baru yang akan digugat keMahkamah Konstitusi(MK). ""Dalam waktu dekat kami juga akan mengajukan judicial review materiil UU 3/2025 tentang TNI,"" kata Husein saat ditemui di Gedung MK, Jakarta Pusat, Rabu (7/5/2025). Dia mengatakan, pengajuan uji materi itu kemungkinan akan dilakukan pekan depan. Pengujian materi UU TNI, kata dia, sebagai bentuk perlawanankoalisi masyarakat sipilterhadap revisi yang dinilai tidak mematuhi kaidah pembentukan undang-undang. Koalisi Masyarakat Sipil Gugat UU TNI ke MK: Tunda Juga Pemberlakuannya! ""Mungkin di minggu depan kami akan masukkan kembali ke MK sebagai perlawanan terhadap substansi yang ngawur dan ngaco sekali dalam UU TNI,"" ucapnya. Adapun koalisi masyarakat sipil terlebih dahulu mengajukan gugatan uji formal untuk UU TNI 3/2025 pada Rabu (7/5/2025). Anggota koalisi dari Yayasan Lembaga Bantuan Hukum Indonesia (YLBHI), Arief Maulana, mengatakan, tuntutan dalam provisi meminta agar MK menunda pemberlakuan UU TNI dalam putusan sela, sebelum ada putusan final dan mengikat. ""Putusan sela atau putusan provisi agar Mahkamah Konstitusi, para Hakim Mahkamah Konstitusi, untuk kemudian menunda pemberlakuan Undang-Undang Nomor 3 Tahun 2025 tentang perubahan atas Undang-Undang TNI sampai dengan adanya putusan akhir Mahkamah Konstitusi. Itu yang pertama,"" ujar Arief saat ditemui di Gedung MK, Jakarta Pusat, Rabu. Dalam provisi, Arief juga meminta agar MK memerintahkan Presiden Prabowo Subianto agar tidak menerbitkan peraturan pemerintah yang berkaitan dengan UU TNI yang baru. Kata Ketua KIP soal UU TNI yang Belum Bisa Diakses Publik ""Kami juga kemudian menuntut dan juga meminta kepada Hakim Mahkamah Konstitusi untuk tidak mengeluarkan kebijakan dan atau tindakan strategis yang berkaitan dengan pelaksanaan Undang-Undang, revisi Undang-Undang TNI sampai dengan adanya putusan Mahkamah Konstitusi,"" ucapnya. Masih dalam provisi, permintaan agar eksekutif tidak mengeluarkan kebijakan yang berkaitan dengan UU TNI yang baru harus diterapkan di segala sektor, termasuk untuk kementerian, lembaga, dan badan terkait. ""Agar tidak terjadi pelanggaran konstitusi yang kemudian berdampak pada berbagai pelanggaran hak asasi manusia atau kerugian masyarakat,"" tuturnya. Kemudian dalam pokok permohonan, Arief mengatakan koalisi masyarakat sipil meminta agar seluruh Hakim MK menyatakan UU TNI Nomor 3/2025 tidak memiliki kekuatan hukum mengikat. ""Sehingga kemudian UU 34/2004 tentang TNI seluruhnya diberlakukan kembali,"" tandasnya. Adapun UU TNI telah digugat sebanyak delapan kali. Dengan gugatan dari koalisi masyarakat sipil ini, jumlah gugatan untuk UU TNI kini berjumlah 9 permohonan."
"Koalisi Masyarakat Sipil Gugat UU TNI ke MK: Tunda Juga Pemberlakuannya!News7 Mei 2025Koalisi Masyarakat Sipil menggugat UU TNI 2025 ke MK, meminta penundaan pelaksanaan hingga keputusan final.",7 Mei 2025,https://nasional.kompas.com/read/2025/05/07/16315161/koalisi-masyarakat-sipil-gugat-uu-tni-ke-mk-tunda-juga-pemberlakuannya,"JAKARTA, -Koalisi Masyarakat Sipiluntuk Sektor Keamanan melakukan uji formal Undang-Undang Nomor 3 Tahun 2025 tentang Tentara Nasional Indonesia (TNI). Gugatan itu dilayangkan pada Rabu (7/5/2025) keMahkamah Konstitusi(MK) dengan melampirkan 98 bukti awal. Anggota koalisi dariYayasan Lembaga Bantuan Hukum Indonesia(YLBHI), Arief Maulana, mengatakan tuntutan dalam provisi meminta agar MK menunda pemberlakuan UU TNI dalam putusan sela, sebelum ada putusan final dan mengikat. ""Putusan sela atau putusan provisi agar Mahkamah Konstitusi, para Hakim Mahkamah Konstitusi untuk kemudian menunda pemberlakuan Undang-Undang Nomor 3 Tahun 2025 tentang perubahan atas Undang-Undang TNI sampai dengan adanya putusan akhir Mahkamah Konstitusi. Itu yang pertama,"" ujar Arief saat ditemui di Gedung MK, Jakarta Pusat, hari ini. Kata Ketua KIP soal UU TNI yang Belum Bisa Diakses Publik Dalam provisi, Arief juga meminta agar MK memerintahkan Presiden Prabowo Subianto agar tidak menerbitkan peraturan pemerintah yang berkaitan dengan UU TNI yang baru. ""Kami juga kemudian menuntut dan juga meminta kepada Hakim Mahkamah Konstitusi untuk tidak mengeluarkan kebijakan dan atau tindakan strategis yang berkaitan dengan pelaksanaan Undang-Undang, revisi Undang-Undang TNI sampai dengan adanya putusan Mahkamah Konstitusi,"" ucapnya. Jokowi Dinilai Beri Contoh Buruk dengan Terbitkan Perppu Cipta Kerja Masih dalam provisi, permintaan agar eksekutif tidak mengeluarkan kebijakan yang berkaitan dengan UU TNI yang baru harus diterapkan di segala sektor, termasuk untuk kementerian, lembaga, dan badan terkait. ""Agar tidak terjadi pelanggaran konstitusi yang kemudian berdampak pada berbagai pelanggaran hak asasi manusia atau kerugian masyarakat,"" tuturnya. Kemudian dalam pokok permohonan, Arief mengatakankoalisi masyarakat sipilmeminta agar seluruh Hakim MK menyatakan UU TNI Nomor 3/2025 tidak memiliki kekuatan hukum mengikat. ""Sehingga kemudian UU 34/2004 tentang TNI seluruhnya diberlakukan kembali,"" tandasnya. Adapun UU TNI telah digugat sebanyak delapan kali. Dengan gugatan dari koalisi masyarakat sipil ini, jumlah gugatan untuk UU TNI kini berjumlah sembilan permohonan."
"Revisi UU ASN: Sentralisasi Mutasi, Otonomi DipreteliNews15 Mei 2025Konsekuensi dari sentralisasi mutasi adalah meningkatnya ketergantungan politik kepala daerah terhadap pemerintah pusat. ASN akan le",15 Mei 2025,https://nasional.kompas.com/read/2025/05/15/06024281/revisi-uu-asn-sentralisasi-mutasi-otonomi-dipreteli,"DI DALAMtubuh negara yang majemuk dan desentralistik seperti Indonesia, relasi antara pemerintah pusat dan daerah selalu menjadi medan tarik-menarik. Salah satu titik rawan yang kini kembali mengemuka adalah rencana revisi Undang-Undang Nomor 20 Tahun 2023 tentang Aparatur Sipil Negara (UU ASN). Dalam draf yang beredar dan pembahasan awal di Komisi II DPR, muncul wacana penguatan kewenangan pemerintah pusat—melalui presiden atau Menteri PAN-RB—untuk mengendalikan proses mutasi dan promosi jabatan ASN eselon I dan II di seluruh Indonesia. Dalihnya adalah meritokrasi. Faktanya adalah sentralisasi. Wacana itu seketika memantik perdebatan.Sentralisasikewenangan kepegawaian dianggap mencederai semangat reformasi dan otonomi daerah yang telah bertahun-tahun diperjuangkan. Bahkan lebih dari itu, rencana ini mengembalikan praktik lama ketika ASN menjadi kepanjangan tangan kekuasaan pusat, bukan pelayan masyarakat daerah. Badut-badut Politik Reformasi birokrasi tidak lahir dari ruang hampa. Ia lahir dari pengalaman traumatis bangsa yang terlalu lama menjalani pemerintahan sentralistik di bawah Orde Baru. UU ASN 2014 dan kemudian diperbarui pada 2023 sesungguhnya merupakan upaya merestorasi birokrasi menjadi profesional, netral, dan melayani. Salah satu pondasi pentingnya adalah pembagian kewenangan antara pusat dan daerah dalam mengelola sumber daya manusia aparatur. Namun, melalui revisi yang diusulkan Komisi II DPR RI, ada indikasi kuat bahwa kewenangan kepala daerah dalam hal mutasi dan promosi pejabat tinggi pratama akan dilucuti. Dalihnya adalah untuk mendorong mobilitas talenta nasional dan keseragaman sistem merit. Namun dalam praktiknya, ini bisa membuka celah bagi intervensi politik: presiden atau menteri dapat mengangkat pejabat strategis di daerah dengan peran terbatas kepala daerah dalam pengambilan keputusan, atau bahkan bertolak belakang dengan aspirasi lokal. Padahal, sesuai Pasal 18 UUD 1945, daerah memiliki hak untuk mengatur dan mengurus urusannya sendiri. Mutasi dan pengelolaan ASN di daerah bukan sekadar teknis administrasi, melainkan bagian dari hak konstitusional otonomi. Ketika hak itu dicabut, otonomi menjadi ilusi. Konsekuensi darisentralisasimutasi adalah meningkatnya ketergantungan politik kepala daerah terhadap pemerintah pusat. Persuasi Ekstrem, Kebijakan Sporadis Ala Dedi Mulyadi Seorang gubernur bisa kehilangan kendali atas perangkat daerahnya, karena pejabat-pejabat kunci bukan hasil seleksi dan penilaian lokal, tetapi 'turun' dari pusat."
"Pasukan TNI Jaga Kantor Kejati Kalteng, Asintel: Instruksi Panglima TNIRegional20 Mei 2025Puluhan personel TNI dikerahkan untuk amankan Kantor Kejaksaan Tinggi Kalteng berdasarkan instruksi Panglima T",20 Mei 2025,https://regional.kompas.com/read/2025/05/20/134008978/pasukan-tni-jaga-kantor-kejati-kalteng-asintel-instruksi-panglima-tni,"PALANGKA RAYA, - Sejak Selasa (20/5/2025), puluhan personel Tentara Nasional Indonesia (TNI) Angkatan Darat (AD) telah dikerahkan untuk mengamankan Kantor Kejaksaan Tinggi (Kejati) Kalimantan Tengah (Kalteng) yang terletak di KotaPalangka Raya. Asisten Intelijen (Asintel) Kejati Kalteng,Eddy Sumarman, menjelaskan bahwa pengamanan ini dilakukan sesuai dengan instruksi Panglima TNI. Sebanyak sekitar 30 personel TNI dikerahkan untuk pengamanan di Kantor Kejaksaan Tinggi, sementara di kejaksaan negeri (tingkat kota) diisi oleh 10 orang personel TNI aktif. “Sementara untuk di kejaksaan negeri (tingkat kota) dilakukan oleh 10 orang personel TNI aktif,” ujar Eddy saat diwawancarai oleh awak media di kantor kejaksaan tinggi setempat. Analisis Mahfud MD soal TNI Jaga Kejaksaan meski Bukan Objek Vital Nasional, Singgung Perintah Prabowo Eddy menambahkan bahwa pengamanan ini dilakukan secara melekat, dengan jumlah personel yang ditempatkan setiap harinya sekitar 6 orang. ""Tapi setiap daerah berbeda-beda tergantung kebutuhan dari masing-masing kantor kejari,” tuturnya. Eddy menjelaskan bahwa alasan pengiriman personel TNI ke kantor kejaksaan adalah sebagai tindak lanjut dari kerja sama (MoU) antara Jaksa Agung dan Panglima TNI yang telah ditandatangani. “Di mana ada kerja sama antara TNI dan Kejaksaan khususnya dalam hal pengamanan personel kejaksaan maupun aset-aset di kejaksaan,” pungkasnya."
"TNI AD Akan Investigasi Truk TNI Terbakar di Tol GempolNews6 Mei 2025Truk TNI AD terbakar di Tol Gempol-Pandaan, dua prajurit menjadi korban. Investigasi sedang dilakukan untuk mengungkap penyebabnya.",6 Mei 2025,https://nasional.kompas.com/read/2025/05/06/13373791/tni-ad-akan-investigasi-truk-tni-terbakar-di-tol-gempol,"JAKARTA,  -TNI Angkatan Darat (AD) melakukan investigasi atas kasus kebakaran trukTNI ADdi ruas Tol Gempol-Pandaan KM 774 pada Senin (5/5/2025) malam. ""Kami memohon doa dan dukungan dari masyarakat agar semua proses penanganan, termasuk investigasi, dapat berjalan lancar,"" kata Kepala Dinas Penerangan Angkatan Darat (Kadispenad) Brigjen TNI Wahyu Yudhayana kepada wartawan, Selasa (6/5/2025). Wahyu menyadari bahwa kejadian ini menyita perhatian publik sehingga TNI AD berkomitmen mengusut kasus ini dengan profesional. Ia juga menegaskan, TNI AD bertanggung jawab atas jatuhnya korban luka dan meninggal dunia dalam periwtira tersebut. TNI AD Ungkap Kronologi Truk TNI Terbakar di Tol Gempol Diketahui, ada satu prajurit TNI AD yang mengalami luka akibattruk TNI terbakar, yakni Serma Leonardus Dhino Adi Setiawan yang sudah dievakuasi dan dirawat di RS Bhayangkara Pusdik Shabara. Sementara itu, satu prajurit lainnya yakni Serka Untung Avisilia meninggal dunia akibat peristiwa itu. ""Serka Untung Avisilia adalah prajurit yang memiliki dedikasi tinggi. Kami sangat berduka dan bertanggung jawab atas seluruh hak-haknya sebagai prajurit. Rencananya, almarhum akan dimakamkan di kampung halamannya di Nganjuk, Jawa Timur,"" ungkap Wahyu. Wahyu menyebutkan, Serma Leonardus dan Serka Untung menjadi korban ketika mereka mengecek truk yang mengeluarkan percikan api. Truk TNI Bermuatan Amunisi Meledak di Tol Gempol, Bawa Granat Tangan dan Peluru Kaliber Kecil Namun, saat proses pengecekan, truk TNI AD yang mengangkut perlengkapan dan amunisi itu justru terbakar. ""Melihat situasi tidak aman, dua personel yang berada di belakang truk tersebut dan sedang melakukan pengecekan langsung melompat mengamankan diri ke tepi jalan tol yang medannya berupa jurang,"" ujar Wahyu. Diberitakan sebelumnya, sebuah truk milik TNI meledak dan terbakar hebat di ruas jalan Tol Gempol-Pasuruan, tepatnya di KM 774.200 A, wilayah Desa Winong, Kecamatan Gempol, Kabupaten Pasuruan, pada Senin malam. Truk tersebut mengangkut amunisi sehingga kebakaran ini menyebabkan ledakan yang terdengar hingga ke kawasan perkampungan di sekitar lokasi."
TNI AD Ungkap Kronologi Truk TNI Terbakar di Tol GempolNews6 Mei 2025Kadispenad ungkap kronologi Truk TNI AD terbakar di Tol Gempol-Pandaan yang menyebabkan satu prajurit meninggal dunia,6 Mei 2025,https://nasional.kompas.com/read/2025/05/06/13163951/tni-ad-ungkap-kronologi-truk-tni-terbakar-di-tol-gempol,"JAKARTA,  -Kepala Dinas Penerangan TNI Angkatan Darat Brigjen TNI Wahyu Yudhayana menjelaskan kronologi lengkap insiden terbakarnyatruk TNI ADbermuatan munisi di ruas Tol Gempol-Pandaan Km 774, Jawa Timur, pada Senin malam (5/5/2025). Wahyu menuturkan, Peristiwa tersebut terjadi saat iring-iringan kendaraan milik Yonif 509/BY Divisi Infanteri 2 Kostrad dalam perjalanan kembali ke markas setelah menyelesaikan tugas di Papua. ""Kejadian ini merupakan bagian dari kegiatan pergeseran pasukan yang dilaksanakan oleh Yonif 509/BY Divif 2 Kostrad. Pasukan ini baru saja kembali dari penugasan di Papua,"" ungkap Wahyu kepada wartawan, Selasa (6/5/2025). Ia menyebutkan, truk tersebut merupakan bagian dari gelombang kedua pergeseran pasukan dari Surabaya ke Jember. Truk TNI Bermuatan Amunisi Meledak di Tol Gempol, Bawa Granat Tangan dan Peluru Kaliber Kecil Menurut Wahyu, seluruh kendaraan dan perlengkapannya telah diperiksa sesuai SOP oleh tim teknis Detasemen Peralatan dan Polisi Militer. Insiden terjadi pukul 21.38 WIB ketika salah satu truk bermuatan munisi mengeluarkan percikan api di bagian atas. Sopir truk di belakang segera memberi peringatan dan truk tersebut langsung menepi untuk diperiksa. Namun, saat proses pengecekan, terjadi letupan kecil yang memicu kebakaran. ""Melihat situasi tidak aman, dua personel yang berada di belakang truk tersebut dan sedang melakukan pengecekan langsung melompat mengamankan diri ke tepi jalan tol yang medannya berupa jurang,"" tutur Wahyu. Kronologi Truk TNI Berisi Amunisi Terbakar di Tol Gempol-Pandaan Personel lainnya pun segera menghubungi petugas pemadam kebakaran dan mengamankan arus lalu lintas untuk mencegah korban tambahan. Setelah api berhasil dipadamkan, tim menemukan dua personel yang sempat melompat ke jurang. Satu prajurit, Serma Leonardus Dhino Adi Setiawan, mengalami luka dan langsung dilarikan ke RS Bhayangkara Pusdik Shabara, sedangkan satu prajurit lainnya, Serka Untung Avisilia, dinyatakan meninggal dunia. Detik-detik Truk TNI Terbakar dan Meledak di Tol Gempol-Pasuruan, 2 Prajurit Terluka ""Serka Untung Avisilia adalah prajurit yang memiliki dedikasi tinggi, kami sangat berduka dan bertanggung jawab atas seluruh hak-haknya sebagai prajurit. Rencananya almarhum akan dimakamkan di kampung halamannya di Nganjuk, Jawa Timur,"" kata Wahyu. TNI AD masih melakukan investigasi terhadap penyebab awal percikan api. Wahyu memastikan, seluruh proses akan ditangani secara profesional dan transparan."
"Jati Diri TNI Antar-GenerasiNews17 Mei 2025Jati diri TNI harus menjadi pemandu, agar setiap bentuk aspirasi tetap berada dalam koridor konstitusi dan semangat kebangsaan.",17 Mei 2025,https://nasional.kompas.com/read/2025/05/17/08515351/jati-diri-tni-antar-generasi,"""Kami tentara Republik Indonesia akan timbul tenggelam bersama negara."" – Jenderal Besar Sudirman TENTARANasional Indonesia (TNI) merupakan institusi yang lahir dari semangat perjuangan bangsa Indonesia. Hingga saat ini, TNI adalah kekuatan pertahanan utama yang memiliki peran sentral dalam menjaga kedaulatan, keutuhan wilayah dan keselamatan bangsa Indonesia. Lebih dari sekadar pasukan bersenjata, TNI adalah manifestasi dari kekuatan rakyat yang menjelma menjadi benteng pertahanan negara. Dalam perjalanannya, TNI menjunjung tinggi nilai-nilai luhur yang membentuk jati dirinya sebagai Tentara Rakyat, Tentara Pejuang, Tentara Nasional, dan Tentara Profesional. Jati diri ini bukan semata-mata simbol formal, tetapi menjadi fondasi moral yang membimbing seluruh prajurit TNI dalam berpikir dan bertindak. Empat butir jati diri TNI tersebut merupakan penanda bahwa TNI selalu berpijak pada kepentingan bangsa. Sebagai Tentara Rakyat, TNI berasal dari rakyat dan menyatu dengan denyut nadi masyarakat. Sebagai Tentara Pejuang, TNI mewarisi semangat pengorbanan para pendiri bangsa. Sebagai Tentara Nasional, TNI berdiri di atas semua golongan dan menjunjung tinggi netralitas. Dan sebagai Tentara Profesional, TNI terus mengasah kompetensi, kedisiplinan, dan integritasnya agar mampu menjawab tuntutan zaman. Namun, bagaimana jati diri TNI dapat terus melekat pada prajurit yang silih berganti, mengingat masa dinas dibatasi oleh usia pensiun? Di tengah perubahan karakter Generasi Milenial dan Z yang kini mengisi tubuh TNI, mampukah nilai nilai tersebut tetap dipahami dan diimplementasikan? Lalu, apakah para purnawirawan yang telah lepas dari dinas tetap berkewajiban menjaga jati diri TNI sebagai bagian dari kepribadian mereka? Regenerasi adalah keniscayaan dalam organisasi, termasuk di TNI. Seiring regulasi pensiun dan perkembangan zaman, prajurit yang mengawaki TNI terus berganti. Saat ini, posisi perwira, bintara, dan tamtama muda diisi Generasi Milenial dan Z yang lahir sejak awal 2000-an, membawa karakter berbeda dari generasi sebelumnya. Meski demikian, TNI tetap dikenal sebagai lembaga yang kuat, solid, dan loyal karena sejak awal berpegang pada jati diri yang diwariskan para pendahulu—nilai yang diharapkan terus hidup sebagai ciri khas lintas generasi. Kekhawatiran muncul seiring masuknya Generasi Milenial dan Z ke tubuh TNI. Mereka dinilai memiliki karakter berbeda: lebih inklusif, progresif, dan cenderung menyukai hal-hal instan akibat pengaruh teknologi digital. Gen Z juga dikenal sangat menjaga privasi, tapi di sisi lain kreatif dan inovatif. Meski demikian, mereka dianggap kurang tangguh secara mental dan fisik untuk dunia militer yangmenuntut keteguhan jiwa juang. Beberapa kasus di lingkungan TNI menunjukkan kecenderungan lemahnya kesehatan mental, perilaku konsumtif, dan ketergantungan pada dunia digital dalam pengambilan keputusan. Hal-hal inilah yang kini menjadi perhatian serius dalam proses regenerasi prajurit. Pertanyaannya kini, apakah jati diri TNI masih menjadi ciri khas yang relevan di era digital saat institusi ini diawaki oleh Generasi Milenial dan Z?"
"01:36Lagi Ramai soal World Coin, Anggota DPR Dorong UU BaruVideo5 Mei 2025Dave Laksono nilai pemberhentian World Coin sudah tepat dan perlu ada undang-undang yang mengatur",5 Mei 2025,https://video.kompas.com/watch/1844914/lagi-ramai-soal-world-coin-anggota-dpr-dorong-uu-baru,"Lagi Ramai soal World Coin, Anggota DPR Dorong UU Baru Copyright 2008 - 2025 PT. Kompas Cyber Media (Kompas Gramedia Digital Group). All Rights Reserved."
11:38Keterangan Ketua KPK soal UU BUMN Berpotensi MembatasiVideo9 Mei 2025Ketua KPK menjelaskan potensi UU BUMN membatasi kewenangan lembaganya,9 Mei 2025,https://video.kompas.com/watch/1846028/keterangan-ketua-kpk-soal-uu-bumn-berpotensi-membatasi,Keterangan Ketua KPK soal UU BUMN Berpotensi Membatasi Copyright 2008 - 2025 PT. Kompas Cyber Media (Kompas Gramedia Digital Group). All Rights Reserved.
DPR Ungkap Revisi UU Polri Dibahas Setelah RKUHAP SelesaiNews28 Mei 2025RKUHAP haruslah diselesaikan terlebih dahulu agar tidak terjadi tumpang tindih dengan revisi UU Polri dan RUU Perampasan Aset.,28 Mei 2025,https://nasional.kompas.com/read/2025/05/28/15543631/dpr-ungkap-revisi-uu-polri-dibahas-setelah-rkuhap-selesai,"JAKARTA, - Wakil Ketua DPRAdies Kadirmengungkap perkembangan revisi Undang-Undang Nomor 2 Tahun 2002 tentang Kepolisian Negara Republik Indonesia (Polri). Ia mengatakan,revisi UU Polriakan dibahas usai selesainya revisi Undang-Undang Nomor 8 Tahun 1981 tentang Hukum Acara Pidana (RKUHAP). ""Ini kan ada menunggu satuKUHAP, KUHAP ini kan intinya dari hukum pidana itu. Jadi kita tunggu ini selesai KUHAP, ada dua yang antre tuh, (RUU) Perampasan Aset sama RUU kepolisian,"" ujar Adies di Kompleks Parlemen, Jakarta, Rabu (28/5/2025). Kebut Pembahasan, DPR Izinkan Rapat Revisi KUHAP Digelar Saat Reses Ia menjelaskan, RKUHAP haruslah diselesaikan terlebih dahulu agar tidak terjadi tumpang tindih dengan revisi UU Polri danRUU Perampasan Aset. ""Jadi semua nunggu KUHAP. Nunggu KUHAP. KUHAP-nya selesai. Makanya KUHAP dikebut, minta izin rapat-rapat pada saat reses. Jadi itu supaya kebut. Ya kita izin biar kebut, karena dua undang-undangnya menunggu,"" ujar Adies. Sebelumnya, PresidenPrabowo Subiantomemastikan akan mengawal proses pembahasan revisi UU Polri agar tidak memperluas kewenangan kepolisian dalam bertugas. Hal tersebut disampaikan Prabowo dalam perbincangannya bersama enam pemimpin redaksi media di Padepokan Garuda Yaksa, Kabupaten Bogor, pada Minggu (6/4/2025). Prabowo sepakat bahwa UU Polri yang ada saat ini sudah cukup mengatur kewenangan kepolisian. ""Prinsipnya polisi harus diberi wewenang yang cukup untuk melaksanakan tugasnya. Kalau dia sudah diberi wewenang cukup, ya kenapa harus ditambah? Jadi ini tinggal kita menilai secara arif gradasi itu,"" kata Prabowo dikutip dari tayangan Kompas TV, Selasa (8/4/2025). DPR Akan Kebut Revisi KUHAP, Targetkan KUHAP Baru Berlaku 1 Januari 2026 Ia kemudian membeberkan kewenangan kepolisian selama ini adalah untuk memberantas kriminalitas, penyelundupan narkoba, serta melindungi keamanan ketertiban masyarakat. Prabowo juga menegaskan akan mengambil tindakan tegas apabila institusi kepolisian maupun yang lainnya, tidak melaksanakan tugas dengan baik. ""Saya nanti akan menilai apakah penyelundupan narkoba berkurang, kedua, apakah penyelundupan barang-barang terlarang berkurang. Intinya itu yang saya sampaikan ke semua aparat penegak hukum. Narkoba harus kita perangi, sangat berbahaya untuk anak-anak kita, cucu-cucu kita. It's very dangerous soal narkoba,"" tegas Prabowo."
Polisi Jerat Toko Mama Khas Banjar Pakai UU Perlindungan KonsumenNews15 Mei 2025Polda Kalsel menindak tegas Toko Mama Khas Banjar terkait pelanggaran UU Perlindungan Konsumen. Polisi mengaku ada tiga ,15 Mei 2025,https://nasional.kompas.com/read/2025/05/15/17463561/polisi-jerat-toko-mama-khas-banjar-pakai-uu-perlindungan-konsumen,"JAKARTA, - Dirreskrimsus Polda Kalimantan Selatan (Kalsel) Kombes Gafur Aditya Siregar menyebut pihaknya menerapkanUU Perlindungan Konsumenterhadap pemilikToko Mama Khas Banjar, Firli Norachim. ""Bahwa dalam perkara ini, kami menerapkan UU Perlindungan Konsumen. Kenapa? Karena kami sebelum tahapan yang diceritakan Pak Abrori (kuasa hukum Firli) tadi, kami menerima 3 dumas pengaduan masyarakat,"" kata Gafur saat dipanggil Komisi III DPR di Gedung DPR, Senayan, Jakarta, Kamis (15/5/2025). Kuasa Hukum Toko Mama Khas Banjar Laporkan Penyidik ke Propam karena Anggap Penyitaan Janggal Gafur menekankan hal tersebut mereka lakukan berdasarkan tiga aduan masyarakat (dumas) kepada polisi. Aduan yang dilakukan tiga orang itu mirip, yakni mengadukan produk makanan yang dijual Toko Mama Khas Banjar. Ketika mereka membeli makanan dari sana, setelah sampai rumah, ternyata makanannya sudah bau dan lembek. ""Kemudian, setelah dicek kemasannya, mau melihat tanggal kedaluwarsanya ternyata tidak ada tanggal kedaluwarsanya,"" ucapnya. Hadapi Masalah Hukum, Toko Mama Khas Banjar Dapat Bantuan Relaksasi Pinjaman dari BRI Walhasil, atas aduan masyarakat tersebut, polisi bergerak melakukan pengecekan ke Toko Mama Khas Banjar. Polisi pun membeli barang dari sana dan melakukan pengecekan, apakah sesuai dengan apa yang diadukan masyarakat. Gafur mengeklaim aduan itu sejalan dengan temuan polisi. ""Artinya memang barang-barang di sana tidak ada label kandungannya, kemudian ada yang tidak ada tanggal kadaluwarsanya, dan ada juga yang tidak ada tanda halalnya,"" jelas Gafur. Kasus ini bermula saat salah seorang konsumen menemukan sejumlah produk yang tidak mencantumkan label kedaluwarsa yang dijual di Toko Mama Khas Banjar. Temuan itu lantas dilaporkan ke Direktorat Kriminal Khusus (Ditkrimsus) Polda Kalsel pada 6 Desember 2024. Mendapat laporan dari konsumen, petugas Ditkrimsus Polda Kalsel lantas memanggil Firli sebagai pemilik. Setelah melalui serangkaian pemeriksaan oleh penyidik, Firli segera ditetapkan sebagai tersangka. Penahanan pun dilakukan."
"UU BUMN Tak Halangi KPK Sikat Direksi yang KorupsiNews9 Mei 2025KPK menyatakan, tetap berwenang mengusut kasus korupsi yang dilakukan oleh direksi, komisaris, atau pengawas di BUMN. Simak detailnya.",9 Mei 2025,https://nasional.kompas.com/read/2025/05/09/06043861/uu-bumn-tak-halangi-kpk-sikat-direksi-yang-korupsi,"JAKARTA, - Undang-Undang Nomor 1 Tahun 2025 tentang Badan Usaha Milik Negara (UU BUMN) tidak menjadi penghalang bagi Komisi Pemberantasan Korupsi (KPK) untuk menindak tegasdireksi BUMNyang terjeratkasus korupsi. Ketua KPK Setyo Budiyanto mengatakan, lembaga antirasuah tetap berwenang mengusut kasus korupsi yang dilakukan oleh direksi, komisaris, atau pengawas di BUMN. Pernyataan tersebut disampaikan Setyo berdasarkan hasil analisis KPK terhadap Pasal 9G dalam UU BUMN yang menyatakan, anggota direksi, dewan komisaris atau dewan pengawas BUMN bukan merupakan penyelenggara negara, serta Pasal 4B UU BUMN yang menyatakan kerugian BUMN bukankerugian negara. ""KPK berpandangan tetap memiliki kewenangan untuk melakukan penyelidikan, penyidikan dan penuntutan tindak pidana korupsi yang dilakukan oleh direksi/komisaris/pengawas di BUMN,"" kata Setyo, dalam keterangan tertulis, Rabu (7/5/2025). KPK Diminta Kesampingkan Status Penyelenggara Negara dalam UU BUMN Terkait status penyelenggara negara dalam UU BUMN, Setyo mengatakan, ketentuan tersebut kontradiktif dengan ruang lingkung UU Nomor 28 Tahun 1999 tentang Penyelenggaraan Negara yang Bersih dan Bebas dari Korupsi, Kolusi, dan Nepotisme (KKN). ""Ketentuan tersebut kontradiktif dengan ruang lingkup penyelenggara negara yang diatur dalam Pasal 1 angka 1, Pasal 2 angka 7, beserta penjelasannya dalam UU Nomor 28 Tahun 1999 tentang Penyelenggaraan Negara yang Bersih dan Bebas dari Korupsi, Kolusi, dan Nepotisme (KKN),"" ujar dia. Setyo mengatakan, keberadaan UU Nomor 28 Tahun 1999 merupakan hukum administrasi khusus berkenaan dengan pengaturan penyelenggara negara, yang memang bertujuan untuk mengurangi adanya KKN. Karenanya, kata dia, sangat beralasan jika dalam konteks penegakan hukum tindak pidana korupsi berkenaan dengan ketentuan penyelenggara negara. ""KPK berpedoman pada UU Nomor 28 Tahun 1999,"" tutur dia. Di samping itu, Setyo mengatakan, penjelasan Pasal 9G UU Nomor 1 Tahun 2025 dapat dimaknai bahwa direksi dan komisaris BUMN masih berstatus penyelenggara negera. Penjelasan Pasal 9G UU Nomor 1 Tahun 2025 berbunyi, ""Tidak dimaknai bahwa bukan merupakan penyelenggara negara yang menjadi pengurus BUMN statusnya sebagai penyelenggara negara akan hilang"". Dengan demikian, KPK berkesimpulan bahwa anggota direksi, dewan komisaris, dewan pengawas BUMN tetap merupakan penyelenggara negara sesuai Undang-Undang Nomor 28 Tahun 1999. ""Sebagai Penyelenggara Negara, maka direksi/komisaris/pengawas BUMN tetap memiliki kewajiban untuk melaporkan Laporan Harta Kekayaan Penyelenggara Negara (LHKPN) dan penerimaan gratifikasi,"" kata dia. Jadi DPO OPM, Lenis Kogoya: Saya Tidak Pernah Takut Terkait kerugian BUMN bukan kerugian negara dalam UU BUMN, Setyo menerangkan putusan Mahkamah Konstitusi (MK) nomor: 48/PUU-XI/2013 dan 62/PUU-XI/2013 yang kemudian dikuatkan dengan putusan nomor: 59/PUU-XVI/2018 dan 26/PUU-XIX/ 2021 yang menjadi acuan dan telah menjadi akhir dari polemik kekayaan negara yang dipisahkan."
"Dividen BUMN Kini Dikelola Danantara, DPR Usul Revisi UU PNBPMoney8 Mei 2025Komisi XI DPR RI mengusulkan pemerintah untuk merevisi Undang-undang (UU) Nomor 9 Tahun 2018 tentang Penerimaan Negara Bukan",8 Mei 2025,https://money.kompas.com/read/2025/05/08/220126326/dividen-bumn-kini-dikelola-danantara-dpr-usul-revisi-uu-pnbp,"JAKARTA, - Komisi XI DPR RI mengusulkan pemerintah untuk merevisi Undang-undang (UU) Nomor 9 Tahun 2018 tentangPenerimaan Negara Bukan Pajak(PNBP). Sebab kini salah satu sumber PNBP yaknidividendari badan usaha milik negara (BUMN), yang masuk ke pos PNBP Kekayaan Negara Dipisahkan (KND), menjadi dialihkan ke Badan Pengelola Investasi (BPI)Danantara. Perubahan ini terjadi seiring dengan diimplementasikannya UU Nomor 1 Tahun 2025 tentang BUMN yang mengaturdividen BUMNdikelola oleh BPI Danantara. Danantara Ambil Alih Dividen BUMN, Kemenkeu Lakukan Extra Effort SHUTTERSTOCK/SHUTTERSTOCKPROFESSIONALIlustrasi dividen saham. Anggota Komisi XI DPR RI dari Fraksi Gerindra Wihadi Wiiyanto mengatakan, revisi UU PNBP perlu dilakukan untuk memberikan kejelasan dalam pengelolaan dividen BUMN apakah menjadi sumber PNBP di APBN yang menjadi wewenang Kementerian Keuangan (Kemenkeu) atau dikelola oleh BPI Danantara. ""Dalam hal ini akan ada perubahan PNBP karena dengan adanya KND bukan lagi masuk dalam postur APBN,"" ujarnya saat rapat dengar pendapat dengan Ditjen Anggaran Kemenkeu di Gedung DPR RI, Jakarta, Kamis (8/5/2025). Selain itu, dengan direvisinya UU PNBP maka Kemenkeu bisa memiliki ruang untuk memperluas basis penerimaan PNBP. Dengan demikian, Kemenkeu bisa segera menggenjot PNBP agar dapat mencapai target tahun ini yang sebesar Rp 513,6 triliun. Danantara Tunda Semua RUPS dan Aksi Korporasi BUMN, Kecuali yang Tbk Sebab, akibat hilangnya sumber PNBP dari KND itu, realisasi PNBP selama kuartal I 2025 turun 26,03 persen secara tahunan menjadi sebesar Rp 115,9 triliun dari Rp 156,70 triliun pada periode yang sama tahun sebelumnya. ""UU PNBP ini bila perlu kita ubah, karena dengan UU PNBP ini keleluasaan peningkatkan PNBP kita harapkan bisa kita tingkatkan,"" ucapnya."
Menkes Minta MK Tolak Gugatan PB IDI Terkait UU KesehatanNews3 Juni 2025Menkes Budi Gunadi Sadikin meminta MK menolak permohonan PB IDI terkait 24 pasal dalam UU 17/2023. Simak penjelasan lengkapnya d,3 Juni 2025,https://nasional.kompas.com/read/2025/06/03/13275831/menkes-minta-mk-tolak-gugatan-pb-idi-terkait-uu-kesehatan,"JAKARTA, - Menteri Kesehatan Budi Gunadi Sadikin memohon agarMahkamah Konstitusi(MK) menolak seluruh petitum dariPengurus Besar Ikatan Dokter Indonesia(PB IDI) dalam perkara nomor 182/PUU-XXII/2024. ""Menolak permohonan para pemohon untuk seluruhnya, atau setidak-tidaknya menyatakan permohonan para pemohon tidak dapat diterima,"" ujar Budi, saat membacakan keterangan pemerintah dalam sidang yang digelar di MK, Selasa (3/6/2025). Dia juga meminta agar MK menerima keterangan pemerintah dan menyatakan para pemohon tidak mempunyai kedudukan hukum. Selain itu, Budi memohon agar MK menyatakan 24 pasal yang digugat dalamUndang-Undang Nomor 17 Tahun 2023dinyatakan sesuai dengan konstitusi. Menkes Bahas Dominasi IDI di Sidang MK, Sebut Halangi Perbedaan Pandangan Anggota Pasal yang diuji tersebut adalah: Pasal 311 Ayat (1), Pasal 268 Ayat (1), Pasal 268 Ayat (2), Pasal 1 Angka 25, Pasal 269, Pasal 270, Pasal 272 Ayat (1), Pasal 272 Ayat (3), Pasal 304 Ayat (2), Pasal 306 Ayat (1), Pasal 307, Pasal 310, Pasal 220 Ayat (2), Pasal 258 Ayat (2), Pasal 260 Ayat (2), Pasal 261 huruf b, Pasal 264 Ayat (1), Pasal 264 Ayat (5), Pasal 273 Ayat (1), Pasal 287 Ayat (4), Pasal 291 Ayat (2), Pasal 421 Ayat (1), Pasal 442, dan Pasal 454 huruf c. Dalam keterangannya, Budi sempat menyinggung dalil para pemohon terkait Pasal 311 Ayat (1) yang dinilai menimbulkan kekacauan hukum, merendahkan mutu, kepastian, dan keadilan berdasarkan Pasal 28 D Ayat (1) UUD 1945. Menurut Budi, pasal yang digugat IDI merupakan peneguhan prinsip konstitusional Pasal 28E Ayat (3) UUD 1945, yakni hak setiap warga negara untuk berserikat dan berkumpul. Menurutnya, norma Pasal 311 Ayat (1) bukan bentuk pelemahan terhadap organisasi profesi, melainkan pengakuan konstitusional atas hak berserikat dalam ranah keprofesian yang dilandaskan oleh prinsip ekonomi serta kebebasan individu dalam membentuk dan memilih wadah keilmuan secara terbuka. ""Dalam negara demokratis, kebebasan tidak tunduk pada perintah atau keharusan dari negara, tetapi berdiri atas kehendak bebas subyek hukum,"" ucap dia. Menkes Bacakan Langsung Keterangan dalam Sidang Gugatan UU Kesehatan di MK Dia juga mengatakan, norma Pasal 311 Ayat (1) tersebut menempatkan organisasi profesi selaras dengan sistem hukum nasional yang bersifat inklusif dan bukan eksklusif. ""Pendekatan ini menghindari penempatan organisasi profesi sebagai satu-satunya wadah tunggal yang wajib diikuti yang pada masa lalu berpotensi mendominasi kelembagaan yang menghalangi keberagaman pandangan, mengabaikan ketidakpuasan anggota, tidak adanyacheck and balances, dan bias representasi dari setiap profesi,"" kata dia."
"Sejarah UU Pemilu 1999: Tonggak Demokrasi Indonesia Pasca ReformasiStori21 Mei 2025Reformasi Indonesia 1998 membawa perubahan bagi negeri, salah satunya dengan lahirnya UU Pemilu 1999 yang jadi tongga",21 Mei 2025,https://www.kompas.com/stori/read/2025/05/21/190000779/sejarah-uu-pemilu-1999--tonggak-demokrasi-indonesia-pasca-reformasi,"-Reformasi 1998membawa perubahan besar dalam berbagai aspek kehidupan berbangsa dan bernegara di Indonesia. Salah satu perubahan paling mencolok adalah dalam tata cara penyelenggaraan pemilihan umum (pemilu). Reformasi Indonesia 1998menciptakan momentum baru untuk menciptakan sistem politik yang lebih demokratis, salah satunya melalui penyusunan Undang-UndangPemilu 1999. UU Pemilu 1999 menjadi landasan hukum bagipemilu pertama pasca Orde Baru, yang juga digelar pada tahun 1999. Penyelenggaraanpemilu 1999merupakan momentum penting dalam sejarah demokrasi Indonesia. Bagaimanasejarah UU Pemilu 1999? Pemilu 1999, Pemilihan Umum Pertama di Masa Reformasi Undang-Undang Nomor 3 Tahun 1999 disusun oleh DPR RI periode 1997-1999 bersama Presiden BJ Habibie. Dalam prosesnya, terjadi perdebatan terkait sistem pemilu yang akan diterapkan. Pemerintah mengusulkan kombinasi sistem distrik dan sistem proporsional untuk meningkatkan akuntabilitas, sementara DPR ingin mempertahankan sistem proporsional tertutup seperti yang diterapkan pada masarezim Soeharto. Menurut DPR, sistem distrik dinilai belum sesuai dengan kondisi geopolitik Indonesia. Selain itu, masyarakat juga dianggap belum siap menjalankan sistem tersebut untuk pelaksanaan pemilu. 21 Mei 1998: Soeharto Mundur sebagai Presiden, Apa Isi Pidatonya? Pemilu 1999 juga mencerminkan penerapan sistem multipartai, yang berbeda drastis dibandingkan sistem politik Orde Baru. Sebanyak 60 partai politik terdaftar secara administratif, tetapi setelah proses verifikasi oleh Panitia Persiapan Pembentukan Komisi Pemilihan Umum (P3KPU), hanya 48 partai politik yang lolos sebagai peserta pemilu. Banyaknya pilihan partai ini memberikan peluang lebih besar bagi masyarakat untuk menyalurkan aspirasi politik mereka, meski juga menimbulkan kebingungan bagi sebagian pemilih. Pemilu 1999 adalah pemilu pertama yang tidak sepenuhnya dikelola oleh pemerintah, melainkan oleh Komisi Pemilihan Umum (KPU) yang baru dibentuk. Berdasarkan Keputusan Presiden Nomor 77/M/1999, KPU terdiri dari lima wakil pemerintah dan 48 wakil partai politik. Penyelenggaraan pemilu ini juga menandai berakhirnya peran Lembaga Pemilihan Umum (LPU) yang sebelumnya mengelola pemilu pada masa Orde Baru. Kabinet Reformasi Pembangunan: Dibentuk BJ Habibie 22 Mei 1998 Pemilu 1999 diselenggarakan berdasarkan asas Langsung, Umum, Bebas, Rahasia, Jujur, dan Adil (Luber Jurdil). Asas ini memberikan jaminan kepada setiap warga negara untuk memilih sesuai dengan hati nurani tanpa tekanan atau paksaan, serta memastikan proses pemilu yang transparan dan akuntabel."
"Frasa Dalam UU Polri Ini Dinilai Rugikan Hak Konstitusional PengacaraNews2 Juni 2025Syamsul Jahidin mengajukan uji materi UU Polri, soroti frasa yang berpotensi disalahgunakan aparat.",2 Juni 2025,https://nasional.kompas.com/read/2025/06/02/20404351/frasa-dalam-uu-polri-ini-dinilai-rugikan-hak-konstitusional-pengacara,"JAKARTA, - Pemohon uji materi Undang-Undang Nomor 2 Tahun 2002 tentang Kepolisian Republik Indonesia menilai frasa ""bertindak menurut penilaiannya sendiri"" dalam Pasal 18 Ayat (1) bisa merugikan hak konstitusionalnya sebagai warga negara. Penggugat dengan perkara nomor 84/PUU-XXIII/2025 adalah seorang advokat bernamaSyamsul Jahidin. Dia menilai, frasa itu berpotensi menyebabkan terjadinya penyalahgunaan wewenang oleh oknum kepolisian dengan dalih demikepentingan umum. “Sebagai advokat yang kerap mendampingi klien baik di dalam maupun di luar pengadilan, saya merasa pasal ini rawan disalahgunakan oleh aparat. Frasa tersebut sangat multitafsir dan tidak memiliki parameter yang jelas, sehingga aparat bisa bertindak sewenang-wenang dengan mengatasnamakan kepentingan umum,” ujar Syamsul, dalam sidang yang digelar di Gedung Mahkamah Konstitusi (MK), Senin (2/6/2025). MK Putuskan SD-SMP Gratis, Mendikdasmen: Tunggu Arahan Presiden Syamsul merasa ada ketidakjelasan definisi kepentingan umum dalam pasal tersebut sehingga membuka celah penafsiran subjektif. ""Frasa ini (bertindak menurut penilaiannya sendiri) seharusnya merupakan konsep hukum yang memiliki batasan dan diawasi oleh norma objektif, bukan diserahkan secara penuh kepada aparat,"" imbuh dia. Pemohon juga menyoroti lemahnya mekanisme kontrol atas pelaksanaan pasal tersebut. Karena dalam praktiknya, aparat menggunakan Pasal 18 Ayat (1) sebagai tameng untuk membenarkan tindakan yang berlebihan atau melampaui wewenang. Dalam pengalaman pribadi Syamsul di wilayah Kalimantan Barat, ia mengaku mengalami hambatan dalam memperoleh informasi dan kepastian hukum dari institusi kepolisian, khususnya dari Bidang Propam Polda Kalbar. MK Perintahkan SD-SMP Swasta Gratis, Siapkah Pemerintah di Tengah Efisiensi? ""Pasal ini bukan hanya rawan multitafsir, tapi juga berpotensi menjadi alat pembungkaman terhadap pihak-pihak yang dianggap mengganggu citra kepolisian atau bahkan terhadap lawan politik,"" ujar dia. Oleh karena itu, dalam petitumnya, pemohon meminta MK menyatakan pasal tersebut bertentangan dengan UUD 1945 dan tidak mempunyai kekuatan hukum mengikat."
"Ketua KPPU: Merger Grab-Goto Jangan Langgar UU Persaingan UsahaMoney22 Mei 2025KPPU belum bisa menilai spekulsi merger GoTo dan Grab yang diestimasikan bernilai Rp 114,8 triliun dan meminta pihak mela",22 Mei 2025,https://money.kompas.com/read/2025/05/22/105536426/ketua-kppu-merger-grab-goto-jangan-langgar-uu-persaingan-usaha,"- Komisi PengawasPersaingan Usaha(KPPU) menyatakan tidak dapat melakukan penilaian atas transaksimergerdan akuisisi yang akan atau sedang terjadi. Hal tersebut sesuai sistem pengawasanmergerdi Indonesia yang bersifatmandatory post-merger notificationatau pemberitahuan wajib pascatransaksi sesuai dengan Undang-Undang (UU) Nomor 5 Tahun 1999 tentang Larangan Praktik Monopoli dan Persaingan Usaha Tidak Sehat (UU Nomor 5/1999). Meski demikian, Ketua KPPU, M Fanshurullah Asa berharap mergerGrabdanGoTojangan sampai melanggar UU Persaingan Usaha. Pernyataan itu disampaikan Ketua KPPU, M Fanshurullah Asa menanggapi adanya spekulasi aksimerger Grab dan GoToyang bergulir di berbagai media dalam dan luar negeri. Apabila merger Grab dan GoTo terjadi, KPPU hanya bisa melakukan penilaian setelah pihak tersebut memberikan pemberitahuan ke KPPU. Rumor Merger Grab-GoTo, Apa yang Perlu Dilakukan Pemerintah? Fanshurullah Asa mengatakan, KPPU akan melakukan penilaian terhadap dampak persaingan dari suatu merger dan akuisisi setelah transaksi tersebut diberitahukan secara resmi oleh para pihak, yakni maksimal 30 hari sejak transaksi efektif. “Selama transaksi merger Grab dan GoTo masih bersifat spekulatif, KPPU belum dapat memberikan penilaian terhadap merger yang diestimasikan bernilai Rp 114,8 triliun tersebut,” katanya dalam siaran pers, Kamis (22/5/2025). Namun demikian, kata Fanshurullah, konsultasi sukarela tetap dapat diajukan oleh para pihak. Sebagai langkah preventif, KPPU mulai melakukan penelitian mandiri untuk mengidentifikasi potensi dampak serta merumuskan opsi-opsi penyesuaian kebijakan yang dapat diambil apabila merger itu benar-benar terealisasi. Ke depan, jika transaksi dinotifikasikan, KPPU sebagaimana Peraturan KPPU Nomor 3 Tahun 2023 dapat melakukan penilaian hingga ke penilaian menyeluruh yang mencakup berbagai analisis. Grab Buka Suara soal Isu Merger dengan GoTo dan Tuduhan Dominasi Asing Berbagai analisis itu, antara lain hambatan masuk pasar, potensi perilaku anti persaingan, efisiensi, kebijakan peningkatan daya saing dan penguatan industri nasional, pengembangan teknologi dan inovasi, dan perlindungan usaha mikro kecil menengah (UMKM). KPPU juga mengimbau para pihak untuk melakukanself-assessmentatau penilaian mandiri. Fanshurullah mengatakan, pelaku usaha diharapkan melakukanself-assessmentuntuk memastikan transaksi mereka tidak berpotensi menciptakan praktik monopoli danpersaingan usahatidak sehat. “Jika terbukti melanggar, KPPU berwenang menjatuhkan tindakan administratif hingga penetapan pembatalan transaksi merger tersebut,” tegasnya."
Di Balik Merger BKN-LAN dan Arah Revisi UU ASNNews16 Mei 2025Wacana merger BKN-LAN terkesan lahir dari ruang-ruang politik ketimbang akademik dan teknokratik. Reformasi birokrasi sedang kehilangan ara,16 Mei 2025,https://nasional.kompas.com/read/2025/05/16/16214821/di-balik-merger-bkn-lan-dan-arah-revisi-uu-asn,"PADA31 Oktober 2023, Presiden ketujuh Joko Widodo mengundangkan Undang-Undang Nomor 20 Tahun 2023 tentang Aparatur Sipil Negara sebagai pengganti UU ASN sebelumnya. Revisi UU tersebut mengakibatkan perubahan mencolok secara kelembagaan. Sebelumnya, dalam UU Nomor 5 Tahun 2014 terdapat empat kelembagaan yang disebutkan secara tegas dalam Manajemen ASN, yaitu Kementerian PAN RB, KASN, LAN, dan BKN. Setelah UU ASN baru, KASN akhirnya dibubarkan. Memang pembubaran KASN menjadi tanya besar saat itu, apalagi dilakukan pada suasana yang terasa politis, yaitu menjelang Pemilihan Presiden, Pemilihan Legislatif, hingga Pemilihan Kepala Daerah 2024. Kalau kita telusuri lebih jauh, terjadi paradoks. Di satu sisi, ide pembubaran KASN dalam UU yang baru adalah inisiatif DPR. Di sisi lain, dalam perkembangannya pemerintah ingin memperkuat keberadaan KASN. Padahal, KASN merupakan lembaga yang banyak memberikan sumbangsih terhadap pengawasan netralitas ASN, perwujudan sistem merit, pembinaan profesi ASN, dan lainnya sebagaimana amanat UU. Revisi UU ASN: Sentralisasi Mutasi, Otonomi Dipreteli Anehnya lagi, lembaga KASN tersebut bubar sebelum pesta demokrasi di Indonesia pada 2024. Publik lantas bertanya: “Apa jangan-jangan KASN bubar karena menuju Pilkada?” Sederhananya, jika lembaga pengawasan sistem merit dibubarkan, maka seharusnya yang terjadi adalah masifnya jual beli jabatan dan pelanggaran netralitas (Sofian Effendi, 2023). Salah satu kontroversi pascarevisi dalam UU Nomor 20 Tahun 2023 tentang ASN adalah dalam pasal 68 disebutkan peraturan pelaksanaan dari UU ini harus ditetapkan paling lama 6 (enam) bulan terhitung sejak UU ini diundangkan. Artinya, peraturan pelaksana dari UU ASN baru seharusnya sudah terbit sejak April 2024. Namun, pasca-1,5 tahun UU tersebut berjalan, peraturan pelaksana belum terbit. Padahal, peraturan pelaksana tersebut seharusnya menjadi peraturan teknis yang merinci aturan secara jelas terkait pengisian jabatan ASN tertentu yang berasal dari prajurit TNI dan anggota Polri. Lantas, kontroversi yang terjadi saat ini, banyaknya pejabat TNI/Polri yang mengisi jabatan ASN didasarkan atas apa jika peraturan pelaksana saja belum terbit? Artinya, mandat dari UU saja tidak jalankan dalam kurun waktu yang ditetapkan. Jika keadaanya seperti, maka yang terjadi adalah paradoks, sebenarnya regulasi berfungsi sebagai pondasi atau justifikasi keinginan semata. Tidak hanya itu. Isu lainnya juga menyangkut wacana merger Badan Kepegawaian Negara (BKN) dan Lembaga Administrasi Negara (LAN) ke dalam Kementerian Pendayagunaan Aparatur Negara dan Reformasi Birokrasi (KemenPANRB). Langkah yang diklaim sebagai upaya penyederhanaan birokrasi demi efektivitas ini justru menunjukkan gejala baru: reorganisasi kelembagaan yang tidak berdasarkan bukti (evidence-based policy), melainkan uji coba kekuasaan yang berorientasi pada ""cek ombak based policy.” Pemerintah berdalih penggabungan BKN dan LAN ke dalam Kementerian PANRB akan memperkuat koordinasi, mempercepat reformasi birokrasi, dan menghindari tumpang tindih kewenangan. Masih Adakah Otonomi Daerah? Namun, alih-alih menyederhanakan, langkah ini justru mengacaukan prinsipcheck and balancedalam tata kelola Aparatur Sipil Negara (ASN). Sebagaimana penjelasan saya dalam Rapat di Ombudsman pada 15 Mei 2025, sebenarnya pasal 26 ayat (2) huruf b jo. Pasal 70 ayat (1) dalam UU Nomor 20 Tahun 2023 tentang ASN secara tegas mengafirmasi peran LAN sebagai lembaga negara yang memiliki kewenangan merumuskan dan menetapkan kebijakan teknis serta melakukan pembinaan, penyelenggaraan, dan pengendalian pelaksanaan pengembangan kapasitas dan pembelajaran ASN. Sementara itu, Pasal 26 ayat (2) huruf c jo. Pasal 70 ayat (2) mengatur kedudukan BKN sebagai institusi negara yang mengurusi kebijakan teknis dan operasional Manajemen ASN. Dengan kata lain, secara eksplisit UU ASN telah membagi dengan cermat fungsi kelembagaan antara BKN dan LAN."
"""Penyelenggara Negara"" dalam UU BUMN Timbulkan Ketidakpastian HukumNews9 Mei 2025Pasal 3X Ayat (1) dan Pasal 9G UU BUMN yang menyebut anggota direksi, dewan komisaris, dan dewan pengawas BUMN bukan pe",9 Mei 2025,https://nasional.kompas.com/read/2025/05/09/15275551/penyelenggara-negara-dalam-uu-bumn-timbulkan-ketidakpastian-hukum,"JAKARTA, - Indonesia Corruption Watch (ICW) menilai Pasal 3X Ayat (1) dan Pasal 9G Undang-Undang Nomor 1 Tahun 2025 tentangBUMNyang menyebut anggota direksi, dewan komisaris, dan dewan pengawas BUMN bukan penyelenggara negara dapat menghadirkan ketidakpastian hukum. Sebab pasal tersebut mereduksi Undang-Undang Nomor 28 Tahun 1999 tentang Penyelenggara Negara yang Bersih dan Bebas dari Korupsi, Kolusi, dan Nepotisme. Dalam Pasal 2 angka 7 UU 28/1999 disebutkan bahwa ""penyelenggara negara"" meliputi pejabat lain yang memiliki fungsi strategis dalam kaitannya dengan penyelenggaraan negara. 212 Kasus Korupsi di Tubuh BUMN pada 2016-2023, Negara Rugi Rp 64 T Kemudian dalam penjelasan Pasal 2 angka 7 menyebutkan bahwa direksi, komisaris, dan pejabat struktural lain pada BUMN dan BUMD merupakan penyelenggara negara. ""Kontradiksi semacam ini menimbulkan ketidakpastian hukum. Sebab,UU BUMNtidak mencabut pasal-pasal yang sudah ada sebelumnya, yakni UU Keuangan Negara dan UU Penyelenggara Negara Bebas KKN,"" tulis ICW dalam keterangan tertulisnya, Jumat (9/5/2025). Adanya potensi ketidakpastian hukum itu, ICW harap Mahkamah Konstitusi (MK) mengabulkan permohonan uji materiil maupun formil terhadap UU BUMN. UU BUMN dinilai tak sesuai dengan Undang-Undang Dasar (UUD) 1945, khususnya akibat bertentangan dengan penjaminan hak konstitusional untuk mendapatkan jaminan kepastian hukum. ""Keberadaan Pasal 9G UU BUMN yang mengecualikan direksi, komisaris, dan dewan pengawas BUMN dari kategori 'penyelenggara negara' telah muncul ketidakpastian hukum karena berbenturan dengan definisi 'penyelenggara negara' pada UU Tipikor maupun UU Penyelenggara Negara Bebas KKN,"" tulis ICW. UU BUMN yang Lindungi Direksi dari Delik Korupsi Digugat ke MK Diberitakan sebelumnya, Komisi Pemberantasan Korupsi (KPK) terancam tidak lagi memiliki wewenang untuk menangkap dan memproses hukum direksi BUMN setelah Undang-Undang Nomor 1 Tahun 2025 tentang BUMN berlaku pada 24 Februari 2025. Dalam UU BUMN yang baru, terdapat dua pasal penting yang menjadi tantangan bagi KPK, yaitu Pasal 3X Ayat (1) yang berbunyi ""Organ dan pegawai Badan bukan merupakan penyelenggara negara"". Lalu, Pasal 9G yang berbunyi ""Anggota Direksi, Dewan Komisaris, dan Dewan Pengawas BUMN bukan merupakan penyelenggara negara""."
"DPR Akan Bahas Revisi UU Pemilu Tahun DepanNews8 Mei 2025Komisi II DPR-RI siap bahas revisi UU Pemilu 2017, dimulai tahun depan. Simak rencana dan isu pentingnya!",8 Mei 2025,https://nasional.kompas.com/read/2025/05/08/21255941/dpr-akan-bahas-revisi-uu-pemilu-tahun-depan,"JAKARTA,  -Komisi II DPR-RIakan membahas revisi Undang-Undang Nomor 7 Tahun 2017 tentang Pemilihan Umum (Pemilu) tahun depan. Hal ini diungkapkan anggota Komisi II DPR-RI,Muhammad Khozin, saat acara diskusi bersama Badan Pengawas Pemilu (Bawaslu) RI dan Komisi Pemilihan Umum (KPU) RI, di Media Center Bawaslu, Jakarta, Kamis (8/5/2025). ""Kalau rancangantimelineyang ada di Komisi II, kalau tidak ada aral melintang, InsyaAllah di tahun 2026 itu sudah mulai dilakukan (revisi UU Pemilu),"" ujarnya. Meski pembahasan secara formal dilakukan tahun depan, Gus Khozin menegaskan, DPR mulai melakukan pengembangan terkait apa saja yang hendak direvisi dari UU tersebut. Komisi II Usul Pembatasan Gugatan Hasil Pilkada dalam Revisi UU Pemilu Caranya dengan melakukan beragam acara rapat dengar pendapat umum,focus group discussion(FGD), dan diskusi lepas lainnya. Kemudian yang kedua, dia mencatat sejumlah isu penting yang dibagi menjadi dua klaster, yakni klaster politis dan klaster teknis. ""Yang pertama sudah banyak dikupas bagaimana sistem yang ideal di tengah kerangka teoretis dan fenomena empiris di lapangan,"" imbuh dia. Kemudian klaster teknis adalah pembahasan terkait sistem pemilu, ambang batas pencalonan presiden, hingga ambang batas parlemen. Komisi II Vs Baleg DPR Rebutan Revisi UU Pemilu, Kenapa? Selain itu, dia juga sempat menyinggung revisi UU ASN agar netralitas bisa tetap terjaga pada musim pemilu mendatang. ""Ini berkaitan dengan bagaimana memberikan imunitas kepada ASN agar dalam setiap kontestasi pemilu tidak terlibat dalam poros politik partisan,"" ucap Gus Khozin. ""Jadi kembali lagi, karena kalau di hulu sudut pandang kita dalam implementasi aturan masih kemudian bias, maka tidak bisa dipungkiri praktik di hilir akan ditemukan berbagai masalah,"" tandasnya."
"Ketua KPK: UU BUMN Kontradiktif, Direksi Tetap Penyelenggara NegaraNews7 Mei 2025Ketua KPK Setyo menilai, UU BUMN kontradiktif dengan UU Penyelenggara Negara. Ia menegaskan, direksi BUMN tetap penyele",7 Mei 2025,https://nasional.kompas.com/read/2025/05/07/20391751/ketua-kpk-uu-bumn-kontradiktif-direksi-tetap-penyelenggara-negara,"JAKARTA, - Ketua Komisi Pemberantasan Korupsi (KPK) Setyo Budiyanto mengatakan, Undang-Undang Nomor 1 Tahun 2025 tentang Badan Usaha Milik Negara (UU BUMN) yang mengatur bahwa direksi bukan merupakanpenyelenggara negara, kontradiktif dengan UU Nomor 28 Tahun 1999 tentang Penyelenggaraan Negara yang Bersih dan Bebas dari Korupsi, Kolusi, dan Nepotisme (KKN). ""Ketentuan tersebut kontradiktif dengan ruang lingkupPenyelenggara Negarayang diatur dalam Pasal 1 angka 1, Pasal 2 angka 7 beserta Penjelasannya dalam UU Nomor 28 Tahun 1999 tentang Penyelenggaraan Negara yang Bersih dan Bebas dari Korupsi, Kolusi, dan Nepotisme (KKN),"" kata Setyo dalam keterangan tertulis, Rabu (7/5/2025). Setyo mengatakan, ketentuan dalam UU BUMN membatasi kewenangan KPK dalam mengusut kasus korupsi yang terjadi di perusahaan plat merah. ""KPK memaknai ada beberapa ketentuan yang dianggap akan membatasi kewenangan KPK dalam melakukan penyelidikan, penyidikan dan penuntutan tindak pidana korupsi yang terjadi di BUMN,"" ujarnya. Ketua KPK: Beberapa Pasal dalam UU BUMN Batasi Wewenang Usut Korupsi Setyo menjelaskan, keberadaan UU Nomor 28 Tahun 1999 merupakan hukum administrasi khusus berkenaan dengan pengaturan Penyelenggara Negara, yang memang bertujuan untuk mengurangi adanya KKN. Karenanya, kata dia, sangat beralasan jika dalam konteks penegakan hukum tindak pidana korupsi berkenaan dengan ketentuan Penyelenggara Negara. ""KPK berpedoman pada UU Nomor 28 Tahun 1999,"" tuturnya. Di sisi lain, Setyo mengatakan, penjelasan Pasal 9G UU Nomor 1 Tahun 2025 dapat dimaknai bahwa direksi dan komisaris BUMN masih berstatus penyelenggara negera. Penjelasan Pasal 9G UU Nomor 1 Tahun 2025 berbunyi ""Tidak dimaknai bahwa bukan merupakan penyelenggara negara yang menjadi pengurus BUMN statusnya sebagai penyelenggara negara akan hilang."" Dengan demikian, KPK berkesimpulan bahwa Anggota Direksi/Dewan Komisaris/Dewan Pengawas BUMN tetap merupakan Penyelenggara Negara sesuai UU Nomor 28 Tahun 1999. UU BUMN Batasi Ruang Gerak KPK, Anggota DPR: Gugat ke MK kalau Tidak Cocok ""Sebagai Penyelenggara Negara, maka Direksi/Komisaris/Pengawas BUMN tetap memiliki kewajiban untuk melaporkan Laporan Harta Kekayaan Penyelenggara Negara (LHKPN) dan penerimaan gratifikasi,"" kata dia. Di sisi lain, Setyo juga menyoroti Pasal 4B UU Nomor 1 tahun 2025 berkenaan dengan Kerugian BUMN bukan Kerugian Keuangan Negara, serta Pasal 4 ayat (5) berkenaan dengan modal negara pada BUMN merupakan kekayaan BUMN. Dia menerangkan putusan Mahkamah Konstitusi (MK) nomor: 48/PUU-XI/2013 dan 62/PUU-XI/2013 yang kemudian dikuatkan dengan putusan nomor: 59/PUU-XVI/2018 dan 26/PUU-XIX/ 2021 yang menjadi acuan dan telah menjadi akhir dari polemik kekayaan negara yang dipisahkan. MK menyatakan konstitusionalitas keuangan negara yang dipisahkan tetap merupakan bagian dari keuangan negara, termasuk dalam hal ini BUMN yang merupakan derivasi penguasaan negara, sehingga segala pengaturan di bawah UUD tidak boleh menyimpang dari tafsir konstitusi MK. ""Dengan demikian, KPK menyimpulkan bahwa kerugian BUMN merupakan kerugian keuangan negara yang dapat dibebankan pertanggungjawabannya secara pidana (TPK) kepada Direksi/Komisaris/Pengawas BUMN,"" kata dia."
"Erick Thohir: Korupsi Tetap Dipenjara, UU BUMN Bukan PenghalangMoney6 Mei 2025UU BUMN baru dinilai lemah jerat koruptor, Erick Thohir tegaskan pelaku tetap bisa dipenjara.",6 Mei 2025,https://money.kompas.com/read/2025/05/06/063143326/erick-thohir-korupsi-tetap-dipenjara-uu-bumn-bukan-penghalang,"JAKARTA, - Menteri BUMNErick Thohirmenegaskan bahwa pelaku korupsi di lingkungan BUMN tetap akan diproses hukum, meskipun Undang-Undang BUMN yang baru menyebut direksi dan komisaris bukan penyelenggara negara. Menurutnya, aturan tersebut tak menghalangi penindakan terhadap tindak pidana korupsi. ""Enggak usah ditanya, kalau kasus korupsi mah ya tetap aja di penjara,"" ujar Erick Thohir saat ditemui di Kantor Kementerian BUMN,Jakarta, Senin (5/5/2025). ""Kalau korupsi, ya korupsi. Enggak ada hubungan dengan penyelenggara negara atau tidak penyelenggara negara. Itu kan jelas,"" lanjutnya. UU BUMN Baru Tak Bisa Jerat Koruptor, Erick Thohir Angkat Bicara Erick menyebut Kementerian BUMN kini lebih aktif berkoordinasi dengan KPK dan Kejaksaan Agung, terutama dalam mendefinisikan kerugian negara maupun korporasi. Ini berkaitan dengan peran pengawasan dan investigasi yang kini menjadi bagian dari tugas Kementerian BUMN. ""Apalagi kan sekarang Kementerian BUMN salah satu tugasnya itu pengawasan dan investigasi juga, jadi sama-sama mirip,"" kata Erick. Prabowo Teken UU BUMN dan Aturan Investasi Danantara Ia juga menjelaskan bahwa struktur organisasi kementeriannya akan mengalami penyesuaian, salah satunya penambahan deputi yang fokus pada pemberantasan korupsi. ""Makanya kita sama KPK, Kejaksaan, siapa tahu kita akan menarik individu dari mereka untuk duduk di bawah kementerian,"" ujarnya. Sebelumnya, KPK menyatakan akan mengkaji dampak Pasal 9G dalamUU BUMNyang menyebut direksi dan komisaris bukan penyelenggara negara. Juru Bicara KPK, Tessa Mahardhika Sugiarto, menyebut pentingnya kajian ini karena berkaitan dengan kewenangan lembaganya dalam mengusut korupsi di BUMN. Soal UU BUMN Bikin Danantara Seolah Kebal Hukum, Wamen Tiko Pilih Irit Bicara"
Pakar Pidana Bingung UU BUMN Rontokkan Konsep “Penyelenggara Negara”News5 Mei 2025Profesor dari Unsoed mengungkapkan kebingungannya terkait UU BUMN yang dinilai merugikan pemberantasan korupsi.,5 Mei 2025,https://nasional.kompas.com/read/2025/05/05/18034191/pakar-pidana-bingung-uu-bumn-rontokkan-konsep-penyelenggara-negara,"JAKARTA, - Guru Besar Fakultas Hukum Universitas Jenderal Soedirman (Unsoed)Hibnu Nugrohomengaku bingung dengan arah politik hukum Undang-Undang Badan Usaha Milik Negara (UU BUMN) yang baru. Dalam undang-undang itu, jajaran direksi, organ, dan pegawai badan perusahaan BUMN disebut bukan merupakanpenyelenggara negara. Pernyataan itu disampaikan Hibnu saat dihadirkan sebagai ahli pidana dalam sidang dugaan permufakatan jahat dan gratifikasi yang menjerat eks pejabat Mahkamah Agung (MA) Zarof Ricar dan advokat Lisa Rachmat. KPK Bakal Kaji Dampak UU BUMN Baru soal Direksi Bukan Penyelenggara Negara Pada persidangan itu, pengacara Lisa, Arteria Dahlan, mencecar Hibnu terkait kekurangan Undang-Undang Pemberantasan Tindak PidanaKorupsiyang belum menyentuh perbuatan rasuah di sektor swasta. “Ini saya juga bingung, politik hukumnya (UU BUMN) ke mana,” kata Hibnu di Pengadilan Tipikor Jakarta Pusat, Senin (5/5/2025). Hibnu menuturkan, dalam waktu ke depan, pemberantasankorupsimungkin bakal menindak perbuatan culas di sektor swasta. Temui Pimpinan KPK, Erick Thohir Bahas Revisi UU BUMN dan Danantara Namun pada saat yang bersamaan, dia juga merasa heran dengan ketentuan dalam UU BUMN yang justru dinilai bergerak mundur. UU BUMN yang dibahas secara kilat di DPR beberapa waktu lalu merontokkan konsepsi mengenai siapa penyelenggara negara yang diatur dalam Undang-Undang Nomor 28 Tahun 1999 tentang Penyelenggaraan Negara yang Bersih dan Bebas dari Korupsi, Kolusi, dan Nepotisme (KKN). “Siapa itu penyelenggara negara? Rontok kembali, bukan bagian penyelenggara negara,” tutur Hibnu. DPR Resmi Sahkan Revisi UU BUMN Jadi Undang-undang Menurut Hibnu, ketentuan pada UU BUMN tersebut membuatKPKtidak berwenang menindak korupsi yang dilakukan para direksi BUMN. Pihak yang masih berwenang menindak mereka hanya jaksa dan polisi. “Tapi enggak inheren dengan undang-undang (anti-KKN) siapa itu penyelenggara negara?” tutur Hibnu. Sebagai informasi, UU BUMN saat ini tengah menjadi sorotan karena membuat KPK tidak bisa menangkap pimpinan perusahaan pelat merah. Pasal 3X Ayat (1) UU itu menyatakan, ""Organ dan pegawai Badan bukan merupakan penyelenggara negara"". Kemudian, Pasal 9G berbunyi, ""Anggota Direksi, Dewan Komisaris, dan Dewan Pengawas BUMN bukan merupakan penyelenggara negara"". Sementara itu, UU KPK mengatur bahwa subyek hukum yang ditindak dalam korupsi adalah penyelenggara negara."
Dampak UU Agraria 1870 bagi Perekonomian di Hindia BelandaStori5 Mei 2025Pemberlakuan UU Agraria 1870 di wilayah Hindia Belanda berdampak pada tumbuhnya perekonomian dengan masuknya modal swasta.,5 Mei 2025,https://www.kompas.com/stori/read/2025/05/05/170000979/dampak-uu-agraria-1870-bagi-perekonomian-di-hindia-belanda,"-UU Agraria 1870atau disebutAgrarische Wetmerupakan kebijakan pemerintah kolonial Hindia Belanda untuk memberi kesempatan masuknya modal swasta di wilayah jajahan kompeni. Keluarnya kebijakan ini mengakhiri masa Tanam Paksa yang berlangsung selama 1830-1870. Kaum liberal mengkritik kebijakan Tanam Paksa karena hanya menganggap individu sebagai pihak pasif yang diperas tenaganya untuk kepentingan pemerintah. Pemberlakuan UU Agraria 1870 mengurangi secara signifikan kontrol pemerintah terhadap perekonomian tanah jajahan. Kewajiban penduduk menanam tanaman komoditas, seperti kopi, indigo, dan teh, juga dihapus. Dampak Sistem Usaha Swasta Belanda Sejak UU Agraria 1870 diterapkan, Hindia Belanda memasuki periode liberal. Perusahaan perkebunan swasta diberikan kemudahan oleh pemerintah menanamkan modalnya dengan menggunakan hakErfpacht. Hak ini mengizinkan mereka memakai tanah orang lain dengan membayar sewa tiap-tap tahun kepada pemilik tanah dalam bentuk uang maupun penghasilan. Perkebunan dan pertanian besar dapat mengantongi izin sewa maksimal 75 tahun dengan batas luas tanah 500 bahu. Siapa Tokoh yang Mengeluarkan Undang-Undang Agraria 1870? Perkebunan dan pertanian kecil diperuntukkan bagi orang Eropa dengan modal kecil dan organisasi badan hukum di Hindia Belanda. Mereka diberi masa sewa maksimal 25 tahun. Batas luas tanah untuk perorangan 25 bahu, sementara badan hukum 500 bahu. Wujud dari diimplentasikannya Undang-Undang Agraria tampak dengan berdirinya pabrik gula-pabrik gula, terutama di wilayah Jawa Tengah dan Jawa Timur. Pada 1910-an, sudah ada sekitar 200 pabrik gula yang berdiri di pedalaman pulau Jawa Tengah dan Jawa Timur. Pabrik-pabrik ini dikelola oleh pihak swasta yang menjalankan bisnis di Hindia Belanda. Latar Belakang Dihapuskannya Sistem Tanam Paksa Selain kehadiran perusahaan swasta, kondisi yang berkembang kemudian memengaruhi dibangunnya sejumlah infrastruktur pendukung. Transportasi menjadi bidang yang mengalami kemajuan karena kelancaran distribusi barang sangat tergantung pada fasilitas tersebut. Contoh yang segera terlihat adalah pembukaan jalur kereta api di Jawa tahun 1867. Dalam kasus ini, pemerintah juga memberikan kepercayaan pada pihak swasta untuk menyempurnakan transportasi di Hindia Belanda. Perkebunan Tembakau di Deli Inspirasi Kereta Api Sumatra Bersama perusahaan kereta api negara, State Railway (SS), perusahaan kereta api swasta Nederlandsch Indische Spoorweg (NIS) terlibat dalam perintisan jalur-jalur kereta wilayah Jawa bagian timur dan tengah, termasuk di daerah Vorstenlanden untuk mengangkut gula hasil perkebunan tebu. Industri gula di Hindia Belanda sempat mengalami kejatuhan harga akibat hama gula menghantam Cirebon pada 1882, ditambah banjir gula bit di pasar Eropa yang berimbas pada depresi ekonomi. Namun, industri ini terkerek kembali setelah dihasilkannya tebu penolak hama. Sepanjang 1885 hingga 1900, produksi gula menunjukkan peningkatannya. Terdapat peningkatan nilai ekspor swasta hingga mencapai sepuluh kali lipat pada tahun 1885 dibandingkan dari ekspor pemerintah."
"Dorongan Revisi UU Penyelenggaraan Haji, Usai Visa Furoda Gagal TerbitNews3 Juni 2025HNW mengungkap ada sekitar 2.000 calon jemaah gagal berangkat ke Tanah Suci akibat tidak terbitnya visa haji furoda",3 Juni 2025,https://nasional.kompas.com/read/2025/06/03/07251071/dorongan-revisi-uu-penyelenggaraan-haji-usai-visa-furoda-gagal-terbit,"JAKARTA, - Wakil Ketua MPR Fraksi Partai Keadilan Sejahtera (PKS) Hidayat Nur Wahid (HNW) mengungkap, ada sekitar 2.000 calohjemaah hajiyang gagal berangkat lewat jalur furoda. Mereka gagal berangkat ke Tanah Suci akibat tidak terbitnyavisa hajifuroda dari pemerintah Arab Saudi. ""Ada sekitar 2.000-an ya yang sudah mendaftar untuk furoda dan ternyata visanya tidak keluar. Jadi tentu jumlah yang sangat besar gitu,” ujar HNW saat dihubungi, Senin (2/6/2026). Haji Furoda Perlu Ditata Ulang, Agar Masyarakat dan Penyelenggara Tak Jadi Korban Ia pun menggarisbawahi pihak travel yang masih mengiming-imingi bahwavisa haji furodamasih dapat terbit. Padahal, Kementerian Agama (Kemenag) dan Asosiasi Muslim Penyelenggara Haji dan Umrah Republik Indonesia (Amphuri) sudah mengkonfirmasi bahwavisa haji furoda tidak keluarsejak sejak 26 Mei 2025. ""Seharusnya memang tidak ada travel yang mengiming-imingi jemaah bahwa masih akan keluar visa furoda, sehingga banyak jemaah yang dalam tanda kutip dikecewakan karena ternyata memang tidak keluar,"" ujar HNW. Visa Haji Furoda Tidak Terbit, Kerugian Ditaksir Capai Ratusan Miliar Adapun anggota Komisi VIII DPR yang juga Panitia Pengawas (Panwas) Haji, Abdul Fikri Faqih mendorong adanya revisi Undang-Undang Nomor 8 Tahun 2019 tentang Penyelenggaraan Haji dan Umrah untuk mengatur ihwal haji mandiri. Ungkapnya, haji furoda untuk saat ini belumlah memiliki landasan hukum yang kuat di Indonesia. ""Seiring dengan itu, Panitia Kerja revisi Undang-Undang Nomor 8 Tahun 2019 tentang Penyelenggaraan Haji dan Umrah Komisi VIII DPR RI sedang membahas untuk membuka opsi haji dan umrah mandiri agar dilindungi oleh UU,"" ujar Fikri lewat keterangan tertulisnya, Jumat (30/5/2025). Penormaan haji mandiri dalam UU Penyelenggaraan Haji dan Umrah dinilai penting, mengingat Kerajaan Arab Saudi juga terbuka dengan pihak-pihak yang ingin melakukan haji dan umrah secara mandiri. ""Begitupun haji yang selama ini dikenal dengan nama haji furoda, KSA juga menerbitkan visa khusus. Dan selama ini belum diatur dalam UU yang ada di Indonesia,"" ujar Fikri. HNW: Pengumuman Visa Haji Furoda Harusnya Disampaikan Lebih Awal Sementara itu, Menteri Agama (Menag) Nasaruddin Umar menjelaskan, wewenang mengeluarkan visa haji furoda sepenuhnya ada pada Pemerintah Arab Saudi. Tahun ini, penerbitan visa haji furoda atau perorangan pun ternyata sulit keluar. ""Iya, kami lagi menunggu (keputusan) Saudi. Itu kan di luar kewenangan kami,"" kata Nasaruddin di Kantor Kemenag, Jakarta Pusat, Kamis (29/5/2025). Saat ini, Kemenag masih terus membangun komunikasi dengan otoritas Arab Saudi agar visa haji furoda bisa terbit. ""Sebagian sudah ada, tapi masih ada daftar tunggunya, belum keluar. Nah, yang mengeluarkan visa kan di sana ya (Pemerintah Arab Saudi),"" tuturnya."
"Usulan Usia Pensiun ASN Diperpanjang Tak Masuk Revisi UU ASNNews26 Mei 2025Korpri mengusulkan agar usia pensiun ASN eselon III dan IV menjadi 60 tahun, eselon II menjadi 62 tahun, dan jabatan fungsion",26 Mei 2025,https://nasional.kompas.com/read/2025/05/26/17565181/usulan-usia-pensiun-asn-diperpanjang-tak-masuk-revisi-uu-asn,"JAKARTA, - AnggotaKomisi IIDPR Muhammad Khozin mengungkapkan, perpanjangan usia pensiun aparatur sipil negara (ASN) tidaklah masuk dalam poin revisi Undang-Undang Nomor 20 Tahun 2023 tentang ASN. Namun, Komisi II tetap membuka pintu aspirasi ihwal usulan Korps Pegawai Republik Indonesia (Korpri) tersebut. ""Soal batasusia pensiun ASNdiatur di Pasal 55 UU Nomor 20 Tahun 2023 tentang ASN. Apakah poin itu akan masuk bagian dalam rencana perubahan UU ASN, sejauh ini tidak masuk agenda perubahan,"" ujar Khozin lewat keterangan tertulisnya, Senin (26/5/2025). Istana Respons Usulan Usia Pensiun ASN Diperpanjang hingga 70 Tahun Ia sendiri membandingkan usia pensiun ASN di Indonesia dengan negara lain seperti Australia, Belanda, Denmark, dan Italia. Di empat negara tersebut, usia pensiun ASN-nya adalah 67 tahun. Jika usulan usia pensiun ASN di Indonesia menjadi maksimal 70 tahun, itu akan menjadikannya negara dengan usia pensiun paling tua di dunia. ""Jika skenario masa pensiun ASN hingga 70 tahun, maka Indonesia menjadi negara paling tua usia pensiun ASN. Ini harus dikaji secara matang,"" ujar Khozin. Korpri sendiri mengusulkan agar usia pensiun ASN eselon III dan IV menjadi 60 tahun, eselon II menjadi 62 tahun, dan jabatan fungsional utama menjadi 70 tahun. Namun, ia menegaskan bahwa usulan tersebut haruslah dikaji secara matang terlebih dahulu. Sebab beberapa hal harus diperhatikan, seperti kemampuan negara, faktor ekonomi nasional, hingga dampaknya jikausia pensiun ASN diperpanjang. ""Usulan ini akan berdampak pada keuangan negara. Termasuk dikaji dari sisi dampak penerapan perpanjangan usia ASN bagi produktivitas dan regenerasi di lingkungan ASN,"" ujar Khozin. Ketua DPR Minta Usulan Usia Pensiun ASN 70 Tahun Dikaji Ulang Usia pensiun ASNsendiri diatur dalam Undang-Undang Nomor 20 Tahun 2023 tentang ASN. Tetapnya dalam Pasal 55 UU ASN. Dalam Pasal 55, jabatan pegawai ASN terbagi dua, yakni jabatan manajerial dan jabatan nonmanajerial. Untuk jabatan manajerial yang diatur dalam Pasal 55a, usia pensiun untuk pejabat pimpinan tinggi utama, pejabat pimpinan tinggi madya, dan pejabat pimpinan tinggi pratama adalah 60 tahun. Pimpinan Baleg: Penambahan Batas Pensiun ASN Bisa Berkonsekuensi Panjang Sedangkan untuk pejabat administrator dan pejabat pengawas adalah 58 tahun. Kemudian untuk jabatan nonmanajerial diatur dalam Pasal 55b UU ASN, di mana usia pensiun untuk pejabat pelaksana adalah 58 tahun."
"KPK Diminta Kesampingkan Status Penyelenggara Negara dalam UU BUMNNews8 Mei 2025M Praswad Nugraha menyebut, aturan di dalam UU BUMN soal direksi bukan penyelenggara negara harus dikesampingkan dan tid",8 Mei 2025,https://nasional.kompas.com/read/2025/05/08/14450071/kpk-diminta-kesampingkan-status-penyelenggara-negara-dalam-uu-bumn,"JAKARTA, - Chairman Southeast Asia Anti Corruption Syndicate (SEA Action) M Praswad Nugraha mengatakan, Undang-Undang Nomor 1 Tahun 2025 tentang Badan Usaha Milik Negara (UU BUMN) yang mengatur status direksi bukan merupakanpenyelenggara negara, tidak berlaku bagi tugas Komisi PemberantasanKorupsi(KPK). Sebab, kata Praswad, kewenangan KPK bersifat lex spesialis yang di atur di dalam Undang-Undang Nomor 30 Tahun 2002 jo Undang-Undang 19 Tahun 2019 tentang Komisi Pemberantasan Korupsi, yang secara asas dan prinsip pengaturan tentang pelaksanaan tugas KPK tidak boleh di atur di dalam UU lain. ""Sampai saat ini tidak ada perubahan di dalam UU 30 Tahun 2002 jo UU 19 Tahun 2019 yang mengatur KPK tidak bisa lagi menangani perkara terkait dengan penyelenggara negara, sehingga aturan di dalam UU BUMN harus dikesampingkan dan tidak berlaku bagi KPK,"" kata Praswad, dalam keterangan tertulis, Kamis (8/5/2025). Cerita Staf Hasto Kristiyanto Ditipu Penyidik KPK, 3 Ponsel Disita Praswad mengatakan, definisi penyelenggara negara juga secara lex spesialis di atur di dalam Pasal 2 UU Nomor 28 Tahun 1999 tentangPenyelenggara Negarayang Bersih dan Bebas dari Korupsi, Kolusi, dan Nepotisme. Dia mengatakan, tidak adanya perubahan apapun di dalam undang-undang tersebut dan sampai saat ini masih berlaku secara lex spesialis. ""Justru menjadi pertanyaan adalah apa yang menjadi dasar fundamental atau Memory Van Toelichtingnya UU BUMN tiba-tiba bisa mengatur tentang proses penegakan hukum,"" ujar dia. Praswad mengatakan, penguatan tata kelola BUMN sebagai entitas bisnis negara dan pemberantasankorupsitidak dapat dipisahkan. Karenanya, ia menilai, suatu kesalahan apabila hal tersebut dipisahkan melalui penghindaran dengan pencantuman pasal yang menjauhan BUMN dari intervensi KPK, untuk menjaga integritas bisnis negara. KPK Periksa Eks Bupati Cirebon di Kasus GM Hyundai Engineering Construction ""Padahal, faktor utama yang menjamin agar bisnis negara tetap menguntungkan adalah apabila pengelolaannya bersih dari korupsi,"" tutur dia. Berdasarkan hal tersebut, eks penyidik KPK ini mengatakan, lembaga antirasuah tidak wajib melaksanakan UU yang mengatur tentang bisnis korporasi. ""Jangan sampai perubahan legislasi ini menjadi sarana memperlemah posisi KPK dalam mendorong integritas bisnis,"" ucap dia. Sebagai informasi, UU BUMN saat ini tengah menjadi sorotan karena membuat KPK tidak bisa menangkap pimpinan perusahaan pelat merah. Pasal 3X Ayat (1) UU itu menyatakan, ""Organ dan pegawai Badan bukan merupakan penyelenggara negara"". KPK Peringatkan 2 Anggota DPR Kooperatif Jadi Saksi Korupsi Dana CSR BI Kemudian, Pasal 9G berbunyi, ""Anggota Direksi, Dewan Komisaris, dan Dewan Pengawas BUMN bukan merupakan penyelenggara negara"". Sementara itu, UU KPK mengatur bahwa subyek hukum yang ditindak dalam korupsi adalah penyelenggara negara."
Kemendikdasmen Sarankan Program Wajib Belajar 13 Tahun Masuk UU SisdiknasEdukasi7 Mei 2025Pemerintah mengusulkan agar program wajib belajar 13 tahun masuk Revisi Undang-Undang (RUU) Sistem Pendidikan ,7 Mei 2025,https://www.kompas.com/edu/read/2025/05/07/072500871/kemendikdasmen-sarankan-program-wajib-belajar-13-tahun-masuk-uu-sisdiknas,"- Pemerintah mengusulkan agar programwajib belajar 13 tahunmasuk Revisi Undang-Undang (RUU) Sistem Pendidikan Nasional (Sisdiknas). Hal itu diungkapkan oleh Dirjen PAUD, Pendidikan Dasar, Pendidikan MenengahKemendikdasmenGogot Suharwoto saat Rapat Dengar Pendapat Panitia Kerja (Panja) Komisi X DPR, Selasa (6/5/2025). ""Secara khusus rekomendasi kami terkait dengan RUU Sisdiknas tentang PAUD. Jadi,PAUDperlu menjadi jenjang tersendiri,"" kata Gogot. Gogot menjelaskan, penyesuaian regulasi yang memungkinkan wajib belajar 1 tahun prasekolah perlu menjadi bagian dalam pembahasan RUU Sisdiknas. Cerita Vicky Jadi Guru PAUD di Jerman, Gaji Rp 60 Juta Per Bulan Sebab, menurut Gogot, ketentuan soal wajib belajar 1 tahun prasekolah belum diatur dalamUU Sisdiknas2003, meski sudah masuk dalam RPJP dan Undang-Undang (UU) Nomor 59 Tahun 2024. “Di rancangan perpres tentang peta jalan pendidikan, wajar 1 tahun pra-SD itu sudah masuk juga sebagai strategi kebijakan perluasan akses 1 tahun ke layanan PAUD berkualitas,"" ujarnya. Gogot juga mengatakan, selama ini PAUD terdiri dari berbagai satuan, yakni kelompok bermain (KB), satuan PAUD sejenis (SPS), dan TPA. Padahal, menurut Gogot, setiap satuan tersebut bisa disatukan menjadi lembaga PAUD terpadu yang juga mencakup layanan taman kanak-kanak (TK). Gogot melanjutkan, penggabungan bisa membuat anak-anak yang sudah menempuh pendidikan KB bisa langsung melanjutkan jenjang belajarnya ke TK. Dia menambahkan, langkah ini juga bisa membuat jumlah anak usia 5-6 tahun yang menjalankan pendidikan prasekolah berkualitas. ""Setiap anak usia 5-6 tahun mendapatkan akses PAUD berkualitas, selaras dengan revisi Undang-Undang Sisdiknas atau pendidikan universal bagi anak usia 5-6 tahun,"" ungkapnya. 40.000 PAUD-SMA/SMK Siap Laksanakan Pembelajaran Koding dan AI di Tahun Ajaran Baru Kendati demikian, Gogot juga menyoroti belum semua masyarakat miskin bisa mendapatkan akses menyekolahkan anaknya di PAUD. Dari total 40 persen masyarakat miskin baru sekitar 20 persen yang bisa mengakses PAUD. ""Secara akses ini yang akan kami siapkan satgas khusus bahwa 40 persen keluarga termiskin baru 20 persen yang terakomodir,"" kata Gogot. Selain itu, Gogot juga mencatat saat ini masih ada sekitar 17.803 atau 21 persen desa belum memiliki PAUD. Saat ini, tambah Gogot, jumlah PAUD negeri masih terbilang sedikit dan masih didominasi oleh PAUD swasta. Aturan Baru, Guru PAUD-SMA Wajib Belajar Sehari dalam Seminggu Jika dipersentasekan, kata Gogot, jumlahsekolahPAUD swasta mencapai 97 persen sementara sekolah negeri hanya 3 persen dan ditargerkan meningkat pada tahun 2030. ""Diusulkan porsi ideal adalah 10 persen pada 2030,"" pungkas Gogot."
ICW Sebut UU BUMN Dapat Jadi Pintu Masuk Kejahatan SempurnaNews6 Mei 2025ICW menilai UU BUMN yang baru dapat enjadi pintu masuk korupsi di BUMN karena direksi dan komisaris BUMN tak bisa ditangkap KPK,6 Mei 2025,https://nasional.kompas.com/read/2025/05/06/12471671/icw-sebut-uu-bumn-dapat-jadi-pintu-masuk-kejahatan-sempurna,"JAKARTA, - Indonesia Corruption Watch (ICW) menilai Undang-Undang Nomor 1 Tahun 2025 tentang Badan Usaha Milik Negara (UU BUMN) dapat menjadi pintu masuk terjadinya kasus korupsi di perusahaan-perusahaan pelat merah. Peneliti ICW Yassar Aulia beralasan, UU BUMN mengatur bahwa direksi dan komisaris BUMN bukanlah penyelenggara negara sehingga mempersulit para penyidik untuk menindak kasus korupsi. ""Kami menyebutnya ada potensi besar bahwa undang-undang ini menjadi pintu masuk, dalam tanda kutip, kejahatan sempurna korupsi di BUMN, karena pertama, pintu masuk penyidik untuk menindak kasus korupsi di BUMN menjadi sangat sulit karena jajaran pimpinan BUMN tidak lagi dianggap sebagai penyelenggara negara,"" kata Yassar saat dihubungi, Selasa (6/5/2025). Yassar mengatakan, penyidik semakin sulit menindak kasus korupsi di BUMN mengingat Undang-Undang tentang Tindak Pidana Korupsi (Tipikor) belum mengadopsi regulasi suap di sektor swasta. Mengapa KPK Terancam Tak Dapat Tangkap Direksi BUMN? Di sisi lain, UU baru ini memisahkan kerugian BUMN dari definisi kerugian negara sehingga tak lagi relevan dengan UU Tipikor. ""Jadi, baik dari konteks suap maupun korupsi dengan kerugian negara, penyidik akan sulit untuk masuk dan menindak di tubuh BUMN,"" ujarnya. Lebih lanjut, Yassar mengatakan, saat ini ICW masih dalam tahap kajian bersama kelompok masyarakat sipil lainnya untuk mempertimbangkan bakal mengajukan judicial review atau uji materiil UU BUMN tersebut ke Mahkamah Konstitusi (MK). ""Belum ada rencana konkret, tetapi kami menemukan beberapa kesimpulan bahwa memang banyak substansi UU BUMN memiliki masalah yang konstitusional, utamanya terhadap upaya pemberantasan korupsi di Indonesia,"" ucap dia. Erick Thohir: Korupsi Tetap Dipenjara, UU BUMN Bukan Penghalang Sebagai informasi, UU BUMN saat ini tengah menjadi sorotan karena membuat KPK tidak bisa menangkap pimpinan perusahaan pelat merah. Pasal 3X Ayat (1) UU itu menyatakan, ""Organ dan pegawai Badan bukan merupakan penyelenggara negara."" Kemudian, Pasal 9G berbunyi, ""Anggota Direksi, Dewan Komisaris, dan Dewan Pengawas BUMN bukan merupakan penyelenggara negara."" Sementara itu, UU KPK mengatur bahwa subyek hukum yang ditindak dalam korupsi adalah penyelenggara negara. Menanggapi polemik ini, KPK mengaku akan mengkaji penerapan aturan pada UU BUMN tersebut. ""Tentunya dengan adanya aturan yang baru perlu ada kajian baik itu dari Biro Hukum maupun dari Kedeputian Penindakan untuk melihat sampai sejauh mana aturan ini akan berdampak terhadap penegakan hukum yang bisa dilakukan di KPK,"" kata Juru Bicara Tessa Mahardhika Sugiarto di Gedung Merah Putih, Jakarta, Jumat (2/5/2025). Tessa mengatakan, KPK akan mengkaji sejauh mana perubahan aturan tersebut berdampak terhadap kewenangan KPK dalam menangani kasus-kasus korupsi yang melibatkan direksi BUMN. ""Kalau memang saat ini bukan merupakan penyelenggara negara yang bisa ditangani oleh KPK, ya tentu KPK tidak bisa menangani,"" ujarnya."
"Ormas Berlagak Jadi Aparat Negara: Saatnya Revisi UU OrmasNews6 Mei 2025Ada ormas yang berlagak sebagai pemegang otoritas negara, menciptakan ketidakpastian hukum, menyuburkan iklim investasi yang kor",6 Mei 2025,https://nasional.kompas.com/read/2025/05/06/06000081/ormas-berlagak-jadi-aparat-negara--saatnya-revisi-uu-ormas,"VIRALdi media sosial video yang memperlihatkan aksi penyegelan pabrik milik PT Bumi Asri Pasaman (BAP) oleh organisasi masyarakat (Ormas) Gerakan Rakyat Indonesia Bersatu (GRIB) Jaya Kalimantan Tengah. Kejadian ini berlangsung di Barito Selatan, Kalimantan Tengah, pada Sabtu, 26 April 2025. Dalam video tersebut, terpampang spanduk besar bertuliskan: ""Pabrik dan gudang ini dihentikan operasionalnya oleh DPD GRIB Jaya Kalteng."" Kalimat ini bukan sekadar pernyataan biasa. Jika kita bedah secara yuridis, frasa “dihentikan operasionalnya” menyiratkan klaim kewenangan resmi dan berdasarkan pada undang-undang, serta seolah-seolah sedang menjalankan fungsi negara. Artinya memperjelas bahwa Ormas ini sedang berlagak sebagai pemegang otoritas negara. Aksi ini merupakan alarm keras bagi demokrasi dan penegakan hukum di Indonesia. Negara memiliki struktur kelembagaan yang jelas. Penegakan hukum, termasuk penghentian kegiatan usaha, hanya bisa dilakukan oleh instansi berwenang berdasarkan prosedur hukum, bukan oleh Ormas yang berlindung di balik kekuatan massa, oknum elite, atau klaim moral. Bayangkan jika pengusaha atau UMKM di berbagai daerah harus menghadapi Ormas semacam ini, yang kapan saja bisa mendatangi pabrik, membawa spanduk, menyegel lokasi, dan menghentikan aktivitas ekonomi hanya dengan dasar persepsi atau kepentingan mereka. Bukan hanya menciptakan ketidakpastian hukum, tetapi juga menyuburkan iklim investasi yang korosif dan berbahaya. Ormas Rasa Preman: Perlunya Tindakan Tegas Negara yang Humanis Investor akan berpikir dua kali sebelum menanamkan modalnya jika harus menghadapi Pseudo Aktor Politik yang bertindak semaunya tanpa kredibilitas. Bagi bangsa Indonesia, Ormas memiliki peran fundamental sebagai kanal artikulasi kepentingan rakyat, pengorganisasi kesadaran kolektif, dan penggerak perubahan sosial. Dalam rentang sejarah menuju kemerdekaan pada 17 Agustus 1945, tak terbantahkan bahwa organisasi masyarakat menjadi penopang utama perjuangan melawan kolonialisme. Merekalah yang membangkitkan semangat kebangsaan, menyatukan keragaman identitas, serta memperjuangkan nasib bangsa melalui strategi yang tak melulu mengangkat senjata, tetapi strategi pemberdayaan masyarakat lewat pendidikan, budaya agama, hingga penguatan moral kolektif. Meski demikian, di era orde baru, kontrol negara atas Omas menjadi penghambat bagi pertumbuhan Ormas secara bebas. Bahkan, negara secara ketat mengontrol ideologi Ormas sebagaimana negara mengatur partai politik. Undang-Undang Nomor 8 Tahun 1985 tentang Ormas, secara eksplisit menunjukkan dominasi yang sangat kuat dari negara atas Ormas. Namun, seiring dengan runtuhnya Orde Baru pada 1998, gelombang reformasi membawa angin segar bagi kebebasan sipil. Larangan-larangan yang sebelumnya membelenggu kehidupan berorganisasi runtuh satu per satu. Kebebasan berserikat, berkumpul, dan mengeluarkan pendapat yang dijamin dalam Konstitusi kembali mendapat ruang aktualisasi. Ormas-ormasdan Lembaga Swadaya Masyarakat (LSM) tumbuh menjamur, bak “jamur di musim hujan”. Dari skala nasional hingga lokal, dari bidang lingkungan, pemberdayaan perempuan, antikorupsi, hingga keagamaan dan kebudayaan, semua berlomba-lomba mengisi ruang publik yang selama ini dimonopoli oleh negara. Fenomena ini di satu sisi menunjukkan adanya kesadaran warga negara untuk terlibat dalam kehidupan sosial dan politik secara lebih aktif. Masyarakat menemukan kembali suaranya. Namun di sisi lain, euforia kebebasan ini sering kali berujung pada kekacauan makna. Premanisme Bersenjata di Kemang: Krisis Keamanan Ruang Publik"
"Wamendagri Pastikan Revisi UU Pemilu Tak Gunakan Omnibus LawNews19 Mei 2025Bima Arya menegaskan bahwa revisi UU Pemilu akan dilakukan dengan kodifikasi, bukan omnibus law.",19 Mei 2025,https://nasional.kompas.com/read/2025/05/19/20170861/wamendagri-pastikan-revisi-uu-pemilu-tak-gunakan-omnibus-law,"JAKARTA, - Wakil Menteri Dalam Negeri (Wamendagri)Bima Aryamemastikan revisi Undang-Undang Pemilu tidak akan menggunakan metodeomnibus law, melainkan kodifikasi. Bima menyebutkan, hal itu diatur lewat Undang-Undang Nomor 59 Nomor 2024 tentang Rancangan Pembangunan Jangka Panjang Nasional (RPJPN) yang mengamanatkan kodifikasi UU Pemilu dan UU Pilkada. ""Itu jelas, kita menempuh sistem kodifikasi politik bukan omnibus law.Omnibus lawitu undang-undangnya masih ada, dikumpulkan, diubah dikit-dikit, cepat. (Sedangkan) amanat dari undang-undang adalah kodifikasi,"" kata Bima dalam acara diskusi di Kantor DPP Partai Demokrat, Jakarta Pusat, Senin (19/5/2025). Bima menyebutkan, sistem kodifikasi yang diamanatkan UU tersebut bakal membuat prosesrevisi UU Pemilumemakan waktu cukup lama. Wamendagri Sebut Sistem Pemilu Indonesia Paling Rumit di Dunia Namun, di sisi lain, kodifikasi juga akan memberikan kematangan aturan untuk pemilu berikutnya. ""Jadi tidak ada perdebatan lagi, bukan omnibus law, tapi kodifikasi politik. Mari kita bersepakat, kodifikasi politik itu fokus pada apa saja,"" ujar mantan wali kota Bogor tersebut. Sebelumnya, Wakil Ketua Badan Legislasi (Baleg) DPR RI, Ahmad Doli Kurnia, mengatakan ada kemungkinan DPR akan menyusunOmnibus LawPemilu. Dia mengatakan UU yang akan digabung menjadi satu melalui omnibus law itu yakni terkait pemilihan umum, pemilihan kepala daerah, dan partai politik. Wamendagri Sebut Pileg Tak Boleh Balik ke Sistem Proporsional Tertutup ""Oh iya (akan menjadi omnibus law), jadi saya mengusulkan memang, kalau kita punya concern (keterbatasan) soal waktu,"" ujarnya saat ditemui di Akmani Hotel, Jakarta Pusat, Selasa (19/11/2024) lalu. Tiga UU yang akan dibuat omnibus law tersebut karena dinilai pembahasannya bisa berbarengan dan bisa disatukan. Namun, saat itu, wacana omnibus law ini masih dalam tahap usulan saja."
"KPK Sambut Baik UU BUMN Digugat ke MKNews9 Mei 2025KPK menyambut baik gugatan UU BUMN ke MK, tapi tegaskan tetap dapat menindak direksi dan komisaris BUMN yang korupsi",9 Mei 2025,https://nasional.kompas.com/read/2025/05/09/18501551/kpk-sambut-baik-uu-bumn-digugat-ke-mk,"JAKARTA,  -Komisi Pemberantasan Korupsi (KPK) menyambut baik gugatan atas Undang-Undang Nomor 1 Tahun 2025 tentang Badan Usaha Milik Negara (UU BUMN) keMahkamah Konstitusi(MK). ""KPK menyambut baik hal tersebut, tentunya karena itu menjadi salah satu hak konstitusi seorang warga negara,"" kata Juru Bicara KPK Budi Prasetyo di Gedung Merah Putih KPK, Jakarta, Jumat (9/5/2025). UU BUMN tengah menjadi sorotan karena mengancam mengurangi kewenangan KPK untuk menindak kasus korupsi yang menjerat direksi dan komisaris BUMN. Budi mengatakan bahwa KPK telah memastikan posisi terkait implikasi atas berlakunya UU BUMN tersebut, khususnya Pasal 9G dalam UU BUMN yang menyatakan bahwa Anggota Direksi/Dewan Komisaris/Dewan Pengawas BUMN bukan merupakan Penyelenggara Negara. Penyelenggara Negara dalam UU BUMN Timbulkan Ketidakpastian Hukum Dia menegaskan bahwa KPK tetap memiliki kewenangan mengusut kasus korupsi di BUMN dengan berpedoman pada Undang-Undang Nomor 28 Tahun 1999 tentang Penyelenggaraan Negara yang Bersih dan Bebas dari Korupsi, Kolusi, dan Nepotisme (KKN). ""KPK tegas berpedoman pada Undang-Undang 28 Tahun 1999 dalam melihat status direksi, komisaris, dan Dewan Pengawas pada BUMN adalah sebagai penyelenggara negara,"" ujarnya. Budi juga menambahkan bahwa Direksi/Dewan Komisaris/Dewan Pengawas BUMN tetap memiliki kewajiban melaporkan Laporan Harta Kekayaan Penyelenggara Negara (LHKPN) dan penerimaan gratifikasi. ""Pada aspek pencegahan, KPK juga berkesimpulan bahwa direksi, komisaris, dan pengawas pada BUMN juga wajib melaporkan LHKPN-nya dan melaporkan jika melakukan penerimaan gratifikasi,"" tuturnya. UU BUMN yang Lindungi Direksi dari Delik Korupsi Digugat ke MK Terkait Pasal 4B UU BUMN yang menyatakan bahwa kerugian BUMN bukanlah kerugian negara, Budi mengatakan bahwa putusan MK sudah menyatakan bahwa keuangan negara yang dipisahkan tetap merupakan bagian dari keuangan negara, termasuk BUMN. ""Oleh karena itu, KPK berpandangan tetap dapat melakukan penyelidikan, penyidikan, dan penuntutan terhadap perkara-perkara di BUMN karena statusnya sebagai penyelenggara negara dan atau adanya kerugian negara karena perbuatan melawan hukum ataupun penyalahgunaan wewenang BUMN,"" ucap dia. Sebelumnya,UU BUMN digugat ke MKoleh dua mahasiswa Fakultas Hukum Universitas Indonesia. Dalam sidang pendahuluan, Kamis (8/5/2025), di Gedung MK, para pemohon menjelaskan bahwa gugatan ini dilayangkan karena proses pembentukan UU BUMN tidak melibatkan partisipasi publik. “Pengesahan undang-undang a quo tidak melibatkan partisipasi publik, sehingga menciptakan meaningful participation,” ujar kuasa hukum para pemohon, Nicholas Indra Cyrill Kataren, dalam sidang pendahuluan. Nicholas mengatakan bahwa UU BUMN yang baru disahkan seharusnya dibahas secara transparan dan terbuka dengan partisipasi bermakna dari elemen masyarakat. UU BUMN Tak Halangi KPK Sikat Direksi yang Korupsi Namun, menurut pemohon, asas keterbukaan itu tidak dilakukan sehingga melanggar perintah konstitusi pada Pasal 22A Undang-Undang Dasar Negara Republik Indonesia (UUD NRI) Tahun 1945. Ia juga menyinggung Pasal 5 huruf a, huruf e, huruf d, dan huruf f UU Nomor 12 Tahun 2011 tentang Pembentukan Peraturan Perundang-Undangan yang mengharuskan terpenuhinya seluruh asas secara kumulatif. Pemohon kemudian berkesimpulan bahwa DPR tidak mematuhi aturan pembentukan undang-undang dan melanggar hak konstitusional para pemohon. ""Dengan demikian, menurut para pemohon, UU BUMN tidak sah karena tidak melalui prosedural pembentukan peraturan perundang-undangan yang sesuai,"" kata Nicholas."
"Di Persidangan, Arteria Sebut UU Pemberantasan Korupsi AnehNews5 Mei 2025Arteria Dahlan mengungkapkan pendapat UNODC tentang Pasal Gratifikasi UU Tipikor yang dianggap keliru. Simak penjelasannya!",5 Mei 2025,https://nasional.kompas.com/read/2025/05/05/19302141/di-persidangan-arteria-sebut-uu-pemberantasan-korupsi-aneh,"JAKARTA, - Kuasa hukum advokat Lisa Rachmat, Arteria Dahlan, menyebut United Nations Office on Drugs and Crime (UNODC) menyatakan Pasal 12 B pada Undang-Undang Pemberantasan Tindak Pidana Korupsi (UU Tipikor) yang mengatur gratifikasi keliru. Pernyataan itu disampaikan Arteria saat mencecar Guru Besar Fakultas Hukum Universitas Jenderal Soedirman (Unsoed), Hibnu Nugroho, yang dihadirkan sebagai ahli dalam perkara Lisa. Arteria mengatakan UNODC merupakan lembaga yang bertugas mengawasi United Nations Convention Against Corruption (UNCAC), lembaga PBB yang melawan korupsi. “Apa hasilnya UNODC? Penerapan pasal 12 B ini keliru di Indonesia. Ini tegas, pengawasnya saja mengatakan ini pasal undang-undang keliru, tapi kita masih mengagung-agungkan undang-undang ini,” kata Arteria di Pengadilan Tipikor Jakarta Pusat, Senin (5/5/2025). Dicecar Arteria Dahlan, Guru Besar Unsoed: Gratifikasi Sumber Kejahatan, tapi Dianggap Rezeki Anak Saleh Menurut Arteria, UNODC bahkan menyatakan bahwa UU Tipikor di Indonesia aneh. Mantan anggota DPR RI dari Fraksi PDI-P itu lantas mempertanyakan, apakah tepat gratifikasi dianggap suap jika pejabat yang menerimanya tidak melapor ke Komisi Pemberantasan Korupsi (KPK) dalam waktu 30 hari. Materi yang termuat dalam suap dan gratifikasi, menurut Arteria, berbeda. Namun, dengan mudahnya pasal itu menyatakan gratifikasi dianggap sebagai suap. Padahal, kata dia, hukum pada zaman kolonialisme Belanda membedakan antara penganiayaan, penganiayaan berat, penganiayaan yang menyebabkan kematian, pembunuhan, dan pembunuhan berencana. “Ini undang-undang saya katakan aneh, ternyata bukan saya yang mengatakan aneh, Prof, yang mengatakan UNODC,” tutur Arteria. Arteria Dahlan Ditegur karena Panggil Hakim Terdakwa Kasus Ronald Tannur Yang Mulia Hibnu lantas menyebut bahwa kalimat yang mengatur tentang gratifikasi sangat lentur. Di sisi lain, ia mengakui bahwa kadang persoalan pemberian seperti hadiah ulang tahun atau Lebaran masuk dalam kategori gratifikasi dan menjadi kaku. Oleh karena itu, dalam konteks politik hukum, perlu membedakan antara gratifikasi yang dilarang dan gratifikasi yang diperbolehkan. Penerimaan yang diperbolehkan, misalnya, menyangkut acara ulang tahun maupun kearifan lokal yang tidak melewati batas. “Ini saya kira menarik ke depan didiskusikan di sana karena kalau kearifan tanda petik kebablasan ya masuk kualifikasi gratifikasi,” kata Hibnu. Dalam perkara ini, Lisa didakwa menyuap tiga hakim Pengadilan Negeri (PN) Surabaya untuk menjatuhkan vonis bebas dalam perkara kliennya yang menjadi pelaku pembunuhan, Gregorius Ronald Tannur. Lisa juga didakwa melakukan pemufakatan jahat bersama eks pejabat Mahkamah Agung (MA) Zarof Ricar dan mencoba menyuap hakim agung yang menyidangkan perkara kasasi Ronald Tannur. Arteria Dahlan Jadi Pengacara Terdakwa Suap Ronald Tannur, Lisa Rachmat Selain pemufakatan jahat, Zarof juga didakwa menerima gratifikasi senilai Rp 915 miliar dan 51 kilogram emas. Harta yang nilainya sekitar Rp 1 triliun itu ditemukan penyidik Kejaksaan Agung saat menggeledah rumahnya di Senayan, Jakarta."
"Jonathan Frizzy Diduga Langgar UU Kesehatan, Kasus Vape ilegalSulawesi Selatan5 Mei 2025Artis Jonathan Frizzy resmi ditangkap polisi setelah ditetapkan sebagai tersangka dalam kasus dugaan penyalahgun",5 Mei 2025,https://www.kompas.com/sulawesi-selatan/read/2025/05/05/161350088/jonathan-frizzy-diduga-langgar-uu-kesehatan-kasus-vape-ilegal,"- ArtisJonathan Frizzyresmi ditangkap pihak kepolisian setelah ditetapkan sebagai tersangka dalam kasus dugaan penyalahgunaan vape yang mengandung etomidate, obat keras yang tidak memiliki izin edar. Dilansir Kompas.com (05/05/2025), penangkapan dilakukan pada Minggu (4/5/2025) sore di kawasan Bintaro, Pesanggrahan, Jakarta Selatan. “Benar, JF (tersangka),” ujar Kabid Humas Polda Metro Jaya Kombes Ade Ary Syam Indradi saat dikonfirmasi pada Senin (5/5/2025). “Sudah ditangkap, sudah diamankan dengan persangkaan pasal itu,” tambahnya. Jonathan Frizzy Ditangkap dan Jadi Tersangka Kasus Vape Berisi Obat Keras Jonathan Frizzy disangkakan melanggar Pasal 435 subsider Pasal 436 ayat (2) Undang-Undang Nomor 17 Tahun 2023 tentang Kesehatan juncto Pasal 55 KUHP. Ancaman hukumannya adalah pidana penjara maksimal 12 tahun atau denda hingga Rp 5 miliar. Sebelum penetapan sebagai tersangka, Jonathan Frizzy telah menjalani pemeriksaan sebagai saksi dalam kasus peredaran vape berisi obat keras tersebut. Kasus ini ditangani oleh Satresnarkoba Polres Kota Bandara Soekarno-Hatta, bekerja sama dengan Bea Cukai. “Dari Satnarkoba bersama dengan Bea Cukai Soekarno-Hatta kami berhasil menggagalkan sejumlah vape yang berisikan obat keras, yaitu jenis etomidate, sekitar bulan Maret,"" kata Kasatnarkoba AKP Michael K. Tandayu kepada wartawan, Senin (28/4/2025). Jadi Tersangka Kasus Vape Obat Keras, Jonathan Frizzy Ditangkap Polisi Polisi lebih dulu menangkap tiga orang tersangka non-publik dalam kasus ini. Ketiganya saat ini sudah ditahan. Pemeriksaan lebih lanjut terhadap Jonathan dilakukan berdasarkan keterangan dari ketiga tersangka sebelumnya. ""Saat ini kita terus melakukan penyelidikan dan pemeriksaan, dan dari hasil keterangan mereka bertiga serta alat bukti lainnya, kita memang membutuhkan keterangan dari salah satu inisial lainnya, yaitu inisial JF,"" jelas Michael. Jonathan sempat menjalani pemeriksaan pada 17 April 2025. Namun, pada pemanggilan kedua yang dijadwalkan 21 April 2025, pihak manajemen menyatakan bahwa artis yang akrab disapa Ijonk itu sedang sakit dan tengah dirawat di rumah sakit. Sebagian artikel ini telah tayang di Kompas.com dengan judulJadi Tersangka Kasus Vape Obat Keras, Jonathan Frizzy Ditangkap Polisi, Klik untuk baca:https://megapolitan.kompas.com"
Forum Purnawirawan TNI: Segera Proses Pemakzulan GibranNews3 Juni 2025Forum Purnawirawan Prajurit TNI siap menghadiri rapat dengar pendapat umum jika DPR memanggil mereka soal pemakzulan Gibran.,3 Juni 2025,https://nasional.kompas.com/read/2025/06/03/13064351/forum-purnawirawan-tni-segera-proses-pemakzulan-gibran,"JAKARTA, - Forum Purnawirawan Prajurit TNI telah menyuratiDPRdanMPRuntuk segera memproses pemakzulan atau impeachment Wakil Presiden Gibran Rakabuming Raka. Permintaan tersebut tertera dalam surat tertanggal 26 Mei 2025, yang ditujukan kepada Ketua MPR Ahmad Muzani dan Ketua DPR Puan Maharani. ""Dengan ini, kami mengusulkan kepada MPR RI dan DPR RI untuk segera memproses pemakzulan (impeachment) terhadap Wakil Presiden berdasarkan ketentuan hukum yang berlaku,"" demikian bunyi surat tersebut. Momen Canda Prabowo, Megawati, dan Gibran Saat Satu Meja Surat tersebut ditandatangani oleh empat purnawirawan, yakni Jenderal TNI (Purn) Fachrul Razi, Marsekal TNI (Purn) Hanafie Asnan, Jenderal TNI (Purn) Tyasno Soedarto, dan Laksamana TNI (Purn) Slamet Soebijanto. Sekretaris Forum Purnawirawan Prajurit TNI Bimo Satrio membenarkan surat tersebut. Surat bernomor 003/FPPTNI/V/2025 itu telah dikirimkan ke Sekretariat Jenderal MPR dan Sekretariat Jenderal DPR pada Senin (2/6/2025). ""Ya betul sudah dikirim dari Senin. Sudah ada tanda terimanya dari DPR, MPR, dan DPD,"" ujar Bimo saat dihubungi, Selasa (3/6/2025). Ia menegaskan, pihaknya meminta agar MPR dan DPR segera memprosepemakzulan Gibrandari posisi Wakil Presiden. Forum Purnawirawan Prajurit TNI juga siap menghadiri rapat dengar pendapat umum jika DPR memanggil mereka. ""Jadi di surat itu kita kasih dalam segi hukumnya. Nanti kalau belum jelas dari DPR, MPR, DPD RI, kita siap purnawirawan untuk rapat dengar pendapat,"" ujar Bimo. Sebelumnya,Forum Purnawirawan TNIberisi 103 purnawirawan jenderal, 73 laksamana, 65 marsekal, dan 91 kolonel. Salah satu usulan mereka adalah pencopotan Wakil Presiden Gibran Rakabuming Raka lewat MPR. Selain Try Sutrisno, terdapat nama Jenderal TNI (Purn) Fachrul Razi, Jenderal TNI (Purn) Tyasno Soedarto, Laksamana TNI (Purn) Slamet Soebijanto, dan Marsekal TNI (Purn) Hanafie Asnan, serta diketahui Jenderal TNI (Purn) Tyasno Soedarto. Deklarasi Forum Purnawirawan TNI-Polri berisi delapan poin, yang antara lain mencakup penolakan terhadap kebijakan pemerintah terkait pembangunan Ibu Kota Negara (IKN), tenaga kerja asing, dan usulan reshuffle terhadap menteri-menteri yang diduga terlibat dalam korupsi. Adapun salah satu poin paling kontroversial adalah usulan pergantian Wakil Presiden Gibran Rakabuming Raka yang disampaikan kepada MPR. Momen Gibran Salami Try Sutrisno Usai Ramai Wacana Pemakzulan Wapres Sementara itu, pakar hukum tata negara, Mahfud MD pernah menjelaskan bahwa pemakzulan Gibran secara teoritis bisa dilakukan. ""Gini, usul pemakzulan Gibran itu secara teoritis ketatanegaraan bisa, tapi secara politik akan sulit,"" ujar Mahfud dikutip dari kanal Youtube Mahfud MD Official yang sudah dikonfirmasi, Rabu (7/5/2025)."
"TNI: Perpres Prabowo Lindungi Jaksa dari IntimidasiNews22 Mei 2025TNI dukung Perpres 66/2025 untuk perlindungan jaksa, memastikan keamanan dan sinergi antar lembaga.",22 Mei 2025,https://nasional.kompas.com/read/2025/05/22/20073161/tni-perpres-prabowo-lindungi-jaksa-dari-intimidasi,"JAKARTA, - Tentara Nasional Indonesia (TNI) menyatakan dukungan penuh atas terbitnya Peraturan Presiden (Perpres) Nomor 66 Tahun 2025 tentang Perlindungan Negara terhadap Jaksa dalam Melaksanakan Tugas dan FungsiKejaksaan Republik Indonesia. Perpres ini dinilai sebagai langkah konkret negara dalam memastikan aparat penegak hukum, khususnya jaksa, dapat bekerja dengan aman dan tanpa tekanan. “TNI menyambut baik terbitnya Peraturan Presiden Nomor 66 Tahun 2025 tentang Perlindungan Negara terhadap Jaksa dalam Melaksanakan Tugas dan Fungsi Kejaksaan Republik Indonesia,"" kata Kepala Pusat Penerangan (Kapuspen) TNI, Mayjen Kristomei Sianturi, dalam keterangannya, Kamis (22/5/2025). ""Perpres ini merupakan bentuk komitmen negara dalam memastikan aparat penegak hukum, khususnya para jaksa, dapat menjalankan tugas dan fungsinya dengan aman dan bebas dari intimidasi atau ancaman,"" tambahnya. Yusril: Perpres soal Pengamanan Jaksa Perjelas Tugas TNI-Polri Terkait pelibatan TNI dalam perlindungan terhadap jaksa sebagaimana diatur dalam Perpres tersebut, Kristomei menegaskan bahwa TNI akan selalu tunduk dan patuh pada kebijakan pemerintah, serta melaksanakan tugas sesuai koridor hukum. “Prajurit TNI akan selalu memegang teguh sumpah prajurit, tunduk pada hukum, serta disiplin keprajuritan. Tentunya pelaksanaan tugas ini akan selalu tetap berada dalam koridor hukum dan dilaksanakan sesuai prosedur, prinsip perbantuan, dan nota kesepahaman antar lembaga,"" tegas Kristomei. Kejagung: Tak Ada Lagi Debat TNI Jaga Kejaksaan Usai Perpres Prabowo Dia juga menegaskan bahwa keterlibatan TNI dalam mendukung Kejaksaan tidak akan mengganggu tugas pokok TNI dalam bidang pertahanan negara. Sebaliknya, langkah ini dinilai sebagai bentuk sinergi antar-lembaga negara demi memperkuat stabilitas nasional. “Justru hal ini merupakan bagian dari peran TNI dalam mendukung stabilitas nasional secara luas dan sinergi antar-lembaga negara,"" terangnya. Diberitakan sebelumnya, Presiden RIPrabowo SubiantomenerbitkanPerpres Nomor 66 Tahun 2025tentang Perlindungan Negara Terhadap Jaksa dalam Melaksanakan Tugas dan Fungsi Kejaksaan Republik Indonesia. Perpres Nomor 66 Tahun 2025 itu ditetapkan Prabowo pada 21 Mei 2025, serta diundangkan oleh Menteri Sekretaris Negara Prasetyo Hadi pada tanggal yang sama. ""Betul (ada perpres soalPerlindungan Jaksa),"" kata Kepala Komunikasi Kepresidenan (Presidential Communication Office/PCO) Hasan Nasbi, saat dikonfirmasi Kompas.com, Kamis (22/5/2025) tadi. Perpres 66/2025 Terbit, Anggota DPR Ingatkan Pengamanan Kejaksaan oleh TNI Tidak Permanen Dalam perpres itu, perlindungan terhadap jaksa dapat dilakukan oleh personelTNI dan Polri. Hal ini dimuat dalam Pasal 4. Dalam perpres yang sama juga diatur bahwa perlindungan negara terhadap jaksa harus memberikan jaminan rasa aman dari ancaman yang membahayakan diri, jiwa, dan/atau harta benda."
"TNI: Penempatan Prajurit di Kejaksaan Berdasarkan PermintaanNews24 Mei 2025Kadispenad mengatakan pengamanan TNI untuk Kejaksaan bersifat permintaan, bukan permanen.",24 Mei 2025,https://nasional.kompas.com/read/2025/05/24/09282351/tni-penempatan-prajurit-di-kejaksaan-berdasarkan-permintaan,"JAKARTA, - Kepala Dinas Penerangan Angkatan Darat (Kadispenad) BrigjenTNIWahyu Yudhayana menegaskan bahwa penempatan personel TNI untuk pengamananKejaksaanbersifat permintaan sebagaimana diatur Peraturan Presiden (Perpres) Nomor 66 Tahun 2025. Hal ini disampaikan Wahyu merespons usulan dari DPR yang menginginkan agar penempatan prajurit TNI di lingkungan Kejaksaan tidak bersifat permanen, melainkan hanya dilakukan dalam situasi tertentu berdasarkan kebutuhan kasus. Mensesneg Anggap Wajar Perpres Prabowo soal Jaksa Dilindungi TNI-Polri “Berkaitan dengan usulan DPR tentang penempatan TNI yang tidak permanen, dapat saya sampaikan bahwa pengamanan Kejaksaan ini bersifat permintaan, artinya apakah nanti akan permanen atau tidak, tentunya juga tergantung dari institusi Kejaksaan sebagai pihak yang meminta bantuan kepada TNI,"" kata Kadispenad kepada Kompas.com, Jumat (23/5/2025) malam. Menurut dia, pengamanan oleh TNI terhadap Kejaksaan adalah bentuk jaminan rasa aman yang diberikan negara kepada jaksa dari potensi ancaman terhadap diri, jiwa, dan harta benda. Ancaman dimaksud, lanjut Wahyu, meliputi segala bentuk tindakan yang bisa menimbulkan rasa takut atau paksaan yang berpotensi mengganggu pelaksanaan wewenang, tugas, dan fungsikejaksaan. ""Saya perlu jelaskan bahwa TNI melaksanakan Pam (pengamanan) tersebut merupakan bentuk perlindungan negara, artinya menjamin rasa aman yang diberikan negara kepada Jaksa dari ancaman yang membahayakan diri, jiwa, dan atau harta benda,"" ungkapnya. ""Sedangkan apa konteks ancamannya kepada jaksa adalah segala bentuk perbuatan yang menimbulkan akibat, baik langsung maupun tidak langsung yang menimbulkan rasa takut atau paksaan untuk melakukan, tidak melakukan, membiarkan dilakukan sesuatu hal yang berkenaan dengan pelaksanaan wewenang, tugas, dan fungsi Jaksa,"" lanjut dia. TNI AD, kata Wahyu, akan memberikan perlindungan kepada Kejaksaan dalam beberapa bentuk. Pertama, perlindungan terhadap institusi Kejaksaan secara menyeluruh. Kedua, dukungan dan bantuan personel dalam pengawalan jaksa saat melaksanakan tugas. Ketiga, bentuk perlindungan lain yang disesuaikan dengan kondisi dan kebutuhan strategis, yang menyangkut aspek kedaulatan dan pertahanan negara. “Selanjutnya, hal-hal lain yang berkaitan dengan kerja sama perlindungan terhadap jaksa, akan ditetapkan lebih lanjut secara bersama antara Jaksa Agung dan Kepala BIN atau Panglima TNI sesuai dengan kewenangannya,"" pungkas Wahyu. Prabowo Teken Perpres 66/2025, TNI: Agar Jaksa Aman dari Ancaman Sebelumnya diberitakan, anggota Komisi III DPR RIHinca Panjaitanberharap pengerahan TNI untuk mengamankan lingkungan Kejaksaan Tinggi (Kejati) dan Kejaksaan Negeri (Kejari) di seluruh Indonesia tidak bersifat permanen. Pernyataan ini disampaikan Hinca menyusul terbitnya Perpres Nomor 66 Tahun 2025 yang ditandatangani oleh Presiden Prabowo Subianto pada 21 Mei 2025. Ia berharap, pengerahan TNI di kejaksaan hanya dilakukan untuk kasus tertentu. ""Jangan permanen. Kalau saya kira tidak permanen. Mudah-mudahan tidak dalam jangka yang panjang atau apalagi permanen,"" kata Hinca, di Kompleks Parlemen, Senayan, Jakarta Pusat, Kamis (22/5/2025). Hinca juga meyakini bahwa Presiden Prabowo memiliki pertimbangan tersendiri dalam melanjutkan pengamanan Kejaksaan oleh TNI melalui penerbitan Perpres tersebut."
"Alasan TNI Jaga Kantor Kejaksaan, Bukan PolisiNews15 Mei 2025Kejagung mengungkap alasan pengerahan pasukan TNI untuk menjaga kantor kejaksaan lantaran sudah ada MoU antara Kejagung dan TNI sebelumnya.",15 Mei 2025,https://nasional.kompas.com/read/2025/05/15/11281701/alasan-tni-jaga-kantor-kejaksaan-bukan-polisi,"JAKARTA, -Kejaksaan Agung(Kejagung) RI mengungkap alasan melibatkan personelTNIuntuk menjaga area Kejaksaan Tinggi (Kejati) dan Kejaksaan Negeri (Kejari). Kepala Pusat Penerangan Hukum (Kapuspenkum) Kejaksaan Agung (Kejagung) RI Harli Siregar menjelaskan hal itu wujud dari nota kesepahaman (memorandum of understanding/MoU) antara TNI dan Kejagung. ""Terkait pengamanan itu sebagai wujud jabaran dari MoU yang sudah ada,"" ujar Harli saat dikonfirmasi, Kamis (15/5/2025). Adapun MoU bernomor NK/6/IV/2023/TNI tanggal 6 April 2023 dan diteken kedua lembaga. Kemudian, Harli menambahkan, Jaksa Agung Muda Bidang Tindak Pidana Militer (Jampidmil) juga turut melakukan koordinasi dengan TNI terkait jabaran MoU tersebut. Pengerahan Prajurit Jaga Kejaksaan: Penjelasan TNI, Respons Kejagung dan Kapolri Di sisi lain, Harli mengatakan, jajaran Polri juga tetap dilibatkan Kejaksaan RI, khususnya dalam hal pengamanan selama proses persidangan. Kerja sama antara Polri dan Kejaksaan ini juga sudah berlangsung sejak lama. ""Kalau dengan teman-teman Polri kan memang sudah terus berlangsung selama ini misalnya: pengamanan persidangan,"" ungkap Harli. Sebelumnya, Kepala Pusat Penerangan (Kapuspen) TNI Brigjen TNI Kristomei Sianturi juga menegaskan bahwa pengerahan prajurit di lingkungan Kejaksaan merupakan bagian dari kerja sama resmi antara TNI dan Kejaksaan Agung RI. Menurut Kristomei, Nota Kesepahaman yang diteken pada April 2023 itu mencakup delapan ruang lingkup kerja sama yakni pendidikan dan pelatihan bersama. Kemudian, pertukaran informasi untuk kepentingan penegakan hukum, penugasan prajurit TNI di lingkungan Kejaksaan RI, penugasan jaksa sebagai supervisor di Oditurat Jenderal TNI. Kaji Ulang Kebijakan Tentara Jaga Kejaksaan Lalu, dukungan dan bantuan personel TNI dalam pelaksanaan tugas dan fungsi kejaksaan, bantuan TNI di bidang Perdata dan Tata Usaha Negara termasuk pendampingan hukum dan litigasi. Kerja sama lainnya terkait pemanfaatan sarana dan prasarana bersama sesuai kebutuhan, serta koordinasi teknis penyidikan, penuntutan, dan penanganan perkara koneksitas. Menurut dia, kerja sama tersebut juga merupakan wujud dari pelaksanaan tugas pokok TNI seperti yang diamanatkan Undang-Undang, yaitu melindungi bangsa dari berbagai bentuk ancaman. “Hal ini juga sebagai pengejawantahan tugas pokok TNI sebagaimana yang diamanatkan oleh Undang-undang untuk melindungi segenap bangsa dan seluruh tumpah darah Indonesia dari ancaman dan gangguan terhadap keutuhan bangsa dan negara,” ucapnya."
"Respons Singkat Kapolri soal TNI Jaga KejaksaanNews14 Mei 2025Kapolri Jenderal Listyo Sigit Prabowo irit bicara ketika ditanya soal tugas TNI jaga Kejaksaan, ia hanya menyebut sinergi TNI dan Polri se",14 Mei 2025,https://nasional.kompas.com/read/2025/05/14/14052101/respons-singkat-kapolri-soal-tni-jaga-kejaksaan,"JAKARTA, -Kapolri Jenderal Listyo Sigit Prabowoirit bicara saat dimintai tanggapan soal pengerahan prajurit TNI untuk menjaga kantor kejaksaan tinggi (kejati) dan kejaksaan negeri (kejari) di seluruh Indonesia. Ketika ditanya soal hal tersebut, Sigit hanya menegaskan bahwa sinergi antara Polri dan TNI semakin baik. “Yang jelas sinergisitas TNI-Polri semakin oke,” kataKapolrisambil menggenggam tangan saat ditemui di kantor Kementerian Hukum (Kemenkum), Rabu (14/5/2025). Diberitakan sebelumnya, Panglima TNI Jenderal Agus Subiyanto mengeluarkan perintah penguatan pengamanan terhadap kejati dan kejari di seluruh Indonesia. TNI Jaga Kantor Kejaksaan Agung Sejak 6 Bulan Lalu Perintah tersebut tertuang dalam Telegram Panglima TNI Nomor TR/442/2025 tertanggal 6 Mei 2025. Dalam telegram tersebut, Panglima TNI mengerahkan personel dan alat perlengkapan dalam rangka dukungan pengamanan Kejati dan Kejari di seluruh Indonesia. Indonesia Police Watch (IPW) menilai langkah TNI menjaga Kejati dan Kejari melanggar konstitusi karena seharusnya urusan keamanan adalah wilayah kerja Polri, bukan tentara. “IPW menilai pengerahan pengamanan TNI di Institusi Kejaksaan Tinggi dan Kejaksaan negeri melanggar konstitusi UUD 1945 dan Tap MPR VII/2000 tentang Peran TNI dan Peran Polri,” kata Ketua IPW Sugeng Teguh Santoso dalam siaran persnya, Senin (12/5/2025). IPW Nilai TNI Jaga Kejaksaan Langgar Konstitusi: Keamanan Wilayahnya Polri TAP MPR VII Tahun 2000 mengatur bahwa TNI adalah aparat pertahanan, bukan aparat keamanan. Pelanggaran aturan itu dapat membuat terganggunya hubungan antara lembaga-lembaga negara, pembagian kekuasaan, konstitusi, dan mekanisme pemerintahan. “Oleh karenanya, IPW mendesak Presiden dan DPR melakukan pembahasan yang serius atas pelanggaran terhadap UUD dan Tap MPR VII/2000 yang dilakukan oleh TNI dalam melakukan pengamanan di Kejaksaan Tinggi dan Kejaksaan Negeri di seluruh Indonesia,” tutur Sugeng."
"Persiapan Sambut Macron, TNI Belajar Bahasa PerancisNews10 Mei 2025TNI adakan Kursus Intensif Bahasa Perancis di Akmil untuk tingkatkan profesionalisme prajurit.",10 Mei 2025,https://nasional.kompas.com/read/2025/05/10/01154351/persiapan-sambut-macron-tni-belajar-bahasa-perancis,"JAKARTA, - Dalam rangka persiapan menyambut kunjungan Presiden Perancis Emmanuel Macron, para personelTNIbelajarbahasa Perancis. Badasarkan keterangan Pusat Penerangan (Puspen) TNI, Jumat (9/5/2025). kursus IntensifBahasa Perancisini digelar bagi personel pengawak alat utama sistem senjata (alutsista) tahun anggaran 2025. Presiden Perancis Emmanuel Macron Akan Kunjungi Akmil Magelang Kegiatan ini digelar di Akademi Militer (Akmil) Magelang, Jawa Tengah, lokasi yang direncanakan akan menjadi salah satu tujuan kunjungan kenegaraan Macron, bulan ini. Pelatihan bahasa Perancis ditinjau langsung olehPanglima TNIJenderal Agus Subiyanto, Jumat (9/5/2025). ""Kursus ini diikuti oleh 104 peserta, terdiri dari 40 personel TNI Angkatan Darat, 30 personel TNI Angkatan Laut, dan 30 personel TNI Angkatan Udara, serta 4 orang pelatih Akmil,"" ungkap Kepala Pusat Penerangan (Kapuspen) TNI, Mayjen Kristomei Sianturi. Operasional PDN Molor, Tunggu Kunjungan Presiden Macron? Program ini mendapat dukungan tenaga pengajar dari Pusat Pendidikan dan Pelatihan Bahasa Kementerian Pertahanan (Kemenhan), serta dosen dari Universitas Negeri Yogyakarta. Kristomei menjelaskan pelatihan ini menjadi bagian dari strategi transformasi untuk meningkatkan kemampuan prajurit dalam penguasaan sistem operasional dan pemeliharaan alutsista modern. Program ini juga sejalan dengan visi PRIMA (Professional, Responsif, Integratif, Modern, Adaptif) yang diusung TNI. “Selain itu, peserta juga dibekali dengan kemampuan bahasa asing dan pemahaman budaya, guna memperkuat kerja sama dengan mitra internasional dan mendukung peran aktif TNI dalam operasi multilateral serta hubungan strategis global,"" kata dia. Dalam kunjungannya, Panglima TNI Jenderal Agus juga meninjau kesiapan sarana dan prasarana Akmil sebagai bagian dari persiapan menyambut kunjungan kenegaraan Presiden Perancis ke Indonesia. Agus juga turut menyaksikan langsung simulasi helikopter di Laboratorium Lapangan Jasmani Akmil. Simulasi tersebut ditujukan untuk melatih kemampuan teknis dan taktis taruna, sekaligus meningkatkan pemahaman terhadap prosedur dasar dalam operasi mobil udara."
"Mutasi TNI, Pangkoopsudnas Kini Dijabat Minggit TribowoNews28 Mei 2025Panglima TNI Agus Subiyanto melakukan rotasi jabatan, Marsda Minggit Tribowo kini menjabat Pangkoopsudnas. Simak selengkapnya.",28 Mei 2025,https://nasional.kompas.com/read/2025/05/28/16092241/mutasi-tni-pangkoopsudnas-kini-dijabat-minggit-tribowo,"JAKARTA, -Panglima TNIJenderal Agus Subiyanto melakukanrotasi jabatandi tubuh TNI dengan mengganti posisi Panglima Komando Operasi Udara Nasional (Pangkoopsudnas). Jabatan yang sebelumnya dipegang oleh Marsdya TNI Tedi Rizalihadi kini diisi oleh Marsda TNIMinggit Tribowo, berdasarkan Keputusan Panglima TNI Nomor Kep/667/V/2025 yang ditetapkan pada 27 Mei 2025. Minggit Tribowo sebelumnya menjabat sebagai Asisten Operasi Kepala Staf Angkatan Udara (Asops KSAU) dan merupakan lulusan Akademi Angkatan Udara (AAU) 1991. Ia berasal dari Satuan Korps Penerbang Tempur. Mutasi TNI, Eks Ajudan Jokowi Mayjen Deddy Suryadi Jadi Pangdam Jaya Dalam mutasi terbaru ini, Tedi Rizalihadi diangkat sebagai Wakil Kepala Staf Angkatan Udara (Wakasau), menggantikan Marsdya TNI Andyawan Martono P, yang dirotasi menjadi Staf Khusus KSAU. Andyawan disiapkan untuk menjabat sebagai Panglima Komando Pertahanan Udara Nasional (Pangkohanudnas), sebuah organisasi baru di lingkunganTNI AU. Kepala Pusat Penerangan (Kapuspen) TNI, Mayjen Kristomei Sianturi, mengatakan, rotasi jabatan merupakan bagian penting dari siklus pembinaan personel di lingkungan TNI. ""Mutasi ini bukan sekadar proses administratif, tapi merupakan strategi pembinaan karier dan penyegaran organisasi untuk meningkatkan efektivitas tugas. Ini juga bentuk kesiapan TNI dalam menghadapi dinamika yang terus berubah, baik di dalam negeri maupun global,"" ujar Kristomei, dalam keterangan yang diterima Kompas.com, Rabu (28/5/2025). Mutasi TNI, Wakasau Kini Dijabat Eks Pangkoopsudnas Marsdya Tedi Rizalihadi Dalam rotasi kali ini, total terdapat 117 Perwira Tinggi (Pati) yang dimutasi, terdiri dari 47 Pati TNI Angkatan Darat, 30 Pati TNI Angkatan Laut, dan 40 Pati TNI Angkatan Udara. Kapuspen menambahkan bahwa langkah ini mencerminkan proses regenerasi yang berkesinambungan, sekaligus sebagai bagian dari adaptasi strategis dalam menjaga kesiapsiagaan pertahanan nasional."
Respons Kapolri soal Kontroversi TNI Jaga KejaksaanJawa Tengah15 Mei 2025Penempatan prajurit TNI di Kejaksaan menjadi kontroversi. Simak kritik dan dampak dari keputusan ini bagi hubungan antar lembag,15 Mei 2025,https://www.kompas.com/jawa-tengah/read/2025/05/15/184541588/respons-kapolri-soal-kontroversi-tni-jaga-kejaksaan,"-Kapolri Jenderal Listyo Sigit Prabowo enggan memberikan komentar mendalam ketika ditanya tentang penempatan prajurit TNI untuk menjaga kantor Kejaksaan Tinggi (Kejati) danKejaksaan Negeri(Kejari) di seluruh Indonesia. Saat ditanyai komentarnya soal TNI jaga Kejaksaan, Kapolri hanya menegaskan bahwa kolaborasi antara Polri dan TNI semakin baik. ""Sinergisitas TNI-Polri semakin oke,"" ujarnya sambil menggenggam tangan, saat berada di kantor Kementerian Hukum (Kemenkum) pada Rabu (14/5/2025). 2 Peleton TNI Bergantian Jaga Gedung Kejagung, Bagaimana Peran Polisi? Langkah TNI jaga Kejaksaan diambil setelah Panglima TNI Jenderal Agus Subiyanto mengeluarkan instruksi untuk memperkuat pengamanan di Kejati dan Kejari di seluruh Indonesia. Instruksi tersebut tercantum dalam Telegram Panglima TNI Nomor TR/442/2025 yang dikeluarkan pada 6 Mei 2025. Dalam telegram itu, Panglima TNI mengerahkan sejumlah personel dan peralatan untuk mendukungpengamanan institusiKejati dan Kejari di seluruh tanah air. Namun, keputusan TNI ini menuai kritik dari Indonesia Police Watch (IPW). Mereka berpendapat bahwa tindakan tersebut bertentangan dengan konstitusi, yang menyatakan bahwa pengamanan seharusnya menjadi tanggung jawab Polri, bukan TNI. TAP MPR VII Tahun 2000 dengan tegas menyatakan bahwa TNI merupakan aparat pertahanan dan bukan aparat keamanan. Ketua IPW Sugeng Teguh Santoso, Senin (12/5/2025), menegaskan bahwa pelanggaran terhadap ketentuan ini dapat mengganggu hubungan antar lembaga negara, pembagian kekuasaan, serta mekanisme pemerintahan yang telah ditetapkan. Kejagung Bisa Tambah Anggota TNI Jaga Kejati dan Kejari, Di Mana Peran Polri? Mengingat hal tersebut, IPW mendesak agar presiden dan DPR segera melakukan pembahasan serius mengenai pelanggaran konstitusi dan TAP MPR VII/2000 yang dilakukan oleh TNI dalam menjalankan tugas pengamanan di Kejaksaan Tinggi dan Kejaksaan Negeri di seluruh Indonesia. “IPW menilai pengerahan pengamanan TNI di Institusi Kejaksaan Tinggi danKejaksaan negerimelanggar konstitusi UUD 1945 dan Tap MPR VII/2000 tentang Peran TNI dan Peran Polri,” kata Sugeng. Sebagian artikel ini telah tayang di Kompas.com dengan judul""Respons Singkat Kapolri soal TNI Jaga Kejaksaan""."
"TNI Kini Jaga Kejaksaan, Bagaimana dengan Polisi?News15 Mei 2025Kejaksaan Agung melibatkan TNI dan Polri untuk pengamanan persidangan. Simak penjelasan lengkapnya!",15 Mei 2025,https://nasional.kompas.com/read/2025/05/15/14265231/tni-kini-jaga-kejaksaan-bagaimana-dengan-polisi,"JAKARTA, -Kejaksaan Agung(Kejagung) mengatakan tidak hanyaTNIyang dilibatkan dalam halpengamananmelainkanpolisijuga sudah biasa dilibatkan. ""Kalau dengan teman-temanPolrimemang sudah terus berlangsung selama ini. Misalnya pengamanan saat persidangan,"" kata Kepala Pusat Penerangan Hukum (Kapuspenkum), Harli Siregar, saat dikonfirmasi wartawan, Kamis (15/5/2025). TNI Jaga Kejagung, Kapolri: Saya dan Jaksa Agung Juga Sering Komunikasi Harli Siregar mengatakan jajaran Kepolisian juga diminta bantuan dalam hal pengamanan saat persidangan. Menurut Harli, pengamanan yang dilakukan polisi sudah otomatis berjalan. ""Karena kan bagian dari sistem peradilan pidana terpadunya. Jadi katakan seperti sidang-sidang. Bahkan penempatan dari unsur-unsur teman-teman di Polri kan sudah ada di kita,"" jelasnya. Kejagung Buka Peluang Tambah Penjagaan TNI meski Tak Ada Ancaman Signifikan Selain itu, Harli juga menjelaskan, pengamanan yang dilakukan TNI di lingkungan Kejaksaan Tinggi (Kejati) dan Kejaksaan Negeri (Kejari) adalah wujud nota kesepahaman (memorandum of understanding/MoU) kedua lembaga. Sebelumnya diberitakan, Panglima TNI telah mengeluarkan Surat Telegram (ST) Bernomor TR/422/2025 mengenai perintah penyiapan dan pengerahan personel beserta alat kelengkapan dalam rangka dukungan pengamanan Kejaksaan Tinggi dan Kejaksaan Negeri di seluruh wilayah Indonesia. Surat Telegram Panglima TNI tersebut langsung ditindaklanjuti oleh Kepala Staf Angkatan Darat (Kasad) dengan mengeluarkan Surat Telegram berderajat kilat dengan Nomor ST/1192/2025 tertanggal 6 Mei 2025. Kejagung Berhitung Kebutuhan dan Anggaran untuk Tambah Penjagaan TNI Kasad memerintahkan jajarannya menyiapkan dan mengerahkan personel beserta alat kelengkapan dari Satuan Tempur dan Satuan Bantuan Tempur, sebanyak 30 personel untuk pengamanan Kejaksaan Tinggi dan sepuluh personel untuk pengamanan Kejaksaan Negeri. Hal ini lantas menimbulkan polemik dan kritik dari banyak pihak. Pengamat menilai bahwa kejelasan batas fungsi TNI harus terus ditegaskan agar tidak terjadi tumpang tindih kewenangan antara aparat militer dan sipil dalam konteks negara hukum. Sedangkan, Kepala Pusat Penerangan (Kapuspen) TNI, Brigjen TNI Kristomei Sianturi, menekankan bahwa seluruh bentuk dukungan TNI dilakukan berdasarkan permintaan resmi dan kebutuhan yang terukur. Ia memastikan pengerahan dilakukan sesuai dengan ketentuan hukum yang berlaku. “TNI senantiasa menjunjung tinggi prinsip profesionalitas, netralitas, dan sinergisitas antar-lembaga,” tegas Kristomei pada 12 Mei 2025."
Respons TNI AD soal Keluarga Sebut Korban Ledakan Amunisi di Garut Kerja untuk TNINews13 Mei 2025TNI AD merespons pengakuan keluarga yang menyebut warga sipil korban ledakan amunisi di Garut bekerja u,13 Mei 2025,https://nasional.kompas.com/read/2025/05/13/17314581/respons-tni-ad-soal-keluarga-sebut-korban-ledakan-amunisi-di-garut-kerja,"JAKARTA,  -TNI Angkatan Darat (AD) menegaskan bahwa proses investigasi terkait ledakan saat pemusnahan amunisi di kawasan Desa Sagara, Kecamatan Cibalong, Kabupaten Garut, Jawa Barat, pada Senin (12/5/2025) masih berlangsung. Hal ini disampaikan Kepala Dinas Penerangan Angkatan Darat (Kadispenad), Brigjen TNI Wahyu Yudhayana menanggapi pengakuan keluarga bahwa warga sipil yang menjadi korbanledakan amunisi di Garutbekerja untuk TNI, bukan pemulung. ""TNI ADsesaat setelah kejadian telah menyatakan akan melakukan investigasi menyeluruh, termasuk yang berkaitan dengan korban sipil,"" kata Kadispenad kepadaKompas.com, Selasa (13/5/2025). Menurut Wahyu, sejauh ini belum ada kesimpulan yang bisa disampaikan ke publik karena TNI AD menghormati dan menjunjung tinggi proses investigasi yang sedang berjalan. Keluarga Korban Ledakan Amunisi Garut: Saya Tak Terima Adik Disebut Pemulung Besi, Ia Kerja untuk TNI... ""Keterangan nanti akan disampaikan setelah tim investigasi menyelesaikan tugasnya di lapangan,"" ujar dia. Sebelumnya, aparatur desa setempat menepis anggapan bahwa warga terbiasa memulung logam sisa pemusnahan. Sebaliknya, mereka mengeklaim bahwa warga diminta untuk turut serta dalam proses tersebut. Hal senada juga disampaikan Agus (55), kakak kandung Rustiwan, salah satu korban tewas dalam ledakan amunisi. Agus menolak adiknya disebut sebagai pemulung karena Rustiwan telah bekerja selama 10 tahun membantu TNI dalam pemusnahan amunisi kedaluwarsa, bukan hanya di Garut, tetapi juga di Yogyakarta dan daerah lainnya. 9 Warga Sipil Jadi Korban Ledakan Amunisi di Garut, TNI AD: Masih dalam Penyelidikan Terkait hal ini, Wahyu tidak memberikan tanggapan spesifik, namun menekankan bahwa semua aspek, termasuk keterlibatan pihak sipil, akan menjadi bagian dari investigasi yang dilakukan. Kepala Pusat Penerangan TNI Mayjen Kristomei Sianturi sebelumnya menyebut warga yang menjadi korban ledakan amunisi kedaluwarsa di Garut, Jawa Barat, sedang ingin mengumpulkan bekas granat hingga mortir. ""Memang biasanya apabila selesai peledakan, masyarakat datang untuk ambil sisa-sisa ledakan tadi, apakah serpihan-serpihan logamnya yang dikumpulkan, kemudian tembaga, atau besi, yang memang bekas dari granat, mortir, itu yang biasanya masyarakat ambil logam tersebut,"" ujar Kristomei dalam tayanganKompas TV, Senin. Dalam peristiwa ledakan tersebut, empat prajurit TNI dan sembilan warga sipil meninggal dunia."
"Kisruh Letjen Kunto, Eks Kabais TNI Dorong ""Ganti Mesin"" di Tubuh TNINews5 Mei 2025Soleman mengatakan, harus ada upaya penyelamatan terhadap TNI. Karena terdapat sejumlah diskursus yang terjadi terhad",5 Mei 2025,https://nasional.kompas.com/read/2025/05/05/13271111/kisruh-letjen-kunto-eks-kabais-tni-dorong-ganti-mesin-di-tubuh-tni,"JAKARTA, - Mantan Kepala Badan Intelijen Strategis (Kabais)TNI, Laksamana Muda (purn) Soleman B Ponto menyinggung perlunya ""ganti mesin"" di internal TNI untuk memperbaiki institusi tersebut. Sebab, kisruh mutasiLetjen Kunto Arief Wibowoyang merupakan putra Wakil Presiden ke-6 Republik Indonesia Try Sutrisno menunjukkan bahwa TNI saat ini sedang tidak baik-baik saja. ""Gampang (untuk memperbaikinya), ganti mesin. Ya ganti mesin, ya rotasinya diganti saja itu, karena sudah susah kita memperbaiki, karena kalau memperbaiki ini ya sudah. Di tentara itu selalu kesalahan itu akan ada hukuman itu sudah pasti ada, dan ini adalah sesuatu yang membuat menggoncang negeri ini,"" ujar Soleman dalam acara Sapa Indonesia Pagi Kompas TV, Senin (5/5/2025). Anggota DPR Ungkap Kemungkinan Arahan Presiden Ke-7 dalam Mutasi Letjen Kunto Soleman sendiri tak menjelaskan lebih detail terkait pernyataannya terkait ganti mesin di tubuh TNI itu. Ia hanya menjelaskan, harus ada upaya penyelamatan terhadap TNI. Karena terdapat sejumlah diskursus yang terjadi terhadap TNI dalam beberapa waktu terakhir. ""Jadi ini harus segera, karena kita dalam situasi tidak baik-baik saja, sudah kedua kali terjadi, jangan sampai ketiga kali. Makanya harus ada rescue namanya, bagaimana rescue ini supaya ini tidak terjadi kembali,"" ujar Soleman. Terkait mutasi Letjen Kunto yang akhirnya batal, ia melihat adanya sistem di TNI saat ini yang tidak berjalan sebagaimana mestinya. Kisruh Mutasi Letjen Kunto, Panglima TNI Disebut Lakukan Pembangkangan Karena sebelum keluarnya keputusan mutasi dan rotasi perwira tinggi, harus melewati proses yang panjang dalam Dewan Kepangkatan dan Jabatan Tinggi (Wanjakti). ""Kalau ini tiba-tiba seperti begini, ya kita tidak bisa melihat bahwa ini hanya sesuatu yang biasa saja, ini sesuatu yang luar biasa,"" ujar Soleman. ""Saya melihat juga ini adalah akibat dari Undang-Undang TNI yang memperpanjang perbintangan ini supaya pensiun lebih panjang. Yang bawah ini ogah-ogahan, 'yaudah kita cungkil aja yang atas biar cepet geser dia, biar kita juga cepat naik',"" sambungnya. Panglima TNI Disorot Usai Polemik Mutasi Letjen Kunto, Anggota DPR: Patut Dievaluasi Diketahui, Letjen Kunto Arief Wibowo awalnya dimutasi berdasarkan Keputusan Panglima TNI Nomor Kep/554/IV/2025 tanggal 29 April 2025. Letjen Kunto yang sebelumnya menjabat sebagai Panglima Kogabwilhan I, ditunjuk menjadi Staf Khusus Kepala Staf TNI Angkatan Darat (KSAD). Namun sehari setelahnya, TNI membatalkan mutasi terhadap tujuh orang pati TNI melalui SK Panglima TNI Nomor Kep/554.a/IV/2025 tertanggal 30 April 2025. Salah satu nama yang dibatalkan mutasinya adalah Letjen Kunto Arief Wibowo."
"Eks Prajurit TNI Diduga Gabung Tentara Rusia, Ini Penjelasan TNI dan PemerintahJawa Timur14 Mei 2025Publik baru-baru ini dihebohkan oleh unggahan viral di TikTok soal seorang pria kenakan dua seragam ",14 Mei 2025,https://www.kompas.com/jawa-timur/read/2025/05/14/155736288/eks-prajurit-tni-diduga-gabung-tentara-rusia-ini-penjelasan-tni-dan,"- Publik baru-baru ini dihebohkan oleh unggahan viral di media sosial TikTok yang memperlihatkan seorang pria mengenakan dua seragam militer berbeda. Pria tersebut tampak memakai seragamTNI ALdengan baret ungu khas Marinir, dan dalam unggahan lain terlihat mengenakan seragam militer Rusia. Akun TikTok @zstorm96 yang mengunggah video itu mengaku sebagai eks prajurit MarinirTNIAL dan kini bergabung dalam operasi militer bersama tentara Rusia. Dalam unggahan yang dibagikan, pria tersebut muncul dalam beberapa video yang menampilkan dirinya berada di tengah-tengah pasukan Rusia, lengkap dengan narasi seputar kehidupannya. Hal ini memunculkan sejumlah pertanyaan di tengah masyarakat: siapa sebenarnya pria ini, bagaimana ia bisa bergabung dengan militer Rusia, dan jalur apa yang ditempuhnya hingga bisa berada di sana? LPSK Hitung Restitusi untuk Keluarga Sales Mobil yang Ditembak Mati Oknum TNI AL di Aceh Dilansir Kompas.com (14/05/2025), TNI Angkatan Laut melalui Kepala Dinas Penerangan Laksamana Pertama TNI I Made Wira Hady mengonfirmasi bahwa pria tersebut adalah Serda Satria Arta Kumbara, mantan anggota Inspektorat Korps Marinir. “Serda Satria Arta Kumbara NRP 111026 mantan anggota Itkormar,” ungkap Wira, Jumat (9/5/2025). Satria dipecat dari dinas militer karena desersi. Ia meninggalkan satuannya tanpa izin dan tidak kembali sejak 13 Juni 2022. Tindakan tersebut dikategorikan sebagai pelanggaran berat dalam institusi militer. “Dalam putusan itu, yang bersangkutan telah dipidana penjara selama 1 tahun dan terdapat pula tambahan pidana berupa pemecatan,” jelas Wira. Pemecatan ini telah berkekuatan hukum tetap sejak 17 April 2023 melalui Akte Nomor AMKHT/56-K/PM.II-08/AL/IV/2023. TNI AL Pecat Serda Satria Arta Kumbara karena Terlibat Perang Rusia-Ukraina Kementerian Luar Negeri juga memberikan tanggapan terkait keberadaan Satria di Rusia. Juru Bicara Kemenlu, Roy Soemirat, menegaskan bahwa tidak ada catatan resmi mengenai keberangkatan Satria ke Rusia. “Betul, tidak ada catatan kedatangan yang bersangkutan di Rusia. Artinya, masuk secara tidak resmi dan tidak tahu dalam kapasitas apa,” ujar Roy, Selasa (13/5/2025). Kemenlu hingga kini masih berkoordinasi dengan Kedutaan Besar Republik Indonesia (KBRI) di Moskwa untuk menelusuri lebih lanjut perihal keberadaan dan aktivitas Satria di Rusia. Viral Eks Marinir TNI AL Jadi Tentara Rusia, Berapa Gajinya?"
"Eks Marinir TNI Gabung Tentara Rusia, Ini Alasan dan Respons TNI ALJawa Barat9 Mei 2025Jagat media sosial TikTok tengah diramaikan oleh kemunculan video seorang pria asal Indonesia yang kini menjadi t",9 Mei 2025,https://www.kompas.com/jawa-barat/read/2025/05/09/210811588/eks-marinir-tni-gabung-tentara-rusia-ini-alasan-dan-respons-tni-al,"– Jagat media sosial TikTok tengah diramaikan oleh kemunculan video seorang pria asal Indonesia yang kini menjaditentara Rusia. Video itu pertama kali diunggah oleh akun TikTok @zsto**** pada Kamis (8/5/2025). Dalam unggahan tersebut, pria itu mengaku dulunya pernah menjadi prajurit Marinir TNI Angkatan Laut (AL) sebelum bergabung dengan militer Rusia. Ia bahkan menyertakan foto saat berada di depan tulisan “Komando Pendidikan Marinir (Kodikmar)” serta potret dirinya mengenakan seragam tempur militer Rusia. “iya memang dulu marinir sekarang bertempur bersama rusia di ukraina,” tulisnya dalam keterangan video. Kolom komentar dalam unggahan itu kini telah dibatasi. TNI AL Buka Suara soal Pecatan Marinir Jadi Tentara Rusia, Kok Bisa? Kepala Dinas Penerangan Angkatan Laut, Laksamana Pertama TNI I Made Wira Hady, membenarkan bahwa sosok dalam video tersebut adalah mantan prajurit Marinir. Ia mengungkapkan identitas pria itu sebagai Serda Satria Arta Kumbara, dengan Nomor Registrasi Pokok (NRP) 111026. “Mantan anggota Itkormar (Inspektorat Korps Marinir),” ujar Wira saat dikutip dari Kompas.com, Jumat (9/5/2025). Wira menjelaskan bahwa Satria telah dipecat dari dinas kemiliteran akibat desersi, yakni tindakan meninggalkan tugas tanpa izin melebihi batas waktu yang ditentukan. Dalam konteks militer, desersi merupakan pelanggaran serius karena menunjukkan ketidakhadiran tanpa izin selama lebih dari 30 hari. Menurut penjelasan Wira, Satria dinyatakan melakukan desersi sejak 13 Juni 2022 dan hingga kini masih berstatus demikian. Ia meninggalkan tugas militernya tanpa pemberitahuan atau izin resmi. Ukraina Selidiki Laporan Tentara Rusia Tembaki Warga Sipil di Kota Garis Depan Selydove Atas perbuatannya, Satria diadili oleh Pengadilan Militer II-8 Jakarta melalui sidang in absentia, yakni persidangan yang digelar tanpa kehadiran terdakwa. “Putusan In Absensia Dilmil II-08 Jakarta. (Terhadap) yang bersangkutan pidana penjara 1 Tahun dan tambahan pidana dipecat berdasarkan putusan perkara No. 56-K/PM.II-08/AL/IV/2023 tanggal 6 April 2023 dan Akte Berkekuatan Hukum Tetap No. AMKHT/56-K/PM.II-08/AL/IV/2023 tanggal 17 April 2023,” kata Wira. Namun, ia tidak merinci apakah Satria sudah menjalani hukuman pidana yang dijatuhkan tersebut."
Anggota TNI AL Pembunuh Jurnalis Juwita Dituntut Penjara Seumur HidupRegional4 Juni 2025Oknum anggota TNI AL Jumran dituntut penjara seumur hidup dalam kasus pembunuhan terhadap wartawati Juwita. Baga,4 Juni 2025,https://regional.kompas.com/read/2025/06/04/112631478/anggota-tni-al-pembunuh-jurnalis-juwita-dituntut-penjara-seumur-hidup,"BANJARBARU, - Kelasi Satu Jumran, oknum anggota TNI AL terdakwakasus pembunuhan jurnalis Juwitadituntut hukuman penjara seumur hidup dalam sidang yang digelar di Pengadilan Militer (Dilmil) I-06 Banjarmasin di Banjarbaru, Rabu (4/6/2025). Tuntutan terhadap terdakwa Jumran tersebut dibacakan Kepala Oditurat Militer (Otmil) III-15 Banjarmasin, Letkol Chk Sunandi dalam sidang yang diketuai Ketua Dilmil I-06 Banjarmasin Letkol Chk Arie Fitriansyah. Selain tuntutan hukuman mati, Jumran jika dituntut pidana tambahan dipecat dari kemiliteran. Pengacara Keluarga Jurnali Juwita Kecewa Sidang Pembacaan Tuntutan Ditunda Tanpa Pemberitahuan ""Pidana tambahan dipecat dari dinas kemiliteran TNI Angkatan Laut,” ujar Sunandi saat membacakan tuntutan. Dalam membacakan tuntutan terhadap terdakwa Jumran, Sunandi mempertimbangkan keterangan dari berbagai saksi serta keterangan dari terdakwa sendiri. Dari keterangan tersebut, terdakwa secara sah dan meyakinkan merencanakan dan melakukan pembunuhan terhadap Juwita. ""Mengingat dakwaan primer telah terbukti secara sah dan meyakinkan sebagaimana didakwakan dalam dakwaan kami,” beber Sunandi. Keluarga Jurnalis Juwita Optimistis Jumran Dituntut Hukuman Mati Sunandi melanjutkan, tidak ada satu pun dakwaan yang dapat meringankan tuntutan terdakwa Jumran. Untuk itu, Sunandi memohon kepada majelis hakim untuk menyatakan Jumran bersalah sesuai Pasal 340 KUHP tentang pembunuhan berencana. ""Hal-hal yang meringankan nihil, berdasarkan uraian di atas kami mohon agar Pengadilan Militer I-06 Banjarmasin menyatakan terdakwa terbukti bersalah melakukan tindak pidana pembunuhan berencana,"" tuntas Sunandi."
Sosok 4 Jenderal Purnawirawan TNI yang Usulkan Pemakzulan GibranNews4 Juni 2025Forum Purnawirawan Prajurit TNI yang mengirimkan surat bernomor 003/FPPTNI/V/2025 kepada DPR dan MPR pada Senin (2/6/2025,4 Juni 2025,https://nasional.kompas.com/read/2025/06/04/07110371/sosok-4-jenderal-purnawirawan-tni-yang-usulkan-pemakzulan-gibran,"JAKARTA, - Empat purnawirawan, yakni Jenderal TNI (Purn)Fachrul Razi, Marsekal TNI (Purn) Hanafie Asnan, Jenderal TNI (Purn) Tyasno Soedarto, dan Laksamana TNI (Purn) Slamet Soebijanto, menyurati DPR dan MPR untuk memproses pemakzulanGibran Rakabuming Rakadari posisi Wakil Presiden. Keempatnya tergabung dalamForum Purnawirawan Prajurit TNIyang mengirimkan surat bernomor 003/FPPTNI/V/2025 kepada DPR dan MPR pada Senin (2/6/2025). ""Dengan ini, kami mengusulkan kepada MPR RI dan DPR RI untuk segera memproses pemakzulan (impeachment) terhadap Wakil Presiden berdasarkan ketentuan hukum yang berlaku,"" demikian bunyi surat tersebut yang sudah dikonfirmasi, Selasa (3/6/2025). DPR Terima Surat Pemakzulan Gibran dari Purnawirawan TNI, Langsung Diserahkan ke Pimpinan Lantas, siapa empat jenderal purnawirawan yang menandatangani surat yang mendorong pemakzulan Gibran itu? Berikut profil singkat keempatnya. Fachrul Razi merupakan pria yang lahir pada 26 Juli 1947. Ia merupakan sosok purnawirawan yang pernah menduduki kursi Menteri Agama (Menag) pada era Presiden Joko Widodo (Jokowi). Sebelum pensiun dari kemiliteran, Fachrul Razi sempat menduduki sejumlah jabatan bergengsi di TNI. Mulai dari Kepala Staf Umum TNI pada 20 Maret 1998 hingga 26 Januari 1999. Kemudian, Sekretaris Jenderal Departemen Pertahanan Keamanan pada 11 Februari 1999 sampai 29 November 1999. Lalu, Wakil Panglima TNI pada 26 Oktober 1999 hingga 20 September 2000. Fachrul Razi juga merupakan pendiri Bravo 5, yang merupakan salah satu relawan pendukung Jokowi-Ma'ruf Amin pada pemilihan presiden (Pilpres) 2019. Momen Canda Prabowo, Megawati, dan Gibran Saat Satu Meja Nama lain yang menandatangani surat dorongan untuk memproses pemakzulan Gibran adalah Marsekal TNI (Purn) Hanafie Asnan. Ia lahir pada 7 November 1945, di Bangkalan, Jawa Timur. Hanafie Asnan mengawali karier sebagai militer di TNI Angkatan Udara setelah menyelesaikan pendidikan di Akabri Bagian Udara pada 1 Desember 1969. Hanafie Asnan diketahui menjabat sebagai Kepala Staf Angkatan Udara (KSAU) pada 3 Juli 1998 hingga 25 April 2002. Tyasno Soedarto merupakan pria kelahiran 14 November 1948, di Magelang, Jawa Tengah. Ia menyelesaikan pendidikan militernya di Akabri pada 1970. Ia pernah menjabat sebagai Pangdam IV/Diponegoro. Kemudian, Tyasno Soedarto dipromosikan menjadi Kepala Badan Intelijen Strategis TNI pada 1999. Setelah itu, Tyasno Soedarto menempati posisi Kepala Staf Angkatan Darat (KSAD) pada periode 20 November 1999 hingga 9 Oktober 2000. Gibran-Megawati Bercanda, Friksi PDIP dan Keluarga Jokowi Sudah Berkurang? Nama terakhir yang menandatangani surat permintaan untuk memproses pemakzulan Gibran adalah Laksamana TNI (Purn) Slamet Soebijanto. Ia lulus dari pendidikan militer Akabri Bagian Laut pada 1973. Slamet Soebijanto kemudian menempuh pendidikan Alut Baru/Ops. School, Belanda, pada 1980. Slamet Soebijanto pernah menduduki sejumlah posisi, seperti Kasie Navi KRI Thamrin (1974), Kadep Navop KRI Rakata (1980), Kasilingstra Ditdik Seskoal (1991), dan Waasrenum TNI (2000). Setelah itu, ia menjabat sebagai Wagub Lemhannas pada 2003. Kemudian pada 18 Februari 2005 hingga 7 November 2007, ia ditunjuk sebagai Kepala Staf Angkatan Laut (KSAL)."
"Profil Fachrul Razi, Eks Wakil Panglima TNI Dorong Pemakzulan GibranNews3 Juni 2025Surat itu juga ditandatangani oleh Marsekal TNI (Purn) Hanafie Asnan, Jenderal TNI (Purn) Tyasno Soedarto, dan Laksam",3 Juni 2025,https://nasional.kompas.com/read/2025/06/03/17132531/profil-fachrul-razi-eks-wakil-panglima-tni-dorong-pemakzulan-gibran,"JAKARTA, - Forum Purnawirawan Prajurit TNI menyurati DPR dan MPR untuk memproses pemakzulanGibran Rakabuming Rakadari posisi Wakil Presiden. Salah satu nama yang menandatangani surat tersebut adalah mantan Wakil Panglima TNI Jenderal TNI (Purn)Fachrul Razi. Sekretaris Forum Purnawirawan Prajurit TNI Bimo Satrio membenarkan surat tersebut. Surat bernomor 003/FPPTNI/V/2025 itu telah dikirimkan ke Sekretariat Jenderal MPR dan Sekretariat Jenderal DPR pada Senin (2/6/2025). ""Ya betul sudah dikirim dari Senin. Sudah ada tanda terimanya dari DPR, MPR, dan DPD,"" ujar Bimo saat dihubungi, Selasa (3/6/2025). DPR Terima Surat Pemakzulan Gibran dari Purnawirawan TNI, Langsung Diserahkan ke Pimpinan Dorongan pemrosesanpemakzulan Gibrantersebut tertera dalam surat tertanggal 26 Mei 2025, yang ditujukan kepada Ketua MPR Ahmad Muzani dan Ketua DPR Puan Maharani. ""Dengan ini, kami mengusulkan kepada MPR RI dan DPR RI untuk segera memproses pemakzulan (impeachment) terhadap Wakil Presiden berdasarkan ketentuan hukum yang berlaku,"" demikian bunyi surat tersebut. Selain Fachrul Razi, surat tersebut juga ditandatangani oleh Marsekal TNI (Purn) Hanafie Asnan, Jenderal TNI (Purn) Tyasno Soedarto, dan Laksamana TNI (Purn) Slamet Soebijanto. Lantas, siapa Jenderal TNI (Purn) Fachrul Razi yang menandatangani surat yang dikirim ke DPR dan MPR itu? Berikut profilnya. 4 Jenderal Purnawirawan TNI Surati MPR-DPR, Dorong Pemakzulan Gibran Fachrul Razi merupakan pria yang lahir pada 26 Juli 1947. Ia merupakan sosok purnawirawan yang pernah menduduki kursi Menteri Agama (Menag) pada era Presiden Joko Widodo (Jokowi). Sebelum pensiun dari kemiliteran, Fachrul Razi sempat menduduki sejumlah jabatan bergengsi di TNI. Mulai dari Kepala Staf Umum TNI pada 20 Maret 1998 hingga 26 Januari 1999. Kemudian, Sekretaris Jenderal Departemen Pertahanan Keamanan pada 11 Februari 1999 sampai 29 November 1999. Lalu, Wakil Panglima TNI pada 26 Oktober 1999 hingga 20 September 2000. Berikut karier militer Fachrul Razi: Momen Canda Prabowo, Megawati, dan Gibran Saat Satu Meja Fachrul Razi juga merupakan pendiri Bravo 5, yang merupakan salah satu relawan pendukung Jokowi-Ma'ruf Amin pada pemilihan presiden (Pilpres) 2019. Setelah pensiun dari TNI, Fachrul Razi juga kerap mengisi pos-pos jabatan sipil seperti Komisaris Utama PT Central Proteina Prima Tbk (CPRO), Komisaris Utama PT Aneka Tambang Tbk (ANTM), dan Anggota Majelis Amanah Pengurus Besar Ormas Mathla'ul Anwar (PBMA)."
"Gaji Bintara TNI dan Seluruh Tunjangannya di 2025Money31 Mei 2025Simak besaran gaji Bintara TNI AD, TNI AL, dan TNI AU beserta seluruh tunjangannya di tahun 2025.",31 Mei 2025,https://money.kompas.com/read/2025/05/31/132639926/gaji-bintara-tni-dan-seluruh-tunjangannya-di-2025,"-Gaji Bintara TNIsudah mengalami beberapa kali penyesuaian. Nominal tunjangan yang diterima prajurit TNI juga sudah beberapa kali mengalami kenaikan. Yang terbaru, untuk besarangaji Bintara TNI AD, TNI AL, dan TNI AU diatur dalam Peraturan Pemerintah (PP) Nomor 6 Tahun 2024. Sebagaimana diketahui, menjadi anggota TNI adalah idaman bagi banyak pemuda di Indonesia. Seleksi pendaftaran menjadi penjaga kedaulatan negara ini setiap tahunnya selalu ketat karena banyaknya pendaftar. Selain gaji tetap dan tunjangan yang dijamin negara, pengabdian dan prestise di tengah masyarakat sebagai anggota TNI membuat profesi ini selalu diminati. Khusus untuk penerimaan bintara rutin dilakukan setiap tahun dengan syarat pendaftar adalah minimal lulusan SMA sederajat. Bila lolos tes seleksi, maka calon prajurit diharuskan menjalani pendidikan Secaba (Sekolah Calon Bintara) dan lulus dengan pangkat pertama adalah Sersan Dua (Serda). Nah berapagaji Bintara TNIAD, TNI AU, dan TNI AL? Berapa Gaji Dosen PNS di Perguruan Tinggi Negeri? Gaji TNI Bintaraterakhir kali mengalami penyesuaian pada 1 Januari 2024 sesuai dengan PP Nomor 6 Tahun 2024. Berikut ini adalah besaran gaji Bintara TNI yang berlaku untuk semua matra: Tunjangan kinerja atau tukin prajurit TNI besarannya diatur dalam Peraturan Presiden Nomor 102 Tahun 2018 tentang Tunjangan Kinerja Pegawai di Lingkungan Tentara Nasional Indonesia. Besaran tunjangan TNI ini berlaku sama di tiga matra. Untuk formula besaran tunjangan di tubuh TNI diatur sesuai dengan kelas jabatan yang ditentukan dari pangkat prajurit. Berikut daftar tunjangan kinerja prajurit TNI: Untuk seorang bintara dengan pangkat pertama Serda, maka masuk kelas jabatan 4, sehingga berhak atas tukin sebesar Rp 2.350.000 per bulan. Berapa Gaji Serda TNI AD, AL, dan AU? Selain tunjangan kinerja yang besarannya relatif paling tinggi dan gaji pokok TNI, prajurit TNI juga masih mendapatkan tunjangan-tunjangan lain. Berikut tunjangan lain bagi TNI: Itulah informasi lengkap seputar gaji Bintara TNI AD, maupungaji Bintara TNI ALdan TNI AU. Minat bergabung menjadi prajurit Bintara? Gaji TNI Plus Semua Tunjangannya di 2025, dari Tamtama hingga Jenderal"
"Panglima TNI Mutasi 117 Pati, Komandan Paspampres Era Jokowi DigantiNews28 Mei 2025Mayjen Achiruddin Darojat sendiri merupakan Komandan Paspampres pada satu tahun terakhir pemerintahan Presiden Joko W",28 Mei 2025,https://nasional.kompas.com/read/2025/05/28/13054561/panglima-tni-mutasi-117-pati-komandan-paspampres-era-jokowi-diganti,"JAKARTA, -Panglima TNIJenderal Agus Subiyanto melakukan mutasi terhadap MayjenAchiruddin Darojatdari posisi Komandan Pasukan Pengamanan Presiden (Danpaspampres) menjadi Pangdam IV/Diponegoro. Mutasi tersebut tertuang dalam Keputusan Panglima TNI Nomor Kep/667/V/2025 yang ditetapkan pada 27 Mei 2025. ""Mutasi ini bukan sekadar proses administratif, tapi merupakan strategi pembinaan karier dan penyegaran organisasi untuk meningkatkan efektivitas tugas. Ini juga bentuk kesiapan TNI dalam menghadapi dinamika yang terus berubah, baik di dalam negeri maupun global,"" ujar Kepala Pusat Penerangan (Kapuspen) TNI Mayjen Kristomei Sianturi lewat keterangannya, Rabu (28/5/2025). Profil Mayjen Edwin, Komandan Paspampres Baru Era Prabowo Pati TNI yang dimutasi itu terdiri dari 47 pati TNI Angkatan Darat, 30 pati TNI Angkatan Laut, dan 40 pati TNI Angkatan Udara. Adapun posisi KomandanPaspampresyang ditinggalkanMayjen Achiruddin Darojatakan diisi oleh Mayjen Edwin Adrian Sumantha, yang sebelumnya menduduki jabatan Komandan Sekolah Staf dan Komando TNI Angkatan Darat (Danseskoad). Mayjen Achiruddin Darojat sendiri merupakanKomandan Paspamprespada setahun terakhir pemerintahan Presiden Joko Widodo (Jokowi). Bagaimana perjalanan karier Mayjen Achiruddin Darojat, berikut profilnya. Mayjen Achiruddin Darojat merupakan pria kelahiran Jakarta pada 15 November 1975. Ia merupakan lulusan Akademi Militer tahun 1997 dari kecabangan Infanteri (Kopassus). Sejumlah jabatan pernah ditempatinya sebelum ditunjuk sebagai Komandan Paspampres era Jokowi pada 29 November 2023. Panglima TNI Mutasi Pangdam Jaya dan Pangdam Diponegoro Pada 20 Januari 2022 hingga 29 Agustus 2022, Achiruddin Darojat menjabat sebagai Komando Resor Militer 074/Warastratama. Selanjutnya pada 29 Agustus 2022 sampai 4 November 2022, ia menduduki posisi Komando Resor 052/Wijayakrama. Setelah itu, Achiruddin Darojat menjabat sebagai Wakil Komandan Jenderal Komando Pasukan Khusus (Kopassus) pada 4 November 2022 hingga 29 November 2023. Mutasi TNI, Wakasau Kini Dijabat Eks Pangkoopsudnas Marsdya Tedi Rizalihadi Berikut riwayat karier Mayjen Achiruddin Darojat:"
"Mutasi TNI, Wakasau Kini Dijabat Eks Pangkoopsudnas Marsdya Tedi RizalihadiNews28 Mei 2025Panglima TNI Jenderal Agus Subiyanto melakukan rotasi jabatan penting. Wakasau kini dijabat Marsdya Tedi Rizal",28 Mei 2025,https://nasional.kompas.com/read/2025/05/28/11574551/mutasi-tni-wakasau-kini-dijabat-eks-pangkoopsudnas-marsdya-tedi-rizalihadi,"JAKARTA, - Panglima TNIJenderal Agus Subiyantomengganti posisi Wakil Kepala Staf Angkatan Udara (Wakasau) yang sebelumnya dijabat Marsdya TNI Andyawan Martono P menjadi Marsdya TNI Tedi Rizalihadi. Tedi sebelumnya adalah Panglima Komando Operasi Udara Nasional (Pangkoopsudnas). Adapun Andyawan dirotasi sebagai Staf Khusus Kepala Staf Angkatan Udara (KSAU) dalam rangka disiapkan sebagai Panglima Komando Pertahanan Udara Nasional (Pangkohanudnas), sebuah organisasi baru dalam tubuh TNI AU. Panglima TNI Mutasi Pangdam Jaya dan Pangdam Diponegoro Sementara itu, posisi yang ditinggalkan Tedi kini dijabat oleh Marsda TNI Minggit Tribowo. Ia sebelumnya adalah Asisten Operasi Kepala Staf Angkatan Udara (Asops KSAU). Kepala Pusat Penerangan (Kapuspen) TNI, Mayjen Kristomei Sianturi, mengatakan bahwa rotasi jabatan merupakan bagian penting dari siklus pembinaan personel di lingkungan TNI. ""Mutasi ini bukan sekadar proses administratif, tapi merupakan strategi pembinaan karier dan penyegaran organisasi untuk meningkatkan efektivitas tugas. Ini juga bentuk kesiapan TNI dalam menghadapi dinamika yang terus berubah, baik di dalam negeri maupun global,"" ujar Kristomei dalam keterangan yang diterimaKompas.com, Rabu (28/5/2025). Mutasi TNI, Mayjen Edwin Adrian Sumantha Jadi Komandan Paspampres Gantikan Mayjen Achiruddin Total 117 Pati yang dimutasi kali ini terdiri dari 47 Pati TNI Angkatan Darat, 30 Pati TNI Angkatan Laut, dan 40 Pati TNI Angkatan Udara. Langkah ini, lanjut Kapuspen, mencerminkan proses regenerasi yang berkesinambungan, sekaligus sebagai bagian dari adaptasi strategis dalam menjagakesiapsiagaan pertahanan nasional."
"Panglima TNI Mutasi 117 Pati, Wakasau hingga Danpaspampres DigantiNews28 Mei 2025Panglima TNI Jenderal Agus Subiyanto mutasi 117 perwira tinggi, posisi wakil KSAU, Pangdam Jaya, hingga Danpaspampres d",28 Mei 2025,https://nasional.kompas.com/read/2025/05/28/11005551/panglima-tni-mutasi-117-pati-wakasau-hingga-danpaspampres-diganti,"JAKARTA,  -Panglima TNI Jenderal Agus Subiyanto melakukan mutasi dan rotasi jabatan terhadap 117 perwira tinggi (pati) TNI. Kepala Pusat Penerangan (Kapuspen) TNI, Mayjen Kristomei Sianturi, mengungkapkan bahwa kebijakan ini resmi tertuang dalam Keputusan Panglima TNI Nomor Kep/667/V/2025 yang ditetapkan pada 27 Mei 2025 tentang pemberhentian dan pengangkatan jabatan di lingkungan Tentara Nasional Indonesia. ""Mutasi ini bukan sekadar proses administratif, tapi merupakan strategi pembinaan karier dan penyegaran organisasi untuk meningkatkan efektivitas tugas. Ini juga bentuk kesiapan TNI dalam menghadapi dinamika yang terus berubah, baik di dalam negeri maupun global,"" kata Kapuspen dalam keterangan pers, Rabu (28/5/2025). Pati TNI yang dimutasi itu terdiri dari 47 pati TNI Angkatan Darat, 30 pati TNI Angkatan Laut, dan 40 pati TNI Angkatan Udara. Deretan Mutasi TNI Terbaru, Sejumlah Danlanud hingga Kadispenau Diganti Beberapa posisi strategis yang diganti dalam keputusan ini antara lain Wakil Kepala Staf TNI Angkatan Udara (Wakasau), Panglima Komando Operasi Udara Nasional (Pangkoopsudnas), Komandan Pasukan Pengamanan Presiden (Danpaspampres), Panglima Kodam Jayakarta (Pangdam Jaya), hingga Kepala Dinas Penerangan TNI Angkatan Laut (Kadispenal). Selain itu, sejumlah jabatan kunci di lingkungan Mabes TNI dan ketiga matra juga turut mengalami perombakan. ""Langkah ini mencerminkan proses regenerasi yang berkesinambungan, sekaligus sebagai bagian dari adaptasi strategis dalam menjaga kesiapsiagaan pertahanan nasional,"" ujar Kristomei. Mutasi TNI, Marsma Deny Muis Jabat Dankopasgat Lebih lanjut, Kapuspen menyampaikan bahwa rotasi ini menjadi bukti nyata komitmen Panglima TNI dalam mendorong modernisasi dan peningkatan kinerja satuan, sejalan dengan visi TNI yang Prima (Profesional, Responsif, Integratif, Modern, dan Adaptif). ""Visi ini menjadi pijakan dalam menyikapi dinamika pertahanan yang kian kompleks serta memperkuat soliditas internal TNI sebagai garda terdepan pertahanan negara,"" kata Kapuspen. Berikut sejumlah pergantian posisi strategis yang tertuang dalam mutasi kali ini: 1. Wakasau: sebelumnya dijabat Marsdya TNI Andyawan Martono P, kini dijabat Marsdya TNI Tedi Rizalihadi 2. Pangkoopsudnas: sebelumnya dijabat Marsdya TNI Tedi Rizalihadi, kini dijabat Marsda TNI Minggit Tribowo 3. Danpaspampres: sebelumnya dijabat Mayjen TNI Achiruddin, kini dijabat Mayjen TNI Edwin Adrian Sumantha 4. Pangdam Jaya: sebelumnya dijabat Mayjen TNI Rafael Granada Baay, kini dijabat Mayjen TNI Deddy Suryadi 5. Kadispenal: sebelumnya dijabat Laksma TNI I Made Wira Hady Arsanta, kini dijabat Laksma TNI Tunggul."
Kapuspen: TNI Tak akan Pernah Terlibat Pembungkaman Suara PublikNews26 Mei 2025Ramai dibahas pencabutan artikel kolom berjudul “Jenderal di Jabatan Sipil: Di Mana Merit ASN?” di laman Detikcom sejak J,26 Mei 2025,https://nasional.kompas.com/read/2025/05/26/15095051/kapuspen-tni-tak-akan-pernah-terlibat-pembungkaman-suara-publik,"JAKARTA, - Kepala Pusat PeneranganTNIMayjenKristomei Sianturimengatakan, TNI tidak akan pernah terlibat dalam upaya pembungkaman suara publik. Hal tersebut disampaikannya dalam merespon dugaanintimidasiyang berimbas pencopotan artikel opini di situs Detikcom. Ia mengatakan, TNI menolak segala bentuk intimidasi terhadap individu ataupun kelompok yang menyampaikan pendapat secara sah dan damai. ""TNI sendiri memegang teguh prinsip netralitas dan tidak akan pernah terlibat dalam upaya membungkam suara publik,"" ujar Kristomei dalam keterangan pers, Senin (26/5/2025). Dewan Pers Terima Laporan Dugaan Penganiayaan Penulis Opini Detikcom Lanjutnya, TNI tidak pernah dan tak akan melakukan tindakan intimidatif terhadap warga yang menjalankan hak konstitusionalnya dalam menyampaikan pendapat. Adapun tuduhan-tuduhan tanpa bukti yang sah justru berpotensi menyesatkan opini publik dan membangun persepsi keliru terhadap pemerintah dan TNI. ""Demokrasi akan tumbuh sehat apabila dijaga bersama dengan sikap saling menghormati, menjunjung tinggi hukum, dan menghindari tuduhan yang tidak berdasar. TNI tetap konsisten berada di garis pengabdian kepada negara dan rakyat Indonesia,"" ujar Kristomei. TNI, kata Kristomei, berkomitmen mendukungkebebasan berpendapat. Termasuk hak menyampaikan aspirasi dan kritik sebagai bagian dari kehidupan demokrasi yang sehat. Lebih lanjut, ia mengimbau masyarakat untuk melaporkan segala bentuk intimidasi atau ancaman yang diterima kepada pihak kepolisian, sebagai institusi yang memiliki kewenangan untuk menyelidiki dan menindaklanjuti laporan secara hukum. Dewan Pers Soroti Pencabutan Artikel Opini Detikcom Sebelumnya, ramai dibahas soal pencabutan salah satu artikel opini yang sempat dimuat di laman Detikcom pada Kamis (22/5/2025). Pencabutan artikel kolom berjudul “Jenderal di Jabatan Sipil: Di Mana Merit ASN?” diperbincangkan pengguna X (Twitter) sejak Jumat (23/5/2025) malam. ""Redaksi menghapus tulisan ini atas rekomendasi Dewan Pers, dan demi keselamatan penulisnya. Harap maklum,"" bunyi keterangan penurunan artikel tersebut. Kompas.com telah mendapatkan izin untuk mengutip keterangan ini, Sabtu (24/5/2025). Ketua Dewan Pers Komaruddin menegaskan, pencabutan berita merupakan kewenangan redaksi media, namun harus dilakukan secara transparan dan tetap menjunjung tinggi prinsip akuntabilitas. ""Dewan Pers menghormati kebijakan redaksi media, termasuk untuk melakukan koreksi atau pencabutan berita dalam rangka menjaga akurasi, keberimbangan, dan memenuhi kepatuhan pada Kode Etik Jurnalistik (KEJ),"" kata Komaruddin, dalam keterangan tertulis."
TNI Bantah Ada Intimidasi di Balik Pencabutan Artikel Opini DetikcomKalimantan Timur26 Mei 2025TNI secara tegas membantah tudingan adanya intimidasi yang menyebabkan pencabutan artikel opini di situs ,26 Mei 2025,https://www.kompas.com/kalimantan-timur/read/2025/05/26/150525888/tni-bantah-ada-intimidasi-di-balik-pencabutan-artikel-opini,"- Tentara Nasional Indonesia (TNI) secara tegas membantah tudingan adanya intimidasi yang menyebabkan pencabutanartikel opinidi situsDetikcom. Bantahan itu diungkapkan Kepala Pusat Penerangan TNI, Mayjen Kristomei Sianturi, menanggapi pencabutan artikel opini berjudul""Jenderal di Jabatan Sipil: Di Mana Merit ASN?”yang terbit pada 22 Mei 2025. “TNI tidak pernah dan tidak akan melakukan tindakan-tindakan intimidatif terhadap warga yang menjalankan hak konstitusionalnya dalam menyampaikan pendapat,” kata Kirstomei dalam keterangan pers yang dirilis Senin (26/5/2025). Dewan Pers Soroti Pencabutan Artikel Opini Detikcom Kristomei menilai tuduhan tanpa bukti tersebut justru berpotensi menyesatkan opini publik serta membangun persepsi keliru bahwa pemerintah dan TNI bersikap militeristik dan anti-demokrasi. Ia mengajak seluruh elemen masyarakat menjaga kondusivitas nasional dengan mengedepankan dialog, komunikasi, dan penyelesaian perbedaan secara bermartabat. “Demokrasi akan tumbuh sehat apabila dijaga bersama dengan sikap saling menghormati, menjunjung tinggi hukum, dan menghindari tuduhan yang tidak berdasar. TNI tetap konsisten berada di garis pengabdian kepada negara dan rakyat Indonesia,” tegas Kristomei. Lebih lanjut, Kristomei menegaskan bahwa TNI mendukung kebebasan berpendapat, termasuk hak menyampaikan aspirasi dan kritik, sebagai bagian dari kehidupan demokrasi yang sehat. Menurutnya, perbedaan pandangan di masyarakat adalah hal yang wajar dan justru menjadi kekuatan dalam membangun bangsa. “TNI sendiri memegang teguh prinsip netralitas dan tidak akan pernah terlibat dalam upaya membungkam suara publik,” ujarnya. TNI juga mengimbau masyarakat untuk melaporkan segala bentuk intimidasi atau ancaman kepada pihak Kepolisian agar dapat ditindaklanjuti secara hukum. Kasus ini mencuat setelah artikel opini""Jenderal di Jabatan Sipil: Di Mana Merit ASN?”dihapus sehari setelah terbit pada 22 Mei 2025 di Detikcom, Dewan Pers menerima laporan dari penulis yang mengaku mengalami intimidasi dan kekerasan setelah menulis opini tersebut. Ketua Komisi Hukum Dewan Pers, Abdul Manan, menjelaskan kronologi peristiwa berdasarkan laporan korban. Dewan Pers Terima Laporan Dugaan Penganiayaan Penulis Opini Detikcom “Dia (penulis opini di Detikcom) melaporkan soal kolomnya yang terbit pada hari itu, 22 Mei, dan peristiwa yang mengikutinya,” kata Abdul kepadaKompas.com, Sabtu (24/5/2025). Abdul mengungkapkan penulis mengalami dua kali kekerasan fisik, yakni saat dipepet dan didorong oleh dua pengendara sepeda motor pada pagi hari hingga terjatuh, dan pada siang hari mengalami tendangan di paha kanan saat membeli makan siang. Pelaku-pelaku tersebut diduga mengintimidasi terkait dengan opini yang ditulis oleh penulis kolom itu. Penulis kolom akhirnya melaporkan kejadian tersebut ke Dewan Pers dan meminta agar Detikcom mencabut artikel yang sempat dimuat. Sebagian artikel ini telah tayang di Kompas.com dengan judul""TNI Respons Artikel Opini Detikcom Dicabut, Bantah Ada Intimidasi""."
"TNI Respons Artikel Opini Detikcom Dicabut, Bantah Ada IntimidasiNews26 Mei 2025TNI angkat bicara soal artikel opini di situs Detikcom yang diabut, membantah adanya intimidasi dan tegaskan dukung kebe",26 Mei 2025,https://nasional.kompas.com/read/2025/05/26/11313021/tni-respons-artikel-opini-detikcom-dicabut-bantah-ada-intimidasi,"JAKARTA,  -Tentara Nasional Indonesia (TNI) membantah adanyaintimidasidi balik pencopotan artikel opini di situsDetikcom. “TNI tidak pernah dan tidak akan melakukan tindakan-tindakan intimidatif terhadap warga yang menjalankan hak konstitusionalnya dalam menyampaikan pendapat,"" kata Kepala Pusat Penerangan TNI Mayjen Kristomei Sianturi dalam keterangan pers, Senin (26/5/2025). Ia mengatakan, tuduhan-tuduhan tanpa bukti yang sah justru berpotensi menyesatkan opini publik dan membangun persepsi keliru bahwa pemerintah dan TNI bersikap militeristik dan anti-demokrasi. TNI mengajak semua elemen masyarakat untuk menjaga kondusivitas nasional dengan mengedepankan dialog, komunikasi, serta menyelesaikan perbedaan secara bermartabat. Dewan Pers Terima Laporan Dugaan Penganiayaan Penulis Opini Detikcom “Demokrasiakan tumbuh sehat apabila dijaga bersama dengan sikap saling menghormati, menjunjung tinggi hukum, dan menghindari tuduhan yang tidak berdasar. TNI tetap konsisten berada di garis pengabdian kepada negara dan rakyat Indonesia,"" kata Kristomei. Kristomei juga menegaskan, TNI berkomitmen mendukung kebebasan berpendapat, termasuk hak menyampaikan aspirasi dan kritik sebagai bagian dari kehidupan demokrasi yang sehat. TNI menekankan bahwa perbedaan pandangan dalam masyarakat adalah hal yang wajar dan justru dapat menjadi kekuatan untuk membangun bangsa. Oleh karena itu, institusi militer ini menolak segala bentuk intimidasi terhadap individu ataupun kelompok yang menyampaikan pendapat secara sah dan damai. Dewan Pers Soroti Pencabutan Artikel Opini Detikcom ""TNI sendiri memegang teguh prinsip netralitas dan tidak akan pernah terlibat dalam upaya membungkam suara publik,"" kata Kristomei. Lebih lanjut, TNI mengimbau masyarakat untuk segera melaporkan segala bentuk intimidasi atau ancaman yang diterima kepada pihak Kepolisian, sebagai institusi yang memiliki kewenangan untuk menyelidiki dan menindaklanjuti laporan secara hukum. Sebelumnya, TNI menjadi sorotan publik setelah kasus pencopotan berita opini yang ditulis seorang penulis di laman Detikcom. Tulisan itu semula berjudul ""Jenderal di Jabatan Sipil: Di Mana Merit ASN?” yang terbit pada 22 Mei 2025. Namun, tulisan tersebut dihapus sehari kemudian. Dewan Pers mengaku menerima laporan dari penulis tersebut bahwa ia diduga mengalami intimidasi. Janji TNI Tak Ambil Alih dan Buat Malu Saat Tempati Jabatan Sipil Ketua Komisi Hukum Dewan Pers Abdul Manan mengungkapkan kronologi kejadian berdasarkan laporan korban yang disampaikan ke Dewan Pers."
"Berapa Gaji Serda TNI AD, AL, dan AU?Money24 Mei 2025Simak besaran gaji serda TNI AD, TNI AL, dan TNI AU yang meliputi gaji pokok dan seluruh tunjangan yang diterima dalam sebulan.",24 Mei 2025,https://money.kompas.com/read/2025/05/24/100435326/berapa-gaji-serda-tni-ad-al-dan-au,"-Berapagaji SerdaTNI AD, TNI AL, maupun TNI AU? Banyak orang yang penasaran berapa gaji yang diperoleh seorang serda yang masuk kategori bintara. Serda atau sersan dua adalah hierarki pertama dalam kepangkatan level bintara di lingkup TNI. Pangkat ini berada di antara pangkat sersan satu dan kopral kepala yang merupakan pangkat tertinggi di level tamtama. Lambang pangkat serda berupa dua garis atau balok sejajar membentuk pola segi tiga terbalik berwarna kuning emas pada lengan seragam. Seorang lulusan SMA yang baru masuk menjadi anggota TNI dari seleksi bintara dan lulus sekolah Secaba (sekolah calon bintara), maka berhak menyandang pangkat serda dalam dinas militer pertamanya. Untuk seluruh komponen penghasilan ataugaji serda, meliputi gaji pokok, tunjangan kinerja, dan tunjangan melekat lainnya dalam lingkungan TNI. Nah berapagaji serda TNI AD, TNI AL, dan TNI AU? Berapa Gaji Dosen PNS di Perguruan Tinggi Negeri? Gaji serda juga ditentukan oleh masa kerjanya di TNI. Semakin tinggi pangkat dan lamanya masa kerja, penghasilan yang diperoleh semakin besar. Gaji serda TNI mengalami penyesuaian terakhir kali per 1 Januari 2024, di mana gaji seluruh anggota TNI naik sebesar 8 persen, sesuai dengan PP Nomor 6 Tahun 2024 yang mengatur gaji TNI AD, TNI AU, dan TNI AL. Merujuk pada regulasi terbaru, gaji serda TNI untuk komponen gaji pokok ditetapkan paling rendah Rp 2.272.100 dan paling tinggi Rp 3.733.700. Besaran ini disesuaikan dengan masa tugas di TNI. Untuk gaji TNI dengan hierarki bintara selengkapnya adalah sebagai berikut: Berapa Gaji PNS 2025? Berikut Rinciannya Sesuai Golongan Selain gaji pokok, seorang anggota TNI dengan pangkat serda juga berhak atas berbagai macam tunjangan. Komponen tunjangan terbesar adalah tunjangan kinerja atau tukin. Anggota TNI dengan pangkat serda berada di kelas jabatan 5, sehingga berhak menerima tukin setiap bulannya sebesar Rp 2.493.000. Selain tunjangan kinerja yang besarannya relatif paling tinggi dan gaji pokok TNI, prajurit TNI juga masih mendapatkan tunjangan-tunjangan lain. Berikut tunjangan lain bagi TNI: Sudah terjawab kanberapa gaji serda TNI AD? Besaran Gaji TNI Plus Tunjangannya, dari Tamtama hingga Jenderal"
Mensesneg Anggap Wajar Perpres Prabowo soal Jaksa Dilindungi TNI-PolriNews23 Mei 2025Mensesneg Prasetyo menyebut Perpres Nomor 66 Tahun 2025 yang mengatur jaksa dilindungi TNI-Polri merupakan bagian k,23 Mei 2025,https://nasional.kompas.com/read/2025/05/23/16333811/mensesneg-anggap-wajar-perpres-prabowo-soal-jaksa-dilindungi-tni-polri,"JAKARTA,  -Menteri Sekretaris NegaraPrasetyo Hadi, menyatakan, langkah PresidenPrabowo Subiantomenerbitkan Peraturan Presiden (Perpres) Nomor 66 Tahun 2025 tentang Perlindungan Negara Terhadap Jaksa dalam Melaksanakan Tugas dan Fungsi Kejaksaan Republik Indonesia adalah hal yang normal. Prasetyo menjelaskan, perpres yang mengatur jaksa dilindungi oleh aparat TNI dan Polri itu itu merupakan bagian dari adanya kerja sama institusi antara Kejaksaan dengan TNI dan Polri. ""Sebenarnya itu sesuatu yang normal saja karena itu bagian dari kerja sama institusi. Ada juga undang-undang Kejaksaan yang mengatur kerja sama teman-teman Kejaksaan dengan teman-teman Kepolisian,"" kata Prasetyo di Kompleks Istana Kepresiendan Jakarta, Jumat (23/5/2025). ""Kemudian juga ada MOU antara teman-teman kejaksaan dengan teman-teman TNI maupun Polri. Jadi sebenarnya itu sesuatu yang lumrah,"" ujar dia melanjutkan. Alasan Keluarga Jaksa Juga Mesti Dilindungi Negara Menurut Prasetyo, kehadiran perpres ini dapat semakin memaksimalkan kerja dalam hal pemberantasan korupsi. ""Jadi kalau kemudian teman-teman di Kejaksaan saling berkoordinasi lintas instansi, kita saling memperkuat karena kita memang memaknai ini sebagai sebuah tim. Kita bekerja bersama-sama,"" imbuh dia. Praseetyo pun menekankan bahwa tidak harus ada ancaman bersifat militer untuk mendapatkan perlindungan dari TNI. ""Tidak selalu harus seperti itu. Lagi pula maksud saya begini, kita tidak perlu terjebak institusinya. Tapi apa yang bisa kita kerjakan, apa yang bisa kita berikan manfaat untuk kepentingan masyarakat, kepentingan bangsa, kepentingan negara,"" imbuhnya. Koalisi Sipil Desak Prabowo-DPR Tinjau Ulang Perpres Perlindungan Jaksa Politikus Partai Gerindra ini menambahkan bahwa pemerintah saat ini sedang banyak melakukan penertiban, termasuk di Kejaksaan. ""Dalam prosesnya, pelaksanaan penertiban-penertiban itu juga lintas institusi. Termasuk proses-proses di lapangannya,"" kata Prasetyo. ""Nah, maka ini menjadi satu kesatuan dalam proses penegakan hukum di kejaksaan, ini menjadi bagian satu kesatuan. Jadi ya, urgensinya dalam rangka mencapai tujuan tadi,"" ujar dia. Juru Bicara Presiden ini meminta publik tidak khawatir berlebih soal adanya perpres ini dan pemerintah juga menghargai kritik publik atas perpres tersebut. Sebagaimana diketahui, dalam perpres ini mengatur bahwa perlindungan jaksa bisa dilakukan oleh TNI dan Polri. Selain itu,Perpres Nomor 66 Tahun 2025ini memuat unsur yang menegaskan TNI bisa menjaga gedung Kejaksaan Republik Indonesia."
Jubir Prabowo Tegaskan Letjen Djaka Sudah Pensiun Dini dari TNINews23 Mei 2025Djaka Budhi Utama resmi pensiun dari TNI untuk menjabat sebagai Direktur Jenderal Bea dan Cukai di Kementerian Keuangan.,23 Mei 2025,https://nasional.kompas.com/read/2025/05/23/15411151/jubir-prabowo-tegaskan-letjen-djaka-sudah-pensiun-dini-dari-tni,"JAKARTA, - Juru Bicara Presiden RI Prabowo Subianto, Prasetyo Hadi, mengonfirmasi bahwaDirektur Jenderal Bea dan CukaiKementerian Keuangan(Kemenkeu) Letnan Jenderal (Letjen)TNIDjaka Budhi Utamatelah mengundurkan diri dari dinas militer. “Sudah (mengundurkan diri dari TNI), mengundurkan diri sebagaimana yang dipersyaratkan,” kata Prasetyo, di Kompleks Istana Kepresidenan, Jakarta, pada Jumat (23/5/2025). Menteri Sekretaris Negara (Mensesneg) RI ini menjelaskan bahwa jabatan yang diemban Djaka bukanlah tugas yang mudah. Ia menegaskan bahwa sesuai dengan peraturan perundang-undangan, Djaka harus mengundurkan diri dari TNI sebelum menjalani penugasan sebagai Direktur Jenderal Bea dan Cukai. Letjen Djaka Disebut Jadi Dirjen Bea Cukai, TNI: Harus Pensiun Dini “Kalau secara peraturan perundang-undangan, beliau harus mengundurkan diri sebelum menjalankan penugasan. Ini kan sifatnya penugasan dan bukan penugasan yang ringan itu,” ujar dia. Diketahui, Djaka sudah dilantik menjadi Direktur Jenderal Bea dan Cukai Kementerian Keuangan (Kemenkeu) pada hari ini. Menteri Koordinator Bidang Perekonomian Airlangga Hartarto sebelumnya telah menegaskan bahwa Djaka Budi Utama, yang baru dilantik sebagai Direktur Jenderal Bea dan Cukai, sudah bukan anggota aktif TNI. TNI Bakal Proses Pengunduran Diri Letjen Djaka jika Benar Jadi Dirjen Bea Cukai Dia memastikan, Djaka sudah berstatus purnawirawan saat diangkat dalam jabatan barunya. ""Purnawirawan, jadi enggak ada masalah (menjabat),"" kata Airlangga, saat ditemui usai menghadiri pelantikan pejabat eselon I Kementerian Keuangan di Jakarta, Jumat (23/5/2025), dikutip Antara."
"BPOM Dukung TNI untuk Produksi Obat-obatan, Apa Alasannya?Tren21 Mei 2025BPOM mendukung langkah TNI yang ingin memproduksi obat-obata. Apa alasannya?",21 Mei 2025,https://www.kompas.com/tren/read/2025/05/21/130000465/bpom-dukung-tni-untuk-produksi-obat-obatan-apa-alasannya-,"-Badan Pengawas Obat dan Makanan(BPOM) mendukung langkah Tentara Nasional (TNI) yang ingin memproduksi obat-obatan. Hal tersebut dikatakan Kepala BPOMTaruna Ikrarsetelah bertemu Menteri PertahananSjafrie Sjamsoeddindan jajaran Kemenhan di Kantor BPOM, Jakarta, Selasa (20/5/2025). Pertemuan BPOM dengan TNI dimaksudkan untuk membangun nota kesepahaman ataumemorandum of understanding(MoU). “Hubungannya dalam apa? Yang berhubungan dengan kita tahu bahwa diKementerian Pertahanan, di TNI ada lembaga obat, lembaga farmasi, yang keinginannya untuk memproduksi obat-obatan sendiri,” jelas Taruna dikutip dariKompas.com, Selasa (20/5/2025). Lalu, apa alasan BPOM dukung TNI untuk memproduksi obat-obatan? BPOM Cabut Izin Edar 4 Kosmetik yang Dipromosikan Bisa Ditelan Taruna menjelaskan, TNI perlu dilibatkan untuk memperkuat ketersediaan dan distribusi obat-obatan. Sebabnya, keterbatasan stok dan distribusi obat menyebabkan harga obat di Indonesia menjadi lebih tinggi daripada negara-negara tetangga. “Kita tahu obat-obatan kan banyak sekali bahan baku kita masih lebih dari 90 persen (impor),” ujar Taruna dikutip dariKompas.com, Selasa (20/5/2025). Taruna juga menyinggung keberadaan industri farmasi nasional yang mendominasi produksi obat di dalam negeri. Meski begitu, industri farmasi nasional masih dihadapkan pada ketersediaan bahan baku obat yang belum teratasi. Taruna menambahkan, Indonesia juga masih bergantung pada impor untuk memenuhi salah satu komponen utama dalam produksi obat-obatan, yaitu kapsul. “Kalau dalam konteks swasta kan kita tahu ada 240-an perusahaan obat. Di situ adamanufacturing-nya ada pabriknya, ada 3.000-an distributor,” jelas Taruna. “Tapi, kan salah satu masalah kita adalah ketersediaan bahan baku,” tambahnya. Waspada Obat Keras Dijual secara Ilegal, BPOM Bagi Tips Beli Online Taruna menambahkan, kolaborasi dengan Kemenhan dan TNI untuk memproduksi obat-obatan dilakukan secara mandiri lewat lembaga-lembaga farmasi yang dimiliki dua institusi ini. Ia kemudian menyinggung keberadaan rumah sakit (RS) milik TNI dan Polri di seluruh Indonesia."
"[KLARIFIKASI] Tidak Benar TNI Bunuh 1.200 Tentara IsraelCek Fakta19 Mei 2025Berdasarkan penelusuran Tim Cek Fakta Kompas.com, narasi yang mengeklaim TNI dibantu militer Rusia membunuh 1.200 tentara Is",19 Mei 2025,https://www.kompas.com/cekfakta/read/2025/05/19/185800282/-klarifikasi-tidak-benar-tni-bunuh-1.200-tentara-israel,"Berdasarkan verifikasi Kompas.com sejauh ini, ada yang perlu diluruskan terkait informasi ini.  -Di media sosial beredar narasi yang mengeklaim TNI dibantu militer Rusia membunuh 1.200 tentara Israel di Gaza, Palestina. Berdasarkan penelusuran Tim Cek FaktaKompas.com,narasi tersebut perlu diluruskan karena informasinya keliru. Narasi yang mengeklaim TNI dibantu militer Rusia membunuh 1.200 tentara Israel dibagikan oleh akun Facebookini,ini,ini, daninipada Mei 2025. Berikut narasi yang dibagikan: Berita dunia Pasukan israel pupus harapan TNI membunuh 1200 tentara israel dalam 24 jam dibantu rusia Narasi itu disertai video berita dengan judul ""Israel Pupus Harapan, Hampir Seribu Tentara Lenyap dalam Tragedi Gaza Selatan"". Setelah ditelusuri, narasi yang mengeklaim TNI membunuh ribuan tentara Israel mencatut video berita yang diunggah kanal YouTubeSerambinewspada 5 Mei 2025. Video itu memberitakan pengumuman dari militer Israel pada 4 Mei 2025 tentang tewasnya perwira mereka dalam pertempuran di Gaza selatan. Perwira itu antara lain Kapten Noam Ravid (23) dari Sha'arei Tikva, seorang perwira di unit Yahalom, dan Sersan Staf Yaly Seror (20) dari Omer, seorang prajurit di unit tersebut. Selama operasi yang dilakukan Brigade Golani di lingkungan Jenina, Rafah, sebuah terowongan ditemukan di dalam sebuah gedung selama pencarian dan pengepungan di area tersebut. Para pejuang Yahalom, yang dilatih untuk operasi bawah tanah, dipanggil ke tempat kejadian. Selama pemeriksaan terowongan, sebuah alat peledak yang kuat meledak. Ravid dan Seror tewas; dua tentara lainnya terluka parah dan sedang. PemberitaanSerambinewstersebut tidak menyebutkan keterlibatan TNI atau militer Rusia sebagai penyebab tewasnya ribuan tentara Israel. Berdasarkan penelusuran Tim Cek FaktaKompas.com,narasi yang mengeklaim TNI dibantu militer Rusia membunuh 1.200 tentara Israel perlu diluruskan. Setelah ditelusuri, narasi tersebut mencatut video berita yang diunggah kanal YouTubeSerambinewspada 5 Mei 2025. Namun, pemberitaanSerambinewstersebut tidak menyebutkan keterlibatan TNI atau militer Rusia sebagai penyebab tewasnya ribuan tentara Israel."
"TNI AD: Telegram Pengamanan Kejaksaan Bukan untuk Situasi KhususNews18 Mei 2025Kadispenad mengatakan, surat telegram pengamanan kejaksaan tersebut bersifat rutin sebagai bagian dari kerja sama pengama",18 Mei 2025,https://nasional.kompas.com/read/2025/05/18/13525041/tni-ad-telegram-pengamanan-kejaksaan-bukan-untuk-situasi-khusus,"JAKARTA, -TNIAngkatan Darat (AD) menegaskan, surat telegram Kepala Staf Angkatan Darat (KSAD) mengenai pengerahan personel TNI keKejaksaanTinggi (Kajati) dan Kejaksaan Negeri (Kejari) di seluruh Indonesia bukan dikeluarkan dalam situasi khusus. Kepala Dinas Penerangan Angkatan Darat (Kadispenad) Brigjen TNI Wahyu Yudhayana mengatakan, surat tersebut bersifat rutin sebagai bagian dari kerja sama pengamanan antarinstitusi negara. “Jadi, saya perlu menegaskan bahwa surat telegram tersebut tidak dikeluarkan dalam situasi yang bersifat khusus, melainkan merupakan bagian dari kerja sama pengamanan yang bersifat rutin dan preventif, sebagaimana yang juga telah berjalan sebelumnya,"" kata Kadispenad dalam keterangannya, Minggu (18/5/2025). TNI Jaga Kejaksaan, Pengamat Duga Back Up Penanganan Kasus Besar Ia menjelaskan bahwa dalam institusi TNI, terdapat berbagai klasifikasi surat. Surat yang berisikan agar TNI AD mengerahkan pasukan menjaga Kejaksaan tergolong Surat Biasa (SB). ”Surat yang ditanyakan rekan-rekan media tersebut tergolong Surat Biasa (SB),"" tegasnya. Ia menjelaskan, pengamanan di lingkungan Kejaksaan sebenarnya telah dilakukan sebelumnya dalam konteks hubungan antarsatuan. Namun, seiring hadirnya struktur Jaksa Agung Muda Pidana Militer (Jampidmil), kerja sama pengamanan kini ditingkatkan menjadi secara institusional. “Sehingga kehadiran unsur pengamanan dari TNI merupakan bagian dari dukungan terhadap struktur yang ada dan diatur secara hierarkis,"" ungkap Wahyu. Wahyu juga menanggapi narasi kekuatan satu peleton untuk Kejaksaan Tinggi dan satu regu untuk Kejaksaan Negeri yang tertulis dalam surat telegram. Menurutnya, angka itu hanya merupakan gambaran nominatif. “Itu adalah gambaran sesuai struktur yang disiapkan nominatifnya. Namun dalam pelaksanaannya, jumlah personel yang akan bertugas secara teknis diatur dalam kelompok 2 hingga 3 orang dan sesuai kebutuhan/sesuai keperluan,"" tutur Wahyu. TNI Jaga Kejaksaan Dinilai Ilegal Bila Tanpa Perintah Prabowo Wahyu memastikan surat telegram tersebut tidak berkaitan dengan peristiwa tertentu. Dia menyebut kerja sama pengamanan ini merupakan langkah preventif yang bersifat rutin dan telah berjalan sebelumnya. “TNI AD akan selalu bekerja secara profesional dan proporsional, serta menjunjung tinggi aturan hukum sebagai pedoman dalam setiap langkah dan kegiatannya,"" pungkas dia. Sebelumnya diberitakan, pengamat politik dan militer dari Universitas Nasional (Unas), Selamat Ginting menduga ada kasus besar yang ditangani oleh Kejagung sehingga personel TNI dikerahkan untuk menjaga kantor-kantor Kejaksaan. Desak TNI Buka Suara soal Penjagaan Kejaksaan, Puan: Publik Butuh Penjelasan Resmi Ginting berpandangan, pengerahan TNI untuk menjagakejaksaantak masalah demi memberikan dukungan keamanan yang memadai dalam proses penyelidikan maupun penyidikan. ""Saya kira akan ada program besar, misalnya, penyelidikan atau penyidikan kasus korupsi, kasus tanah, kasus penambangan, dan lain-lain yang terkait dengan kekuatan besar sehingga harus di-backup oleh TNI,"" kata Ginting kepada Kompas.com, Jumat (16/5/2025)."
"TNI: Eks OPM Yeremias Foumair Berikrar Setia Kembali ke NKRINews17 Mei 2025Yeremias Foumair, mantan Danyon OPM, kembali ke NKRI setelah bertahun-tahun hidup di hutan.",17 Mei 2025,https://nasional.kompas.com/read/2025/05/17/08321241/tni-eks-opm-yeremias-foumair-berikrar-setia-kembali-ke-nkri,"JAKARTA, - Komandan Batalyon (Danyon) Ayosami dariOrganisasi Papua Merdeka(OPM) Kodap IV/Sorong Raya,Yeremias Foumair, secara sukarela menyatakan ikrar setia kepada Negara Kesatuan Republik Indonesia (NKRI). Pengucapan ikrar itu dilaksanakan di Kampung Fuog, Distrik Aifat Selatan, Kabupaten Maybrat, Papua Barat Daya, pada Kamis (15/5/2025), usai bertahun-tahun hidup dalam pelarian bersama kelompok separatis. Kepala Pusat Penerangan (Kapuspen) TNI Mayjen TNI Kristomei Sianturi mengatakan, kembalinya Yeremias Foumair ke pangkuan NKRI merupakan kemenangan nilai-nilai kebangsaan atas paham separatisme yang menyesatkan. Mengenal Satgas Habema TNI yang Tewaskan 18 Anggota OPM di Sugapa “TNI menghargai Yeremias Foumair untuk kembali ke pangkuan NKRI. Ini bukan sekadar langkah pribadi, tetapi juga simbol kebangkitan kesadaran bahwa NKRI adalah rumah bersama,"" kata Kristomei dalam siaran pers, Sabtu (17/5/2025). Ia menekankan, TNI tetap mengedepankan pendekatan humanis, dialogis, dan profesional dalam setiap kegiatan. Pihaknya pun berkomitmen untuk melindungi hak hidup damai seluruh rakyat Indonesia, khususnya masyarakat Papua. ""TNI tetap akan menerima dengan tangan terbuka apabila anggota OPM ada yang menyadari kesalahannya dan berniat kembali ke pangkuan Ibu Pertiwi,"" ucapnya. Sementara itu, Pangkoops TNI Habema, Mayjen TNI Lucky Avianto, menegaskan kehadiran TNI di Papua berlandaskan pendekatan teritorial yang humanis. “Negara melalui TNI hadir di Papua bukan untuk menciptakan konflik, tetapi untuk menjamin hak dasar seluruh warga negara Indonesia, termasuk masyarakat asli Papua, dalam memperoleh rasa aman, pembangunan yang adil, dan perlindungan dari kekerasan,” ungkapnya. OPM Klaim 3 Anggotanya Tewas oleh Satgas Habema TNI Adapun keputusan Yeremias Foumair kembali setia kepada NKRI menambah deretan eks anggota OPM yang kembali ke pangkuan negara, seiring intensifnya pendekatan persuasif dan peningkatan kesejahteraan di Papua. Ikrar Yeremias dipimpin langsung oleh Komandan Satuan Tugas (Dansatgas) 501/BY Letkol Infanteri Yakhya Wisnu Arianto serta disaksikan Kepala Dinas Pendapatan Daerah Maybrat Mellianus Saas, saudara kandung Yeremias, Cosmas Foumair, tokoh masyarakat, dan kepala kampung setempat. Yeremias juga sempat menyampaikan alasan di balik keputusannya untuk meninggalkan kelompok separatis dan kembali ke pangkuan NKRI. “Saya rindu bertemu istri dan anak-anak saya yang sudah hidup aman damai di kampung. Saya bosan hidup di hutan penuh ketakutan dan penderitaan. Sekarang saya sadar, jalan kekerasan tidak membawa perubahan,” ujar Yeremias."
Berapa Besaran Gaji Anggota TNI dan Polri? Ini RinciannyaTren17 Mei 2025Ini rincian besaran gaji anggota TNI dan Polri sebagaimana diatur dalam Peraturan Pemerintah (PP).,17 Mei 2025,https://www.kompas.com/tren/read/2025/05/17/083000665/berapa-besaran-gaji-anggota-tni-dan-polri-ini-rinciannya,"- Pemerintah mengatur besaran gaji anggota Tentara Nasional Indonesia (TNI) dan Kepolisian Negara Republik Indonesia (Polri), mulai dari pangkat terendah hingga tertinggi. Sebagai informasi, ketentuan besarangaji anggota TNIdan Polri terakhir kali mengalami perubahan pada awal 2024 lalu. Adapungaji TNItertuang dalam PP Nomor 6 Tahun 2024 tentang Perubahan Ketiga Belas Atas Peraturan Pemerintah Nomor 28 Tahun 2001 tentang Peraturan Gaji Anggota Tentara Nasional Indonesia. Sedangkangaji polisisebagai anggota Polri diatur dalam PP Nomor Nomor 7 Tahun 2024 tentang Perubahan Ketiga Belas Atas Peraturan Pemerintah Nomor 29 Tahun 2001 tentang Peraturan Gaji Anggota Kepolisian Negara Republik Indonesia. Kedua PP itu menyebutkan bahwa kenaikan gaji untuk meningkatkan kinerja dan kesejahteraan anggota TNI dan Polri. Selain itu, kenaikan gaji tersebut juga untuk mengakselerasi transformasi ekonomi dan pembangunan nasional. Lantas, berapa besarangaji anggota Polrimaupun TNI tersebut? Kapan Gaji ke-13 PNS Cair? Ini Jadwal dan Besarannya Mengacu PP Nomor 6 Tahun 2024, berikut rincian besaran gaji anggota TNI: Gaji Golongan I Tamtama TNI Gaji Golongan II Bintara TNI Gaji Golongan III Perwira Pertama TNI Gaji Golongan IV Perwira Menengah TNI Gaji Golongan IV Perwira Tinggi TNI DPR hingga Dedi Mulyadi Buka Suara soal Ledakan Pemusnahan Amunisi TNI di Garut Merujuk PP Nomor Nomor 7 Tahun 2024, berikut rincian gaji anggota Polri: Gaji Golongan I Tamtama Polri Gaji Golongan II Bintara Polri Gaji Golongan III Perwira Pertama Polri Gaji Golongan IV Perwira Menengah Polri Gaji Golongan IV Perwira Tinggi Polri Viral, Video Polisi Diduga Rebut Boks Berisi Rokok Ilegal, Ini Kata Bea Cukai dan Polrestabes Surabaya"
"Menunggu DPR Panggil Panglima TNI, Jelaskan Ledakan Amunisi di GarutNews16 Mei 2025Puan Maharani menyuarakan agar Komisi I memanggil Panglima TNI Jenderal Agus Subiyanto untuk menjelaskan ledakan amun",16 Mei 2025,https://nasional.kompas.com/read/2025/05/16/13204721/menunggu-dpr-panggil-panglima-tni-jelaskan-ledakan-amunisi-di-garut,"JAKARTA, - Ketua DPRPuan Maharanimenyuarakan agarKomisi ImemanggilPanglima TNIJenderal Agus Subiyanto untuk menjelaskanledakan amunisidi Desa Sagara, Kabupaten Garut, Jawa Barat. Sebab dalam kejadian tersebut telah memakan 13 korban jiwa, di mana empat anggota TNI dan sembilan lainnya adalah warga sipil. ""Tentu saja nanti Komisi I harus bisa memanggil Panglima dan Danrem atau organ dan jajaran yang pada saat kejadian itu terlibat. Mereka harus bertanggung jawab karena sampai terjadi kejadian seperti itu,"" ujar Puan di Gedung DPR, Senayan, Jakarta, Kamis (15/5/2025). Desakan agar TNI Tak Libatkan Sipil dalam Pemusnahan Amunisi Di samping itu, Puan mendesak agar TNI tak lagi melibatkan masyarakat sipil dalam proses pemusnahan amunisi afkir atau tidak layak pakai. ""Jangan sampai terjadi lagi hal seperti itu. Harus dievaluasi kenapa itu terjadi. Dan lain kali jangan sampai kemudian melibatkan masyarakat sipil,"" ujar Puan. Sementara itu, anggota Komisi I DPR Oleh Soleh mempertanyakan standar operasional prosedur (SOP) TNI dalam peledakan amunisi di Desa Sagara, Kabupaten Garut, yang menyebabkan sembilan warga sipil dan empat anggota TNI meninggal dunia. ""Apakah sudah dilakukan sesuai dengan standard operating procedure (SOP) yang telah ditetapkan atau ada kelalaian yang dilakukan oknum TNI dalam pemusnahan?"" tanya Oleh, Selasa (13/5/2025). Ia menegaskan, harus ada yang bertanggung jawab atas kejadian yang menyebabkan 13 orang meninggal dunia itu. 46 Saksi dari Sipil dan TNI Diperiksa terkait Ledakan Amunisi di Garut Oleh juga meminta TNI untuk melakukan investigasi secara menyeluruh terhadap peledakan amunisi afkir tersebut. ""Korbannya tidak sedikit. Harga nyawa jangan dianggap murah dan enteng. Semoga investigasi yang dilakukan bisa menjadikan masalah ini terang benderang,"" ujar Oleh. Koalisi Masyarakat Sipil untuk Reformasi Sektor Keamanan mengingatkan negara untuk tidak meremehkan jumlah korban meninggal dunia akibatledakan amunisi di Garut, Jawa Barat, Direktur Imparsial, Ardi Manto yang mewakili Koalisi Masyarakat Sipil untuk Reformasi Sektor Keamanan mendorong investigasi secara independen, imparsial, dan transparan terhadap kasus ledakan yang terjadi di Desa Sagara itu. ""Negara tidak boleh meremehkan kematian akibat kelalaian implementasi kebijakan yang berisiko tinggi,"" ujar Ardi dalam keterangannya. Ledakan Amunisi di Garut, TNI AD: Semua Korban Sipil Sudah Diserahkan ke Keluarga Demi investigasi yang independen, imparsial, dan transparan, mereka mendorong keterlibatan Polri dan Komisi Nasional Hak Asasi Manusia (Komnas HAM). Sebab terdapat sembilan warga sipil yang menjadi korban meninggal dalam ledakan amunisi di Garut tersebut."
"Kejagung: TNI Hanya Lakukan Pengamanan Fisik, Bukan Campuri PerkaraNews15 Mei 2025Personel TNI sudah melakukan pengamanan di kompleks Gedung Kejagung sejak enam bulan lalu dan tidak mencampuri urusan ",15 Mei 2025,https://nasional.kompas.com/read/2025/05/15/17475031/kejagung-tni-hanya-lakukan-pengamanan-fisik-bukan-campuri-perkara,"JAKARTA, -Kejaksaan Agung(Kejagung) menjamin pelibatanTNIdi Kejaksaan Tinggi (Kejati) dan Kejaksaan Negeri (Kejari) adalah dalam rangka pengamanan secara fisik, bukan mencampuri urusan perkara. Diketahui, Panglima TNI Jenderal Agus Subiyanto mengeluarkan perintah penguatan pengamanan terhadap Kejati dan Kejari di seluruh Indonesia. ""Peran pengamanan itu kan hanya dilakukan terhadap pengamanan fisik. Jadi tidak dalam konteks mencampuri urusan perkara,"" ujar Kepala Pusat Penerangan Hukum Kejagung Harli Siregar di Kantor Kejagung, Jakarta, Kamis (15/5/2025). TNI Kini Jaga Kejaksaan, Bagaimana dengan Polisi? Ia mencontohkan personel TNI yang sudah melakukan pengamanan di kompleks Gedung Kejagung sejak enam bulan lalu. Selama periode tersebut, TNI hanya bertugas mengamankan kompleks Gedung Kejagung dan tidak terlibat dalam proses penyidikan perkara. ""Itu buktinya bahwa ya kehadiran mereka kan tidak mencampuri urusan penanganan perkara. Pengumuman tersangka, pengumuman penyitaan, penggeledahan, dan terus kita lakukan di sini di mana TNI di situ ada yang mengawal, mengamankan gitu,"" ujar Harli. Di sisi lain, Kejagung juga memiliki sistem pengawasan di internal. Sistem pengawasan tersebut melekat hingga pengawasan fungsional yang dilakukan secara simultan. ""Kami juga akan terus mengawasi bagaimana pelaksanaannya di daerah. Jangan sampai menimbulkan hal-hal yang tidak diinginkan,"" ujar Harli. Alasan TNI Jaga Kantor Kejaksaan, Bukan Polisi Pelibatan TNI dalam pengamanan Kejati dan Kejari di seluruh Indonesia tertuang dalam Telegram Panglima TNI Nomor TR/442/2025 tertanggal 6 Mei 2025. Kepala Pusat Penerangan (Kapuspen) TNI Brigjen Jenderal Kristomei Sianturi mengatakan, pengerahan prajurit TNI dalam pengamanan tersebut merupakan bentuk kerja sama dengan Kejaksaan Agung (Kejagung). Kerja sama TNI dan Kejagung itu tertuang dalam Nota Kesepahaman NK/6/IV/2023/TNI tanggal 6 April 2023. ""Perbantuan TNI kepada Kejaksaan tersebut merupakan bagian dari kerja sama resmi antara Tentara Nasional Indonesia dan Kejaksaan RI yang tertuang dalam Nota Kesepahaman Nomor NK/6/IV/2023/TNI tanggal 6 April 2023,"" kata Kristomei, saat dihubungi Kompas.com, Minggu (11/5/2025). Pengerahan Prajurit Jaga Kejaksaan: Penjelasan TNI, Respons Kejagung dan Kapolri Nota kesepahaman tersebut mencantumkan delapan ruang lingkup kerja sama TNI dengan Kejaksaan Agung. Berikut delapan poin tersebut:"
"2 Peleton TNI Bergantian Jaga Gedung Kejagung, Bagaimana Peran Polisi?Jawa Barat15 Mei 2025Kejagung menegaskan bahwa keterlibatan TNI dalam pengamanan lingkungan kerja bersifat situasional dan berdasa",15 Mei 2025,https://www.kompas.com/jawa-barat/read/2025/05/15/165338488/2-peleton-tni-bergantian-jaga-gedung-kejagung-bagaimana-peran-polisi,"-Kejaksaan AgungRepublik Indonesia melibatkan unsur Tentara Nasional Indonesia (TNI) dalam pengamanan lingkungan kerja Korps Adhyaksa.Kejagungmenegaskan bahwa keterlibatan TNI bersifat situasional dan berdasarkan kebutuhan nyata di lapangan. Kepala Pusat Penerangan Hukum Kejagung,Harli Siregar, menyatakan bahwa personel TNI yang diturunkan ke Gedung Kejagung berjumlah sekitar dua peleton. Namun, mereka tidak berjaga sekaligus, melainkan menggunakan sistem shift. ""Kan bukan dua peleton itu sekali berjaga. Itu kan shift-shiftan. Jadi nanti diatur jadwalnya. Misalnya berapa orang, 6, 7, 8, secara teknis mereka yang paham dari sisi pengamanan,"" ujar Harli di Jakarta, Kamis (15/5/2025). Kejagung Jamin Pengamanan Gedung oleh TNI Tak Akan Pengaruhi Penanganan Kasus Keterlibatan TNI dalam pengamanan juga diterapkan di kejaksaan tinggi (kejati) dan kejaksaan negeri (kejari). Namun, jumlah personel yang dilibatkan bersifat situasional dan disesuaikan dengan kebutuhan masing-masing satuan kerja. Berdasarkan Surat Telegram (TR) dari Panglima TNI, maksimal 30 personel TNI ditempatkan di Kejati dan 10 personel di Kejari. ""Kalau kita lihat di TR itu kan di kejari 10 orang, di kejati 30 orang,"" jelas Harli. TNI Jaga Kejagung, Kapolri: Saya dan Jaksa Agung Juga Sering Komunikasi Meski jumlah itu tidak berarti hadir secara penuh setiap hari, Harli menegaskan kembali bahwa pengaturan jumlah personel disesuaikan dengan kondisi dan dilakukan secara bergantian. ""Kalau langsung 30 orang tiap hari di kantor, ya jadi ramai dong, iya kan? Tapi dilihat kebutuhannya,"" tambahnya. Harli juga menekankan bahwa pengamanan oleh TNI bukan berarti menggantikan peran Kepolisian Republik Indonesia (Polri). Menurutnya, selama ini Polri telah dilibatkan secara aktif dalam pengamanan kegiatan di Kejaksaan, terutama dalam pelaksanaan sidang. ""Kalau dengan teman-teman Polri memang sudah terus berlangsung selama ini. Misalnya pengamanan saat persidangan,"" jelas Harli. Alasan TNI Jaga Kantor Kejaksaan, Bukan Polisi Pengamanan yang dilakukan Polri sudah menjadi bagian dari sistem peradilan pidana terpadu. ""Bahkan penempatan dari unsur-unsur teman-teman di Polri kan sudah ada di kita,"" lanjut Harli. Pengerahan TNI ini merujuk pada Surat Telegram Panglima TNI Nomor TR/422/2025 yang menginstruksikan pengerahan personel dan perlengkapan untuk mendukung pengamanan di Kejati dan Kejari."
"Kejagung Berhitung Kebutuhan dan Anggaran untuk Tambah Penjagaan TNINews14 Mei 2025Kejaksaan Agung merumuskan penambahan personel TNI untuk pengamanan, meski belum ada ancaman signifikan. Simak alasan",14 Mei 2025,https://nasional.kompas.com/read/2025/05/14/15390381/kejagung-berhitung-kebutuhan-dan-anggaran-untuk-tambah-penjagaan-tni,"JAKARTA, - PimpinnKejaksaan Agungsedang merumuskan pembukaan peluang untuk menambahpersonel TNIsebagai tenagapengamanandi jajaran kejaksaan. “Jadi, itu (penambahan personel) yang sedang dirumuskan sesuai dengan kebutuhan, sesuai dengan anggaran, seperti apa,” ujar Kepala Pusat Penerangan Hukum (Kapuspenkum)Kejagung, Harli Siregar, saat ditemui di depan Gedung Penerangan Hukum Kejagung, Jakarta, Rabu (14/5/2025). Respons Singkat Kapolri soal TNI Jaga Kejaksaan Harli mengatakan, ada kemungkinan personel jaga di masing-masing satuan kerja berbeda. Hal ini tergantung pada kebutuhan tempat tersebut. “Mungkin saja tidak sama satu satuan kerja dengan satuan kerja yang lain, misalnya Kejati A dengan Kejati B. Walaupun di telegram itu sudah disebutkan 30 orang, 10 orang, tapi nanti akan disesuaikan,” lanjutnya. TNI Jaga Kantor Kejaksaan Agung sejak 6 Bulan Lalu Kendati demikian, Harli mengatakan sejauh ini kejaksaan tidak mengalami ancaman yang signifikan. “Saya kira kalau terkait potensi, ya kami merasakan biasa-biasa saja. Kan Anda lihat bagaimana kami terus menjalankan tugas fungsi kami. Bahwa ada potensi-potensi, menurut kami itu biasa, sangat biasa,” katanya. Kejagung Pastikan TNI Hanya Jaga Aset Fisik di Kejaksaan Namun, pengamanan ini dilakukan sebagai langkah antisipasi untuk menghindari hal-hal yang tidak diinginkan. “Jadi kalau misalnya ada jaksa mendapat ancaman, itu bagian dari profesi. Dan kita lihat, pengamanan kan di kantor dilakukan, sementara tugas jaksa kanmobileke mana-mana,” kata Harli lagi. Sebelumnya diberitakan, Panglima TNI telah mengeluarkan Surat Telegram (ST) Bernomor TR/422/2025 mengenai perintah penyiapan dan pengerahan personel beserta alat kelengkapan dalam rangka dukungan pengamanan Kejaksaan Tinggi dan Kejaksaan Negeri di seluruh wilayah Indonesia. Surat Telegram Panglima TNI tersebut langsung ditindaklanjuti oleh Kepala Staf Angkatan Darat (Kasad) dengan mengeluarkan Surat Telegram berderajat kilat dengan Nomor ST/1192/2025 tertanggal 6 Mei 2025. Kasad memerintahkan jajarannya menyiapkan dan mengerahkan personel beserta alat kelengkapan dari Satuan Tempur dan Satuan Bantuan Tempur, sebanyak 30 personel untuk pengamanan Kejaksaan Tinggi dan sepuluh personel untuk pengamanan Kejaksaan Negeri. Hal ini lantas menimbulkan polemik dan kritik dari banyak pihak. Pengamat menilai bahwa kejelasan batas fungsi TNI harus terus ditegaskan agar tidak terjadi tumpang tindih kewenangan antara aparat militer dan sipil dalam konteks negara hukum. Anggota DPR Fraksi NasDem Minta Pengerahan TNI Jaga Kejaksaan Dikaji Ulang Sedangkan, Kepala Pusat Penerangan (Kapuspen) TNI Brigjen TNI Kristomei Sianturi menekankan bahwa seluruh bentuk dukungan TNI dilakukan berdasarkan permintaan resmi dan kebutuhan yang terukur. Ia memastikan pengerahan dilakukan sesuai dengan ketentuan hukum yang berlaku. “TNI senantiasa menjunjung tinggi prinsip profesionalitas, netralitas, dan sinergisitas antar-lembaga,” tegas Kristomei."
TNI Perketat Pengawasan Pemusnahan Amunisi Imbas Ledakan di GarutNews14 Mei 2025TNI berkomitmen memperketat pengawasan pemusnahan amunisi setelah ledakan maut di Garut yang menewaskan 13 orang.,14 Mei 2025,https://nasional.kompas.com/read/2025/05/14/08254591/tni-perketat-pengawasan-pemusnahan-amunisi-imbas-ledakan-di-garut,"JAKARTA, - Tentara Nasional Indonesia (TNI) menyatakan akan memperketat pengawasan dalam kegiatanpemusnahan amunisimenyusul insiden ledakan maut di Garut, Jawa Barat, yang menewaskan 13 orang pada Senin (12/5/2025). Komitmen itu disampaikan Kepala Pusat Penerangan (Kapuspen) TNI, Mayjen Kristomei Sianturi, dalam keterangan tertulis yang diterimaKompas.com, Rabu (14/5/2025). ""TNI akan memperketat pengawasan kegiatan pemusnahan amunisi agar kejadian serupa tidak terulang di masa mendatang,"" kata Kapuspen dalam keterangannya, Rabu. Ia menegaskan bahwa TNI akan mengusut tuntas penyebab peristiwa tersebut secara transparan. TNI Siapkan Santunan untuk Keluarga Prajurit yang Gugur dalam Ledakan Amunisi di Garut Di sisi lain, TNI disebut akan mengevaluasi seluruh prosedur pengamanan dalam aktivitas pemusnahan bahan peledak yang tidak layak pakai. “Proses investigasi tengah dilakukan oleh tim dari Puspalad bersama pihak terkait guna memastikan penyebab pasti insiden,"" ungkapnya. Diketahui, ledakan terjadi sekitar pukul 09.30 WIB di lokasi pemusnahan amunisi milik Gupusmu III Puspalad, Desa Sagara, Kecamatan Cibalong, Kabupaten Garut. Tempat tersebut merupakan area yang secara rutin digunakan untuk memusnahkan amunisi kedaluwarsa, dan berada di bawah pengawasan Balai Konservasi Sumber Daya Alam (BKSDA). Menurut Kristomei, seluruh prosedur keamanan telah menjadi standar dalam pelaksanaan kegiatan. Namun, insiden tragis ini memaksa TNI untuk meninjau kembali efektivitas penerapan protokol di lapangan. Panglima TNI Beri Penghormatan Prajurit yang Gugur akibat Ledakan Amunisi di Garut ""Lokasi pemusnahan merupakan lahan milik BKSDA yang secara rutin digunakan untuk kegiatan serupa sesuai prosedur keamanan yang berlaku,"" tutur Kristomei. TNI juga memastikan lokasi kejadian sudah diamankan dan disterilkan untuk menjamin keselamatan warga sekitar. Sebanyak 13 orang dilaporkan tewas dalam insiden tersebut, terdiri dari empat prajurit TNI AD dan sembilan warga sipil. Mereka adalah Kolonel Cpl Antonius Hermawan, Mayor Cpl Anda Rohanda, Kopda Eri Dwi Priambodo, Pratu Aprio Setiawan. Sementara itu, korban dari warga sipil adalah Agus bin Kasmin, Ipan bin Obur, Anwar, Iyus bin Inon, Iyus Rizal bin Saepuloh, Totok, Dadang, Rustiawan, dan Endang."
"Kejagung-TNI Didesak Beri Penjelasan Urgensi Prajurit Jaga KejaksaanNews14 Mei 2025Wakil Ketua Komisi I DPR, Anton Suratto, mendesak TNI dan Kejaksaan Agung menjelaskan pengamanan kejaksaan demi keten",14 Mei 2025,https://nasional.kompas.com/read/2025/05/14/06422901/kejagung-tni-didesak-beri-penjelasan-urgensi-prajurit-jaga-kejaksaan,"JAKARTA, - Wakil Ketua Komisi I DPR Fraksi Demokrat Anton Sukartono Suratto mendesakTNIdanKejaksaan Agung(Kejagung) memberikan penjelasan mengenai pengerahan prajurit TNI ke kantor kejaksaan di seluruh Indonesia bahwa dalam rangka pengamanan. Anton menyebut, penjelasan itu diperlukan demi menjaga ketenangan masyarakat. ""TNI dan Kejaksaan Agung perlu menjelaskan dan memberikan ketenangan kepada masyarakat bentuk pengamanan yang akan dilakukan nantinya seperti apa. Pengamanan tersebut juga harus sesuai dengan ketentuan OMSP yang sudah diatur dalam UU TNI,"" ujar Anton kepadaKompas.com, Selasa (13/5/2025). Anton pun mempertanyakan, apakah ada urgensi atau pertimbangan khusus dari kejaksaan, sehingga meminta pengerahan personel TNI untuk menjaga kejaksaan saat ini. Komisi I Nilai Penjagaan Kejaksaan oleh TNI Bukanlah Intervensi ""Pengamanan ini jangan sampai mengonfirmasi kekhawatiran masyarakat, Kejaksaan Agung dan TNI harus mampu menjamin tidak akan ada intervensi hukum seperti yang dikhawatirkan,"" imbuhnya. Sebelumnya, Panglima TNI Jenderal Agus Subiyanto mengeluarkan perintah untuk mengamankan kantor kejaksaan di seluruh Indonesia, mulai dari kejaksaan tinggi (kejati) hingga kejaksaan negeri (kejari). Melalui telegram pada 6 Mei 2025, Panglima TNI mengerahkan personel dan alat perlengkapan dalam rangka dukungan pengamanan kejati dan kejari di seluruh Indonesia. ""Iya benar, ada pengamanan yang dilakukan oleh TNI terhadap Kejaksaan hingga ke daerah (di daerah sedang berproses), pengamanan itu bentuk kerja sama antara TNI dengan Kejaksaan,"" kata Kapuspenkum Kejagung Harli Siregar saat dikonfirmasi Kompas.com, Minggu (11/5/2025). Komjak Warning Kejagung Soal TNI Jaga Kejaksaan Harli mengatakan, pengamanan tersebut merupakan bentuk kerja sama antara TNI dengan Kejaksaan Agung. ""Itu bentuk dukungan TNI ke Kejaksaan dalam menjalankan tugas-tugasnya,"" ucap dia. Pengerahan prajurit untuk mengamankan kejaksaan ini pun mendapat beragam penolakan dari kelompok sipil."
"Legislator Nilai TNI Bisa Pekerjakan Sipil di Proses Peledakan AmunisiNews13 Mei 2025TB Hasanuddin mendukung keterlibatan warga dalam pemusnahan amunisi expired, namun ada batasan yang perlu diperhati",13 Mei 2025,https://nasional.kompas.com/read/2025/05/13/16480551/legislator-nilai-tni-bisa-pekerjakan-sipil-di-proses-peledakan-amunisi,"JAKARTA, - Anggota Komisi IDPRFraksi PDI-P Mayjen (Purn)TB Hasanuddinmenyebut tentara boleh saja mempekerjakan masyarakat sekitar untuk persiapan kegiatanpeledakan amunisikedaluwarsa. Sebagai mantan jenderal TNI, TB Hasanuddin mengakui proses pemusnahan amunisi kedaluwarsa memang kerap mempekerjakan warga. ""Ada memang ketika mau proses itu misalnya mempekerjakan masyarakat. Ya tidak ada masalah,"" ujar TB Hasanuddin saat dihubungiKompas.com, Selasa (13/5/2025). Ledakan Amunisi di Garut: Korban Warga Sipil hingga Evaluasi SOP Mayor Jenderal Purnawirawan TNI ini menjelaskan warga sipil setempat bisa dipekerjakan untuk menggali lubangnya. Hanya saja, kata dia, penggalian itu dilakukan sebelum amunisi kedaluwarsa didatangkan ke lokasi peledakan, sehingga lokasinya dipastikan masih clear. ""Masih dalam keadaan aman, menggali lubang, sekian meter, dan berapa biji,"" ucapnya. 9 Warga Sipil Jadi Korban Ledakan Amunisi Afkir di Garut, Prosedur Keamanan Dipertanyakan Lalu, pekerjaan lainnya adalah mendirikan tenda hingga menyiapkan makanan. TB Hasanuddin menyatakan pekerjaan-pekerjaan seperti itu boleh dilakoni olehwarga sekitar. Apalagi, warga jadi bisa menambah penghasilannya, meski hanya selama 1-2 hari saja. ""Ya boleh saja begitu, pekerjaan-pekerjaan yang seperti itu boleh saja dilakukan. Dan kalau ada yang mau kerja di situ, ditampung pekerjaannya, kan lumayan walaupun mungkin cuma sehari-dua hari,"" papar TB Hasanuddin. ""Tapi kalau bekerja di pusat peledakan, ya menurut hemat saya tidak lah,"" imbuhnya. Keluarga Korban Ledakan Amunisi Garut: Saya Tak Terima Adik Disebut Pemulung Besi, Ia Kerja untuk TNI... Diketahui, sejumlah anak korban yang tewas akibat ledakan amunisi kadaluwarsa di Garut tak terima dengan narasi yang beredar di media sosial tentang ayah mereka. Hal itu mereka sampaikan kepada Gubernur Jawa Barat Dedi Mulyadi di RSUD Pameungpeuk. Adapun dari 9 dari 13 korban yang meninggal merupakan masyarakat sipil. Netizen pun bertanya-tanya dan berspekulasi mengapa ada masyarakat sipil di lokasi peledakan. “Saya perwakilan dari keluarga. Saya minta pertanggungjawaban. Bapak saya kerja sama tentara, Bapak saya tidak (seperti yang dikatakan orang-orang) mulung,” ujar salah seorang remaja putri sambil menangis, dikutip dari Kompas TV, Selasa (13/5/2025). “Dari zaman sekolah, saya tahu, bapak saya kerja (sama tentara) sudah ke Manado, Makassar, Bali, ke Mabes,” tambah dia kepada Dedi Mulyadi. Remaja ini pun dengan tegas menolak ayahnya disebut nyelonong ke lokasi peledakan untuk memulung amunisi."
"Ledakan Amunisi di Garut, TNI AD: Kami Bertanggung Jawab PenuhNews13 Mei 2025TNI Angkatan Darat bertanggung jawab penuh atas penanganan dan pemakaman korban ledakan amunisi di Garut.",13 Mei 2025,https://nasional.kompas.com/read/2025/05/13/11094651/ledakan-amunisi-di-garut-tni-ad-kami-bertanggung-jawab-penuh,"JAKARTA, -TNI Angkatan Darat(AD) menyatakan bertanggung jawab penuh atas penanganan danpemakaman korbandalam insidenledakan amunisidi Garut, Jawa Barat, pada Senin (12/5/2025) pagi. Pernyataan ini disampaikan Kepala Dinas Penerangan Angkatan Darat (Kadispenad) Brigjen TNI Wahyu Yudhayana, pada Selasa (13/5/2025) pagi. ""Pada kesempatan ini saya menyampaikan bahwa TNI Angkatan Darat bertanggung jawab secara penuh untuk membantu semua proses penanganan dan pemakaman para korban. Baik yang berasal dari jajaran TNI Angkatan Darat maupun yang berasal dari masyarakat sekitar,"" kata Wahyu, dalam keterangan video yang diterima Kompas.com, Selasa. Wahyu menyampaikan bahwa proses penyisiran dan investigasi di lokasi ledakan pada Senin (12/5/2025) malam, sempat dihentikan karena cuaca gelap. Bagaimana Bisa Ada Warga Sipil di Area Ledakan Amunisi Kedaluwarsa di Garut? ""Rencana pagi ini kegiatan penyisiran dan kegiatan tim investigasi akan dilanjutkan kembali,"" terang dia. Diketahui, empat anggota TNI AD dinyatakan gugur dalam peristiwa tersebut. Mereka adalah Kolonel Korps Peralatan Antonius Hermawan, Mayor Korps Peralatan Anda Rohanda, Kopda Eri Prambodo, dan Pratu Afrio Setiawan. Jenazah Kolonel Antonius Hermawan disemayamkan di Bekasi dan akan diberangkatkan siang ini ke kampung halamannya di Sleman, Yogyakarta, melalui Bandara Halim Perdanakusuma. Sementara jenazah Mayor Anda Rohanda akan dibawa ke Cileunyi, Bandung. Lalu, Kopda Eri Prambodo dibawa ke Temanggung, Jawa Tengah. Pagi Ini, TNI AD Lanjutkan Investigasi Insiden Ledakan Amunisi di Garut Sementara itu, jenazah Pratu Afrio Setiawan akan dibawa ke Bolaang Mongondow, Sulawesi Utara, dengan jadwal keberangkatan pada Rabu (14/5/2025) pukul 01.00 WIB melalui Bandara Soekarno-Hatta. ""Untuk korban yang berasal dari masyarakat sekitar, setelah ada izin dari tim medis, nanti akan diambil oleh pihak keluarga masing-masing,"" ujar Kadispenad. ""Dan dimakamkan di tempat pemakaman umum yang ada di desa sekitar,"" tambah dia. TNI AD, tegas Wahyu, melalui jajaran Kodam III/Siliwangi, Korem 062/Tarumanagara, dan Kodim Garut, turut mengawal seluruh proses tersebut hingga tuntas. Wahyu kemudian memohon doa semua pihak agar proses penanganan korban berjalan lancar dan investigasi yang hari ini dilanjutkan kembali memberikan hasil yang jelas. Ia juga menyatakan akan menyampaikan perkembangan terbaru terkait hasil investigasi dalam waktu dekat. Pemusnahan Amunisi TNI Tewaskan 13 Orang, Komisi I DPR: Nyawa Jangan Dianggap Enteng Diberitakan sebelumnya, ledakan dahsyat terjadi di kawasan Desa Sagara, Kecamatan Cibalong, Kabupaten Garut, Jawa Barat, pada Senin pagi. Peristiwa tersebut terjadi saat TNI melaksanakan pemusnahan amunisi kedaluwarsa. Peristiwa memilukan ini menewaskan 13 orang, terdiri dari empat prajurit TNI dan sembilan warga sipil."
TNI Tetap Jaga Kejaksaan meski Dikritik Koalisi SipilNews12 Mei 2025TNI akan tetap menjaga kantor kejari dan kejati meski ramai ditolak masyarakat sipil,12 Mei 2025,https://nasional.kompas.com/read/2025/05/12/11403801/tni-tetap-jaga-kejaksaan-meski-dikritik-koalisi-sipil,"JAKARTA,  -Kepala Pusat PeneranganTNIMayjenKristomei Sianturimenegaskan, TNI akan tetap menjaga kantorkejaksaannegeri (kejari) dan kejaksaan tinggi (kejati) meski ditolak olahkoalisi masyarakat sipil. Kristomei berpandangan tidak ada yang salah dengan kerja sama antara TNI danKejaksaanAgung (Kejagung) tersebut. ""Tetap, tidak ada yang salah dengan kerja sama dan sinergisitas antar lembaga,"" ujar Kristomei kepadaKompas.com, Senin (12/5/2025). Kristomei menjelaskan, surat telegram berisi pengamanan kejaksaan tersebut merupakan bagian dari kerja sama pengamanan yang bersifat rutin dan preventif, sebagaimana yang juga telah berjalan sebelumnya. Tugas-tugas Baru TNI: Didik Anak Nakal, Tanam Kedelai, hingga Jaga Kejaksaan Dia menekankan, perbantuan TNI kepada kejaksaan tersebut merupakan bagian dari kerja sama resmi antara Tentara Nasional Indonesia dan Kejaksaan RI yang tertuang dalam Nota Kesepahaman Nomor NK/6/IV/2023/TNI tanggal 6 April 2023. ""Segala bentuk dukungan TNI tersebut dilaksanakan berdasarkan permintaan resmi dan kebutuhan yang terukur, serta tetap mengacu pada ketentuan hukum yang berlaku. TNI senantiasa menjunjung tinggi prinsip profesionalitas, netralitas, dan sinergisitas antar-lembaga,"" kata Kristomei. ""Hal ini juga sebagai pengejawantahan tugas pokok TNI sebagaimana yang diamanatkan oleh undang-undang untuk melindungi segenap bangsa dan seluruh tumpah darah Indonesia dari ancaman dan gangguan terhadap keutuhan bangsa dan negara,"" imbuh dia. Tugas Baru TNI Jaga Kejaksaan, Kelompok Sipil Beri Sorotan Sebelumnya,Koalisi Masyarakat Sipiluntuk Reformasi Sektor Keamanan menyesalkan adanya surat telegram Panglima TNI yang berisi perintah untuk menyiapkan dan mengerahkan alat kelengkapan dukungan kepada seluruh kejati dan kejari. Mereka menilai, perintah ini bertentangan dengan berbagai regulasi yang ada, terutama Konstitusi, UU Kekuasaan Kehakiman, UU Kejaksaan, UU Pertahanan Negara, dan UU TNI sendiri yang mengatur secara jelas tugas dan fungsi pokok TNI. ""Pengerahan seperti ini semakin menguatkan adanya intervensi militer di ranah sipil, khususnya di wilayah penegakan hukum,"" demikian pernyataan resmi koalisi dalam keterangan tertulisnya, Minggu (11/5/2025). Koalisi menyatakan, tugas dan fungsi TNI seharusnya fokus pada aspek pertahanan dan tidak patut masuk ke ranah penegakan hukum yang dilaksanakan oleh Kejaksaan sebagai instansi sipil. Pengerahan tersebut tidak memiliki dasar hukum yang kuat karena belum ada regulasi resmi yang mengatur perbantuan TNI dalam operasi militer selain perang (OMSP), terutama dalam konteks penegakan hukum. 8 Poin Kerja Sama TNI Jaga Kejaksaan di Seluruh Indonesia Koalisi menyebut pengamanan institusi kejaksaan seharusnya bisa dilakukan oleh satuan pengamanan internal (satpam) tanpa perlu melibatkan personel TNI karena tidak ada ancaman yang bisa menjustifikasi mengharuskan pengerahan satuan TNI. ""Dengan demikian, surat telegram itu sangat tidak proporsional terkait fungsi perbantuannya dan tindakan yang melawan hukum serta undang-undang,"" tulis koalisi. Koalisi memperingatkan bahwa langkah tersebut dapat memengaruhi independensi penegakan hukum dan mengaburkan batas antara fungsi pertahanan dan penegakan hukum serta mengarah pada kembalinya praktik dwifungsi TNI."
"1.146 Personel TNI-Polri Amankan Konferensi OKI di DPR RINews12 Mei 20251.146 personel gabungan diterjunkan untuk mengawal Konferensi ke-19 OKI di Gedung DPR/MPR RI, Senayan, Jakarta, Senin (12/5/2025",12 Mei 2025,https://megapolitan.kompas.com/read/2025/05/12/11105611/1146-personel-tni-polri-amankan-konferensi-oki-di-dpr-ri,"JAKARTA, - Sebanyak 1.146 personel gabungan TNI-Polri diterjunkan untuk mengawal Konferensi ke-19 Parliamentary Union of the OIC Member States (PUIC) atau Persatuan Parlemen Negara-negara yang tergabung dalam Organisasi Konferensi Islam (OKI) di Gedung DPR/MPR RI, Senayan, Jakarta, Senin (12/5/2025). Kapolres Metro Jakarta Pusat Kombes Pol Susatyo Purnomo Condro mengatakan, semua personel pengamanan tidak membawa senjata api demi menciptakan suasana nyaman dan bersahabat bagi para delegasi. “Semua personel sudah kami arahkan agar tidak membawa senjata api. Ini bentuk komitmen kami menjaga suasana tetap kondusif, aman, dan nyaman bagi seluruh tamu dari negara sahabat,” ujar Susatyo dalam keterangannya, Senin. DPR Akan Bawa Isu Palestina Saat Jadi Tuan Rumah Konferensi Parlemen OKI Susatyo menjelaskan, pengamanan tidak hanya dilakukan di lokasi utama sidang, tetapi juga rute kedatangan tamu negara, area penginapan, dan titik strategis lainnya di Senayan. “Kami sudah petakan semua potensi kerawanan, dari lalu lintas, unjuk rasa, hingga gangguan non-fisik seperti siber. Semua kami antisipasi bersama instansi terkait,” katanya. Menurut dia, pengamanan skala besar ini bukan hanya tentang keamanan, melainkan juga mencerminkan wajah Indonesia di mata dunia. “Ini bukan sekadar tugas pengamanan. Ini tentang menunjukkan bahwa Indonesia adalah negara yang ramah, tertib, dan bisa dipercaya sebagai tuan rumah acara internasional,” kata dia. “Karena itu, kami instruksikan seluruh jajaran untuk bekerja dengan hati, menjaga etika, dan mengedepankan sikap profesional,” tegas Susatyo lagi. Untuk diketahui, DPR RI menjadi tuan rumah Konferensi ke-19 Parliamentary Union of the OIC Member States (PUIC) atau Persatuan Parlemen Negara-Negara yang tergabung dalam Organisasi Konferensi Islam (OKI). PUIC ke-19 digelar di Gedung DPR, Senayan, Jakarta, pada 12–15 Mei 2025 dengan tema ""Good Governance and Strong Institutions as Pillars of Resilience"". Indonesia Minta Anggota OKI Kompak Bela Kemerdekaan Palestina Ketua Badan Kerja Sama Antar Parlemen (BKSAP) DPR RI Mardani Ali Sera menyebutkan, kemerdekaan Palestina dan pemberdayaan perempuan akan menjadi isu yang dibawa dalam forum ini. ""DPR akan membawa isuwoman and youth participation, yakni bagaimana peran dan partisipasi perempuan dan generasi muda di negara muslim. Kemudian tentang pembangunan berkelanjutan atausustainable development and environmentantarnegara-negara OKI,” kata Mardani dalam keterangannya, Jumat (9/5/2025). “Serta secara khusus adalah isu Palestina, jadi bagaimana negara-negara OKI ikut berpartisipasi memperjuangkan kemerdekaan Palestina,"" imbuh legislator dari Dapil DKI Jakarta I itu."
"Pengerahan Prajurit ke Kejaksaan Dinilai Langgar Konstitusi, Begini Respons TNINews11 Mei 2025Pihak TNI menyebut, pengerahan prajuritnya untuk pengamanan di lingkungan kejaksaan merupakan bentuk kerja",11 Mei 2025,https://nasional.kompas.com/read/2025/05/11/15262251/pengerahan-prajurit-ke-kejaksaan-dinilai-langgar-konstitusi-begini-respons,"JAKARTA, - Kepala Pusat Penerangan (Kapuspen)TNIBrigjen JenderalKristomei Sianturimengatakan, pengerahan prajurit TNI dalam pengamanan di lingkungan Kejaksaan Tinggi (Kejati) dan Kejaksaan Negeri (Kejari) adalah kerja sama resmi denganKejaksaan Agung. Dia menyatakan, kerja sama tersebut tertuang dalam Nota Kesepahaman NK/6/IV/2023/TNI tanggal 6 April 2023. Hal tersebut disampaikan Kristomei menanggapi kritikKoalisi Masyarakat Sipiluntuk Reformasi Sektor Keamanan, yang menilai pengamanan tersebut melanggar sejumlah regulasi. ""Perbantuan TNI kepada Kejaksaan tersebut merupakan bagian dari kerja sama resmi antara Tentara Nasional Indonesia dan Kejaksaan RI yang tertuang dalam Nota Kesepahaman Nomor NK/6/IV/2023/TNI tanggal 6 April 2023,"" kata Kristomei, saat dihubungi Kompas.com, Minggu (11/5/2025). Pengerahan Prajurit TNI di Lingkungan Kejaksaan Langgar Konstitusi Kristomei mengatakan, nota kesepahaman tersebut mencantumkan delapan ruang lingkup kerja sama TNI dengan Kejaksaan Agung. Delapan ruang lingkup tersebut di antaranya adalah pendidikan dan pelatihan, pertukaran informasi untuk kepentingan penegakan hukum, penugasan prajurit TNI di lingkungan Kejaksaan Republik Indonesia, serta penugasan jaksa sebagai supervisor di Oditurat Jenderal TNI. Selain itu, dukungan dan bantuan personel TNI dalam pelaksanaan tugas dan fungsi Kejaksaan, dukungan kepada TNI di bidang Perdata dan Tata Usaha Negara, meliputi pendampingan hukum, bantuan hukum litigasi dan nonlitigasi, penegakan hukum, serta tindakan hukum lainnya. ""Selanjutnya, pemanfaatan sarana dan prasarana dalam rangka mendukung pelaksanaan tugas dan fungsi sesuai kebutuhan, dan koordinasi teknis penyidikan dan penuntutan serta penanganan perkara koneksitas,"" ujar dia. Soal Pengerahan Prajurit TNI di Kejaksaan, Kejagung: Itu Bentuk Kerja Sama Kristomei menegaskan, segala bentuk dukungan TNI tersebut dilaksanakan berdasarkan permintaan resmi dan kebutuhan yang terukur, serta tetap mengacu pada ketentuan hukum yang berlaku. Dia menambahkan, TNI senantiasa menjunjung tinggi prinsip profesionalitas, netralitas, dan sinergisitas antar-lembaga. ""Hal ini juga sebagai pengejawantahan tugas pokok TNI sebagaimana yang diamanatkan oleh Undang-undang untuk melindungi segenap bangsa dan seluruh tumpah darah Indonesia dari ancaman dan gangguan terhadap keutuhan bangsa dan negara,"" ucap dia. Sebelumnya, Koalisi Masyarakat Sipil untuk Reformasi Sektor Keamanan menilai, pengerahan prajurit TNI di lingkungan kejaksaan melanggar sejumlah regulasi yang ada. Mereka berpendapat, pengerahan seperti ini semakin menguatkan adanya intervensi militer di ranah sipil, khususnya di wilayah penegakan hukum. ""Koalisi Masyarakat Sipil menilai bahwa perintah ini bertentangan dengan banyak peraturan perundang-undangan, terutamaKonstitusi, UU Kekuasaan Kehakiman, UU Kejaksaan, UU Pertahanan Negara, dan UU TNI sendiri, yang mengatur secara jelas tugas dan fungsi pokok TNI,"" demikian pernyataankoalisi masyarakat sipildalam siaran persnya, Minggu (11/5/2025). TNI Sebut Pengerahan Prajurit di Kejaksaan Kerja Sama Rutin, Bukan Situasi Khusus Koalisi menyesalkan adanya telegram Panglima TNI tertanggal 5 Mei 2025 yang berisi perintah penyiapan dan pengerahan alat kelengkapan dukungan kepada Kejaksaan Tinggi dan Kejaksaan Negeri di seluruh Indonesia. Mereka menilai bahwa kerangka kerja sama bilateral antara TNI dan Kejaksaan tidak memiliki dasar hukum yang kuat untuk menjadi dasar pengerahan pasukan perbantuan kepada Kejaksaan. Tugas dan fungsi TNI seharusnya fokus pada aspek pertahanan dan tidak patut masuk ke ranah penegakan hukum yang dilaksanakan oleh Kejaksaan sebagai instansi sipil."
Daftar 32 Pati TNI yang Terima Kenaikan PangkatNews8 Mei 2025Mabes TNI menerima laporan korps kenaikan pangkat terhadap 32 perwira tinggi (Pati) pada Kamis (8/5/2025).,8 Mei 2025,https://nasional.kompas.com/read/2025/05/08/22023351/daftar-32-pati-tni-yang-terima-kenaikan-pangkat,"JAKARTA,  -Markas Besar (Mabes) TNI menerima laporan korps kenaikan pangkat (kenkat) terhadap 32 perwira tinggi (Pati) pada Kamis (8/5/2025). Kepala Staf Umum (Kasum) TNI, Letjen Richard Tampubolon mewakili Panglima TNI Jenderal Agus Subiyanto menerima laporan korps kenaikan pangkat itu di Aula Gatot Subroto, Mabes TNI, Cilangkap, Jakarta Timur, Kamis. ""Kenaikan pangkat tersebut berdasarkan Surat Perintah Panglima TNI Nomor Sprin/838/V/2025 tanggal 6 Mei 2025. Dari total 32 Pati yang naik pangkat, terdiri atas 22 Pati TNI AD, 4 Pati TNI AL, dan 6 Pati TNI AU,"" kata Kepala Pusat Penerangan (Kapuspen) TNI, Mayjen Kristomei Sianturi, dalam keterangannya, Kamis. 32 Pati TNI Naik Pangkat, Kristomei Sianturi Resmi Mayor Jenderal Beberapa perwira tinggi yang naik pangkat di antaranya Danjen Akademi TNI Letjen R. Shidarta Wisnu Graha, Koorsahli KSAD Letjen TNI Muhammad Zamroni, Wakil Gubernur Lemhannas Laksdya TNI Edwin dan Kapuspen TNI Mayjen Kristomei Sianturi. Kristomei menjelaskan, kenaikan pangkat merupakan bentuk penghargaan negara atas prestasi dan dedikasi perwira tinggi dalam pengabdian kepada bangsa negara. ""Kenaikan pangkat juga merupakan kehormatan sekaligus amanah yang harus dijaga. Para perwira tinggi diharapkan dapat terus menunjukkan integritas, kepemimpinan, dan tanggung jawab yang tinggi dalam pelaksanaan tugas,"" ungkap dia. TNI Janji Tak Tutupi Kasus Hukum yang Libatkan Oknum Prajurit Berikut daftar 32 Pati TNI yang menerima kenaikan pangkat: 1. Letjen TNI Muhammad Zamroni 2. Letjen TNI R. Shidarta Wisnu Graha 4. Mayjen TNI Ignatius Eko Djoko Purwanto 5. Mayjen TNI Bima Wisnu Nugraha 6. Mayjen TNI Jannie Aldrin Siahaan 7. Mayjen TNI Trenggono 8. Mayjen TNI Ichsan Firdaus"
TNI Janji Tak Tutupi Kasus Hukum yang Libatkan Oknum PrajuritNews7 Mei 2025Komandan Puspom TNI menegaskan komitmen TNI untuk transparan dalam penanganan kasus hukum prajurit.,7 Mei 2025,https://nasional.kompas.com/read/2025/05/07/15410911/tni-janji-tak-tutupi-kasus-hukum-yang-libatkan-oknum-prajurit,"JAKARTA, - Komandan Pusat Polisi Militer (Danpuspom)TNI, MayjenYusri Nuryanto, menegaskan komitmen TNI untuk bersikap terbuka dan transparan dalam menanganikasus hukumyang melibatkan oknum prajurit. Hal ini disampaikannya usai menghadiri pembukaan Rapat Koordinasi Teknis (Rakornis) Polisi Militer TNI Tahun Anggaran 2025 di Mabes TNI, Cilangkap, Jakarta, Rabu (7/5/2025). “Kita polisi militer tidak akan pernah menutup-nutupi suatu perkara atau kasus yang terjadi. Kita akan selalu transparan, akuntabel, dan terbuka,” ujar Yusri di hadapan awak media. Polisi Militer Tindak Tegas Anggota TNI yang Bekingi Ormas Meresahkan Ia mengapresiasi langkah cepat para komandan satuan polisi militer (Dansatpom) dalam menindaklanjuti berbagai kasus hukum yang sempat viral, seperti insiden penembakan di rest area Tangerang, kasus pembunuhan jurnalis wanita di Kalimantan, dan penembakan tiga polisi di Lampung. “Semua kasus tersebut sudah tertangani dan dilimpahkan kepada oditur militer untuk diproses dalam persidangan,” katanya. Janji Transparan, Danpuspom Tegaskan No Viral, No Justice Tak Berlaku di TNI Terkait proses hukum, Yusri menegaskan bahwa sidang terhadap oknum prajurit TNI pada perkara-perkara itu juga dilaksanakan secara terbuka. “Seperti contoh dalam persidangan-persidangan kemarin, persidangan semuanya dilakukan secara terbuka. Kemarin dari Danpuspomal yang terkait dengan semuanya terekspos. Silakan jadi rekan-rekan, tidak ada, 'Wah ini sidang tertutup untuk oknum'. Tidak ada. Semuanya terbuka,"" jelas Danpuspom. Tentara Gerebek Kasus Narkoba, TNI: Ada di Depan Mata, Masa Dibiarkan? Ia juga menyinggung pentingnya sinergi dengan media dan stakeholder lain, termasuk Kepolisian dan Kejaksaan, dalam membangun kepercayaan publik terhadap institusi TNI. Sebagai catatan, pada awal 2025, sejumlah kasus tindak pidana melibatkan oknum prajurit TNI sebagai tersangka. Mulai dari kasus penembakan terhadap bos rental mobil di rest area Tol Tangerang-Merak pada awal Januari lalu. Kasus ini melibatkan tiga prajurit TNI Angkatan Laut (AL) sebagai tersangka. Kemudian, kasus pembunuhan jurnalis wanita di Banjarbaru, Kalimantan Selatan, pada Maret lalu oleh oknum prajurit TNI AL. Terakhir, ada kasus penembakan terhadap tiga polisi di Kabupaten Way Kanan, Lampung, pada Maret. Kasus ini menyeret dua anggota TNI yang ditetapkan sebagai tersangka."
"Kala Prabowo Bertemu Purnawirawan TNI Usai Heboh Pemakzulan Gibran...News7 Mei 2025Prabowo bertemu dengan para pensiunan TNI dan polisi dalam suatu acara halal bihalal, dan mendapat dukungan dari mere",7 Mei 2025,https://nasional.kompas.com/read/2025/05/07/06022661/kala-prabowo-bertemu-purnawirawan-tni-usai-heboh-pemakzulan-gibran,"JAKARTA, - Presiden RI Prabowo Subianto bertemu dengan para pensiunan TNI dan polisi dalam suatu acara halal bihalal yang digelar oleh Persatuan Purnawirawan Angkatan Darat (PPAD) di Balai Kartini, Jakarta, pada Selasa (6/5/2025). Pertemuan ini tiba-tiba terjadi usai heboh Forum Purnawirawan TNI-Polri menyatakan tuntutan, di mana salah satunya adalah mencopot Wakil PresidenGibran Rakabuming Raka. Forum Purnawirawan TNI-Polri yang mengusulkan pencopotan Gibran terdiri dari sejumlah tokoh senior, termasuk 103 purnawirawan jenderal, 73 laksamana, 65 marsekal, dan 91 kolonel. Prabowo: Negara Kita Sesungguhnya Tidak Perlu Impor BBM dari Mana Pun! Beberapa tokoh yang turut mendatangani usulan ini adalah Jenderal TNI (Purn) Fachrul Razi dan Panglima Angkatan Bersenjata Republik Indonesia (ABRI) periode 1988-1993 Jenderal TNI (Purn) Try Sutrisno. Menariknya, Try Sutrisno menghadiri acara halal bihalal purnawirawan TNI tersebut. Prabowo dan Try Sutrisno terpantau duduk bersama saat acara dimulai. Prabowo bahkan memberi gestur hormat kepada Wapres ke-6 tersebut sebelum berpidato. Plt Ketua Persatuan Purnawirawan TNI Angkatan Darat (AD) Mayjen (Purn) Komaruddin Simanjuntak menyampaikan kepadaPresiden Prabowo Subiantobahwa dia tidak sendirian. Komaruddin menekankan, semua purnawirawan TNI bangga dengan Prabowo. ""Pak Prabowo, percayalah, bahwa Bapak tidak sendirian. Di samping kami yang hadir semua di sini, Bapak bisa menyaksikan betapa bangganya seluruh purnawirawan Indonesia yang Bapak lihat di depan layar,"" ujar Komaruddin. Presiden Prabowo: Yang Menyukseskan Reformasi Itu Tokoh TNI-Polri ""Hidup purnawirawan!"" ucap dia. Komaruddin menuturkan, dirinya mendapat amanah dari seluruh keluarga besar TNI-Polri, bahwa mereka mendukung penuh Prabowo berserta program-programnya. ""Kami menyampaikan amanah dari para sesepuh, para senior, bahwa kami purnawirawan dan seluruh keluarga besar TNI-Polri menyatakan dukungan penuh terhadap seluruh program kebijakan dan langkah-langkah yang baik Bapak Presiden janjikan demi masa depan Indonesia,"" kata Komaruddin."
"Presiden Prabowo: Yang Menyukseskan Reformasi Itu Tokoh TNI-PolriNews7 Mei 2025Prabowo menyebut, untuk menyukseskan reformasi 1998, para purnawirawan TNI-Polri rela mundur dari kekuasaan demi mendoron",7 Mei 2025,https://nasional.kompas.com/read/2025/05/07/05342841/presiden-prabowo-yang-menyukseskan-reformasi-itu-tokoh-tni-polri,"- Presiden RI Prabowo Subianto menyatakan, tokoh-tokoh TNI dan Polri berperan besar dalam menyukseskanreformasi 1998. Ia menegaskan bahwa justru parapurnawirawan TNI-Polri yang rela mundur dari kekuasaan demi mendorong perubahan di Indonesia. ""TNI selalu dituduh bahwa mau jadi diktator. Coba buka sejarah dunia, tunjukkan contoh di mana ada sebuah tentara yang mundur dari politik dari kekuasaan. Kami mundur dengan rela. Yang menyukseskan reformasi itu adalah tokoh-tokoh TNI dan Polri, ABRI,"" kata Prabowo, dalam acara Halalbihalal denganPurnawirawan TNI/Polri di Jakarta, Selasa (6/5/2025), seperti dilansir dari Antara. Ia mengatakan, keputusan paratokoh militeruntuk meninggalkan kekuasaan tidak lepas dari semangat pengabdian dan rasa cinta Tanah Air yang tidak pernah padam, meskipun masa dinas militer telah usai. Prabowo: Soeharto Tak Mau Berkuasa dengan Senjata ""Begitu pensiun, rasa cinta Tanah Air dan tanggung jawab untuk menyelamatkan bangsa masih kuat. Oleh karena itu, banyak senior TNI seperti Pak Edi Sudrajat, Pak Try Sutrisno, Pak SBY, Pak Wiranto, hingga saya sendiri membentuk partai,"" kata dia. Prabowo juga mengungkapkan alasan pribadi di balik keputusannya terjun ke dunia politik dan mendirikanPartai Gerindra. Ia menyebut bahwa langkah tersebut lahir dari rasa tanggung jawab besar kepada bangsa, seperti yang ditanamkan oleh generasi pejuang kemerdekaan. ""Saya terjun ke medan politik karena Angkatan '45 mengajarkan kepada saya dan kepada kalian semua bahwa kita harus menyelamatkan bangsa dan rakyat dan Tanah Air kita,"" kata dia. Ia menyebut, keterlibatan tokoh militer dalam politik bukan untuk merebut kekuasaan, melainkan sebagai bentuk penghormatan terhadap prinsip kedaulatan rakyat. Prabowo di Hadapan Purnawirawan: TNI Selalu Dituduh Mau Jadi Diktator ""Kita tunduk pada kedaulatan rakyat. TNI tidak mau berkuasa dengan senjata,"" kata dia. Ia menyinggung tentang pentingnya memastikan kekayaan bangsa Indonesia dinikmati oleh seluruh rakyat. Ia menyebut, perjuangan di ranah politik adalah cara untuk memperjuangkan keadilan dan kesejahteraan rakyat secara menyeluruh."
"Purnawirawan TNI AD: Pak Prabowo, Percayalah, Bapak Tidak SendirianNews6 Mei 2025Persatuan Purnawirawan TNI AD menyatakan bangga dan akan selalu berada bersama Prabowo Subianto",6 Mei 2025,https://nasional.kompas.com/read/2025/05/06/17282411/purnawirawan-tni-ad-pak-prabowo-percayalah-bapak-tidak-sendirian,"JAKARTA, - Plt Ketua Umum Persatuan Purnawirawan TNI Angkatan Darat (AD) Mayjen (Purn)Komaruddin Simanjuntakmenyatakan, seluruh purnawirawan di Indonesia bangga dan akan selalu berada bersama PresidenPrabowo Subianto. Hal tersebut disampaikan Komaruddin saat menghadiri acara halal bihalal Purnawirawan TNI AD di Balai Kartini, Jakarta, Selasa (6/5/2025), yang turut dihadiri oleh Prabowo. ""Pak Prabowo, percayalah, bahwa Bapak tidak sendirian. Di samping kami yang hadir semua di sini, Bapak bisa menyaksikan betapa bangganya seluruh purnawirawan Indonesia yang Bapak lihat di depan layar,"" ujar Komaruddin. ""Hidup purnawirawan!"" serunya. Hormat Prabowo untuk Try Sutrisno Sebelum Berpidato di Halal Bihalal Purnawirawan TNI Komaruddin menjelaskan, ia mendapat amanah dari seluruh keluarga besar TNI-Polri bahwa mereka mendukung penuh Prabowo dan program-program pemerintah. ""Kami menyampaikan amanah dari para sesepuh, para senior, bahwa kami purnawirawan dan seluruh keluarga besar TNI-Polri menyatakan dukungan penuh terhadap seluruh program kebijakan dan langkah-langkah yang baik Bapak Presiden janjikan demi masa depan Indonesia,"" kata Komaruddin. Purnawirawan TNI tengah menjadi sorotan setelah sebagian purnawirawan membentuk Forum Purnawirawan TNI dan menyamapikan 8 poin tuntutan. Salah satu isi tuntutan itu adalah permintaan agar Majelis Permusyawaratan Rakyat (MPR) RI untuk mencopot Wakil Presiden Gibran Rakabuming Raka. Try Sutrisno Hadiri Halal Bihalal Purnawirawan TNI di Tengah Tuntutan Wapres Gibran Dicopot Selain itu, forum ini juga memintareshufflekabinet terhadap menteri-menteri yang diduga terlibat dalam kasus korupsi. Forum Purnawirawan TNI-Polri yang mengusulkan pencopotan Gibran terdiri dari sejumlah tokoh senior, termasuk 103 purnawirawan jenderal, 73 laksamana, 65 marsekal, dan 91 kolonel. Beberapa tokoh yang turut mendatangani usulan ini adalah Jenderal TNI (Purn) Fachrul Razi dan Panglima Angkatan Bersenjata Republik Indonesia (ABRI) periode 1988-1993 Jenderal TNI (Purn) Try Sutrisno."
"Prabowo Akan Temui Purnawirawan TNI, Lemhannas: Baik untuk Jaga KebersamaanNews6 Mei 2025Gubernur Lemhannas mendukung rencana Prabowo menemui purnawirawan TNI di tengah desakan pemakzulan Gibran Rakab",6 Mei 2025,https://nasional.kompas.com/read/2025/05/06/12323071/prabowo-akan-temui-purnawirawan-tni-lemhannas-baik-untuk-jaga-kebersamaan,"JAKARTA,  -Gubernur Lembaga Ketahanan Nasional (Lemhannas)Ace Hasan Syadzilymerespons positif rencana pertemuan PresidenPrabowo Subiantodengan parapurnawirawan TNIAngkatan Darat (AD) yang bakal digelar pada Selasa (6/5/2025) sore ini. Menurut dia, langkah itu membuktikan Prabowo ingin menjaga kebersamaan antara pemerintah dan para purnawirawan. ""Tentu bagi kami cara Bapak Presiden untuk berinteraksi dan berkomunikasi dengan purnawirawan tersebut merupakan salah satu langkah yang baik untuk menjaga kebersamaan dalam pemerintahan,"" kata Ace dalam jumpa pers di Gedung Lemhannas, Jakarta Pusat, Selasa. Ace berpandangan bahwa Prabowo juga adalah sosok yang terbuka untuk berinteraksi dan berkomunikasi. Sore Ini, Prabowo Bakal Hadiri Halalbihalal Purnawirawan TNI AD Ia mengatakan, Prabowo tidak membatasi komunikasi atau interaksi, termasuk kepada sahabat-sahabatnya yang merupakan purnawirawan TNI. ""Ya, Bapak Presiden ini kan beliau sangat terbuka dengan siapapun, termasuk dengan purnawirawan yang termasuk sahabat-sahabat beliau,"" ungkapnya. Sebelumnya diberitakan, Prabowo Subianto bakal bertemu dengan purnawirawan TNI AD dalam acara halal bihalal di Balai Kartini, Jakarta, pada sore ini. ""Kami menginformasikan bahwa sore hari nanti pukul 16.00 WIB, Presiden Republik Indonesia, Bapak Prabowo Subianto, rencananya akan menghadiri acara Halal Bi Halal dengan purnawirawan TNI AD dan keluarga besar TNI-Polri di Balai Kartini Jakarta,"" kata Deputi Bidang Protokol, Pers, dan Media Sekretariat Presiden Yusuf Permana, dalam keterangannya, Selasa. Prabowo Mau Bertemu Forum Purnawirawan TNI yang Tuntut Gibran Dicopot dari Wapres Yusuf mengatakan, kehadiran Prabowo adalah dalam rangka mempererat tali silaturahmi. ""Kehadiran beliau di acara ini adalah untuk menjalin dan mempererat tali silaturahmi dengan para purnawirawan,"" ucap dia. Purnawirawan TNItengah menjadi sorotan sebagian purnawirawan yang tergabung dalam Forum Purnawirawan Prajurit TNI menyampaikan deklarasi berisi dealapn poin, salah satunya adalah tuntutan untuk melengserkan Gibran. Beberapa yang menandatangani surat pernyataan itu adalah Wakil Panglima TNI periode 1999-2000, Jenderal TNI (Purn) Fachrul Razi, dan Panglima Angkatan Bersenjata Republik Indonesia (ABRI) periode 1988-1993, Jenderal TNI (Purn) Try Sutrisno. Menyikapi tuntutan tersebut, Penasihat Khusus Presiden Bidang Politik dan Keamanan, Wiranto, menjelaskan sikap Presiden Prabowo Subianto. Menurut Wiranto, Prabowo menghormati aspirasi yang disampaikan oleh Forum Purnawirawan TNI-Polri, tetapi presiden juga menyadari pentingnya memahami batasan kewenangan dalam sistem pemerintahan yang menganut prinsip trias politika. ""Yang pertama, kan beliau perlu pelajari dulu isi daristatementitu, isi dari usulan-usulan itu. Dipelajari satu per satu, karena itu masalah-masalah yang tidak ringan, masalah yang sangat fundamental,"" ujar Wiranto dalam konferensi pers yang digelar setelah pertemuan dengan Presiden Prabowo di Istana Kepresidenan, Jakarta, Kamis (24/4/2025)."
"Sore Ini, Prabowo Bakal Hadiri Halalbihalal Purnawirawan TNI ADNews6 Mei 2025Presiden Prabowo Subianto akan hadir dalam halalbihalal purnawirawan TNI AD di Balai Kartini, Jakarta.",6 Mei 2025,https://nasional.kompas.com/read/2025/05/06/11251461/sore-ini-prabowo-bakal-hadiri-halalbihalal-purnawirawan-tni-ad,"JAKARTA, - PresidenPrabowo Subiantobakal bertemu denganpurnawirawan TNI ADdalam acara halalbihalal diBalai Kartini, Jakarta, pada Selasa (6/5/2025) sore. ""Kami menginformasikan bahwa sore hari nanti pukul 16.00 WIB, Presiden Republik Indonesia, Bapak Prabowo Subianto, rencananya akan menghadiri acara halalbihalal dengan purnawirawan TNI AD dan keluarga besar TNI-Polri di Balai Kartini Jakarta,"" kata Deputi Bidang Protokol, Pers, dan Media Sekretariat Presiden Yusuf Permana, dalam keterangannya, Selasa. Soal Presiden Boneka, Golkar: Prabowo Punya Kemandirian Ambil Keputusan Yusuf mengatakan, kehadiran Prabowo adalah dalam rangka mempererat tali silaturahmi. ""Kehadiran beliau di acara ini adalah untuk menjalin dan mempererat tali silaturahmi dengan para purnawirawan,"" ucap dia. Hasan Nasbi: Saya Diperintahkan Tetap Pimpin PCO Diketahui, forum purnawirawan baru-baru ini ramai karena menuntut Wapres Gibran Rakabuming Raka dicopot dari jabatannya. Namun, forum tersebut disebut-sebut tidak mewakili semua purnawirawan TNI."
Kronologi Truk TNI Berisi Amunisi Terbakar di Tol Gempol-PandaanRegional6 Mei 2025Sebuah truk TNI terbakar di Tol Gempol-Pandaan. Simak kronologi dan penyebab insiden ini.,6 Mei 2025,https://surabaya.kompas.com/read/2025/05/06/103305578/kronologi-truk-tni-berisi-amunisi-terbakar-di-tol-gempol-pandaan,"PASURUAN, - Penyebab terbakarnya truk NPS milik TNI dari kesatuan Yonif 509 BY/2 Kostrad diTol Gempol-PandaanKM 774/350A masih dalam penyelidikan, Senin (05/05/2025). Dari hasil penyelidikan sementara, ternyata truk yang meledak merupakan bagian dari rombongan 4 kendaraan yang melakukan perjalanan dari Dermaga Ujung Perak Surabaya menuju Yonif 509 BY/2 Kostrad Jember setelah selesai purnatugas dari Papua. ""Dari iringan 4 truk NPS, truk nomor 2 itu yang mengalami insiden terbakar. Dan akhirnya minggir ke bahu tol karena sopir yang di belakang melihat percikan api,"" kata Komandan 0819 Pasuruan, Letkol Arh Noor Iskak, Selasa (06/05/2025). Pasca-kebakaran Truk TNI, Arus Tol Gempol-Pandaan Dialihkan Berikut kronologi kebakaran truk tersebut: - Pada pukul 20.00 WIB, rombongan Randis Yonif 509 BY/2 Kostrad berangkat dari Dermaga Ujung Perak Surabaya menuju Yonif 509 BY/2 Kostrad Jember, dipimpin oleh Serma Supriyadi (Bintara Yonif 509 BY/2 Kostrad). - Pukul 21.15 WIB, rombongan Randis Yonif 509 BY/2 Kostrad memasuki Gerbang Tol Kejapanan 1, Kecamatan Gempol, Kabupaten Pasuruan - Pada saat perjalanan memasuki wilayah Tol Gempol-Pasuruan sekitar pukul 21.30 WIB, tepatnya di KM 774-200, tiba-tiba salah satu kendaraan dinas (randis) truk NPS rombongan Yonif 509 BY/2 Kostrad yang bermuatan amunisi dan mortir (bahan peledak) terbakar. - Mengetahui randis terbakar, sopir dan pendampingnya menyelamatkan diri dengan lari ke arah depan. Truk TNI Meledak di Tol Gempol-Pasuruan Saat Angkut Amunisi, Ledakannya Terdengar ke Perkampungan - Sekitar 5 menit kemudian terdengar suara ledakan. Pada saat terjadi ledakan, randis di belakangnya berhenti. - Kemudian, dua anggota TNI, Serma Dhino (Pendamping) dan Serka Untung Avisilia (Sopir), ditolong warga untuk dibawa ke IGD RS Pusdik Bhayangkara Porong. - Pukul 22.00 WIB, arah lalu lintas Tol Gempol-Pasuruan dan Gempol-Malang ditutup total dengan tujuan untuk evakuasi dan antisipasi adanya amunisi dan bahan peledak yang belum diamankan. - Pukul 22.30 WIB, 2 unit mobil damkar Kabupaten Pasuruan tiba di lokasi. - Pukul 22.45 WIB, dilaksanakan pemadaman dan pembasahan di lokasi kebakaran. ""Saat ini pihak kita masih menunggu hasil penyelidikan yang dilakukan Sub Denpom V/3-4 Pasuruan,"" ujar dia."
Dudung Abdurachman: Tidak Ada Istilah TNI Takut sama OrmasNews6 Mei 2025Penasihat Khusus Presiden Urusan Pertahanan Nasional Jenderal (Purn) TNI Dudung Abdurachman menekankan bahwa TNI tidak takut kep,6 Mei 2025,https://nasional.kompas.com/read/2025/05/06/05391241/dudung-abdurachman-tidak-ada-istilah-tni-takut-sama-ormas,"JAKARTA, - Penasihat Khusus Presiden Urusan Pertahanan Nasional Jenderal (Purn)TNIDudung Abdurachman menekankan bahwa TNI tidak takut kepadaormasatau organisasi kemasyarakatan. ""Enggak ada istilah TNI takut sama ormas, tidak ada itu istilah itu,"" ujar Dudung di Istana, Jakarta, Senin (5/5/2025). Dudung Minta Hercules dan Gatot Nurmantyo Tak Saling Serang: Redam Emosi, Semua Sudah Dewasa Dudung menjelaskan, TNI tidak pernah memandang masyarakat berdasarkan kelompok. Dia mengatakan, TNI berorientasi pada rakyat. Dengan begitu, ketika ada prajurit yang menghadap pimpinan ormas, itu bukan berarti TNI takut terhadap ormas. ""Ke mana pun TNI itu ke masyarakat, siapa pun sampai masyarakat apa pun istilahnya tidak ada memandang bulu, istilahnya ini kelompok ini kelompok ini,"" tuturnya. Investor Resah, Prabowo Minta Ormas Jangan Ganggu dan Malak ""Semuanya TNI itu kan dari rakyat, oleh rakyat, dan untuk rakyat. Jadi tidak kemudian dia ke pimpinan ormas terus dia menghormati atau dia seakan-akan... Tidak ada itu,"" sambungnya. Sementara itu, kata Dudung, PresidenPrabowo Subiantopun meminta pemerintah menggandeng ormas untuk hal-hal positif. Dia menyebut ormas bisa diajak ikut membangun negara. ""Jadi kalau misalnya ada ormas, silakan bersinergi dengan pemerintah, memberikan masukan, dan mendorong pembangunan pemerintah itu sendiri,"" imbuh eks KSAD ini. Baru-baru ini, fenomena ormas danpremanismemenjadi sorotan publik. Di Bali, pihak pecalang menolak kehadiran ormas Gerakan Rakyat Indonesia Bersatu (GRIB) Jaya. Di Kalimantan Tengah (Kalteng), ada peristiwa penyegelan pabrik milik PT Bumi Asri Pasaman (BAP) oleh DPD GRIB Jaya Kalteng."
"Purnawirawan TNI AD Bertemu Prabowo di Istana, Bahas Apa?Jawa Tengah4 Mei 2025Persatuan Purnawirawan TNI Angkatan Darat (PPAD) memberikan klarifikasi terkait pertemuan mereka dengan Presiden RI, Prabo",4 Mei 2025,https://www.kompas.com/jawa-tengah/read/2025/05/04/145240788/purnawirawan-tni-ad-bertemu-prabowo-di-istana-bahas-apa,"- PersatuanPurnawirawan TNIAngkatan Darat (PPAD) memberikan klarifikasi terkait pertemuan mereka dengan Presiden RI,PrabowoSubianto, di Istana Negara, Jakarta, pada Rabu (30/5/2025). Pertemuan tersebut, menurut PPAD, hanya bertujuan untuk melaporkan dan membahas persiapan acara halal bihalal yang akan diadakan bagi parapurnawirawan TNI-Polri, yang rencananya mengundang Prabowo. Klarifikasi ini disampaikan langsung oleh Ketua Umum PPAD, Mayjen TNI (Purn) Komaruddin Simanjuntak, pada Minggu (4/5/2025), di Kantor PPAD, Matraman, Jakarta Timur. Mahasiswa Gugat UU TNI ke MK, Mensesneg: Apa Lagi yang Mau Digugat? Dalam penjelasannya, Komaruddin menegaskan bahwa pertemuan dengan Prabowo kemarin tidak membahas hal lain selain persiapan acara tersebut. ""Lain dari halal bihalal tidak ada yang kami bicarakan di sana,"" ungkap Komaruddin. Dikatakan, dalam pertemuan itu, panitia acara halal bihalal turut hadir, seperti Ketua Panitia Letjen TNI (Purn) Dodik Widjanarko dan Wakil Ketua Panitia Jenderal TNI (Purn) Agustadi Sasongko Purnomo. Acara halal bihalal yang akan diadakan pada 6 Mei 2025 di Balai Kartini ini, lanjut Komaruddin, akan dihadiri oleh sekitar 1.200 orang, termasuk purnawirawan TNI-Polri, keluarga besar TNI-Polri, gubernur, bupati, anggota DPR, serta sejumlah menteri Kabinet Merah Putih. Sebagai tambahan, Komaruddin juga menegaskan bahwa pernyataan sikap yang pernah mereka sampaikan sebelumnya, tidak akan diulang dalam kesempatan ini. ""Kami mengajak semua pihak untuk saling menyejukkan situasi, saling menghormati, dan menjaga netralitas,"" ujar Komaruddin. Sebelumnya, pada 2 Mei 2025, Komaruddin bersama sejumlah purnawirawan jenderal bintang empat TNI-Polri mengumumkan dukungan mereka terhadap pemerintahan Prabowo Subianto-Gibran Rakabuming Raka. Dalam deklarasi tersebut, PPAD menegaskan lima poin penting, termasuk dukungan terhadap pemerintahan saat ini serta pentingnya soliditas TNI-Polri dalam menjaga NKRI. Komaruddin juga menambahkan bahwa purnawirawan TNI-Polri tetap berpedoman pada nilai-nilai Sapta Marga, Sumpah Prajurit, dan Tri Brata meskipun sudah tidak aktif lagi dalam dinas militer. Letjen Kunto Arief Wibowo Dimutasi, Ayahnya Try Sutrisno Aktif di Forum Purnawirawan TNI-Polri ""Purnawirawan TNI-Polri tetap setia dan taat kepada konstitusi,"" ujarnya. Selain Komaruddin, sejumlah tokoh lainnya turut hadir dalam deklarasi tersebut, termasuk Wiranto, Agum Gumelar, Laksamana (Purn) Siwi Sukma Adji, Marsekal (Purn) Yuyu Sutisna, Letjen (Purn) H.B.L Mantiri, dan Jenderal (Purn) Bambang Hendarso Danuri. Sebagian artikel ini telah tayang di Kompas.com dengan judul""Klarifikasi Purnawirawan TNI Usai Bertemu Prabowo di Istana: Undang Halal Bihalal""."
"TNI Pastikan Dirut PT Timah Restu Widiyantoro Bukan Perwira AktifNews4 Mei 2025TNI menegaskan Restu Widiyantoro, Direktur Utama PT Timah Tbk, bukan perwira aktif. Klarifikasi ini untuk meluruskan pers",4 Mei 2025,https://nasional.kompas.com/read/2025/05/04/09363181/tni-pastikan-dirut-pt-timah-restu-widiyantoro-bukan-perwira-aktif,"JAKARTA, - Tentara Nasional Indonesia (TNI) menegaskan bahwaRestu Widiyantoro, yang baru saja ditunjuk sebagaiDirektur Utama PT Timah Tbk, sudah bukan lagi perwira militer aktif. Klarifikasi ini disampaikan menyusul berkembangnya pemberitaan yang mengaitkan penunjukan tersebut dengan institusi TNI. Kepala Pusat Penerangan (Kapuspen) TNI Brigjen Kristomei Sianturi menyatakan bahwa Restu Widiyantoro merupakanpurnawirawan TNIyang telah lama pensiun dari dinas militer. ""Bahwa Bapak Restu Widiyantoro, lulusan Akmil 1987, merupakan purnawirawan TNI. Beliau sudah lama pensiun dari dinas aktif sebagai prajurit TNI,"" kata Kristomei kepada wartawan, Minggu (4/5/2025). Profil Singkat Restu Widiyantoro, Dirut PT Timah yang Baru Dengan demikian, kata Kristomei, penunjukan Restu sebagai Direktur Utama PT Timah Tbk tidak berkaitan dengan statusnya sebagai anggota militer aktif. TNI menegaskan tidak ada hubungan struktural maupun fungsional antara institusi militer dengan posisi yang kini diemban Restu di perusahaan BUMN sektor pertambangan tersebut. ""TNI menghormati hak setiap purnawirawan untuk berkiprah di masyarakat sesuai kapasitas dan kompetensinya,"" imbuh Kristomei. Penegasan ini disampaikan untuk meluruskan persepsi publik yang mengaitkan penunjukan tersebut dengan dugaan intervensi militer dalam jabatan sipil atau posisi strategis di BUMN. Sebelumnya diberitakan, Restu Widiyantoro diangkat sebagai Dirut PT Timah pada Jumat (2/5/2025) usai perombakan besar-besaran di jajaran direksi dalam rapat umum pemegang saham luar biasa (RUPSLB). Dirut dan Komut PT Timah Diisi Perwira TNI Pemegang saham menyetujui pengangkatan Restu Widiyantoro sebagai Direktur Utama PT Timah, menggantikan Ahmad Dani Virsal. Restu merupakan purnawirawan TNI berpangkat terakhir Kolonel Infanteri. Lulusan Akademi Militer tahun 1987 itu memiliki rekam jejak panjang di dunia militer. Dalam kariernya, ia pernah menjabat sebagai Komandan Korem 022/Pantai Timur, Irdam VI/Mulawarman, serta Komandan Kontingen Indonesia dalam misi perdamaian PBB."
Lansia yang Tewas Terbakar di Dalam Mobil Diduga Pensiunan TNINews3 Juni 2025Lansia yang tewas dalam mobil terbakar di Tangsel diduga merupakan pensiunan TNI dan mantan Ketua RT di lingkungan setempat,3 Juni 2025,https://megapolitan.kompas.com/read/2025/06/03/20123741/lansia-yang-tewas-terbakar-di-dalam-mobil-diduga-pensiunan-tni,"TANGERANG SELATAN,  –Lansia berinisial M (79) yang tewas dalamkebakaran mobildi Perumahan Graha Pondok Kacang, Pondok Aren,Tangerang Selatan, Senin (2/6/2025) malam, diduga merupakanpensiunan TNIdan mantan Ketua RT di lingkungan setempat. ""Iya, (pensiunan TNI). Dia juga mantan Ketua RT 05 RW 03,"" ujar seorang warga setempat, Sari (bukan nama asli), saat ditemuiKompas.com,Selasa (3/6/2025). Sari menyebut, korban sudah cukup lama tinggal di wilayah tersebut, meskipun belakangan berdomisili di RT yang berbeda. Lokasi kejadian sendiri berada di dalam kawasan perumahan Graha Pondok Kacang. Selidiki Mobil Meledak yang Tewaskan Lansia di Tangsel, Polisi Libatkan Puslabfor ""Kalau tempat mobil meledak itu sudah masuk dalam kompleks (perumahan), sudah beda RT tapi masih di sekitar sini,"" jelasnya. Menurut Sari, suara ledakan dari mobil Avanza putih yang terbakar tidak terdengar hingga ke tempat tinggalnya. Namun, kepanikan mulai terasa ketika warga di sekitar lokasi mulai berteriak, termasuk anak korban. ""Enggak (kedengaran), cuma orang dekat doang yang dengar. Kalau di sini kedengarannya pas orang sudah pada teriak,"" ujarnya. Proses pemadaman dilakukan secara manual oleh warga menggunakan air dari selang dan ember. Suami Sari turut membantu dalam upaya pemadaman tersebut. ""Warga langsung padamin apinya manual. Enggak pakai damkar, tapi enggak tahu berapa lama madaminnya,"" imbuhnya. Warga lain bernama Nanang menuturkan, mereka sempat kesulitan memadamkan api karena mobil dalam keadaan tertutup rapat. Akhirnya, mereka memecahkan kaca agar air bisa masuk ke dalam mobil. Baru Ditinggal 5 Menit, Kaca Mobil Dipecah dan Laptop Raib di Depok ""Kami semua inisiatif nyemprot air, cuma posisinya kan tertutup rapat mobilnya. Akhirnya ya supaya air bisa masuk, satu-satunya cara ya memecahkan kaca,"" kata Nanang. Setelah kaca pecah, api perlahan mulai padam. Namun sayangnya, korban ditemukan sudah meninggal dunia di dalam mobil dan langsung dievakuasi oleh warga. ""Itu yang agak lama karena memang terkunci dari dalam,"" tambahnya. Di sisi lain, pihak kepolisian masih menyelidiki penyebab pasti kebakaran minibus yang menewaskan M. Tim dari Pusat Laboratorium Forensik (Puslabfor) Polri juga telah dikerahkan untuk mengusut lebih lanjut. ""Kami telah berkoordinasi dengan Puslabfor Polri untuk mengetahui penyebab kebakaran tersebut,"" kata Kepala Seksi Humas Polres Tangerang Selatan, AKP Agil, saat dikonfirmasi."
"Mutasi TNI: Laksma Tunggul Jadi Kadispenal, Wira Hady Jadi KadisjarahalNews28 Mei 2025Panglima TNI Jenderal Agus Subiyanto melakukan mutasi jabatan strategis di Mabes TNI. Simak detailnya!",28 Mei 2025,https://nasional.kompas.com/read/2025/05/28/18173441/mutasi-tni-laksma-tunggul-jadi-kadispenal-wira-hady-jadi-kadisjarahal,"JAKARTA, - Panglima TNIJenderal Agus Subiyantomelakukan mutasi dan rotasi jabatan strategis di lingkungan Mabes TNI, salah satunya di posisiKadispenal. Jabatan Kepala Dinas Penerangan Angkatan Laut (Kadispenal) yang sebelumnya dijabat oleh Laksamana Pertama (Laksma) TNI I Made Wira Hady, kini diisi oleh Laksma TNI Tunggul. Meninggalkan jabatannya di Kadispenal, Wira kini menduduki jabatan Kepala Dinas Sejarah Angkatan Laut (Kadisjarahal). Mutasi TNI, Pangkoopsudnas Kini Dijabat Minggit Tribowo Adapun Tunggul, sebelumnya merupakan Staf Khusus Kepala Staf Angkatan Laut (KSAL). Ia adalah lulusan Akademi Angkatan Laut (AAL) 1997 dan berasal dari Korps Pelaut. Sedangkan Wira Hady merupakan lulusan AAL 1993 yang juga berasal dari Korps Pelaut. Mutasi TNI, Eks Ajudan Jokowi Mayjen Deddy Suryadi Jadi Pangdam Jaya Kebijakan ini resmi tertuang dalam Keputusan Panglima TNI Nomor Kep/667/V/2025 yang ditetapkan pada 27 Mei 2025, tentang pemberhentian dan pengangkatan jabatan di lingkungan Tentara Nasional Indonesia. Kepala Pusat Penerangan (Kapuspen) TNI, Mayjen Kristomei Sianturi, mengatakan bahwa rotasi jabatan merupakan bagian penting dari siklus pembinaan personel di lingkungan TNI. ""Mutasi ini bukan sekadar proses administratif, tapi merupakan strategi pembinaan karier dan penyegaran organisasi untuk meningkatkan efektivitas tugas. Ini juga bentuk kesiapan TNI dalam menghadapi dinamika yang terus berubah, baik di dalam negeri maupun global,"" ujar Kristomei dalam keterangan yang diterima Kompas.com, Rabu (28/5/2025). Total 117 Pati yang dimutasi kali ini terdiri dari 47 Pati TNI Angkatan Darat, 30 Pati TNI Angkatan Laut, dan 40 Pati TNI Angkatan Udara. Langkah ini, lanjut Kapuspen, mencerminkan proses regenerasi yang berkesinambungan, sekaligus sebagai bagian dari adaptasi strategis dalam menjagakesiapsiagaan pertahanannasional."
"Panglima TNI Mutasi Pangdam Jaya dan Pangdam DiponegoroNews28 Mei 2025Panglima TNI Jenderal Agus Subiyanto melaksanakan rotasi jabatan Pangdam, simak informasi lengkapnya!",28 Mei 2025,https://nasional.kompas.com/read/2025/05/28/11284831/panglima-tni-mutasi-pangdam-jaya-dan-pangdam-diponegoro,"JAKARTA,  -Panglima TNIJenderal Agus Subiyantomengganti Panglima Kodam (Pangdam) Jayakarta dan Pangdam IV/Diponegoro. Dalam Keputusan Panglima TNI Nomor Kep/667/V/2025 yang ditetapkan pada 27 Mei 2025, Jenderal Agus menggantiPangdam Jayayang sebelumnya dijabat Mayjen TNI Rafael Granada Baay menjadi Mayjen TNI Deddy Suryadi. Rafael dirotasi menduduki jabatan Sekretaris Utama Badan Intelijen Negara (BIN). Selain Pangdam Jaya, Panglima TNI juga mengganti Pangdam IV/Diponegoro yang sebelumnya dijabat Mayjen TNI Deddy Suryadi menjadi Mayjen TNI Achiruddin. Mutasi TNI, Mayjen Edwin Adrian Sumantha Jadi Komandan Paspampres Gantikan Mayjen Achiruddin Adapun Achiruddin sebelumnya merupakan Komandan Pasukan Pengamanan Presiden (Danpaspampres). Sementara itu, jabatan yang ditinggalkan Achiruddin kini diduduki oleh Mayjen TNI Edwin Adrian Sumantha yang sebelumnya adalah Komandan Sekolah Staf dan Komando Angkatan Darat (Danseskoad). Kepala Pusat Penerangan (Kapuspen) TNI, Mayjen Kristomei Sianturi, mengatakan bahwa rotasi jabatan merupakan bagian penting dari siklus pembinaan personel di lingkungan TNI. Panglima TNI Mutasi 117 Pati, Wakasau hingga Danpaspampres Diganti ""Mutasi ini bukan sekadar proses administratif, tapi merupakan strategi pembinaan karier dan penyegaran organisasi untuk meningkatkan efektivitas tugas. Ini juga bentuk kesiapan TNI dalam menghadapi dinamika yang terus berubah, baik di dalam negeri maupun global,"" ujar Kristomei dalam keterangan yang diterima Kompas.com, Rabu (28/5/2025). Total 117 Pati yang dimutasi kali ini terdiri dari 47 Pati TNI Angkatan Darat, 30 Pati TNI Angkatan Laut, dan 40 Pati TNI Angkatan Udara. Langkah ini, lanjut Kapuspen, mencerminkan proses regenerasi yang berkesinambungan, sekaligus sebagai bagian dari adaptasi strategis dalam menjaga kesiapsiagaan pertahanan nasional."
"Menhan: Program Sarjana Penggerak Bukan Cetak Prajurit TNI tapi KomcadNews27 Mei 2025Menteri Pertahanan menegaskan program SPPI bukan untuk prajurit TNI, tapi untuk cadangan pertahanan.",27 Mei 2025,https://nasional.kompas.com/read/2025/05/27/19042331/menhan-program-sarjana-penggerak-bukan-cetak-prajurit-tni-tapi-komcad,"JAKARTA, -Menteri Pertahanan(Menhan) Sjafrie Sjamsoeddin menegaskan bahwa program pelatihanSarjana Penggerak Pembangunan Indonesia(SPPI) bukan ditujukan untuk mencetak prajurit TNI, melainkan membentukkomponen cadanganyang siap mendukung pertahanan dan pembangunan nasional. Pernyataan tersebut disampaikan Menhan saat melakukan kunjungan kerja ke Depo Pendidikan Kejuruan Resimen Induk Komando Daerah Militer (Dodikjur Rindam) V/Brawijaya, Kota Malang, Jawa Timur, Senin (26/5/2025). Di sana, Menhan meninjau pelaksanaanpelatihan bela negaraSPPI yang telah berlangsung selama tiga bulan. “Para peserta akan dibekali etos kerja dan kedisiplinan, serta kemampuan bela negara, bukan untuk dijadikan prajurit TNI, melainkan sebagai komponen cadangan yang dipersiapkan apabila negara memerlukan, baik dalam mendukung pembangunan nasional maupun menjaga kedaulatan negara bersama TNI,"" kata Menhan dalam keterangannya, Selasa (27/5/2025). BGN Pastikan Gaji SPPI hingga Ahli Gizi MBG Cair Minggu Depan Menhan juga menekankan pentingnya pemahaman sejarah dalam membangun kesadaran kebangsaan. Menurutnya, sejarah menjadi pengingat bahwa bangsa Indonesia memiliki peradaban yang harus dijaga dan diwariskan. “Para SPPI tidak melupakan sejarah, karena sejarah merupakan sarana untuk menunjukkan bahwa bangsa Indonesia memiliki peradaban,"" ungkap dia. KSAD Bakal Evaluasi soal Lokasi dan Pelibatan Sipil Buntut Ledakan Amunisi di Garut Pangdam V/Brawijaya Mayjen TNI Rudy Saladin yang turut mendampingi Menhan menyatakan komitmennya untuk mendukung pelatihan SPPI sebagai bagian dari pembinaan sistem pertahanan negara. “Kami siap melatih, membina, dan mendampingi para anggota SPPI agar mereka mampu menjadi bagian penting dalam sistem pertahanan negara,"" ucap Mayjen Rudy. TNI: Kepala Gudang Lalai dalam Pelibatan Sipil di Pemusnahan Amunisi Garut Usai memberikan pengarahan, Menhan bersama Pangdam dan sejumlah perwira TNI AD meninjau sejumlah fasilitas di Rindam. Ragam fasilitas yang ditinjau mulai dari barak, ruang makan, kamar mandi, hingga dapur lapangan untuk memastikan kenyamanan dan kesiapan peserta selama pelatihan. Adapun total peserta pelatihan SPPI di Kolat VIII (Rindam V/Brawijaya) berjumlah 1.672 orang, terdiri dari 988 peserta pria di Satdik I Dodikjur, serta 164 pria dan 520 wanita di Satdik II Bela Negara."
"Dirjen Bea Cukai Bakal Libat TNI-Polri untuk Berantas PenyelundupanMoney23 Mei 2025Direktur Jenderal Bea dan Cukai yang baru, Djaka Budi Utama, berencana menggandeng TNI dan Polri untuk memberantas pe",23 Mei 2025,https://money.kompas.com/read/2025/05/23/184342226/dirjen-bea-cukai-bakal-libat-tni-polri-untuk-berantas-penyelundupan,"– Direktur Jenderal Bea dan Cukai yang baru, Djaka Budi Utama, berencana menggandengTNIdanPolriuntuk memberantas penyelundupan. Ia menyebut banyak pelabuhan gelap yang masih menjadi celah masuk-keluar barang secara ilegal. “Koordinasi dengan teman-teman TNI dan kepolisian dibutuhkan untuk menutup celah penyelundupan, agar penerimaan negara bisa sesuai target,” kata Djaka usai konferensi pers APBN KiTa di Jakarta, Jumat (23/5/2025), seperti dilansirAntara. Sebut Masih Proses Pengunduran Diri, Dirjen Bea Cukai: Sudah Purnawirawan, Istilahnya Belum Aktif... Langkah ini dijalankan atas instruksi Presiden Prabowo Subianto. Presiden memintaBea Cukaimengawal ketat penerimaan negara, terutama dari sektor kepabeanan. Djaka menekankan pentingnya kerja sama dengan aparat hukum untuk memperkuat pengawasan. Kementerian Keuangan baru saja melantik Djaka sebagai Dirjen Bea dan Cukai menggantikan Askolani. Menteri Keuangan Sri Mulyani berharap kehadiran Djaka memperkuat sinergi antarlembaga. “Pak Djaka kami harapkan bisa meningkatkan koordinasi antara Kementerian Keuangan dengan aparat hukum dan instansi lain,” ucap Sri Mulyani dalam sambutannya. Ia juga menekankan pentingnya pengamanan penerimaan negara, baik dari pajak maupun non-pajak. Letjen Djaka Resmi Jadi Dirjen Bea Cukai, Menko Airlangga Sebut Sudah Purnawirawan Selain itu, Sri Mulyani meminta Bea Cukai dan Ditjen Pajak menjaga citra lembaga di mata publik. Menurutnya, sistem seperti database administrator (DBA) dan Customs-Excise Information System and Automation (CEISA) sudah mempermudah layanan. Namun, keluhan dari masyarakat masih sering muncul. “Masyarakat ingin penerimaan pajak naik, tapi sering enggan membayar pajak. Ini kontradiksi yang harus terus dikelola,” ujar Sri Mulyani."
TNI Meluruskan Peristiwa Penurunan Bendera Papua Nugini di MimikaCek Fakta23 Mei 2025Karyawan PT PSU di Mimika mengibarkan bendera Papua Nugini depan kantornya. TNI menurunkan bendera tersebut setelah,23 Mei 2025,https://www.kompas.com/cekfakta/read/2025/05/23/132600282/tni-meluruskan-peristiwa-penurunan-bendera-papua-nugini-di-mimika,"-TNImeluruskan narasi keliru mengenai penurunan benderaPapua Nuginiyang berlokasi di Kabupaten Mimika, Papua Tengah. Video penurunanbendera Papua Nuginidiklaim dilakukan oleh personel TNI untuk mengambil alih basis negara tersebut. Kapuspen TNI Mayjen Kristomei Sianturi meluruskan, peristiwa dalam video yang beredar bukanlah pengambilalihan basis Papua Nugini. ""Kegiatan ini bermula saat seorang berinisial SEM mengibarkan bendera Papua Nugini di depan kantor PT Pangansari Utama (PSU),"" terang Kristomei kepadaKompas.com,Kamis (22/5/2025). SEM merupakan karyawan PT PSU. Ia mengibarkan bendera Papua Nugini di Kantor PT PSU Mile 38, Distrik Kuala Kencana, Kabupaten Mimika pada Minggu, 4 Mei 2025. Tindakan tersebut segera diketahui oleh satpam. Ia lantas melaporkan kejadian tersebut ke pos keamanan terdekat, yakni Detasemen Kavaleri 3/Serigala Ceta. ""Merespon laporan tersebut, anggota Denkav 3/SC dengan cepat menuju lokasi dan menurunkan bendera tersebut,"" ungkap Kritomei. Belum diketahui motivasi SEM mengibarkan bendera tersebut. Menurut keterangan pihak perusahaan, SEM sedang dalam pengawasan. ""Saat ini yang bersangkutan sudah diserahkan dan diamankan ke Polsek Kuala Kencana,"" kata Kristomei."
"Ada Perpres Baru, Polri Siap Jaga Kejaksaan Bersama TNINews22 Mei 2025Polri dan TNI siap berkolaborasi melindungi jaksa sesuai Perpres 66/2025.",22 Mei 2025,https://nasional.kompas.com/read/2025/05/22/12331471/ada-perpres-baru-polri-siap-jaga-kejaksaan-bersama-tni,"JAKARTA,  -Karopenmas Divisi Humas Polri Brigjen Pol Trunoyudo Wisnu Andiko mengaku pihaknya siap berkolaborasi dengan TNI untuk menjaga atau melindungi Kejaksaan, sebagaimana tertuang dalam Peraturan Presiden (Perpres) Nomor 66 Tahun 2025 yang baru diterbitkan. Hal ini ia sampaikan usai ditanya respons Polri mengenai kabar terbitnya Perpres tersebut. ""Tentu kita bekerja secara kolaborasi untuk saat ini,"" kata Trunoyudo saat ditemui di Bareskrim Polri, Jakarta, Kamis (22/5/2025). Daftar Nama 67 Perwira yang Kena Mutasi Polri Terbaru Mei 2025 Trunoyudo menjelaskan bahwa Polri telah diamanatkan oleh Undang-Undang sebagai alat penyelenggara negara. Ia menyebut spesifik tugas Polri sebagaimana diamanatkan UU, yakni berkaitan dengan keamanan dan ketertiban. ""Tentunya semua memiliki kesinambungan yang bersifat simultan bersama-sama bagaimana menjaga, khusus di Polri bagaimana menjaga keamanan dan ketertiban,"" ungkap dia. ""Maka tentunya, dalam keamanan ketertiban melindungi dan mengayomi masyarakat, dan kemudian penegakan hukum, itu termasuk dalam bagian itu semua, menjadi bagian daripada amanah undang-undang,"" tambahnya. Pecah Tangis Eks Pejabat Antam Ceritakan Emasnya Disita Kejaksaan Sebelumnya diberitakan, Presiden Prabowo Subianto menandatangani Peraturan Presiden (Perpres) Nomor 66 Tahun 2025 tentang Perlindungan Negara terhadap Jaksa dalam Melaksanakan Tugas dan Fungsi Kejaksaan Republik Indonesia. Dalam Perpres itu, jaksa bisa mendapatkan perlindungan dari TNI dan Polri. Adapun bagian menimbang dalam Perpres yang diterbitkan pada 21 Mei 2025 itu menyebutkan bahwa jaksa dalam melaksanakan tugas dan fungsi harus bebas dari ancaman, intimidasi, dan tekanan dari pihak mana pun. ""Bahwa untuk mewujudkan rasa aman dan bebas dari ancaman, intimidasi, dan tekanan dari pihak mana pun, negara wajib memberikan perlindungan terhadap jaksa dalam melaksanakan tugas dan fungsi Kejaksaan Republik Indonesia,"" demikian salinan menimbang poin b Perpres 66/2025 yang dilihat Kamis (22/5/2025). Polisi dan PDI-P Sempat Besitegang saat Guntur Romli Ingin Beri Keterangan Pers Pada Pasal 1 ayat (1) Perpres itu menyebutkan, perlindungan negara yang dimaksud adalah jaminan rasa aman yang diberikan oleh negara kepada jaksa dari ancaman yang membahayakan diri, jiwa, dan/atau harta benda. Sementara itu, Pasal 1 ayat (2) menyatakan bahwa ancaman adalah segala bentuk perbuatan yang menimbulkan akibat, baik langsung maupun tidak langsung, yang menimbulkan rasa takut atau paksaan untuk melakukan, tidak melakukan, atau membiarkan sesuatu hal yang berkenaan dengan pelaksanaan wewenang, tugas, dan fungsi jaksa. ""Dalam menjalankan tugas dan fungsi, jaksa berhak mendapatkan perlindungan negara dari ancaman yang membahayakan diri, jiwa, dan/atau harta benda,"" tulis Pasal 2 Perpres 66/2025. Pasal 3 menyatakan, perlindungan negara itu dilakukan atas permintaan jaksa. Letjen Djaka Disebut Jadi Dirjen Bea Cukai, TNI: Harus Pensiun Dini"
"Mantan Ketua Koperasi TNI AD Jadi Saksi Sidang Tom LembongNews20 Mei 2025Felix Hutabarat, mantan ketua Inkopkar, jadi saksi dalam kasus korupsi Tom Lembong.",20 Mei 2025,https://nasional.kompas.com/read/2025/05/20/13563761/mantan-ketua-koperasi-tni-ad-jadi-saksi-sidang-tom-lembong,"JAKARTA,  -Mantan Ketua Induk Koperasi Kartika (Inkopkar), Mayjen TNI (Purn)Felix Hutabaratdihadirkan sebagai saksi untuk sidang eks Menteri Perdagangan (Mendag) Thomas Trikasih Lembong alias Tom Lembong. Adapun Inkopkar yang saat ini berganti nama menjadi Induk Koperasi Angkatan Darat (Inkopad) merupakan salah satu koperasi milik TNI AD yang mengajukan permohonan kuota impor gula kristal mentah (GKM) kepada Tom Lembong. “Mayjen TNI Purnawirawan Felix Hutabarat ya?” tanya Ketua Majelis Hakim Pengadilan Tipikor Jakarta Pusat, Dennie Arsan Fatrika saat memeriksa identitas saksi, Selasa (20/5/2025). Alasan Kejagung Periksa Istri Tom Lembong di Kasus Perintangan Penyidikan Kepada majelis hakim, ia membenarkan dirinya merupakan pensiunan TNI dan pernah menjabat sebagai ketua Inkopkar pada 2015-2016. “Kenal dengan Thomas Lembong?” tanya Hakim Dennie. “Tidak kenal,” ujar Felix. Selain Felix, jaksa juga menghadirkan anak buah taipan Tomy Winata, bernama Tony Wijaya. Ia menjabat Direktur PT Angels Products. “Masih sampai sekarang?” tanya Hakim Dennie. Nyanyian Banyak Lupa Rachmat Gobel di Sidang Tom Lembong Selain Tony, jaksa juga menghadirkan karyawan PT Angels Products bernama Dadi Cahyadi. Total, jaksa menghadirkan 11 saksi untuk dimintai keterangan sebagai saksi memberatkan dalam perkara Tom Lembong. Dalam perkara ini, Tom didakwa melanggar Pasal 2 atau Pasal 3 jo Pasal 18 Undang-Undang Nomor 31 Tahun 1999 tentang Pemberantasan Tindak Pidana Korupsi jo Pasal 55 ayat (1) ke-1 KUHP. Perbuatannya dinilai melanggar hukum, memperkaya orang lain maupun korporasi yang menimbulkan kerugian negara sebesar Rp 578 miliar. Jaksa dalam surat dakwaannya mempersoalkan tindakanTom Lembongyang menunjuk sejumlah koperasi TNI-Polri untuk mengendalikan harga gula, alih-alih perusahaan BUMN. ""Terdakwa Thomas Trikasih Lembong tidak menunjuk Perusahaan BUMN untuk pengendalian ketersediaan dan stabilisasi harga gula, melainkan Inkopkar, Inkoppol, Puskopol, SKKP TNI-Polri,” kata jaksa di Pengadilan Tipikor Jakarta Pusat, Kamis (6/3/2025)."
"TNI: 18 Anggota OPM Tewas, Informasi Berasal dari Warga PapuaSulawesi Selatan20 Mei 2025TNI mengatakan 18 korban baku tembak di Papua Tengah pada (14/05/2025) adalah OPM. Hal ini telah dikonfirmasi de",20 Mei 2025,https://www.kompas.com/sulawesi-selatan/read/2025/05/20/091754988/tni-18-anggota-opm-tewas-informasi-berasal-dari-warga-papua,"- Kepala Pusat Penerangan (Kapuspen) TNIMayjen Kristomei Sianturimengungkapkan bahwa informasi yang mengarah pada kontak tembak antara Satgas Habema TNI dan kelompok bersenjata di Kabupaten Puncak, Papua Tengah, pada 14 Mei 2025, berasal dari laporan masyarakat. Menurutnya, warga sudah sangat terganggu dengan aksi intimidasi dan kekerasan yang dilakukan oleh Organisasi Papua Merdeka (OPM). “Masyarakat melaporkan karena mereka sudah muak dengan kelakuan OPM yang selalu mengintimidasi, mengancam, memperkosa, bahkan membunuh masyarakat secara kejam,” ujar Kristomei kepada Kompas.com, Selasa (20/5/2025), dilansir dari Kompas.com (20/05/2025). TNI Tegaskan 18 Orang yang Tewas dalam Kontak Tembak di Papua Anggota OPM Kristomei juga memastikan bahwa seluruh korban tewas dalam baku tembak tersebut merupakan anggota OPM. “18 korban kontak tembak yang terjadi pada tanggal 14 Mei 2025 seluruhnya adalah anggota OPM. Hal itu sudah dikonfirmasikan kepada masyarakat setempat,” tegasnya. Ia juga menepis klaim OPM yang menyatakan sebagian korban adalah warga sipil. “Klaim itu merupakan bagian dari propaganda yang kerap dilakukan kelompok tersebut,” lanjut Kristomei. Menurut Kristomei, kelompok separatis sering menyebarkan narasi sesat demi meraih simpati publik. “Mereka pernah membunuh guru dan tenaga kesehatan, tapi menyebut korban adalah anggota TNI. Itu bagian dari strategi mereka,” ujarnya. TNI Sambut Eks OPM Yeremias Foumair Kembali ke NKRI: Kami Terima dengan Tangan Terbuka Meski berada di tengah konflik, TNI tetap memberikan ruang bagi anggota OPM yang ingin kembali ke pangkuan Republik. “TNI tetap membuka dengan tangan terbuka apabila ada anggota OPM yang menyadari kekeliruannya dan ingin kembali menjadi warga negara yang baik dan sama-sama membangun Papua, seperti yang dilakukan beberapa anggota OPM lainnya beberapa hari yang lalu,” pungkasnya. Sebagian artikel ini telah tayang di Kompas.com dengan judulTNI Tegaskan 18 Orang yang Tewas dalam Kontak Tembak di Papua Anggota OPM, Klik untuk baca:https://nasional.kompas.com"
TNI Sebut Warga Sudah Muak dengan Kelakuan OPMNews20 Mei 2025Masyarakat Papua disebut telah muak dengan keberadaan OPM yang kerap menebar propaganda dan melakukan kekerasan di sana.,20 Mei 2025,https://nasional.kompas.com/read/2025/05/20/09163761/tni-sebut-warga-sudah-muak-dengan-kelakuan-opm,"JAKARTA, - Kepala Pusat Penerangan (Kapuspen)TNIMayjenKristomei Sianturimenegaskan, masyarakatPapuasudah muak dengan kekerasan yang kerap dilakukan Organisasi Papua Merdeka (OPM). Hal ini yang kemudian kerap mendorong masyarakat untuk melaporkan keberadaan OPM kepada aparat TNI. “Informasi keberadaan dan kedatangan OPM ke kampung itu pun berdasarkan informasi yang didapat dan dibantu oleh masyarakat yang sudah muak dengan kelakuan OPM yang selalu mengintimidasi, mengancam, memperkosa, bahkan membunuh masyarakat secara kejam,"" kata Kristomei kepadaKompas.com, Selasa (20/5/2025). TNI: OPM Selalu Propagandakan Korban Tembak sebagai Masyarakat Sipil Dalam kontak tembak yang dilakukan Satgas Habema TNI di Kabupaten Puncak, Papua Tengah pada 14 Mei lalu pun, personel TNI memperoleh informasi keberadaan OPM dari masyarakat. Kristomei memastikan bahwa seluruh korban tewas dalam baku tembak itu adalah anggota OPM, meskipun hal itu dibantah mereka. “18 korban kontak tembak yang terjadi pada tanggal 14 Mei 2025 seluruhnya adalah anggota OPM. Hal itu sudah dikonfirmasikan kepada masyarakat setempat,"" ujarnya. Kristomei menyebutkan, OPM kerap melakukan propaganda dengan menyebut korban sebagai warga sipil. Strategi serupa, kata dia, juga pernah dilakukan ketika OPM membunuh tenaga pengajar dan kesehatan, lalu menyebut mereka sebagai anggota TNI. TNI Tegaskan 18 Orang yang Tewas dalam Kontak Tembak di Papua Anggota OPM “Propaganda bahwa yang ditembak adalah masyarakat sipil seperti itu selalu dilakukan oleh gerombolan OPM. Sama halnya ketika OPM membunuh guru dan tenaga kesehatan yang memang masyarakat sipil biasa, namun dituduh sebagai anggota TNI,” jelas Kapuspen. Meski demikian, TNI tetap membuka ruang bagi anggota OPM yang ingin kembali ke pangkuan Negara Kesatuan Republik Indonesia (NKRI). “TNI tetap membuka dengan tangan terbuka apabila ada anggota OPM yang menyadari kekeliruannya dan ingin kembali menjadi warga negara yang baik dan sama-sama membangun Papua, seperti yang dilakukan beberapa anggota OPM lainnya beberapa hari yang lalu,"" pungkas dia. Sebelumnya diberitakan, OPM melalui juru bicaranya, Sebby Sambom, menyatakan bahwa hanya tiga anggota mereka yang tewas dalam baku tembak dengan Satgas Habema. Mereka juga menuduh TNI telah menembak warga sipil dalam operasi tersebut. Sebby mengatakan, tiga anggota OPM yang tewas adalah Gus Kogoya, Notopinus Lawiya, dan Kanis Kogoya."
"Kadispenad: Pengerahan TNI ke Kejaksaan Bersifat Rutin, Bukan Situasi KhususKalimantan Timur18 Mei 2025Brigjen TNI Wahyu Yudhayana menegaskan pengerahan pasukan TNI untuk Kejaksaan adalah bagian dari ",18 Mei 2025,https://www.kompas.com/kalimantan-timur/read/2025/05/18/181800088/kadispenad--pengerahan-tni-ke-kejaksaan-bersifat-rutin-bukan,"-Kepala Dinas PeneranganTNIAngkatan Darat (Kadispenad) Brigjen TNI Wahyu Yudhayana menegaskan bahwa surat telegram terkait pengerahan pasukan TNI untuk menjaga lingkungan Kejaksaan merupakan surat biasa yang bersifat internal dan rutin. Penugasan tersebut, menurutnya, merupakan bagian dari kerja sama antar lembaga negara yang telah berjalan sebelumnya. “Perlu dipahami bahwa dalam institusi TNI, termasuk TNI AD, terdapat berbagai klasifikasi surat yang dikeluarkan sesuai dengan isi dan peruntukannya. Surat yang ditanyakan rekan-rekan media tersebut tergolong Surat Biasa (SB),” ujar Wahyu dalam keterangannya, Minggu (18/5/2025). Wahyu menambahkan, kerja sama antara TNI dan Kejaksaan sebenarnya telah berlangsung cukup lama dalam konteks hubungan antarsatuan. TNI AD: Telegram Pengamanan Kejaksaan Bukan untuk Situasi Khusus Ke depan, kerja sama tersebut akan bersifat lebih institusional, menyusul dibentuknya Jaksa Agung Muda Pidana Militer (Jampidmil) di tubuh Kejaksaan Agung. “Kehadiran unsur pengamanan dari TNI merupakan bagian dari dukungan terhadap struktur yang ada dan diatur secara hierarkis,” jelasnya. Menjawab pertanyaan seputar jumlah pasukan yang dikerahkan, Wahyu menyebut bahwa informasi mengenai satu peleton untuk Kejaksaan Tinggi (Kejati) dan satu regu untuk Kejaksaan Negeri (Kejari) hanya bersifat nominatif. Jumlah personel yang ditugaskan akan disesuaikan dengan kebutuhan teknis di lapangan. “Dalam pelaksanaannya, jumlah personel yang akan bertugas secara teknis diatur dalam kelompok 2 hingga 3 orang dan sesuai kebutuhan,” ujar Wahyu. Ia juga menepis anggapan bahwa pengerahan personel TNI ke Kejaksaan dilakukan dalam situasi darurat atau khusus. Menurutnya, langkah ini bersifat preventif dan merupakan bentuk pengamanan rutin yang sudah berjalan sebelumnya. Tom Lembong: Penugasan ke Koperasi TNI AD untuk Kendalikan Harga Gula Sudah sejak Era SBY “Jadi, saya perlu menegaskan bahwa surat telegram tersebut tidak dikeluarkan dalam situasi yang bersifat khusus, melainkan merupakan bagian dari kerja sama pengamanan yang bersifat rutin dan preventif, sebagaimana yang juga telah berjalan sebelumnya,” katanya. “TNI AD akan selalu bekerja secara profesional dan proporsional, serta menjunjung tinggi aturan hukum sebagai pedoman dalam setiap langkah dan kegiatannya,” tambah Wahyu. Meski demikian, kebijakan pengerahan prajurit TNI ke Kompleks Kantor Kejaksaan Agung serta seluruh Kejati dan Kejari di Indonesia menuai polemik publik. Sejumlah pihak menilai hal ini memperkuat kesan militerisme di lembaga sipil. Salah satu kritik datang dari Indonesia Police Watch (IPW). Ketua IPW, Sugeng Teguh Santoso, menyebut pengerahan pasukan TNI untuk pengamanan Kejaksaan melanggar konstitusi, khususnya berkaitan dengan pemisahan peran antara TNI dan Polri. “IPW menilai pengerahan pengamanan TNI di institusi Kejaksaan Tinggi dan Kejaksaan Negeri melanggar konstitusi UUD 1945 dan Tap MPR VII/2000 tentang Peran TNI dan Peran Polri,” kata Sugeng dalam siaran pers pada 12 Mei 2025. Soal TNI Jaga Kejaksaan, Hasan Nasbi: Kerja Sama Biasa Saja Menurut IPW, wilayah pengamanan institusi kejaksaan merupakan ranah kepolisian, bukan militer. Oleh karena itu, kehadiran prajurit TNI di lingkungan kejaksaan dikhawatirkan akan menabrak batas-batas kewenangan yang telah ditetapkan dalam sistem demokrasi dan ketatanegaraan Indonesia. SUMBER:  (Penulis: Nicholas Ryan Aditya | Editor: Nawir Arsyad Akbar)"
"OPM Klaim 3 Anggotanya Tewas oleh Satgas Habema TNINews16 Mei 2025Pihak OPM mengatakan, ada tiga anggotanya yang tewas oleh Satgas Habema TNI, meski sebelumnya pihak TNI mengatakan ada 18 anggota OPM ",16 Mei 2025,https://nasional.kompas.com/read/2025/05/16/11513091/opm-klaim-3-anggotanya-tewas-oleh-satgas-habema-tni,"JAKARTA, - PihakOPMmengatakan, ada tiga anggotanya yang tewas olehSatgas HabemaTNI, meski sebelumnya pihak TNI mengatakan ada 18 anggota OPM yang tewas. Juru Bicara Tentara Pembebasan Nasional Papua Barat (TPNPB) Organisasi Papua Merdeka (OPM), Sebby Sambom, mengatakan, tiga anggotanya tewas dalam operasi Satgas Gabungan TNI Koops Habema. Dia menyebutkan, tiga korban tersebut adalah Gus Kogoya, Notopinus Lawiya, dan Kanis Kogoya. Peristiwa itu terjadi sekitar pukul 05.00 WIB, Selasa (13/5/2025), ketika seorang anggota OPM tewas dan hendak dievakuasi. Namun, yang mengevakuasi kembali terkena bom ranjau, sehingga menambah korban menjadi tiga orang. ""Sementara yang luka ringan akibat terkena serpihan bom di antaranya; Tinus Wonda dan Dnu-Dnu Mirip. Yang luka-luka saat ini sedang berada di markas TPNPB untuk menjalani perawatan medis,"" kata Sebby dalam keterangannya, Jumat (16/5/2025). Saat 18 Anggota dan Pentolan OPM Tewas di Tangan TNI dalam Satu Jam Selain tiga orang tersebut, Sebby menyebut ada sejumlah warga sipil yang menjadi korban, seperti penembakan satu keluarga, Janite Zanambani, dan anaknya, Minus Yegeseni, yang mengalami luka-luka. Begitu juga korban meninggal, Elisa Wandagau, Ruben Wandagau yang merupakan Kepala Desa Hitadipa, dan seorang nenek bernama Mono Tapamina. ""Semuanya ditembak mati oleh aparat militer pemerintah Indonesia setelah diculik, dan jasad mereka telah dikremasi di Hitadipa,"" ucap Sebby. Dalam 1 Jam, 18 Anggota OPM Tewas dalam Operasi TNI di Sugapa Terkait hal tersebut, Sebby meminta agar Pemerintah Indonesia menghentikan penggunaan bom ranjau di sekitar mayat anggota OPM untuk memancing anggota lainnya. ""Dan juga hentikan penembakan liar terhadap warga sipil, terutama perempuan dan anak-anak kecil, tanpa adanya pertimbangan hukum dan mekanisme hukum humaniter,"" kata Sebby. Dalam pemberitaan sebelumnya, operasi penindakan terhadap kelompok bersenjata Organisasi Papua Merdeka (OPM) di Distrik Sugapa selesai dalam waktu satu jam, tepatnya sejak pukul 04.00 hingga 05.00 Waktu Indonesia Timur (WIT), Rabu (14/5/2025). Dalam satu jam operasi yang digelar Satgas Gabungan TNI Koops Habema itu, sebanyak 18 anggota OPM tewas. Operasi menyasar sejumlah titik, yakni Kampung Titigi, Ndugusiga, Jaindapa, Sugapa Lama, dan Zanamba. “Operasi ini dilakukan secara terukur, profesional, dan mengutamakan keselamatan warga sipil,"" kata Kepala Pusat Penerangan TNI, Mayjen Kristomei Sianturi, dalam keterangannya, Kamis (15/5/2025). TNI Amankan Intan Jaya, 18 Anggota OPM Tewas dalam Operasi di Sugapa Selain menindak kelompok bersenjata, TNI juga mengamankan sejumlah barang bukti berupa senjata api, amunisi, busur panah, bendera Bintang Kejora, serta peralatan komunikasi. Kristomei menegaskan, kehadiran TNI di Papua bukan untuk menciptakan rasa takut, melainkan untuk melindungi masyarakat dari ancaman kekerasan dan intimidasi kelompok bersenjata. “TNI hadir bukan untuk menakut-nakuti rakyat, tetapi untuk melindungi mereka dari kekerasan dan intimidasi yang dilakukan kelompok bersenjata,"" tegas Kapuspen."
"Gaji TNI 2025 dan Semua Tunjangannya, dari Tamtama hingga JenderalMoney16 Mei 2025Penasaran berapa gaji TNI tahun 2025? Berikut daftar lengkap gaji pokok dan tunjangan yang diterima prajurit TNI, baik",16 Mei 2025,https://money.kompas.com/read/2025/05/16/104716626/gaji-tni-2025-dan-semua-tunjangannya-dari-tamtama-hingga-jenderal,"-Besarangaji TNI(Tentara Nasional Indonesia) kerap menjadi topik yang menarik perhatian publik. Selain karena profesinya sebagai aparat negara, informasi mengenai gaji TNI juga penting diketahui oleh calon prajurit yang tengah mengikuti proses seleksi. Hingga saat ini, belum ada perubahan terbaru terkait besaran gaji TNI, baik untuk TNI Angkatan Darat (AD), Angkatan Laut (AL), maupun Angkatan Udara (AU). Artinya, nominalgaji TNI 2025masih mengacu pada aturan terakhir, yakni Peraturan Pemerintah (PP) Nomor 6 Tahun 2024. Adapun penyesuaian gaji TNI terakhir kali dilakukan per 1 Januari 2024, di mana terjadi kenaikan sebesar 8 persen dari tahun sebelumnya. Lantas, berapa besaran gaji dan tunjangan TNI tahun 2025? Berikut rinciannya. Berapa Gaji TNI 2025? Ini Rincian Lengkap dari Tamtama hingga Jenderal Mengacu PP Nomor 6 Tahun 2024, gaji TNI terbaru yang berlaku saat ini sesuai golongan dan jabatannya sebagai berikut: -Gaji TNI2025 Golongan I (Tamtama) Daftar Gaji PNS 2025, Cek Besarannya dari Golongan I sampai IV -Gaji TNI 2025Golongan II (Bintara) Gaji Ke-13 TNI 2025 Kapan Cair? Ini Jadwal dan Besarannya - Gaji TNI 2025 Golongan III (Perwira Pertama) - Gaji TNI 2025 Golongan IV (Perwira Menengah) - Gaji TNI 2025 Golongan IV (Perwira Tinggi) Gaji Ke-13 Polri 2025: Jadwal Pencairan dan Rincian Besarannya Tidak hanya gaji pokok tersebut, prajurit TNI juga mendapatkan beberapa tunjangan seperti tunjangan kinerja (tukin), tunjangan keluarga, tunjangan beras, hingga tunjangan jabatan. Dilansir dariKompas.com(15/5/2025), tunjangan kinerja atau tukin TNI besarannya diatur dalam Peraturan Presiden Nomor 102 Tahun 2018 tentang Tunjangan Kinerja Pegawai di Lingkungan Tentara Nasional Indonesia. Besaran tunjangan TNI berlaku sama di tiga matra, dengan besaran yang diatur sesuai kelas jabatan yang ditentukan dari pangkat prajurit. Berikut daftar tunjangan kinerja TNI: Gaji Ke-13 Pensiunan 2025: Jadwal Pencairan dan Besarannya Selain tunjangan kinerja, prajurit TNI juga masih mendapatkan tunjangan-tunjangan lain, meliputi: Itulah ulasan mengenai gaji TNI AD, TNI AU, dan TNI AL, baik gaji pokok TNI maupun tunjangan-tunjangan yang diterima. Gaji PPPK Tahun 2025 Sesuai Golongan, Berikut Daftar Lengkapnya"
Situasi Kejari Medan Usai Kebijakan Prajurit TNI Jaga Kantor KejaksaanRegional16 Mei 2025Situasi keamanan di Kejaksaan Negeri Medan tetap normal pasca-pengerahan prajurit TNI. Apa yang terjadi selanju,16 Mei 2025,https://medan.kompas.com/read/2025/05/16/051756178/situasi-kejari-medan-usai-kebijakan-prajurit-tni-jaga-kantor-kejaksaan,"MEDAN, - Situasipengamanandi Kejaksaan Negeri (Kejari) Medan masih berlangsung seperti biasanya pasca-heboh perihal pengerahan prajurit TNI ke Kejaksaan Tinggi dan Kejaksaan Negeri di seluruh Indonesia. Pantauan Kompas.com, Kamis (15/5/2025) sore, belum ada prajurit TNI yang berjaga di kantor Kejari Medan. Aktivitas pengamanan belum ada yang berubah. Terlihat ada dua petugas keamanan Kejari Medan yang bersiaga di pintu gerbang untuk melayani warga. Pengerahan Prajurit Jaga Kejaksaan: Penjelasan TNI, Respons Kejagung dan Kapolri Di dalam ruang Pelayanan Terpadu Satu Pintu (PTSP) pun hanya diisi petugas Kejari Medan. Tak terlihat ada prajurit yang bersiaga. Kepala Kasi Intel Kejari MedanDapot Dariarma Siagianpun menyampaikan bahwa sejauh ini belum ada penambahan petugas keamanan dari prajurit TNI. ""Untuk saat ini, belum ada prajurit yang berjaga di Kejari Medan. Perkembangan terbaru nanti akan disampaikan,"" ucap Dapot kepada Kompas.com melalui saluran telepon. Sebelumnya diberitakan, Panglima TNI telah mengeluarkan Surat Telegram (ST) bernomor TR/422/2025 mengenai perintah penyiapan dan pengerahan personel beserta alat kelengkapan dalam rangka dukungan pengamanan Kejaksaan Tinggi dan Kejaksaan Negeri di seluruh wilayah Indonesia. Puan: Kenapa TNI Jaga Kejaksaan, Harus Ada Penjelasan Tegas Surat Telegram Panglima TNI tersebut langsung ditindaklanjuti oleh Kepala Staf Angkatan Darat (Kasad) dengan mengeluarkan Surat Telegram berderajat kilat dengan nomor ST/1192/2025 tertanggal 6 Mei 2025. Kasad memerintahkan jajarannya menyiapkan dan mengerahkan personel beserta alat kelengkapan dari Satuan Tempur dan Satuan Bantuan Tempur, sebanyak 30 personel untuk pengamanan Kejaksaan Tinggi dan sepuluh personel untuk pengamanan Kejaksaan Negeri. Hal ini lantas menimbulkan polemik dan kritik dari banyak pihak. Pengamat menilai bahwa kejelasan batas fungsi TNI harus terus ditegaskan agar tidak terjadi tumpang tindih kewenangan antara aparat militer dan sipil dalam konteks negara hukum. Adapun Kepala Pusat Penerangan (Kapuspen) TNI Brigjen TNI Kristomei Sianturi menekankan bahwa seluruh bentuk dukungan TNI dilakukan berdasarkan permintaan resmi dan kebutuhan yang terukur. Ia memastikan pengerahan dilakukan sesuai dengan ketentuan hukum yang berlaku. ""TNI senantiasa menjunjung tinggi prinsip profesionalitas, netralitas, dan sinergisitas antar-lembaga,"" ucap Kristomei."
Desakan agar TNI Tak Libatkan Sipil dalam Pemusnahan AmunisiNews15 Mei 2025Berbagai pihak mendesak agar TNI tak lagi melibatkan masyarakat sipil dalam proses pemusnahan amunisi afkir atau tidak layak ,15 Mei 2025,https://nasional.kompas.com/read/2025/05/15/19460041/desakan-agar-tni-tak-libatkan-sipil-dalam-pemusnahan-amunisi,"JAKARTA, - Berbagai pihak mendesak agarTNItak lagi melibatkan masyarakat sipil dalam prosespemusnahan amunisiafkir atau tidak layak pakai. Desakan tersebut muncul akibat meninggalnya 13 orang akibatledakan amunisiyang terjadi di Desa Sagara, Kabupaten Garut, Jawa Barat. Salah satu desakan kepada TNI untuk tidak lagi melibatkan masyarakat sipil datang dari Ketua DPR Puan Maharani. ""Jangan sampai terjadi lagi hal seperti itu. Harus dievaluasi kenapa itu terjadi. Dan lain kali jangan sampai kemudian melibatkan masyarakat sipil,"" ujar Puan di Gedung DPR, Senayan, Jakarta, Kamis (15/5/2025). TNI Pastikan Lunasi Hak Prajurit yang Gugur dalam Ledakan Amunisi di Garut Menurutnya agar kasus ledakan di Garut terselesaikan, ia meminta Komisi I DPR memanggil Panglima TNI Jenderal Agus Subiyanto dan pihak-pihak yang berkaitan dengan pemusnahan amunisi. Ia ingin, kejadian ledakan amunisi tak lagi memakan korban jiwa, baik dari TNI maupun masyarakat sipil. ""Tentu saja nanti Komisi I harus bisa memanggil Panglima dan Danrem atau jajaran yang pada saat kejadian itu terlibat, atau kemudian bertanggung jawab, sehingga terjadi kejadian seperti itu,"" ujar Puan. Desakan serupa juga datang dari Gubernur Jawa Barat Dedi Mulyadi, mengingat korban meninggal adalah warganya. Menurutnya, warga sipil seharusnya tak lagi dilibatkan dalam pemusnahan amunisi, mengingat terbatasnya kemampuan. ""Kalau saya sih cenderung nanti warga sipil yang di Garut tidak boleh lagi terlibat dalam kegiatan-kegiatan seperti itu,"" ujar Dedi usai mengunjungi SMAN 2 Purwakarta, bersama Menteri Komunikasi dan Digital (Menkomdigi) Meutya Hafid, Rabu (14/5/2025). ""Karena memiliki risiko tinggi dan bukan orang yang terlatih,"" tegasnya. TNI AD Buka Peluang Anak Korban Ledakan Amunisi di Garut Jadi Prajurit Meskipun terdapat warga yang disebut biasa membantu TNI memusnahkan amunisi, tetapi hal tersebut tidaklah tepat. Pemusnahan amunisiseharusnya menjadi domain penuh militer, tanpa perlu melibatkan masyarakat sipil. ""Ada yang sudah 10 tahun bekerja di situ, katanya membantu anggota. Tapi, walaupun mereka merasa terlatih, pekerjaan itu bukan ranah sipil,"" ujar Dedi. Sementara itu dalam keterangan pers pada Selasa (13/5/2025), Kepala Dinas Penerangan Angkatan Darat (Kadispenad) Brigjen TNI Wahyu Yudhayana menyebut bahwa proses investigasi terhadapledakan amunisi di Garutkembali dilanjutkan."
"Sebanyak 2 Peleton TNI Dikerahkan Bergantian Jaga Gedung Kejagung RINews15 Mei 2025Kejaksaan Agung RI melibatkan 2 peleton TNI untuk pengamanan, dengan sistem shift dan jumlah personel yang disesuaika",15 Mei 2025,https://nasional.kompas.com/read/2025/05/15/16005591/sebanyak-2-peleton-tni-dikerahkan-bergantian-jaga-gedung-kejagung-ri,"JAKARTA, –Kejaksaan Agung(Kejagung) RI melibatkan unsurTNIuntuk melakukan pengamanan di area lingkungan Korps Adhyaksa. Kepala Pusat Penerangan Hukum (Kapuspenkum) Kejagung Harli Siregar mengatakan jumlah pengamanan dari unsur TNI di Gedung Kejagung sekitar 2 peleton. “Nah sebenarnya itu sama situasional. Jadi kalau di sini misalnya 2 peleton,” kata Harli di Gedung Kejagung, Jakarta, Kamis (15/5/2025). Namun, ia menekankan, mereka bekerja secara bergantian menggunakan sistem shift atau pembagian kerja. TNI Jaga Kejagung, Kapolri: Saya dan Jaksa Agung Juga Sering Komunikasi “Kan bukan 2 peleton itu sekali berjaga. Itu kan shift-shiftan. Jadi nanti diaturschedule(jadwal)-nya. Misalnya berapa orang, 6, 7, 8 secara teknis mereka yang paham dari sisi pengamanan,” jelas Harli. Sementara itu, jumlah pengamanan dari TNI di tingkat kejaksaan tinggi (kejati) atau kejaksaan negeri (kejari) bersifat situasional. Menurut Harli, berdasarkan surat telegram yang dikeluarkan TNI, maksimal ada 30 orang yang menjaga kejati dan 10 personel menjaga kejari. “Kalau kita lihat di TR itu kan di kejari 10 orang, di kejati 30 orang,” ucapnya. Akan tetapi, implementasi di lapangan akan kembali menyesuaikan kebutuhan masing-masing satuan kerja. “Seperti yang saya sampaikan tadi, kan tidak langsung 30 orang tiap hari di kantor. Wah, jadi rame dong, iya kan? Nah, tapi dilihat kebutuhannya. Tentu ada shift-shiftannya,” ungkap Harli. TNI Kini Jaga Kejaksaan, Bagaimana dengan Polisi? Sebelumnya diberitakan, Panglima TNI telah mengeluarkan Surat Telegram (ST) Bernomor TR/422/2025 mengenai perintah penyiapan dan pengerahan personel beserta alat kelengkapan dalam rangka dukungan pengamanan Kejaksaan Tinggi dan Kejaksaan Negeri di seluruh wilayah Indonesia. Surat Telegram Panglima TNI tersebut langsung ditindaklanjuti oleh Kepala Staf Angkatan Darat (Kasad) dengan mengeluarkan Surat Telegram berderajat kilat dengan Nomor ST/1192/2025 tertanggal 6 Mei 2025. Kasad memerintahkan jajarannya untuk menyiapkan dan mengerahkan personel beserta alat kelengkapan dari Satuan Tempur dan Satuan Bantuan Tempur, sebanyak 30 personel untuk pengamanan Kejaksaan Tinggi dan sepuluh personel untuk pengamanan Kejaksaan Negeri. Hal ini lantas menimbulkan polemik dan kritik dari banyak pihak. Kapolri Tegaskan Kondisi TNI-Polri Kala Komentari Tentara Jaga Kejaksaan Pengamat menilai bahwa kejelasan batas fungsi TNI harus terus ditegaskan agar tidak terjadi tumpang tindih kewenangan antara aparat militer dan sipil dalam konteks negara hukum. Sedangkan, Kepala Pusat Penerangan (Kapuspen) TNI, Brigjen TNI Kristomei Sianturi, menekankan bahwa seluruh bentuk dukungan TNI dilakukan berdasarkan permintaan resmi dan kebutuhan yang terukur. Ia memastikan pengerahan dilakukan sesuai dengan ketentuan hukum yang berlaku. “TNI senantiasa menjunjung tinggi prinsip profesionalitas, netralitas, dan sinergisitas antar-lembaga,” tegas Kristomei pada 12 Mei 2025."
"TNI Jaga Kantor Kejaksaan Agung sejak 6 Bulan LaluNews14 Mei 2025Kapuspenkum Kejagung Harli Siregar menyebutkan, TNI sudah menjaga kantor Kejaksaan Agung sejak 6 bulan lalu.",14 Mei 2025,https://nasional.kompas.com/read/2025/05/14/13551641/tni-jaga-kantor-kejaksaan-agung-sejak-6-bulan-lalu,"JAKARTA,  -Kepala Pusat Penerangan HukumKejaksaan Agung(Kejagung) Hari Siregar mengungkapkan, aparatTNIsudah menjaga Kompleks Kantor Kejagung sejak enam bulan lalu. “Katakan di Kejaksaan Agung ini sudah berlangsung kurang lebih enam bulan kalau tidak salah,” ujar Harli di kantor Kejagung, Jakarta, Rabu (14/5/2025). Harli menyebutkan, Kejagung sudah sering mengajukan permintaan pengamanan kepada TNI sejak lama. Namun, pengamanan yang diberikan oleh TNI ketika itu bersifat situasional. Komjak Beri Warning Kejagung soal TNI Jaga Kejaksaan Pengamanan ini lebih intens ketika TNI dan Kejaksaan Agung meneken perjanjian kerja sama ataumemorandum of understanding(MoU) pada tahun 2023. Salah satu poin kerja sama ini adalah bagaimana antarlembaga saling mendukung kerja yang lain. “Salah satu poinnya di situ adalah bahwa TNI dapat memberikan dukungan, perbantuan terhadap kejaksaan dalam menjalankan tugasnya. Kalau dielaborasi, salah satunya adalah bentuk pengamanan,” kata Harli. Lebih lanjut, kawasan kejaksaan dijaga oleh TNI karena dinilai sebagai obyek vital negara yang strategis. Anggota DPR Fraksi NasDem Minta Pengerahan TNI Jaga Kejaksaan Dikaji Ulang Terlebih, dalam jajaran kejaksaan sendiri ada bidang pidana militer yang secara khusus menangani kasus-kasus yang melibatkan anggota TNI. Untuk itu, pengerahan dari TNI dinilai lebih sesuai karena adanya hubungan kerja sama yang sudah lebih dahulu terjalin antara kedua lembaga ini. “Di kita ada Jaksa Agung Muda Bidang Pidana Militer yang bisa berkoordinasi dengan secara cepat kepada tataran atau jajaran di TNI,” imbuh Harli. Sebelumnya diberitakan, Panglima TNI telah mengeluarkan Surat Telegram (ST) Bernomor TR/422/2025 mengenai perintah penyiapan dan pengerahan personel beserta alat kelengkapan dalam rangka dukungan pengamanan Kejaksaan Tinggi dan Kejaksaan Negeri di seluruh wilayah Indonesia. IPW Nilai TNI Jaga Kejaksaan Langgar Konstitusi: Keamanan Wilayahnya Polri Surat Telegram Panglima TNI tersebut langsung ditindaklanjuti oleh Kepala Staf Angkatan Darat (KSAD) dengan mengeluarkan Surat Telegram berderajat kilat dengan Nomor ST/1192/2025 tertanggal 6 Mei 2025. KSADmemerintahkan jajarannya untuk menyiapkan dan mengerahkan personel beserta alat kelengkapan dari Satuan Tempur dan Satuan Bantuan Tempur, sebanyak 30 personel untuk pengamanan Kejaksaan Tinggi dan sepuluh personel untuk pengamanan Kejaksaan Negeri. Hal ini lantas menimbulkan polemik dan kritik dari banyak pihak. Pengamat menilai bahwa kejelasan batas fungsi TNI harus terus ditegaskan agar tidak terjadi tumpang tindih kewenangan antara aparat militer dan sipil dalam konteks negara hukum. 8 Poin Kerja Sama TNI Jaga Kejaksaan di Seluruh Indonesia Sedangkan Kepala Pusat Penerangan TNI Mayjen Kristomei Sianturi menekankan bahwa seluruh bentuk dukungan TNI dilakukan berdasarkan permintaan resmi dan kebutuhan yang terukur. Ia memastikan pengerahan dilakukan sesuai dengan ketentuan hukum yang berlaku. “TNI senantiasa menjunjung tinggi prinsip profesionalitas, netralitas, dan sinergisitas antarlembaga,” kata Kristomei."
"Situasi Pengamanan Kejaksaan Agung Usai Terbit Perintah Panglima TNINews14 Mei 2025Kejaksaan Agung dijaga oleh TNI AD dan pamdal. Meski tanpa penambahan personel, keamanan tetap terjaga. Simak informa",14 Mei 2025,https://nasional.kompas.com/read/2025/05/14/13495791/situasi-pengamanan-kejaksaan-agung-usai-terbit-perintah-panglima-tni,"JAKARTA, -Pengamanandi kawasanKejaksaan Agungbelum mendapatkan penambahan personel jaga. Berdasarkan pantauan di lokasi kantor Kejagung, Jakarta Selatan, Rabu (14/5/2025) sekitar pukul 11.20 WIB, kawasan Kejagung terlihat dijaga oleh dua tim personel, yaitupengamanandalam (pamdal) dari satuan Kejaksaan dan dariTNI Angkatan Darat(AD). Kejagung-TNI Didesak Beri Penjelasan Urgensi Prajurit Jaga Kejaksaan Penjagaan sudah terlihat sejak di depan gerbang masuk Kejaksaan Agung di Jalan Bulungan. Satu personel berseragam hijau dengan corak hitam terlihat memegang senjata laras panjang. Ia ditempatkan sekitar tiga meter dari pintu gerbang atau persis di depan pos Pusat Pelayanan Terpadu Satu Pintu (PTSP). Sementara itu, terlihat dua orang pamdal dengan seragam coklat khas Kejaksaan yang berdiri di samping personel TNI AD. Komisi I Nilai Penjagaan Kejaksaan oleh TNI Bukanlah Intervensi Berbeda dengan TNI AD yang dipersenjatai, pamdal yang bertugas tampak tidak membawa senjata atau alat bantu untuk menghadapi potensi eskalasi situasi. Meski tidak membawa senjata, pamdal Kejaksaan ini justru beberapa kali terlihat berbincang dengan pengemudi mobil untuk menanyakan kepentingan mereka mendatangi Kejaksaan Agung. Setelah memastikan tujuan yang disebutkan pengemudi, pamdal pun mempersilakan mobil itu untuk masuk dan parkir di gedung yang ada di sebelah kiri gerbang masuk. Tidak hanya pengemudi, pejalan kaki yang masuk ke kawasan Kejaksaan Agung juga sempat ditanya soal agenda kedatangannya. “Dari mana, Mbak?” tanya anggota TNI AD yang berjaga. Komjak Beri Warning Kejagung soal TNI Jaga Kejaksaan Setelah memastikan kepentingan awak media yang bertugas, para penjaga keamanan di gerbang depan mempersilakan sejumlah wartawan yang masuk ke dalam Kejagung. Ketika masuk, tidak ada pemeriksaan tas atau hal lain yang dilakukan oleh para penjaga. Selain di gerbang masuk, personel TNI AD juga terlihat berjaga di depan gedung-gedung utama di kawasan Kejaksaan Agung. Misalnya, di depan Gedung Satgas PKH, Gedung Utama Kejaksaan Agung, Gedung Jampidmil, dan Gedung Bundar Jampidsus."
"Warga Bantu TNI Musnahkan Amunisi, Dedi Mulyadi: Bukan Ranah SipilNews14 Mei 2025Dedi Mulyadi menyebut warga sipil semestinya tidak dilibatkan dalam pemusnahan amunisi karena mereka tidak terlatih",14 Mei 2025,https://nasional.kompas.com/read/2025/05/14/13482241/warga-bantu-tni-musnahkan-amunisi-dedi-mulyadi-bukan-ranah-sipil,"JAKARTA,  -Gubernur Jawa BaratDedi Mulyadimenyatakan, warga sipil tidak semestinya dilibatkan dalam kegiatan pemusnahan amunisi yang menyebabkanledakan amunisi di Garutdan menewaskan 9 orang warga sipil pada Senin (12/5/2024) lalu. Dedi mengatakan, meski warga disebut sudah lama terlibat dalam kegiatan pemusnahan dan merasa terlatih, pemusnahan amunisi bukanlah ranah sipil. ""Ada yang sudah 10 tahun bekerja di situ, katanya membantu anggota. Tapi walaupun mereka merasa terlatih, pekerjaan itu bukan ranah sipil,” kata Dedi usai mengunjungi SMAN 2 Purwakarta, Rabu (14/5/2025). Dedi mengingatkan, pemusnahan amunisi adalah kegiatan yang berisiko tinggi dan harus dilakukan oleh orang-orang terlatih. Dedi Mulyadi Tak Mau Warga Sipil Terlibat Pemusnahan Amunisi Militer Ia lantas menekankan bahwa keterlibatan warga sipil dalam kegiatan teknis dan berisiko yang dilakukanTNI ADmenjadi perhatian, karena berhadapan dengan risiko tinggi. Dedi menyebutkan, aspek teknis dan izin atas keterlibatan sipil dalam kegiatan militer memang merupakan kewenangan Mabes TNI, Namun sebagai kepala daerah, ia menyoroti pentingnya perlindungan warga dari risiko yang tidak seharusnya mereka hadapi. “Nah kemudian apakah itu diperbolehkan atau tidak? Biarkan itu Mabes TNI yang menjelaskan,” ujar Dedi. Sipil Jadi Korban Ledakan Garut: TNI-Dudung Bilang Pemulung, Warga Bantah “Kalau saya sih cenderung nanti warga sipil yang di Garut tidak boleh lagi terlibat dalam kegiatan-kegiatan seperti itu,” kata dia. Dedi menyampaikan bahwa saat ini fokus utamanya adalah penanganan sosial bagi para korban dan keluarganya. “Ranah saya saat ini adalah sosial dan penanganan dampak. Ke depan, ini jadi perhatian utama agar kejadian seperti ini tidak terulang,” ujar Dedi. Diberitakan sebelumnya, ledakan dahsyat terjadi di kawasan Desa Sagara, Kecamatan Cibalong, Kabupaten Garut, Jawa Barat, pada Senin (12/5/2025) pagi. Sorot Korban Sipil Ledakan Amunisi di Garut Kecelakaan Kerja, Dedi Mulyadi: Mereka Bantu Pemusnahan Peristiwa tersebut terjadi saat TNI melaksanakan pemusnahan amunisi kedaluwarsa. Peristiwa memilukan ini menewaskan 13 orang, terdiri dari empat prajurit TNI dan sembilan warga sipil. Kepala Pusat Penerangan TNI Mayjen Kristomei Sianturi menyebutkan warga sipil yang menjadi korban sedang ingin mengumpulkan bekas granat hingga mortir saat peristiwa terjadi. ""Memang biasanya apabila selesai peledakan, masyarakat datang untuk ambil sisa-sisa ledakan tadi, apakah serpihan-serpihan logamnya yang dikumpulkan, kemudian tembaga, atau besi, yang memang bekas dari granat, mortir, itu yang biasanya masyarakat ambil logam tersebut,"" ujar Kristomei dalam tayangan Kompas TV, Senin. Ledakan Amunisi di Garut: Korban Warga Sipil hingga Evaluasi SOP Namun, pernyataan Kristomei itu dibantah oleh keluarga korban. Agus, adik salah satu korban yakni Rustiawan, menyebutkan bahwa kakaknya bukanlah pemulung, melainkan telah bekerja selama 10 tahun membantu TNI dalam pemusnahan amunisi kedaluwarsa ""Saya sebagai keluarga tak terima kalau adik saya disebut pemulung besi saat kejadian ledakan. Adik saya sudah 10 tahun kerja ke TNI bantu pemusnahan amunisi,"" ungkap Agus saat ditemui di Kamar Mayat RSUD Pameumpeuk, Garut, pada Selasa."
"Tersisa Tanda Tanya Eks Marinir TNI Gabung Pasukan RusiaNews14 Mei 2025Langkah Satria Arta Kumbara, eks anggota Marinir TNI AL yang gabung pasukan Rusia mengundang banyak pertanyaan, ada yang masih ta",14 Mei 2025,https://nasional.kompas.com/read/2025/05/14/13265041/tersisa-tanda-tanya-eks-marinir-tni-gabung-pasukan-rusia,"JAKARTA, - Baru-baru ini, publik dihebohkan dengan salah satu unggahan yang memperlihatkan seorang prajurit TNI diduga bergabung menjadi tentara Rusia. Kehebohan ini dimulai dari akunTikTok@zstorm96 yang mengaku sebagai eks prajurit Marinir TNI Angkatan Laut (AL) dan kini bergabung dalam operasi militer Rusia. Unggahan tersebut memperlihatkan foto pria dalam dua seragam berbeda. Pertama, memakai seragamTNI ALdengan baret ungu khas Marinir, dan berikutnya dengan seragam militer Rusia. Tak hanya satu unggahan, akun tersebut juga menampilkan dua video lain yang menunjukkan pria tersebut ikut dalam operasi militer bersama tentara Rusia. Eks Marinir yang Gabung Militer Rusia Ternyata Pecatan TNI AL Dalam tayangan tersebut, terdapat narasi-narasi mengenai kehidupan yang ditambahkan oleh pembuat video. Peristiwa ini lantas membuat banyak pertanyaan bermunculan. Pertanyaan itu meliputi, siapa sosok yang kini bergabung dengan tentara Rusia, mengapa hal itu bisa terjadi, dan jalur perekrutan apa yang dilaluinya sehingga tiba-tiba bergabung dengan Rusia. Sebagian pertanyaan sudah terjawab melalui keterangan TNI AL dan pemerintah. Namun, sebagian lainnya masih menyimpan teka-teki. Eks Marinir TNI Gabung Tentara Rusia, Ini Alasan dan Respons TNI AL Kepala Dinas Penerangan TNI Angkatan Laut Laksamana Pertama TNI I Made Wira Hady membenarkan bahwa pria tersebut merupakan mantan prajuritMarinir TNI ALyang dipecat. ""SerdaSatria Arta KumbaraNRP 111026 mantan anggota Itkormar (Inspektorat Korps Marinir),"" kata Wira kepada wartawan, Jumat (9/5/2025). Wira menuturkan, Satria dipecat karena meninggalkan dinas ketentaraan tanpa izin dan tidak pernah kembali ke kesatuannya sejak 13 Juni 2022. Tindakan tersebut dikategorikan sebagai desersi, yang merupakan pelanggaran berat dalam militer. Eks Marinir yang Jadi Tentara di Rusia Desersi dari TNI sejak Juni 2022 Akibatnya, Satria diproses secara hukum dan diadili secara in absentia atau tanpa kehadirannya, oleh Pengadilan Militer II-08 Jakarta."
"Komisi I Nilai Penjagaan Kejaksaan oleh TNI Bukanlah IntervensiNews14 Mei 2025Anton Suratto meyakini kehadiran TNI di kejaksaan bukan intervensi hukum, melainkan untuk keamanan. Sudah ada MoU sebelumn",14 Mei 2025,https://nasional.kompas.com/read/2025/05/14/06080111/komisi-i-nilai-penjagaan-kejaksaan-oleh-tni-bukanlah-intervensi,"JAKARTA, - Wakil Ketua Komisi I DPRAnton Sukartono Surattomeyakini pengerahan prajurit TNI untuk menjaga kantor kejaksaan bukan merupakan bentuk intervensi proses hukum. Anton berpandangan, kehadiran personel TNI itu justru untuk memberi rasa aman. ""Saya meyakini bahwa pengamanan ini bukan bentuk intervensi terhadap proses hukum. Kehadiran personel TNI diharapkan bisa memberikan rasa aman dan justru mencegah terjadinya gangguan terhadap proses hukum,"" ujar Anton kepadaKompas.com, Selasa (13/5/2025). Adapun dasar pengerahan pasukan untuk pengamanan kejaksaan adalah nota kesepahaman (MoU) antaraKejaksaan AgungRI dan TNI pada tahun 2023. Komjak Warning Kejagung Soal TNI Jaga Kejaksaan Menurutnya, TNI pun telah menyampaikan bahwa pengamanan ini berdasarkan dari permintaan resmi. ""Oleh karena itu, diperlukan penjelasan lebih lanjut dari Kejaksaan Agung mengenai rasionalisasi permintaan pengamanan kepada TNI ini, apakah ada urgensi dan pertimbangan khusus dari pihak kejaksaan yang menjadi landasan dari permintaan ini,"" jelasnya. Dengan penjelasan ini, diharapkan nantinya pertanyaan atas kekhawatiran masyarakat terkait pengerahan TNI dalam menjaga kejaksaan dapat terjawab. ""TNI dan Kejaksaan Agung perlu menjelaskan dan memberikan ketenangan kepada masyarakat bentuk pengamanan yang akan dilakukan nantinya seperti apa. Pengamanan tersebut juga harus sesuai dengan ketentuan OMSP (operasi militer selain perang) yang sudah diatur dalam UU TNI,"" imbuh Anton. Anggota DPR Fraksi NasDem Minta Pengerahan TNI Jaga Kejaksaan Dikaji Ulang Sebelumnya, Panglima TNI Jenderal Agus Subiyanto mengeluarkan perintah untuk mengamankan kantor kejaksaan di seluruh Indonesia, mulai dari kejaksaan tinggi (kejati) hingga kejaksaan negeri (kejari). Melalui telegram pada 6 Mei 2025, Panglima TNI mengerahkan personel dan alat perlengkapan dalam rangka dukungan pengamanan kejati dan kejari di seluruh Indonesia. ""Iya benar, ada pengamanan yang dilakukan oleh TNI terhadap Kejaksaan hingga ke daerah (di daerah sedang berproses), pengamanan itu bentuk kerja sama antara TNI dengan Kejaksaan,"" kata Kapuspenkum Kejagung Harli Siregar saat dikonfirmasi Kompas.com, Minggu (11/5/2025). Harli mengatakan, pengamanan tersebut merupakan bentuk kerja sama antara TNI dengan Kejaksaan Agung. ""Itu bentuk dukungan TNI ke Kejaksaan dalam menjalankan tugas-tugasnya,"" ucap dia. Pengerahan prajurit untuk mengamankan kejaksaan ini mendapat beragam penolakan dari kelompok sipil."
"Mantan TNI AL Gabung Tentara Rusia Terancam Kehilangan Status KewarganegaraanJawa Barat13 Mei 2025Satria Arta Kumbara, mantan anggota TNI AL, kehilangan kewarganegaraan setelah ikut operasi militer di",13 Mei 2025,https://www.kompas.com/jawa-barat/read/2025/05/13/194219788/mantan-tni-al-gabung-tentara-rusia-terancam-kehilangan-status,"- Menteri Hukum dan HAM RI, Supratman Andi Agtas, mengungkapkan bahwaSatria Arta Kumbara, mantan anggotaTNI Angkatan Laut, telah kehilangan statuskewarganegaraan Indonesia. Hal ini terjadi setelah ia terlibat dalam operasi militer di Rusia tanpa mendapatkan izin dari Presiden. Supratman menjelaskan bahwa Kementerian Hukum, melalui Direktur Jenderal Administrasi Hukum Umum (Ditjen AHU), telah berkoordinasi dengan Kementerian Luar Negeri, khususnya dengan Direktur Kewarganegaraan Republik Indonesia, untuk meninjau status kewarganegaraan Satria Arta Kumbara. ""Dengan demikian, Satria Arta Kumbara telah memenuhi kriteria kehilangan kewarganegaraan RI sesuai dengan ketentuan Pasal 23 huruf d dan e, serta Pasal 31 Ayat (1) huruf c dan d Peraturan Pemerintah Nomor 2 Tahun 2007,"" jelas Supratman dalam wawancaranya dengan Kompas.com pada Selasa (13/5/2025). Ia menambahkan bahwa Kementerian Hukum dan Kementerian Luar Negeri, melalui Kedutaan Besar Republik Indonesia di Moskow, akan segera mengirimkan laporan resmi mengenai kehilangan kewarganegaraan Satria Arta Kumbara setelah terindikasi mengikuti operasi militer di Rusia. Respons TNI AD soal Keluarga Sebut Korban Ledakan Amunisi di Garut Kerja untuk TNI Hal ini sesuai dengan prosedur yang diatur dalam PP Nomor 2 Tahun 2007 dan Peraturan Menteri Hukum dan HAM RI Nomor 3 Tahun 2004. ""Kami akan segera menyampaikan laporan kehilangan kewarganegaraan atas nama Satria Arta Kumbara, yang terindikasi bergabung dengan tentara Rusia tanpa izin Presiden,"" ungkapnya. Informasi mengenai keterlibatan Satria dalam konflik Rusia-Ukraina pertama kali muncul di media sosial TikTok. Akun @zstorm689 mengunggah beberapa foto dan video yang menunjukkan seorang pria mengenakan seragam TNI AL dan seragammiliter Rusia. Keterangan dalam unggahan tersebut menyebutkan bahwa individu tersebut adalah mantan prajurit marinir Indonesia yang kini bergabung dengan tentara Rusia di medan perang Ukraina. Di akun yang sama, terdapat dua video lainnya yang memperlihatkan pria tersebut sedang beroperasi militer bersama tentara Rusia. Sementara itu, TNI Angkatan Laut telah memecat Satria Arta Kumbara dari posisinya di Inspektorat Korps Marinir (Itkomar) setelah diketahui terlibat dalamoperasi militer Rusia. Menteri Hukum Sebut Eks Marinir yang Gabung Militer Rusia Penuhi Unsur Kehilangan Kewarganegaraan Pemecatan ini berdasarkan putusan in absentia dari Pengadilan Militer (Dilmil) II-08 Jakarta pada 6 April 2023. Satria telah dinyatakan melakukan desersi atau meninggalkan tugas tanpa izin sejak 13 Juni 2022. Proses hukum tetap berlangsung meskipun tanpa kehadiran Satria. Putusan tersebut terdaftar dalam Perkara Nomor 56-K/PM.II-08/AL/IV/2023 dan telah berkekuatan hukum tetap melalui Akte Nomor AMKHT/56-K/PM.II-08/AL/IV/2023 tertanggal 17 April 2023. ""Dalam putusan itu, Satria dijatuhi hukuman penjara selama satu tahun dan juga dijatuhi sanksi pemecatan,"" kata Kepala Dinas Penerangan TNI AL, Laksamana Pertama TNI I Made Wira Hady, yang dilansir dari Antara, pada Minggu (11/5/2025)."
"8 Hal tentang Ledakan Amunisi Kedaluwarsa di Garut Versi TNINews13 Mei 2025Ledakan amunisi kedaluwarsa di Garut menewaskan 13 orang, termasuk prajurit TNI. Bagaimana kejadiannya?",13 Mei 2025,https://nasional.kompas.com/read/2025/05/13/05134381/8-hal-tentang-ledakan-amunisi-kedaluwarsa-di-garut-versi-tni,"JAKARTA, - Ledakan dahsyat terjadi di wilayahDesa Sagara, Kecamatan Cibalong, Kabupaten Garut, Jawa Barat, pada Senin (12/5/2025) pagi. Peristiwa tersebut terjadi saatTNImelaksanakan pemusnahan amunisi kedaluwarsa. Kejadian memilukan ini menewaskan 13 orang, terdiri dari empat prajurit TNI dan sembilan warga sipil. Ledakan ini tidak hanya mengguncang lokasi kejadian, tetapi juga menyisakan sejumlah pertanyaan terkait prosedur keamanan dan keterlibatan warga sipil dalam radius bahaya pemusnahan amunisi. Anggota DPR Minta TNI Jelaskan Gamblang Sebab Ledakan Amunisi di Garut Berikut delapan hal yang perlu diketahui dari kasus itu berdasarkan penjelasan resmi TNI: TNI menyebutkan, ledakan terjadi saat pemusnahan amunisi yang telah kedaluwarsa atau tidak layak pakai. Pemusnahan tersebut merupakan kegiatan rutin yang dilakukan oleh satuan TNI AD. Lokasinya berada di lahan milik Balai Konservasi Sumber Daya Alam (BKSDA) di Desa Sagara. ""Jadi, memang betul pada 12 Mei 2025 pukul 09.30 WIB telah terjadi musibah di lokasi ledakan yang mengakibatkan 13 orang meninggal dunia pada saat kegiatan pemusnahan amunisi tidak layak pakai atau amunisiexpiredinventaris TNI AD dari Gupusmu III Puspalad tahun 2025,"" ujar Kepala Pusat Penerangan (Kapuspen) TNI, Mayjen Kristomei Sianturi, dalam live Kompas TV, Senin. Kristomei menuturkan, amunisi-amunisiexpiredyang hendak diledakkan berupa granat dan mortir. Pimpinan DPR Minta TNI Investigasi Mendalam Ledakan Amunisi di Garut Dia menyebutkan, granat dan mortir itu belum sempat dipakai, namun sudah lewat masa pakainya. ""Sehingga amunisi-amunisi tersebut memang rutin bagi kita, TNI, untuk musnahkan sisa-sisa amunisi yang tidak terpakai tadi,"" kata Kristomei."
Pimpinan DPR Minta TNI Investigasi Mendalam Ledakan Amunisi di GarutNews12 Mei 2025Ledakan amunisi di Garut menewaskan 13 orang. Dave Laksono minta TNI investigasi mendalam dan revisi kebijakan pemusn,12 Mei 2025,https://nasional.kompas.com/read/2025/05/12/18241421/pimpinan-dpr-minta-tni-investigasi-mendalam-ledakan-amunisi-di-garut,"JAKARTA, - Wakil Ketua Komisi IDPRRI Dave Laksono meminta TNI melakukan investigasi mendalam usai terjadi ledakan yang merenggut nyawa 13 orang di Desa Sagara, Kecamatan Cibalong, Garut, Jawa Barat. ""Saya meminta untuk TNI melakukan investigasi yang mendalam guna memastikan apakah standar operasional telah dijalankan dengan benar,"" kata Dave kepadaKompas.com, Senin (12/5/2025). Anggota DPR Harap Kejadian Seperti Ledakan Amunisi di Garut Tak Terjadi Lagi Menurutnya, investigasi perlu dilakukan untuk memastikan standar operasional peledakan sudah dijalankan dengan benar atau sebaliknya. Ia pun mendorong TNI merevisi kebijakan pemusnahan amunisi agar kejadian serupa tidak terulang di masa mendatang. DPR Minta TNI Revisi Aturan Usai Ledakan Amunisi di Garut Makan Korban Begitu pun, ia merekomendasikan sejumlah hal kepada pemerintah dan TNI, meliputi meningkatkan pengawasan, melakukan audit prosedur keamanan, melakukan sosialisasi kepada masyarakat sekitar lokasi pemusnahan, dan memberikan santunan kepada keluarga korban. ""Diharapkan pemerintah dan TNI segera mengambil langkah konkret guna memastikankeamanan masyarakatke depannya,"" harap Dave. Lebih lanjut, ia menyampaikan dukacita mendalam akibat kejadian ini. ""Saya menyampaikan dukacita yang mendalam atas insiden tragisledakan amunisitak layak pakai di Garut yang menyebabkan 13korban jiwa, termasuk anggota TNI dan warga sipil,"" jelasnya. Sebagai informasi, kejadian itu mengakibatkan 13 korban tewas. Dari jumlah tersebut, empat di antaranya merupakan anggota TNI AD. Kepala Dinas Penerangan Angkatan Darat (Kadispenad) Brigjen Wahyu Yudhayana menjelaskan, ledakan amunisi di Garut, Jawa Barat, terjadi saat jajaran Gudang Pusat Amunisi dan Pusat Peralatan TNI Angkatan Darat (AD) melakukan penyusunan detonator di salah satu lubang untuk meledakkan amunisi afkir. Ledakan Amunisi di Garut, Anggota Komisi I DPR: Petugas Salah Prediksi Saat penyusunan tersebut, Wahyu menjelaskan bahwa tiba-tiba ledakan terjadi di sumur tersebut. ""Termasuk (menyusun) sisa detonator yang ada berkaitan dengan amunisi afkir tersebut. Saat tim penyusun amunisi menyusun detonator di dalam lubang tersebut, secara tiba-tiba terjadi ledakan dari dalam lubang yang mengakibatkan 13 orang meninggal dunia,"" ujar Wahyu dalam konferensi persnya, Senin (12/5/2025)."
"Tugas Baru TNI Jaga Kejaksaan, Kelompok Sipil Beri SorotanNews12 Mei 2025Prajurit TNI punya tugas baru untuk menjaga kejaksaan, kelompok sipil khawatir ini menjadi langkah intervensi militer dalam pen",12 Mei 2025,https://nasional.kompas.com/read/2025/05/12/05353491/tugas-baru-tni-jaga-kejaksaan-kelompok-sipil-beri-sorotan,"JAKARTA,  -Bertambah lagi tugas prajurit Tentara Nasional Indonesia (TNI) yakni untuk menjaga seluruh kantor kejaksaan di seluruh Indonesia, mulai dari kejaksaan tinggi (Kejati) hingga kejaksaan negeri (Kejari). Tugas itu tertuang dalam telegramPanglima TNIJenderal Agus Subiyanto pada 6 Mei 2025 yang berisi perintah mengerahkan personel dan alat perlengkapan dalam rangka dukungan pengamanan Kejati dan Kejari di seluruh Indonesia. ""Iya benar, ada pengamanan yang dilakukan oleh TNI terhadap Kejaksaan hingga ke daerah (di daerah sedang berproses), pengamanan itu bentuk kerja sama antara TNI dengan Kejaksaan,"" kata Kepala Pusat Penerangan Hukum Kejaksaan Agung (Kejagung) Harli Siregar saat dikonfirmasiKompas.com, Minggu (11/5/2025). Harli mengatakan, pengamanan tersebut merupakan bentuk kerja sama antara TNI dengan pihak kejaksaan. TNI Sebut Pengerahan Prajurit di Kejaksaan Kerja Sama Rutin, Bukan Situasi Khusus ""Itu bentuk dukungan TNI ke Kejaksaan dalam menjalankan tugas-tugasnya,"" ucap dia. Pengerahan prajurit untuk mengamankan kejaksaan ini mendapat beragam penolakan dari kelompok sipil. Koalisi Masyarakat Sipiluntuk Reformasi Sektor Keamanan mendesak Panglima TNI mencabut surat perintah yang menyatakan prajurit menjaga kejaksaan di seluruh Indonesia karena tak ada dasar hukum yang kuat. Perintah ini bertentangan dengan berbagai regulasi yang ada, terutama Konstitusi, UU Kekuasaan Kehakiman, UU Kejaksaan, UU Pertahanan Negara, dan UU TNI sendiri yang mengatur secara jelas tugas dan fungsi pokok TNI. TNI Dikerahkan untuk Amankan Kejati dan Kejari, Penguatan Institusi atau Pengaburan Fungsi? ""Kami menilai bahwa kerangka kerja sama bilateral antara TNI dan Kejaksaan tidak memiliki dasar hukum yang kuat untuk menjadi dasar pengerahan pasukan perbantuan kepada Kejaksaan,"" ujar anggota koalisi tersebut, Direktur Amnesty International Indonesia, Usman Hamid. ""Pengerahan seperti ini semakin menguatkan adanyaintervensi militerdi ranah sipil khususnya di wilayah penegakan hukum,"" ujar Usman melanjutkan. Usman menjelaskan, prajurit TNI seharusnya fokus menjalankan tugas di wilayah pertahanan, alih-alih masuk ke penegakan hukum. Di sisi lain, saat ini belum ada dasar operasi militer selain perang (OMSP) menyangkut bagaimana pengamanan tersebut dilakukan. Usman mengingatkan, tugas penegakan hukum oleh kejaksaan tidak boleh dicampuradukkan dengan fungsi TNI dalam menjaga pertahanan. Kehadiran TNI menjaga kejaksaan juga dinilai akan memengaruhi independensi penegakan hukum di Indonesia. Usman Hamid: Kerja Sama TNI-Kejagung Tak Berdasar Hukum Kuat ""Kondisi ini menimbulkan kekacauan dalam sistem ketatanegaraan yang ada dengan mencampurkan fungsi penegakan hukum dan fungsi pertahanan,"" tutur Usman."
"Pengerahan Prajurit TNI di Lingkungan Kejaksaan Langgar KonstitusiNews11 Mei 2025Koalisi sipil menyesalkan pengerahan prajurit TNI di lingkungan kejaksaan, serta menyebut kebijakan tersebut melanggar ",11 Mei 2025,https://nasional.kompas.com/read/2025/05/11/13535791/pengerahan-prajurit-tni-di-lingkungan-kejaksaan-langgar-konstitusi,"- Koalisi Masyarakat Sipil untuk Reformasi Sektor Keamanan menilai, pengerahanprajurit TNIdi lingkungan kejaksaan melanggar sejumlah regulasi yang ada. Mereka menilai, pengerahan seperti ini semakin menguatkan adanya intervensi militer di ranah sipil, khususnya di wilayah penegakan hukum. ""Koalisi Masyarakat Sipil menilai bahwa perintah ini bertentangan dengan banyak peraturan perundang-undangan, terutamaKonstitusi, UU Kekuasaan Kehakiman, UU Kejaksaan, UU Pertahanan Negara dan UU TNI sendiri, yang mengatur secara jelas tugas dan fungsi pokok TNI,"" demikian pernyataan koalisi masyarakat sipil, dalam siaran persnya, Minggu (11/5/2025). Koalisi menyesalkan adanya telegram Panglima TNI tertanggal 5 Mei 2025 berisi perintah penyiapan dan pengerahan alat kelengkapan dukungan kepada Kejaksaan Tinggi dan Kejaksaan Negeri di seluruh Indonesia. TNI Kerahkan Prajurit untuk Pengamanan Kejaksaan di Seluruh Indonesia Mereka menilai bahwa kerangka kerja sama bilateral antara TNI dan Kejaksaan tidak memiliki dasar hukum yang kuat untuk menjadi dasar pengerahan pasukan perbantuan kepada Kejaksaan. Tugas dan fungsi TNI seharusnya fokus pada aspek pertahanan dan tidak patut masuk ke ranah penegakan hukum yang dilaksanakan oleh Kejaksaan sebagai instansi sipil. Apalagi, hingga saat ini belum ada regulasi tentang perbantuan TNI dalam rangka operasi militer selain perang (OMSP) terkait bagaimana tugas perbantuan itu dilaksanakan. Koalisi menyebut pengamanan institusi kejaksaan seharusnya bisa dilakukan oleh satuan pengamanan internal (satpam), tanpa perlu melibatkan personel TNI. TNI AL Sebut Serda Satria Sudah Dipecat Setelah Ikuti Operasi Militer Rusia ""Pengamanan institusi sipil penegak hukum kejaksaan tidak memerlukan dukungan berupa pengerahan personil TNI karena tidak ada ancaman yang bisa menjustifikasi mengharuskan pengerahan satuan TNI,"" tulis koalisi. Koalisi memperingatkan bahwa langkah tersebut dapat memengaruhi independensi penegakan hukum dan mengaburkan batas antara fungsi pertahanan dan penegakan hukum. Mereka menilai, perintah tersebut bisa mengarah pada kembalinya praktik dwifungsi TNI yang sempat dihapus dalam era reformasi. Panglima TNI Didesak Cabut Perintah Pengerahan Prajurit di Lingkungan Kejaksaan ""Pada aspek ini, intervensi TNI di ranah penegakan hukum sebagaimana disebutkan di dalam Surat Perintah tersebut akan sangat mempengaruhi independensi penegakan hukum di Indonesia. Kondisi ini menimbulkan kekacauan dalam sistem ketatanegaraan yang ada dengan mencampurkan fungsi penegakan hukum dan fungsi pertahanan,"" tulis koalisi. Koalisi ini pun mendesak Panglima TNI untuk segera mencabut surat perintah tersebut dan mengembalikan fokus TNI pada tugas pertahanan negara. Mereka juga meminta DPR RI, khususnya Komisi I, III, dan XIII, untuk menindaklanjuti persoalan ini dan memastikan tidak ada praktik dwifungsi TNI di masa mendatang. ""Kami juga mendesak DPR RI untuk mendesak Presiden sebaga Kepala Pemerintah dan juga Menteri Pertahanan untuk memastikan pembatalan Surat Perintah tersebut, sebagai upaya menjaga tegaknya supremasi sipil dalam penegakan hukum di Indonesia yang menganut negara demokrasi konstitusional,"" demikian pernyataan koalisi."
Eks Marinir yang Gabung Militer Rusia Ternyata Pecatan TNI ALNews9 Mei 2025Viral di media sosial unggahan eks anggota Marinir yang gabung militer Rusia. TNI AL menyebut orang itu dipecat gara-gara des,9 Mei 2025,https://nasional.kompas.com/read/2025/05/09/16154921/eks-marinir-yang-gabung-militer-rusia-ternyata-pecatan-tni-al,"JAKARTA,  -TNI Angkatan Lautangkat bicara mengenai unggahan akun @zstorm689 diTikTokyang mengaku sebagai eks prajurit Marinir TNI Angkatan Laut (AL) dan kini bergabung dalam operasi militer Rusia. Dalam unggahan itu, akun@zstorm689mengunggah dua foto, yakni foto seorang laki-laki berseragam militer Rusia dan foto berseragam TNI AL dengan baret ungu khas Marinir. Kepala Dinas Penerangan Angkatan Laut Laksamana Pertama TNII Made Wira Hady, membenarkan bahwa pria itu merupakan mantan prajurit Marinir. ""Serda Satria Arta Kumbara NRP 111026 mantan anggota Itkormar (Inspektorat Korps Marinir).Desersiterhitung mulai tanggal 13 Juni 2022 sampai sekarang,"" kata Wira kepada wartawan, Jumat (9/5/2025). 320 Prajurit Resmi Jadi Marinir Usai Digembleng di Laut hingga Hutan Wira menyampaikan bahwa Satria dipecat dari dinas keprajuritan karenadesersiatau meninggalkan tugas tanpa izin. Satria sudah desersi sejak 13 Juni 2022 hingga sekarang. Kadispenal menjelaskan, Pengadilan Militer II-8 Jakarta juga telah menjatuhi putusan in absentia berupa hukuman pidana satu tahun penjara dengan pidana tambahan dipecat kepada Satria. Untuk diketahui, putusan in absentia adalah putusan pengadilan yang menjatuhkan hukuman atau sanksi terhadap seorang terdakwa tanpa kehadiran terdakwa tersebut dalam persidangan. Rusia Serang Kyiv, Ukraina Balas Hantam Moskwa Putusan yang dijatuhkan kepada Satria juga telah berkekuatan hukum tetap. Kendati begitu, tak ada penjelasan lebih jauh dari Kadispenal apakah Satria sempat menjalani hukuman pidana penjara atau tidak. ""Putusan In Absensia Dilmil II-08 Jakarta. (Terhadap) yang bersangkutan pidana penjara 1 Tahun dan tambahan pidana dipecat berdasarkan putusan perkara No. 56-K/PM.II-08/AL/IV/2023 tanggal 6 April 2023 dan Akte Berkekuatan Hukum Tetap No. AMKHT/56-K/PM.II-08/AL/IV/2023 tanggal 17 April 2023,"" tutur Kadispenal."
"Kapuspen TNI Kristomei Sianturi Resmi Mayor Jenderal, Ini ProfilnyaNews9 Mei 2025Kenaikan pangkat merupakan bentuk penghargaan negara atas prestasi dan dedikasi pati dalam pengabdian kepada bangsa dan",9 Mei 2025,https://nasional.kompas.com/read/2025/05/09/06472401/kapuspen-tni-kristomei-sianturi-resmi-mayor-jenderal-ini-profilnya,"JAKARTA, - Sebanyak 32 perwira tinggi (pati) TNI menerima kenaikan pangkat pada Kamis (8/5/2025). Hal tersebut berdasarkan Surat Perintah Panglima TNI Nomor Sprin/838/V/2025 tanggal 6 Mei 2025. Salah satu yang menerima kenaikan pangkat adalah Kepala Pusat Penerangan (Kapuspen) TNIKristomei Sianturi, dari sebelumnya Brigjen menjadi Mayjen. Kini, Kristomei Sianturi menjadi jenderal bintang dua TNI Angkatan Darat. Selain Kristomei, beberapa pati yang naik pangkat di antaranya Danjen Akademi TNI Letjen R Wisnu Graha, Koorsahli KSAD Letjen TNI Muhammad Zamroni, dan Wakil Gubernur Lemhannas Laksdya TNI Edwin. Daftar 32 Pati TNI yang Terima Kenaikan Pangkat Kristomei mengatakan, kenaikan pangkat merupakan bentuk penghargaan negara atas prestasi dan dedikasi pati dalam pengabdian kepada bangsa dan negara. ""Kenaikan pangkat juga merupakan kehormatan sekaligus amanah yang harus dijaga. Para perwira tinggi diharapkan dapat terus menunjukkan integritas, kepemimpinan, dan tanggung jawab yang tinggi dalam pelaksanaan tugas,"" ujar Kristomei. Kristomei Sianturi menjabat sebagaiKapuspen TNIsejak 14 Maret 2025, yang tertuang dalam Keputusan Panglima TNI Nomor Kep/333/III/2025. Ia menggantikan Mayjen TNI Hariyanto yang kini menjadi Perwira Staf Ahli Tingkat III Bidang Pengawasan Khusus dan Lingkungan Hidup Panglima Tentara Nasional Indonesia. Adapun Kristomei Sianturi merupakan pria yang lahir di Kotabumi, Lampung Utara, Lampung pada 6 Mei 1976. 32 Pati TNI Naik Pangkat, Kristomei Sianturi Resmi Mayor Jenderal Ia tidaklah berasal dari keluarga militer. Ayah Kristomei Sianturi adalah seorang pedagang, sedangkan ibunya merupakan seorang guru SMA di Kotabumi, Lampung Utara. Kristomei Sianturi merupakan lulusan Akademi Militer pada 1997 yang sudah menduduki sejumlah jabatan di kemiliteran. Berikut adalah karier militer Kristomei Sianturi:"
"TNI Terima Deputi Pertahanan AS, Bahas Peningkatan Keamanan KawasanNews7 Mei 2025Kasum TNI Letjen Richard Tampubolon dan Deputi Pertahanan AS Andrew Byers bahas peningkatan keamanan kawasan di Mabes T",7 Mei 2025,https://nasional.kompas.com/read/2025/05/07/08442701/tni-terima-deputi-pertahanan-as-bahas-peningkatan-keamanan-kawasan,"JAKARTA, - Kepala Staf Umum (Kasum)TNILetnan JenderalRichard Tampubolonmenerima kunjungan kehormatan ataucourtesy callDeputi PertahananAmerika Serikat(AS)Andrew Byers, di Markas Besar (Mabes) TNI, Cilangkap, Jakarta Timur, Selasa (6/5/2025). Dalam keterangan resmi yang dibagikan Pusat Penerangan (Puspen) TNI, keduanya membahas berbagai hal terkait peningkatan keamanan di kawasan. Bill Gates Tiba di Istana, Langsung Disambut Prabowo ""Saya mengucapkan terima kasih atas kesediaan Bapak berkunjung ke Mabes TNI dan menginformasikan kebijakan serta prioritas pertahanan Amerika kepada kami,"" kata Richard, dalam keterangannya, Rabu (7/5/2025). Secara spesifik, keduanya membahaskerja sama militerRI-AS pada pengembangan daerah latihan, rencana diadakannya potensi latihan multilateral, dan beberapa kerja sama lainnya seperti keamanan siber. Selanjutnya, Kasum TNI meyakinkanDeputi Pertahanan ASterkait komitmen Indonesia yang menginginkan perdamaian di kawasan. Kala Prabowo Bertemu Purnawirawan TNI Usai Heboh Pemakzulan Gibran... ""Indonesia selalu menginginkan terciptanya kawasan yang damai, aman, dan makmur, dikarenakan faktor tersebut sangat penting bagi tercapainya cita-cita suatu negara,"" ungkap jenderal TNI bintang tiga itu."
"Prabowo di Hadapan Purnawirawan: TNI Selalu Dituduh Mau Jadi DiktatorNews6 Mei 2025Prabowo heran TNI selalu dicap sebagai diktator, padahal banyak tentara yang rela mundur dari panggung politik",6 Mei 2025,https://nasional.kompas.com/read/2025/05/06/17555361/prabowo-di-hadapan-purnawirawan-tni-selalu-dituduh-mau-jadi-diktator,"JAKARTA,  -Presiden RIPrabowo Subiantomengaku heran karena Tentara Nasional Indonesia (TNI) selalu dicap sebagai kelompok yang ingin menjadi diktator. Padahal, menurut dia, banyak tentara di dunia ini yang rela mundur dari dunia politik dan kekuasaan. ""Kita, TNI, selalu dituduh bahwa kita mau jadi diktator. Selalu dituduh,"" kata Prabowo dalam acara Halal BihalalPurnawirawan TNIAD di Balai Kartini, Jakarta, Selasa (6/5/2025). Purnawirawan TNI AD: Pak Prabowo, Percayalah, Bapak Tidak Sendirian ""Padahal saya ingatkan ke banyak tokoh-tokoh, coba buka sejarah dunia, tunjukkan contoh di mana ada sebuah tentara yang mundur dari politik, dari kekuasaan. Kita mundur dengan rela,"" ujar dia melanjutkan. Prabowo pun mengeklaim bahwa reformasi yang terjadi di Indonesia selepas masa Orde Baru juga dapat sukses karena keterlibatan tokoh-tokoh militer. ""Reformasi itu, saudara-saudara, yang sukseskan reformasi itu adalah tokoh-tokoh TNI dan Polri, ABRI. Kita harus mengatakan apa yang benar,"" kata dia. Hormat Prabowo untuk Try Sutrisno Sebelum Berpidato di Halal Bihalal Purnawirawan TNI Eks Pangkostrad ini lantas mengungkit hasil survei yang menunjukkan bahwa TNI adalah lembaga yang paling dipercaya oleh publik. ""Dan maaf, sekarang kalau di survei rakyat Indonesia, mana institusi yang paling Anda percaya, tanya rakyat, yang teratas adalah TNI, tentara. Silakan. Bukan kita yang bikin survei. Ini survei internasional,"" kata Prabowo."
"Pasca-kebakaran Truk TNI, Arus Tol Gempol-Pandaan DialihkanRegional6 Mei 2025Jalur Tol Gempol-Pandaan dialihkan setelah insiden kebakaran truk TNI berisi amunisi. Pembersihan dilakukan untuk keamanan ",6 Mei 2025,https://surabaya.kompas.com/read/2025/05/06/075232278/pasca-kebakaran-truk-tni-arus-tol-gempol-pandaan-dialihkan,"PASURUAN, - Setelah terjadinya insidenkebakaran truk TNIdi ruasTol Gempol-PandaanKm 774+350A, pihak pengelola tol mengalihkan jalur kendaraan yang melintas. Kebijakan tersebut diambil guna melakukan evakuasi dan keamanan bagi pengguna jalan tol. ""Saat ini petugasmobile customer servicetelah melakukanevakuasi dan pembersihandi jalur tersebut,"" kata GM Teknik & Operasi PT Jasamarga Pandaan Tol Plaza Tol Pandaan, Reza Pahlevi, Selasa (6/5/2025). Menurut dia, kendaraan dari arah Surabaya menuju Malang dialihkan ke Gerbang Tol Gempol 4, serta kendaraan yang mengarah ke Surabaya dari Pasuruan dialihkan ke Gerbang Tol Pandaan. Soal Penyebab Truk TNI Meledak di Tol Gempol-Pandaan, Kodam Brawijaya: Masih Diselidiki Sementara itu, pengalihan ke jalan arteri diberlakukan untuk kendaraan yang hendak memasuki Gerbang Tol Gempol 3 dan Gerbang Tol Pandaan yang mengarah ke Surabaya. ""Pada proses pengamanan dan pembasahan, ada 2 unit pemadam kebakaran yang sudah berada di lokasi untuk memadamkan api,"" katanya. Pihaknya menyampaikan permohonan maaf atas ketidaknyamanan yang ditimbulkan akibat kejadian insiden tersebut. Truk TNI Meledak di Tol Gempol-Pasuruan Saat Angkut Amunisi, Ledakannya Terdengar ke Perkampungan Selanjutnya,pengalihan lalu lintasakan terus diberlakukan, berdasarkan diskresi kepolisian dan koordinasi berbagai pihak, sampai dipastikan evakuasi kejadian telah selesai dan area sudah aman dilewati. Truk TNI terbakarhingga menimbulkan ledakan di ruas jalanTol Gempol-Pasuruan, Senin (5/5/2025) malam. Truk TNI tersebut diduga memuat amunisi karena saat kejadian warga di sekitar lokasi mendengar beberapa kali ledakan. Dua anggota TNI jadi korban dalam insiden ini."
"Komnas Haji Dorong Syarat dan Aturan Haji Furoda Dirumuskan dalam Revisi UU HajiNews30 Mei 2025Komnas Haji dorong agar mekanisme, syarat, dan standar pelayanan haji furoda perlu dirumuskan agar ada ke",30 Mei 2025,https://nasional.kompas.com/read/2025/05/30/18372421/komnas-haji-dorong-syarat-dan-aturan-haji-furoda-dirumuskan-dalam-revisi-uu,"JAKARTA, -Komnas Hajimengatakan, kegagalan terbitnyavisa haji furodatahun 2025 harus dijadikan momentum untuk menata ulang sistem penyelenggaraanhajijalur furoda melalui revisi Undang-Undang (UU) Nomor 8 Tahun 2019 tentang Penyelenggaraan IbadahHajidan Umrah (PIHU). Apalagi, Ketua Komnas Haji Mustolih Siradj menyebut, revisi UU PIHU akan dibahas pemerintah dan DPR setelah musim haji tahun 2025 berakhir. “Jadi pengaturan lebih lanjut tentang mekanisme, syarat, dan standar pelayananhaji furodaperlu segera dirumuskan agar ada kepastian hukum, dan perlindungan bagi jemaah dari potensi kerugian materiil maupun sosial,” ujar Mustolih dalam keterangan yang diterima di Jakarta, Jumat (30/5/2025), dikutip dariAntaranews. Visa Haji Furoda Belum Terbit, Komnas Haji: Bukan Tanggung Jawab Pemerintah Ditambah lagi, Mustolih mengatakan, informasi dan transparasi informasi terkait risiko dalam haji furoda masih minim dan kebijakan otoritas Arab Saudi yang bisa berubah sewaktu-waktu. Namun, dia meminta publik tidak menyalahkan pemerintah karena visa haji furoda tidak terbit pada musim haji tahun ini.Sebab, menurut Mustolih, visa haji furoda tersebut berada di luar tanggung jawab pemerintah dan murni menjadi urusan bisnis antara jemaah haji dan penyelenggara travel. “Visa haji furodabelum juga diterbitkan oleh otoritas Arab Saudi sampai batas akhir pelayanan. Ini bukan tanggung jawab pemerintah karena berada di luar kuota resmi,” kata Mustolih. Dia menjelaskan bahwa berdasarkan UU PIHU, pemerintah hanya bertanggung jawab terhadap kuota resmi yang terdiri atas 98 persen haji reguler dan delapan persen haji khusus. Menag Janji Bantu Penerbitan Visa Haji Furoda Tahun Ini Sementara itu, visa haji furoda yang dikenal sebagai visa mujamalah merupakan jalur undangan yang diurus langsung oleh travel dan tidak masuk dalam kuota nasional. Lebih lanjut, Komnas Haji menyarankan agar jemaah yang tidak mendapat visa haji furoda menyelesaikan masalah tersebut secara musyawarah dengan yang memiliki otoritas. Mustolih mengatakan, masih ada peluang untuk mendapat pengembalian dana, penjadwalan ulang, atau pengalihan ke kuota haji khusus. Pasalnya, menurut dia, sejumlah travel resmi telah menyatakan siap mengembalikan biaya jemaah calon haji secara penuh sebagai bentuk tanggung jawab dan menjaga reputasi meskipun harus menanggung kerugian besar akibat pembatalan keberangkatan tersebut. Visa Haji Furoda Sulit Terbit Tahun Ini, Menag: Di Luar Kewenangan Kami Sebelumnya, Menteri Agama (Menag) Nasaruddin Umar menjelaskan bahwa keterlambatan penerbitan visa haji furoda berada di luar kewenangan Kementerian Agama (Kemenag). ""Iya, kami lagi menunggu (keputusan) Saudi. Itu kan di luar kewenangan kami,"" kata Nasaruddin di Kantor Kemenag, Jakarta Pusat pada Kamis, 29 Mei 2025. Namun, Menag mengatakan bahwa pihaknya akan tetap membantu berkomunikasi dengan otoritas Arab Saudi terkait hal itu. Nasaruddin mengungkapkan, otoritas Arab Saudi sebenarnya telah mengeluarkan visa untuk sebagian jemaah furoda. Namun, ternyata masih banyak jemaah yang masih menunggu keberangkatan karena visanya belum terbit. ""Sebagian sudah ada, tapi masih ada daftar tunggunya, belum keluar. Nah, yang mengeluarkan visa kan di sana ya (pemerintah Arab Saudi),"" ujarnya. Nasaruddin menyampaikan, untuk membantu jemaah haji furoda, Kemenag melobi Arab Saudi siang-malam agar proses penerbitan visa furoda dipermudah. Visa Haji Furoda Belum Terbit, Komnas Haji: Bukan Tanggung Jawab Pemerintah"
"Marak Penyanyi Digugat Pencipta Lagu, LMKN Akui Ada Ambiguitas dalam UU Hak CiptaHype27 Mei 2025Karena UU Hak Cipta di Indonesia tidak memberikan definisi tegas, hal ini menjadi celah masalah.",27 Mei 2025,https://www.kompas.com/hype/read/2025/05/27/165921866/marak-penyanyi-digugat-pencipta-lagu-lmkn-akui-ada-ambiguitas-dalam-uu-hak,"–Polemik terkait royalti lagu di industri musik Indonesia terus mencuat. Setelah Agnez Mo digugat olehpencipta laguAri Bias, kasus serupa kini menimpapenyanyiVidi Aldiano yang digugat oleh Keenan Nasution atas lagu ""Nuansa Bening"". Penyanyidangdut Lesti Kejora pun tak luput, ikut digugat oleh Yoni Dores, pencipta lagu yang ia nyanyikan. Deretan Penyanyi yang Digugat hingga Dilaporkan Polisi oleh Pencipta Lagu, dari Agnez Mo hingga Vidi Aldiano Menanggapi maraknya persoalan ini, Lembaga Manajemen Kolektif Nasional (LMKN) akhirnya angkat bicara. Menurut Komisioner LMKN, Johnny Maukar, problem utama terletak pada ambiguitas aturan dalam Undang-Undang Hak Cipta, khususnya mengenai pihak yang bertanggung jawab atas pembayaran royalti. Vidi Aldiano Digugat Pencipta Lagu Nuansa Bening, Sidang Perdana Digelar Rabu Besok Komisioner LMKN, Johnny Maukar, menjelaskan bahwa dalam Pasal 23UU Hak Cipta, disebutkan setiap orang dapat menggunakan lagu tanpa meminta izin kepada pencipta, selama membayar imbalan atau royalti. Namun, aturan ini dinilai tidak tegas dalam menyebut siapa yang sebenarnya berkewajiban membayar. Awal Mula Kasus Vidi Aldiano Vs Pencipta Lagu Nuansa Bening ""Nah, menurut Pasal 23 UU Hak Cipta, 'Setiap Orang Dapat Menggunakan Lagu Tanpa Meminta Izin Kepada Pencipta, Sepanjang Membayar Imbalan KepadaPencipta Lagu', di bawahnya ada ekornya,"" jelas Johnny Maukar, dikutip dari kanal YouTube Intens Investigasi pada Selasa (27/5/2025). Johnny menegaskan, justru pada bagian ""ekor"" aturan tersebut yang memunculkan celah hukum. Setelah Dilaporkan, Lesti Kejora Belum Ada Komunikasi dengan Yoni Dores ""Ini yang kurang jelas, siapa yang harus membayar? Apakah penyanyi atau penyelenggara? Kalau merujuk praktik di banyak negara, yang membayar itu biasanya penyelenggara. Jadi dalam konteks ini, yang membayar royalti adalah pihak penyelenggara, bukan penyanyi,"" tutur Johnny Maukar. Namun, karena UU Hak Cipta di Indonesia tidak memberikan definisi tegas, hal ini menjadi celah masalah. Perjalanan Kasus Lesti Kejora yang Dilaporkan Yoni Dores ""Inilah yang menjadi pintu masuk Ari Bias menggugat Agnez Mo. Dalam putusan pengadilan, Agnez Mo diminta membayar sanksi denda, bukan karena masalah izin, tapi karena kewajiban membayar royalti,"" lanjut Johnny Maukar. Kebingungan mengenai pihak yang wajib membayar royalti, menurut LMKN, menjadi isu mendasar yang harus segera diperbaiki. Vidi Aldiano Digugat Pencipta Lagu Nuansa Bening, Sidang Perdana Digelar Rabu Besok Tanpa kepastian hukum, perselisihan serupa dikhawatirkan akan terus berulang dan merugikan semua pihak. LMKN berharap pemerintah dan pemangku kepentingan dapat segera merevisi dan memperjelas aturan dalam UU Hak Cipta agar tidak ada lagi tumpang tindih kepentingan dan penyanyi maupun pencipta lagu dapat bekerja sama dengan adil dan transparan."
"Polemik Perpres Perlindungan Jaksa: Diminta Ditinjau Ulang Versus Dinilai Tak Langgar UUNews23 Mei 2025Pelibatan TNI dalam Perpres Perlindungan Jaksa diminta agar ditinjau ulang. Tapi, Yusril sebut pe",23 Mei 2025,https://nasional.kompas.com/read/2025/05/23/17115821/polemik-perpres-perlindungan-jaksa-diminta-ditinjau-ulang-versus-dinilai-tak,"JAKARTA, - Presiden Prabowo Subianto menerbitkan Peraturan Presiden (Perpres) Nomor 66 Tahun 2025 tentang Perlindungan Negara TerhadapJaksadalam Melaksanakan Tugas dan Fungsi Kejaksaan Republik Indonesia. Perpres Nomor 66 Tahun 2025 itu ditetapkan Prabowo pada 21 Mei 2025, serta diundangkan oleh Menteri Sekretaris Negara (Mensesneg) Prasetyo Hadi pada tanggal yang sama. ""Betul (ada perpres soal Perlindungan Jaksa),"" kata Kepala Komunikasi Kepresidenan (Presidential Communication Office/PCO) Hasan Nasbi, saat dikonfirmasiKompas.compada 22 Mei 2025. Namun, terbitnya Perpres tersebut menimbulkan polemik karena perlindungan terhadapjaksadapat dilakukan oleh personelTNIdanPolrisebagaimana termaktub dalam Pasal 4. Meskipun, Pasal 3 menyebutkan bahwa perlindungan dari negara terhadap jaksa ini dapat dilakukan atas permintaan Kejaksaan. Alasan Keluarga Jaksa Juga Mesti Dilindungi Negara Pelibatan TNI menuai respons dari Koalisi Masyarakat Sipil untuk Reformasi Sektor Keamanan. Mereka mendesak Presiden Prabowo dan DPR segera meninjau ulangPerpres perlindungan jaksatersebut. ""Kami menilai penerbitan Perpres 66/2025 tidak urgent dan tidak dibutuhkan. Sekalipun presiden memiliki kewenangan membentuk Perpres, tetapi pembentukan Perpres tetap harus diletakkan dalam tata pembentukan perundang-undangan yang benar,"" kata perwakilan koalisi, Direktur Imparsial, Ardi Manto dalam keterangannya, Jumat (23/5/2025). ""Oleh karena itu, sudah sepatutnya pembentukan Perpres 66/2025 yang tidak tunduk pada norma dan tatanan hukum yang benar dievaluasi dan ditinjau ulang kembali oleh Presiden dan DPR,"" ujarnya lagi. Perpres 66 itu juga dinilai tidak merujuk pada Undang-Undang (UU) TNI maupun UU Polri, padahal mengatur pelibatan kedua institusi tersebut. Koalisi Sipil Nilai Perpres Perlindungan Jaksa Tidak Mendesak dan Berpotensi Langgar Demokrasi Mereka menyebut, substansi Perpres tidak sesuai dengan ketentuan dalam Pasal 7 UU TNI tentang Operasi Militer Selain Perang (OMSP). “Mengingat ketentuan Pasal 7 UU TNI hanya membatasi OMSP ke dalam 16 jenis, sedangkan melindungi tugas dan fungsi Kejaksaan tidak termasuk di dalam 16 jenis OMSP tersebut,"" ujar Ardi. Selain tidak mendesak dan tidak dibutuhkan, koalisi menilai bahwa Perpres 66 membuka ruang kembalinya praktik Dwifungsi TNI di ranah sipil. “Perpres 66/2025 membawa milter masuk jauh ke wilayah sipil yakni ke kejaksaan. Padahal, Kejaksaan merupakan aparat penegak hukum yang melaksanakan kewenangan penuntutan serta kewenangan lain berdasarkan Undang-Undang, sedangkan TNI secara tegas dan jelas merupakan alat pertahanan negara yang diatur di dalam konstitusi,"" kata Ardi. Koalisi Sipil Desak Prabowo-DPR Tinjau Ulang Perpres Perlindungan Jaksa Lebih lanjut, koalisi menilai tidak ada ancaman nyata yang membenarkan langkah tersebut. Menurut Ardi, Presiden sebenarnya sudah bisa memerintahkan Jaksa Agung memperkuat keamanan internal atau melibatkan kepolisian tanpa perlu menerbitkan perpres baru. “Hingga saat ini, belum ada realitas ancaman yang nyata terhadap keamanan nasional terkait dengan kondisi kejaksaan yang mengharuskan Presiden membuat perpres,” ujar Ardi."
"Oraski Minta Revisi UU LLAJ Beri Solusi Jangka Panjang untuk Transportasi OnlineMoney19 Mei 2025Ketua Umum Organisasi Angkutan Sewa Khusus Indonesia (Oraski) Fahmi Maharaja mengatakan, ekosistem trans",19 Mei 2025,https://money.kompas.com/read/2025/05/19/172337926/oraski-minta-revisi-uu-llaj-beri-solusi-jangka-panjang-untuk-transportasi,"JAKARTA,  -Ketua Umum Organisasi Angkutan Sewa Khusus Indonesia (Oraski) Fahmi Maharaja mengatakan, ekosistemtransportasi onlineharus tetap terjaga. Fahmi menilai, revisi Undang-Undang Lalu Lintas dan Angkutan Jalan (LLAJ) yang saat ini sedang dibahas sebaiknya diarahkan untuk meningkatkan kualitas layanan dan keselamatan pengguna, bukan semata-mata perubahan status atau pembatasan tarif yang berpotensi melemahkan daya saing. “Kami ingin keberlangsungan ekosistem transportasi online tetap terjaga. Jangan rusak dengan regulasi yang keliru arah. Kami ingin solusi jangka panjang, bukan sensasi jangka pendek,” ujar Fahmi di Jakarta, Senin (19/5/2025). Pengamat Transportasi Sebut Revisi UU LLAJ Jadi Solusi Atasi ODOL ShutterstockIlustrasi transportasi online ""Kami percaya bahwa keberlangsungan sektor transportasi online hanya bisa dijaga melalui dialog yang sehat, regulasi yang proporsional, serta keterlibatan nyata dari para pelaku utamanya, yakni mitra pengemudi sendiri,"" lanjutnya. Sehingga, Oraski menegaskan, akan terus berada di jalur perjuangan yang rasional dan solutif, tanpa perlu terjebak dalam dinamika politik sesaat yang justru dapat merusak ekosistem yang ada. Dalam keterangannya, Fahmi juga menyatakan bahwa Oraski tidak akan ikut serta dalam aksidemo ojolpada Selasa (20/5/2025) besok. Oraski menyatakan sejalan dengan sikap jutaan mitrapengemudi onlinelainnya yang memilih untuk tetap on-bid demi menghidupi keluarga, ketimbang mengikuti mobilisasi politik yang tidak mencerminkan aspirasi asli pengemudi. Jelang Demo Ojol, GoTo Jelaskan soal Potongan Komisi, Driver Terima 80 Persen Fahmi bilang, usulan tersebut bisa menjadi preseden buruk bagi keberlangsungan transportasi online. Padahal ekosistem transportasi online selama ini terbukti mampu bertahan tanpa subsidi pemerintah, bahkan di tengah tantangan ekonomi global."
"MK Putuskan SD-SMP Swasta Gratis, KPAI Usul Revisi UU SisdiknasNews28 Mei 2025Revisi UU Sisdiknas bertujuan untuk mengakomodasi putusan MK yang menegaskan negara wajib membiayai pendidikan dasar di se",28 Mei 2025,https://nasional.kompas.com/read/2025/05/28/18382351/mk-putuskan-sd-smp-swasta-gratis-kpai-usul-revisi-uu-sisdiknas,"JAKARTA, - Komisi Perlindungan Anak Indonesia (KPAI) mengusulkan adanya revisi Undang-Undang Nomor 20 Tahun 2003 tentang Sistem Pendidikan Nasional (Sisdiknas). Revisi UU Sisdiknas bertujuan untuk mengakomodasi putusanMahkamah Konstitusi(MK) yang menegaskan negara wajib membiayaipendidikan dasardi sekolah negeri dan swasta. ""Bila perlu ada pasal yang mengatur pembagian pembiayaan pendidikan oleh pemerintah pusat dan daerah. Pembiayaan pendidikan fokus pada kegiatan yang berdampak langsung pada mutu pembelajaran dan kualitas lulusan,"" ujar anggota KPAI Aris Adi Leksono kepada Kompas.com melalui keterangannya, Rabu (28/5/2025). MK Nyatakan Sekolah Swasta Harus Gratis, Mendikdasmen Tunggu Arahan Prabowo Ia menjelaskan, putusan MK Nomor 3/PUU-XXIII/2025 bersifat final dan mengikat. Sehingga pemerintah harus melaksanakan putusan tersebut. Karenanya, pemerintah perlu menghitung ulang biaya pendidikan per anak untuk mencukupi kebutuhan layanan pembelajaran, sarana, prasarana, dan aktivitas penunjang lainnya. ""Jika unit cost biaya pendidikan anak terpenuhi, maka akan menghilangkan pungutan liar pada satuan pendidikan,"" ujar Aris. KPAI sendiri menilai putusan MK yang menggratiskan pendidikan dasar di sekolah negeri dan swasta merupakan langkah maju. Putusan MK tersebut, kata Aris, merupakan wadah untuk memenuhi hak dasar anak Indonesia, khususnya hak pendidikan. ""Dengan putusan ini akses dan mutu pendidikan dasar bagi anak Indonesia akan semakin meningkat, sehingga akan berkurang angka anak tidak sekolah karena faktor biaya, serta mutu akan meningkat, sehingga motivasi anak untuk melanjutkan pendidikan pada jenjang berikutnya semakin tinggi,"" ujar Aris. MK Putuskan SD-SMP Swasta Gratis, DPR: Pemerintah Wajib Melaksanakan Diketahui, MK mengabulkan gugatan terhadap Pasal 34 ayat (2) UU Sisdiknas terutama frasa ""wajib belajar minimal pada jenjang pendidikan dasar tanpa memungut biaya"", pada Selasa (27/5/2025). Dalam pertimbangan MK, Pasal 34 ayat (2) UU Sisdiknas bertentangan dengan Undang-Undang Dasar (UUD) 1945 dan tidak mempunyai kekuatan hukum mengikat secara bersyarat sepanjang tidak dimaknai ""Pemerintah dan Pemerintah Daerah menjamin terselenggaranya wajib belajar minimal pada jenjang pendidikan dasar tanpa memungut biaya, baik untuk satuan pendidikan dasar yang diselenggarakan oleh pemerintah maupun satuan pendidikan dasar yang diselenggarakan oleh masyarakat."" MK berpandangan, frasa ""wajib belajar minimal pada jenjang pendidikan dasar tanpa memungut biaya"" dalam Pasal 34 ayat (2) UU Sisdiknas hanya berlaku terhadap sekolah negeri. Hal tersebut, menurut MK, menimbulkan kesenjangan akses pendidikan dasar bagi peserta didik yang terpaksa bersekolah di sekolah/madrasah swasta akibat keterbatasan daya tampung sekolah negeri. Pengamat: Harusnya Pemerintah Gratiskan Anak-anak yang Sekolah Swasta karena Tak Diterima di Negeri Dalam kondisi tersebut, negara memiliki kewajiban konstitusional untuk memastikan bahwa tidak ada peserta didik yang terhambat dalam memperoleh pendidikan dasar hanya karena faktor ekonomi dan keterbatasan sarana pendidikan dasar. ""Berdasarkan uraian pertimbangan hukum tersebut di atas menurut Mahkamah, dalil para Pemohon yang mempersoalkan konstitusionalitas frasa ‘wajib belajar minimal pada jenjang pendidikan dasar tanpa memungut biaya’ dalam norma Pasal 34 ayat (2) UU 20/2003, yang menurut para Pemohon menimbulkan multitafsir dan diskriminasi karena hanya berlaku untuk sekolah/madrasah negeri adalah beralasan menurut hukum,"" ujar Hakim MK Enny Nurbaningsih membaca pertimbangan hukum Mahkamah."
Muhammadiyah Dukung Amandemen UU Persaingan Usaha dan Bentuk Kemitraan Strategis dengan KPPUMoney27 Mei 2025PP Muhammadiyah mendukung amandemen UU Persaingan Usaha untuk memperkuat perlindungan UMKM d,27 Mei 2025,https://money.kompas.com/read/2025/05/27/181427026/muhammadiyah-dukung-amandemen-uu-persaingan-usaha-dan-bentuk-kemitraan,"- Pimpinan Pusat (PP) Muhammadiyah mendukung amandemen Undang-undang (UU) Nomor 5 Tahun 1999 tentang Larangan Praktik Monopoli danPersaingan UsahaTidak Sehat. Dukungan itu disampaikan dalam penandatanganannota kesepahaman(MoU) antara Muhammadiyah dan Komisi Pengawas Persaingan Usaha (KPPU) di KantorPP Muhammadiyah, Yogyakarta, Selasa (27/5/2025). MoU tersebut menandai kemitraan strategis antara kedua lembaga dalam memperkuat pengawasanpersaingan usahaserta mendorong kemitraan yang sehat bagi pelaku usaha mikro kecil dan menengah (UMKM). Penandatanganan dilakukan oleh Ketua KPPU M Fanshurullah Asa dan Ketua Umum PP Muhammadiyah Prof Dr Haedar Nashir. Agenda ini disaksikan oleh jajaran pimpinan kedua institusi serta perwakilan dari Universitas Ahmad Dahlan (UAD) dan Universitas Muhammadiyah Yogyakarta (UMY). Kemitraan antara KPPU dan Muhammadiyah merupakan kelanjutan dari kerja sama yang telah terjalin sejak 2019. RI-Swedia Sepakati 4 Kerja Sama Kesehatan, RS Dharmais Bakal Dapat Rp 15,3 Miliar Fokus utamanya adalah peningkatan pemahaman, advokasi, dan pengawasan atas prinsip-prinsip persaingan usaha yang sehat sebagaimana diatur dalam UU Nomor 5 Tahun 1999 dan UU Nomor 20 Tahun 2008 tentang UMKM. Ketua KPPU yang akrab disapa Ifan, menyebut bahwa kolaborasi kedua pihak tidak hanya sebatas kelembagaan, tetapi juga membawa misi dakwah dan nilai-nilai keadilan sosial. “Penguatan literasi ekonomi dan perlindungan terhadap pelaku usaha kecil dari ketimpangan struktural merupakan bagian dariamar ma’ruf nahi munkardalam bidang ekonomi,” ujarnya melalui siaran pers, Selasa (27/5/2025). Sementara itu, Prof Dr Haedar Nashir menegaskan bahwa Muhammadiyah mendukung penuh amandemen UU Persaingan Usaha yang saat ini masuk dalam Program Legislasi Nasional (Prolegnas) DPR RI. “Kami berharap KPPU dapat berperan aktif dalam memperhatikan pelaku usaha agar tidak melakukan persaingan yang tidak sehat dan praktik monopoli,” katanya. Asosiasi Bantah KPPU, BMAD Bukan Penghambat tapi Solusi Persaingan Sehat Dalam pernyataan terpisah, Ketua PP Muhammadiyah Agung Danarto juga menyampaikan bahwa amandemen UU tersebut merupakan kebutuhan mendesak untuk menjawab kebutuhan aktual dalam dunia usaha dan regulasi. Penyempurnaan UU itu diyakini akan memperkuat kepastian hukum, meningkatkan posisi Indonesia dalam persaingan global, serta mendorong daya saing nasional. “Regulasi yang responsif terhadap perkembangan zaman merupakan sebuah keharusan. Amandemen ini akan memperkuat perlindungan terhadap UMKM dan menciptakan iklim usaha yang adil, sehat, dan berkeadilan,” ujar Agung. Melalui Majelis Hukum dan HAM PP Muhammadiyah, lanjut dia, Muhammadiyah mendukung penguatan KPPU melalui amandemen tersebut. Nota kesepahamantersebut akan berlaku selama lima tahun ke depan. Ruang lingkup kerja sama mencakup advokasi, pendidikan, serta pengawasan kemitraan usaha di lingkungan amal usaha Muhammadiyah. Kartini Masa Kini, Yunita Monim Puteri dari Papua yang Kini Aktif Advokasi Perempuan KPPU dan Muhammadiyah berharap kolaborasi ini dapat menjadi kontribusi nyata dalam mendorong terciptanya ekonomi nasional yang lebih adil, sehat, dan kompetitif secara global. Sebagai informasi, dalam acara tersebut juga hadir Kepala Kantor Wilayah VII KPPU M Hendry Setiawan, Kepala Biro Humas dan Kerja Sama KPPU Deswin Nur, serta jajaran pimpinan PP Muhammadiyah."
"KPAI Sebut Tak Ada Label ""Anak Nakal"" dalam UU Perlindungan AnakNews26 Mei 2025KPAI menemukan sejumlah potensi pelanggaran hak anak dalam program pendidikan militer yang dicanangkan Dedi Mulyadi.",26 Mei 2025,https://nasional.kompas.com/read/2025/05/26/20104111/kpai-sebut-tak-ada-label-anak-nakal-dalam-uu-perlindungan-anak,"JAKARTA, - Komisi Perlindungan Anak Indonesia (KPAI) mendesak Gubernur Jawa BaratDedi Mulyadiuntuk menghentikan sementara program pengiriman anak bermasalah ke barak militer. Sebab ada potensi pelanggaran hak anak, karena tidak adanya pelabelan anak nakal dalam Undang-Undang Nomor 35 Tahun 2014 tentang Perlindungan Anak. ""Kami sudah menyampaikan hasil pengawasan kemarin kepada pemerintah daerah. Dan hasil pengawasan kita itu pertama agar program ini untuk sementara dihentikan, sampai dilakukan evaluasi terutama terkait regulasi,"" ujar Wakil Ketua KPAI Jasra Putra saat ditemui di Kompleks Parlemen, Jakarta, Senin (26/5/2025). 2 Lokasi Jadi Opsi Barak Militer untuk Pembinaan Karakter Remaja di Depok KPAI meminta Dedi Mulyadi untuk menghentikan sementara programanak nakal dikirim ke barak militer, hingga adanya hasil evaluasi. Sebab, KPAI menemukan sejumlah potensi pelanggaran hak anak dalam program pendidikan militer yang dicanangkan Dedi Mulyadi. ""Dalam surat edaran Pak Gubernur itu kan berpotensi melanggar hak anak, terutama labeling dan non-diskriminasi. Karena penyebutan anak-anak nakal dan seterusnya itu tidak kita kenal dalam UU Perlindungan Anak, yang ada adalah anak-anak dalam perlindungan khusus,"" ujar Jasra. Di samping itu, KPAI juga menyoroti sarana dan prasarana yang tidak sesuai dengan perlindungan anak dalam pengiriman mereka ke barak militer. Jasra menegaskan, pelatihan calon anggota TNI tidaklah sama dengan penanganan anak-anak bermasalah. ""Karena bagaimanapun juga melatih anak itu berbeda dengan melatih militer. Jadi perspektif pelindung anak itu harus ada. Dan bahkan kita dorong harus ada safe child guarding,"" ujar Jasra. Haedar Nashir ke Dedi Mulyadi: Dialogkan Kebijakan Barak Militer dengan Kemendikdasmen Atas dasar itu, KPAI ingin mengevaluasi terlebih dahulu angkatan pertama anak bermasalah yang dikirim ke barak militer oleh pemerintah provinsi Jawa Barat. ""Yang baru kami pantau kan baru dari video-video yang ada, anaknya sudah patuh, anaknya tidak bolos sekolah, dan sebagainya. Nah, harapannya seperti itu. Tapi apakah itu tetap bertahan? Nah, ini yang tentu yang menjadikan tangan kita ke depan,"" ujar Jasra."
"Diizinkan KPK, MA Tak Tunggu UU Perampasan Aset Evaluasi Harta Hakim HedonNews23 Mei 2025Ketua MA Sunarto tegaskan evaluasi kekayaan hakim dimulai tanpa menunggu UU Perampasan Aset.",23 Mei 2025,https://nasional.kompas.com/read/2025/05/23/14050371/diizinkan-kpk-ma-tak-tunggu-uu-perampasan-aset-evaluasi-harta-hakim-hedon,"JAKARTA, - KetuaMahkamah Agung(MA),Sunarto, menegaskan pihaknya tidak akan mengganggu Undang-Undang Perampasan Aset untuk mengevaluasi kekayaan hakim yang tidak wajar. “Kita akan mulai membenahi dari Badan Peradilan. Kami tidak akan menunggu Undang-Undang (UU) Perampasan Aset. Kami akan mengevaluasi harta bapak ibu sekalian,” kata Sunarto dalam acara pembinaan pimpinan pengadilan dan para hakim se-Jakarta di Gedung MA, Jakarta, Jumat (23/5/2025). Menurut Sunarto, Komisi Pemberantasan Korupsi (KPK) telah mengizinkan Badan Pengawasan (Bawas) MA mengevaluasi Laporan Harta Kekayaan Penyelenggara Negara (LHKPN) para hakim. Jika hasil evaluasi itu menyatakan hakim-hakim tidak jujur, maka mereka akan dibawa ke ranah hukum. Ketua MA Wanti-wanti Hakim: Bapak Ibu Hidup Seperti di Akuarium, Tukar Valas-Check In Ketahuan “Kalau saudara tidak jujur, ada rumah tidak dilaporkan, Badan Pengawasan dan aparat penegak hukum tahu, silakan, agar diusut,” ujar Sunarto. Mantan Kepala Badan Pengawasan (Bawas) MA itu pun menyebut hakim-hakim yang menggunakan barang mewah dan tidak sesuai dengan kekayaannya, mereka tidak tahu malu. Ia menyebut, gaji hakim berada di kisaran Rp 27 juta. Namun, mereka mengenakan barang branded seperti Louis Vuitton (LV), Bally, hingga membeli mobil Porsche. “Gajinya Rp 27 juta, Rp 23 juta, pakai LV, pakai Bally, pakai Porsche, enggak malu,” tegur Sunarto. Untuk diketahui, beberapa kasus korupsi yang diusut KPK berawal dari pemeriksaan LHKPN, baik atas harta yang tidak wajar atau yang tidak dilaporkan. Ketua MA Tegur Hakim Hedonis: Apa Tidak Takut Tuhan? Minimal Takut Arloji Rp 1 M Difoto KPK kemudian menemukan para pejabat itu menerima gratifikasi. Di antara mereka adalah eks pejabat Direktorat Jenderal Pajak (DJP) Rafael Alun Trisambodo, eks Kepala Bea dan Cukai Makassar Andhi Pramono, serta eks Kepala Bea dan Cukai Yogyakarta Eko Darmanto. Sebagai informasi, beberapa waktu terakhir secara berturut-turut banyak hakim yang ditangkap Kejaksaan Agung. Mereka diduga terlibat dalam suap untuk mengkondisikan putusan, baik terkait perkara pidana khusus maupun pidana umum. Di antaranya adalah kasus suap vonis bebas pelaku pembunuhan Gregorius Ronald Tannur dan vonis lepas terdakwa korporasi kasus korupsi crude palm oil (CPO)."
"Ojol Tantang DPR Kasih Keputusan Cepat soal Potongan 10 Persen: Kalau UU, Susah TerbitNews21 Mei 2025Komunitas ojol tantang DPR pastikan penurunan biaya jasa aplikasi jadi 10%. Soalnya, mereka menilai",21 Mei 2025,https://nasional.kompas.com/read/2025/05/21/18263091/ojol-tantang-dpr-kasih-keputusan-cepat-soal-potongan-10-persen-kalau-uu,"JAKARTA, - Komunitasojek online(ojol) menantang Komisi VDPR RIuntuk cepat memberikan kepastian apakah dapat menampung aspirasi penurunan potonganbiaya jasa aplikasimenjadi 10 persen atau tidak. Tantangan ini disampaikan setelah pengemudi ojol meminta DPR RI mendesakKemenhubuntuk melegalkan potongan 10 persen lewat revisi Keputusan Menteri Perhubungan (Kepmenhub) Nomor KP 1001 Tahun 2022, dalam RDPU di Kompleks Parlemen, Senayan, Jakarta Pusat, Rabu (21/5/2025). Rapat di DPR, Ojol Desak Potongan Biaya Aplikasi Diturunkan 10 Persen Diketahui melalui beleid itu, pemerintah selama ini mengatur biaya jasa aplikasi maksimal 20 persen dari tarif perjalanan, bukan 10 persen. ""Sampai kapan kami bisa menikmati hasil komisi 10 persen ini bisa terjadi, Pak. Saya ingin tanya itu, Pak, sehingga kami bisa mengetahui deadline akhirnya tanggal berapa, bulan berapa, tahun berapa,"" kata perwakilan driver ojol, Ari Azhari, dalam rapat ini. Ojol Ancam Demo Lebih Besar jika Kemenhub Tak Terbitkan Potongan 10 Persen Bulan Ini Dia menuturkan penurunan biaya jasa aplikasi ini diperlukan pengemudi ojol, karena pengesahan RUU tentang Transportasi Online menjadi UU akan memakan waktu lama. Sebab, RUU ini memiliki banyak pertimbangan sebelum disahkan. Ia lantas membandingkan pengesahan RUU lainnya yang jauh lebih cepat, seperti revisi UU KPK hingga UU Ibu Kota Negara. ""Kalau Bapak bilang UU itu sangat susah sekali untuk diterbitkan. Yang saya dapatkan adalah Undang-Undang mengenai masalah KPK singkat banget, Pak. Undang-Undang Daerah Khusus Ibu Kota singkat banget, Undang-Undang lain bisa singkat, Pak. Saya tidak mau alasan dari bapak-bapak yang mewakili kita di sini,"" ucap dia. Diketahui dalam rapat yang sama, Ketua Komisi V DPR RI Lasarus mengakui, membuat UU memang tidak bisa selesai esok hari. Sebab, sebelum disahkan, pihaknya membutuhkan analisis hingga menyusun naskah akademik. ""Karena revisi UU Lalu Lintas dan Angkutan Jalan tadinya dari tahun lalu sudah kami siapkan naskah akademiknya. Tetapi rigid mengatur angkutan online ini tentu akan berbeda. Kalau kita bikin sendiri UU Angkutan Online akan beda sekali, dengan kita mengatur nempel dengan sistem aturan yang ada sekarang,"" tandasnya."
"Pelantikan Irjen Pol Iqbal Jadi Sekjen DPD RI Dinilai Menyalahi UUNews19 Mei 2025Pelantikan seorang polisi aktif, Irjen Muhammad Iqbal, menjadi Sekretaris Jenderal DPD RI dinilai menyalahi peraturan u",19 Mei 2025,https://nasional.kompas.com/read/2025/05/19/17340941/pelantikan-irjen-pol-iqbal-jadi-sekjen-dpd-ri-dinilai-menyalahi-uu,"JAKARTA, - Pelantikan seorangpolisiaktif, Irjen Muhammad Iqbal, menjadi Sekretaris JenderalDPD RIdinilai menyalahi peraturan undang-undang. “Jadi hakikatnya, polisi aktif dilarang menduduki jabatan di luar kepolisian,” kata peneliti Forum Masyarakat Peduli Parlemen Indonesia (Formappi), Lucius Karus, kepadaKompas.com, Senin (19/5/2025). DPD RI Lantik Irjen Polisi Muhammad Iqbal Jadi Sekjen Dia menguraikan, pelantikan Irjen Iqbal menjadi Sekjen DPD RI menyalahi UU Nomor 2 Tahun 2002 tentangPolridan UU Nomor 17 Tahun 2014 tentang MPR-DPR-DPD-DPRD atau UU MD3. Berikut bunyi pasalnya: Pasal 28(3) Anggota Kepolisian Negara Republik Indonesia dapat menduduki jabatan di luar kepolisian setelah mengundurkan diri atau pensiun dari dinas kepolisian. Pasal 414(2) Sekretaris jenderal sebagaimana dimaksud pada ayat (1) pada dasarnya berasal dari pegawai negeri sipil profesional yang memenuhi syarat sesuai dengan ketentuan peraturan perundang-undangan Kapolda Riau Irjen Iqbal yang Gencar Berantas Narkoba Dimutasi Lucius menjelaskan bahwa hanya PNS yang bisa menjadi sekjen, tetapi kini ternyata polisi aktif yang menjadi Sekjen DPD RI. “Benar-benar bikin kaget. Sekretaris Jenderal DPD diemban oleh seorang IrjenPolisi. Entah DPD dapat inspirasi dari mana,” ujarnya. Menurut dia, pihak yang bersalah atas penunjukan polisi aktif sebagai Sekjen DPD RI adalah DPD itu sendiri. Soalnya, DPD-lah yang mengusulkan calon sekjen DPD. Selanjutnya, presiden memilih dan memutuskan berdasarkan nama yang dusulkan Pimpinan DPD. “Lalu masalah yang paling penting adalah terkait dengan etika,” ujarnya. Etika yang disorot Lucius adalah berkaitan dengan pertanggungjawaban sekjen, apakah ke kepolisian atau ke pimpinan DPD. Ini bisa menimbulkan konflik kepentingan. “Tumpang tindih hierarki jabatan ini beserta potensi konflik kepentingannya akan jadi persoalan tersendiri yang berpeluang menyandera Kesekretariatan DPD,” tuturnya. PelantikanIrjen M Iqbalmenjadi Sekjen DPD RI digelar tadi. Pelantikan ini disebut sesuai dengan Keppres Nomor 79/TPA Tahun 2025 tentang Pemberhentian dan Pengangkatan dari dan dalam Jabatan Pimpinan Tinggi Madya di Lingkungan Sekretariat Jenderal Dewan Perwakilan Daerah RI."
"Guru Besar FK UI Kecewa dengan Kemenkes, Implementasi UU Kesehatan MelencengNews16 Mei 2025Guru Besar FK UI kecewa dengan Kemenkes karena implementasi UU Kesehatan melenceng, salah satunya soal penent",16 Mei 2025,https://nasional.kompas.com/read/2025/05/16/19421871/guru-besar-fk-ui-kecewa-dengan-kemenkes-implementasi-uu-kesehatan-melenceng,"JAKARTA, -Guru Besar Fakultas Kedokteran Universitas Indonesia (FK UI) menyampaikan kekecewaan terhadap sejumlah kebijakan Kementerian Kesehatan (Kemenkes) yang tidak sesuai dengan Undang-Undang Nomor 17 Tahun 2023 tentang Kesehatan (UU Kesehatan). Dekan FK UIAri Fahrial Syammengatakan, sejak UU Kesehatan disusun, FK UI berkali-kali bertemu dengan jajaran Kemenkes dan berpesan agar pendidikan harus berkualitas, tetapi ia menilai implementasinya melenceng. ""Komunikasi ini sudah dilakukan sejak proses RUU, baik itu secara langsung. Jadi kami, misalnya saya dekan, itu beberapa kali bertemu dengan Menteri Kesehatan dan jajarannya. Kami menyampaikan bahwa pendidikan harus berkualitas,"" ujar Ari di Kampus FK UI, Jakarta, Jumat (16/5/2025). ""Tapi pada kenyataannya apa, kami kecewa, itu tidak sesuai,"" kata dia. Guru Besar FK UI Nilai UU Kesehatan Melenceng, Sorot Mutasi Ketua IDAI Ari menyebutkan, salah satu aturan UU Kesehatan yang tak sesuai implementasinya adalah penentuan kolegium. Ia menegaskan, FK UI sepakat bahwa kolegium terdiri dari para guru besar dan pakar di bidangnya. FK UI juga setuju bahwa pemilihan anggota kolegiom berdasarkanvoting, ditentukan oleh Menteri Kesehatan berdasarkan penilaian dari jajaran Kemenkes. Namun, para Guru BesarFKUImenduga penunjukan justru bukan berlandaskan hasilvoting,tetapi keinginan dari jajaran Kemenkes. Awalnya Setuju UU Kesehatan, Guru Besar FK UI Kini Merasa Ada yang Melenceng ""Itu ditentukan bukan berdasarkan suara terbanyak kalau kita bicara soal voting, tapi yang nampaknya sesuai dengan keinginan Kementerian Kesehatan,"" kata Ari. Ari menyebutkan, ada satu kolegium yang ditunjuk langsung oleh Kementerian Kesehatan tanpa melalui proses voting. ""Ada satu kolegium itu ditunjuk langsung oleh Kementerian Kesehatan. Jadi ini yang terus terang saja, sekali lagi kami tidak minta apa-apa, kami minta Kementerian Kesehatan laksanakan undang-undang dan PP seperti yang tertulis di situ. Itu saja, tidak banyak-banyak kami minta untuk masalah ini,"" kata dia. Kenapa Kolegium Perlu Diatur Pemerintah? Ini Penjelasan Kemenkes Diberitakan sebelumnya, pihak Kemenkes menyebut kolegium perlu diatur oleh pemerintah setelah sebelumnya dipegang oleh organisasi profesi yang dikuasai elite-elite tertentu. ""Sebelumnya itu di bawah organisasi profesi, orangnya itu-itu saja dikuasai elite-elite tertentu. Karena (kolegium) menentukan kurikulum, standar pelayanan, segala macam, ya kan harusnya kewenangannya pemerintah untuk mengatur,"" kata Staf Khusus Menteri Kesehatan Bidang Dukungan Strategis Organisasi Kementerian Kesehatan Rendi Witular, Rabu (7/5/2025). ""Enggak bisa kita serahkan standar untuk hajat hidup orang-orang yang begini kepada organisasi profesi,"" imbuh dia."
"Awalnya Setuju UU Kesehatan, Guru Besar FK UI Kini Merasa Ada yang MelencengNews16 Mei 2025Guru Besar FK UI menilai ada yang melenceng dari UU Kesehatan, berdampak pada pendidikan kedokteran dan pelay",16 Mei 2025,https://nasional.kompas.com/read/2025/05/16/18343621/awalnya-setuju-uu-kesehatan-guru-besar-fk-ui-kini-merasa-ada-yang-melenceng,"JAKARTA,  -Sejumlah Guru Besar Fakultas Kedokteran Universitas Indonesia (FK UI) menilai, ada hal-hal dalamUndang-Undang Kesehatanbeserta aturan turunannya yang melenceng dari tujuan awalnya. Dekan FK UIAri Fahrial Syammenyatakan, ketidaksesuaian itu menyebabkan terganggunya proses pendidikan kedokteran dan berdampak pada pelayanan kesehatan bagi publik. ""Tentu sebagai warga negara yang baik, kami semua dari awal menyetujui undang-undang dan juga PP (Peraturan Pemerintah) yang telah digariskan oleh pemerintah,"" kata Ari dalam konferensi pers di Kampus FK UI, Jakarta Pusat, Jumat (16/5/2025). ""Tapi, di dalam perjalanannya ternyata ada komitmen yang tidak sesuai dengan undang-undang dan juga PP, dan hal-hal yang akhirnya kami boleh sampaikan terganggunya proses pendidikan kedokteran dan akhirnya pelayanan kesehatan,"" imbuh dia. Dewan Guru Besar FKUI Turun Gunung, Kritik Kebijakan Kemenkes Ancam Mutu Dokter Ari mengatakan, beberapa peristiwa yang terjadi dalam satu bulan terakhir sudah cukup mengganggu paraGuru Besar FK UI. ""Berbagai macam kebijakan Kementerian Kesehatan kadang-kadang berbenturan. Apa yang terjadi dalam sebulan terakhir ini sangat mengganggu kami,"" kata dia. Salah satu yang belum lama ini dibicarakan terkait mutasi para dokter, termasuk mutasi Ketua Umum Ikatan Dokter Anak Indonesia (IDAI) Piprim B Yanuarso. Ari menyebutkan, mutasi Piprim mengganggu aktivitas belajar karena Piprim merupakan salah satu pengajar di FK UI. Ia mengatakan, ketika seorang dokter yang juga staf pengajar dimutasi secara mendadak, maka akan berdampak pada kualitas pendidikan. 5 Poin Sikap Guru Besar FKUI Soal Kolegium hingga “Framming” Buruk Dokter ""Misalnya terjadinya mutasi, yang sebagian besar tidak hanya terjadi diFKUI, tapi tempat lain, kan itu adalah staf pengajar yang terlibat di tridharma perguruan tinggi,"" kata Ari. ""Ketika mereka dipindahkan secara tiba-tiba, maka yang dikorbankan adalah peserta didik,"" imbuh dia. Dalam konferensi pers ini, sebanyak 70guru besar FK UIhadir dari 158 guru besar FK UI yang berada dalam satu suara. ""Ini yang akhirnya para guru besar merasa perlu menyampaikan sikap kepada kita semua, kepada pemerintah untuk tadi menyampaikan perasaan dan tentu untuk perbaikan ke depan,"" ujar Ari."
"Ikut Rancang UU ITE, Roy Suryo: Pasal Itu Bukan untuk Pidanakan OrangNews15 Mei 2025Mantan Menteri Pemuda dan Olahraga, Roy Suryo mengaku pernah ikut merancang Undang-undang (UU) tentang Informasi dan",15 Mei 2025,https://megapolitan.kompas.com/read/2025/05/15/21561941/ikut-rancang-uu-ite-roy-suryo-pasal-itu-bukan-untuk-pidanakan-orang,"JAKARTA,  -Mantan Menteri Pemuda dan Olahraga,Roy Suryomengaku pernah ikut merancang Undang-undang (UU) tentang Informasi dan Transaksi Elektronik. Menurut dia, pasal-pasal dalamUU ITEtidak digunakan untuk mempidanakan seseorang. ""Bukan pasal untuk mempidanakan orang. Jahat sekali kalau ada orang Menggunakan pasal itu untuk mempidanakan seseorang,"" kata Roy Suryo usai diperiksa di Mapolda Metro Jaya, Jakarta, Kamis (15/5/2025). Roy Suryo diperiksa polisiatas laporan Presiden ke-7 RI Joko Widodo (Jokowi) soal tudingan ijazah palsu. 5 Nama yang Ada dalam Laporan Jokowi soal Tuduhan Ijazah Palsu, Roy Suryo hingga Eggi Sudjana Dalam laporan tersebut, Jokowi menjerat terlapor dengan Pasal 310 KUHP dan/atau Pasal 311 KUHP, serta Pasal 35 juncto Pasal 51 ayat (1), Pasal 32 ayat (1) juncto Pasal 48 ayat (1), dan/atau Pasal 27A juncto Pasal 45 ayat (4) Undang-Undang Nomor 11 Tahun 2008 tentang Informasi dan Transaksi Elektronik. Menurut dia, pasal-pasal tersebut untuk menyelamatkan masyarakat dari perdagangan internasional. Namun dia tidak mengetahui mengapa pasal tersebut ada dalam UU ITE. ""Pasal itu tujuannya sekali lagi saya ulangin adalah untuk transaksi elektronik Supaya Indonesia itu diselamatkan Dari perdagangan internasional dan kita bisa ikut,"" ujar dia. Lebih lanjut, dia mencontohkan seseorang yang bisa dipidana dalam UU ITE. Misalnya ada orang yang memosting dokumen ijazah di media sosial. Singgung Laporan Jokowi Cepat Diproses, Roy Suryo: Luar Biasa! Namun sang pemilik ijazah menyatakan tidak pernah mengeluarkan dokumen tersebut. Artinya seseorang yang memosting ijazah tersebut bisa dikenakan pasal UU ITE. ""Ada orang memposting sebuah dokumen elektronik namanya ijazah, dia katakan itu asli. Padahal ternyata orang yang punya ijazah mengatakan saya tidak pernah mengeluarkan ijazah itu. Lah berarti yang memposting ijazah itu salah, kena pasal itu harusnya,"" ujar dia. Diberitakan sebelumnya, Jokowi resmi melaporkan tudingan ijazah palsu ke Polda Metro Jaya, Rabu (30/4/2025). Laporan tersebut teregistrasi dengan nomor LP/B/2831/IV/2025/SPKT/POLDA METRO JAYA. ""Ini sebetulnya masalah ringan, urusan tuduhan ijazah palsu. Tetapi memang perlu dibawa ke ranah hukum agar semuanya jelas dan gamblang,"" kata Jokowi di Polda Metro Jaya. Kuasa hukum Jokowi, Yakup Hasibuan, mengatakan, sedikitnya ada lima orang yang telah dilaporkan ke polisi atas tuduhan ijazah palsu presiden ke-7 RI itu. Ada Apa pada 26 Maret yang Disebut Roy Suryo Saat Diperiksa soal Tuduhan Ijazah Palsu Jokowi? Yakup menyebutkan, lima orang yang disebutkan dalam laporan tuduhan ijazah palsu Jokowi adalah RS, ES, RS, T, dan K. ""Kami sampaikan peristiwanya ada 24 obyek (video) yang Pak Jokowi sudah melaporkan. Itu juga diduga dilakukan oleh beberapa pihak. Mungkin inisialnya kalau boleh saya sampaikan ada RS, ES, RS, T, dan K,"" kata dia."
"Mahasiswi ITB Ditangkap karena Meme Prabowo-Jokowi, Polisi Jerat dengan UU ITEJawa Barat9 Mei 2025Polri menangkap seorang perempuan yang mengunggah meme bergambar Presiden RI Prabowo Subianto berciuma",9 Mei 2025,https://www.kompas.com/jawa-barat/read/2025/05/09/110513988/mahasiswi-itb-ditangkap-karena-meme-prabowo-jokowi-polisi-jerat,"- Polri mengkonfirmasi penangkapan seorang perempuan yang mengunggahmemebergambar Presiden RIPrabowo Subiantoberciuman dengan Presiden RI ke-7Joko Widododi media sosial X (dulu Twitter). Perempuan berinisial SSS tersebut kini dalam proses penyidikan oleh penyidik Bareskrim Polri. ""Benar, seorang perempuan berinisial SSS telah ditangkap dan diproses,"" ujar Kepala Biro Penerangan Masyarakat Divisi Humas Polri, Brigadir JenderalPolisiTrunoyudo Wisnu Andiko, kepada wartawan di Jakarta dikutip dariAntara, Jumat (9/5/2025). Meski begitu, Trunoyudo enggan mengungkapkan identitas lengkap SSS. Berdasarkan informasi yang beredar luas di media sosial, SSS diduga merupakan seorang mahasiswi dari Institut Teknologi Bandung (ITB). Kenapa Meme di Media Sosial Selalu Relate dan Disukai? Penangkapan SSS menyita perhatian publik setelah unggahan viral dari akun X @MurtadhaOne1 yang menyebut adanya mahasiswa ITB yang diamankan Bareskrim. Dalam unggahan tersebut disebutkan bahwa meme yang diunggah menggambarkan Presiden ke-7 RI Joko Widodo dan Presiden ke-8 RI Prabowo Subianto sedang berciuman. “Breaking news! Dapat info mahasiswi SRD ITB barusan diangkut Bareskrim karena meme Wowo yang dia buat,” tulis akun tersebut pada Rabu malam (7/5/2025). Sejarah Meme yang Populer di Internet, Digunakan untuk Hiburan hingga Propaganda Menurut Brigjen Trunoyudo, SSS dijerat dengan Undang-Undang Informasi dan Transaksi Elektronik (ITE). Adapun pasal yang dikenakan adalah Pasal 45 ayat (1) jo Pasal 27 ayat (1) dan/atau Pasal 51 ayat (1) jo Pasal 35 Undang-Undang Nomor 1 Tahun 2024, yang merupakan perubahan kedua atas UU Nomor 11 Tahun 2008 tentang ITE. ""Tersangka SSS melanggar Pasal 45 ayat (1) jo Pasal 27 ayat (1) dan/atau Pasal 51 ayat (1) jo Pasal 35 Undang-Undang Nomor 1 Tahun 2024 tentang Perubahan Kedua atas Undang-Undang Nomor 11 Tahun 2008 tentang ITE,"" jelas Trunoyudo. Saling Berkirim Meme Lucu untuk Jaga Persahabatan Pasal-pasal tersebut berkaitan dengan distribusi dan/atau transmisi konten elektronik yang mengandung muatan pelanggaran kesusilaan serta pemalsuan data elektronik. Kasus ini menimbulkan pro dan kontra di masyarakat. Sebagian kalangan menilai tindakan SSS merupakan bentuk ekspresi satir yang seharusnya dilindungi dalam kerangka kebebasan berpendapat. Namun, di sisi lain, aparat penegak hukum menilai unggahan tersebut melanggar norma kesusilaan dan etika publik, serta berpotensi memicu disinformasi atau ujaran kebencian."
KPPU Apresiasi DPR RI Atas Inisiatif Amandemen UU Nomor 5 Tahun 1999 dalam Prolegnas Prioritas 2025Money8 Mei 2025KPPU mendukung revisi UU Nomor 5/1999 untuk menghadapi tantangan persaingan di era eko,8 Mei 2025,https://money.kompas.com/read/2025/05/08/162531826/kppu-apresiasi-dpr-ri-atas-inisiatif-amandemen-uu-nomor-5-tahun-1999-dalam,"- Ketua Komisi Pengawas Persaingan Usaha (KPPU) M Fanshurullah Asa mengatakan, amandemen Undang-Undang (UU) Nomor 5 Tahun 1999 sudah menjadi kebutuhan mendesak. Oleh karenanya, KPPU menyampaikan apresiasi tinggi kepadaDPRRI atas inisiatif strategis memasukkanrevisi UU Nomor 5 Tahun 1999tentang Larangan Praktik Monopoli dan Persaingan Usaha Tidak Sehat ke dalam Program Legislasi Nasional (Prolegnas) Prioritas Tahun 2025. “Dalam menghadapi tantangan persaingan di era ekonomi digital dan arus masuk pelaku usaha global lintas negara, Indonesia membutuhkan perangkat hukum yang adaptif dan visioner,” ujarnya. KPPU menyatakan kesiapan penuh untuk berpartisipasi aktif dalam proses pembahasan revisi UU tersebut, termasuk memberikan masukan berbasis data dan kajian kepada Panja Komisi VI maupun Badan Legislasi (Baleg) DPR RI. Saat ini, Panitia Kerja (Panja) RUU Amandemen UU Nomor 5/1999 telah resmi dibentuk di Komisi VI DPR RI, dengan Ketua Panja dijabat oleh Wakil Ketua Komisi VI Adisatrya Suryo Sulisto. AS Persoalkan QRIS, KPPU: Kalau Indonesia Dipaksa Pakai Visa, Justru Melanggar Persaingan Langkah ini menandai komitmen DPR RI dalam menciptakan ekosistem usaha yang sehat dan kompetitif, sejalan dengan perkembangan zaman dan tantangan ekonomi digital global. Sebagai informasi, revisi terhadap UU itu sempat mendekati pengesahan pada 2018, tetapi tertunda karena sejumlah pertimbangan strategis yang terjadi saat itu. Kini, dengan meningkatnya kompleksitas persoalan seperti praktikpredatory pricing, dominasi pasar digital, dan kaburnya batas yurisdiksi pelaku usaha multinasional, urgensi pembaruan regulasi semakin nyata. Adapun UU Nomor 5 Tahun 1999 telah berusia 25 tahun pemberlakuannya dan tercatat telah tiga kali diuji secara konstitusional melalui Mahkamah Konstitusi (MK). Oleh karena itu, KPPU memandang momentum revisi itu sangat tepat untuk memperkuat fondasi hukum dalam menjaga iklim investasi yang adil dan kompetitif di Indonesia. Fanshurullah Asa: KPPU Sidangkan Perkara Pinjol Rp 1.650 Triliun"
"Disebut Rampas Kolegium, Kemenkes: Mereka yang Tak Patuh UU, Kok Kami Dituduh?News7 Mei 2025Kemenkes menanggapi tuduhan IDAI terkait pengambilalihan kolegium anak, menegaskan sesuai UU Kesehatan 2023.",7 Mei 2025,https://nasional.kompas.com/read/2025/05/07/15215731/disebut-rampas-kolegium-kemenkes-mereka-yang-tak-patuh-uu-kok-kami-dituduh,"JAKARTA,  -Kementerian Kesehatan (Kemenkes) membantah telah merampas Kolegium seperti yang disebutkan oleh Ketua Umum Ikatan Dokter Anak Indonesia (IDAI) dr. Piprim B. Yanuarso Staf Khusus Menteri Bidang Dukungan Strategis Organisasi Kemenkes Rendi Witular mengatakan Kolegium kini menjadi kewenangan mereka sesuai aturan dalam Undang-Undang Kesehatan Nomor 17 Tahun 2023. Dokter Piprim sebelumnya mengaku dimutasi karena menentang pengambilalihan kolegium. ""Seolah kami merampasKolegium Anak, sesuai Undang-Undang Kesehatan Nomor 17 Tahun 2023 itu sudah otomatis yang namanya kolegium itu otomatis di bawah ranah pemerintah. Jadi bukan kami merampas,"" ujar Rendi kepada Kompas.com, Rabu (7/5/2025). Dimutasi ke RS Fatmawati, Dokter Piprim: Ini Hukuman Karena Menentang Pengambilalihan Kolegium Maka itu, Rendi mengingatkan, sudah semestinya Piprim mematuhi aturan UU Kesehatan 17/2023. ""Sudah selayaknya dia patuh kepada Undang-Undang, kok jadi kami yang dituduh merampas. Undang-Undang bunyinya kayak gitu,"" kata dia. Rendi menyebut, hanyakolegium anakyang tidak mematuhi aturan UU tersebut. Sementara dokter spesialis lainnya, tidak ada yang keberatan. ""Itu coba spesialis lain ribut enggak? Enggak. Kolegium bedah, kolegium jantung, kolegium penyakit dalam, kolegium kandungan, enggak, karena mereka paham Undang-Undang seperti itu bahwa kolegium itu adalah bagian dari pemerintah,"" tuturnya. ""Nah, cuma kolegium IDAI ini yang merasa kok jadi kami dituduh merampas, yang ada mereka yang enggak patuh undang-undang, kan lucu,"" sambung Rendi. Mutasi Dokter Piprim, Kemenkes: Kami Yakin Sudah Sesuai Prosedur Rendi menambahkan, dr. Safira Fatima Alatas, SpA(K) yang kini menjabat sebagai Ketua Kolegium Ilmu Kesehatan Anak, juga merupakan anggota IDAI. ""Dokter Safira Alatas, emang dia dokter ecek-ecek? Enggak kan? Dia kan mantan ketua kolegiumnya yang IDAI, terus jadi ketua kolegium yang ada di pemerintah ini. Jadi kan sama-sama dokter anak, sama-sama anggota IDAI,"" ucapnya. Sebelumnya, kolegium memang dipegang oleh organisasi profesi independen yang dikuasai elite-elite tertentu. Kemenkes kemudian mengambil kewenangan kolegium dengan tujuan agar standar pelayanan dapat diatur oleh pemerintah dengan baik. ""Karena kolegium menentukan kurikulum, standar pelayanan segala macam, ya kan harusnya kan kewenangannya pemerintah untuk mengatur, enggak bisa kami serahkan standar untuk hajat hidup orang-orang yang begini kepada organisasi profesi,"" jelas dia. Dokter Piprim Bongkar Banyak Dokter yang Dimutasi Kemenkes karena Mendukungnya"
"UU BUMN Batasi Ruang Gerak KPK, Anggota DPR: Gugat ke MK kalau Tidak CocokNews6 Mei 2025Anggota DPR menyarankan publik untuk mengguggat UU BUMN ke MK jika keberatan dengan ketentuan tersebut",6 Mei 2025,https://nasional.kompas.com/read/2025/05/06/17201911/uu-bumn-batasi-ruang-gerak-kpk-anggota-dpr-gugat-ke-mk-kalau-tidak-cocok,"JAKARTA,  -Anggota Komisi III DPR RINasir Djamilmenyarankan masyarakat untuk mengajukan gugatan keMahkamah Konstitusi(MK) apabila merasa keberatan dengan Undang-Undang Nomor 1 Tahun 2025 tentang Badan Usaha Milik Negara (UU BUMN). UU BUMN ini dipersoalkan karena menyatakan direksi dan komisaris BUMN bukan penyelenggara negara sehinggaKPKterancam tidak lagi memiliki wewenang untuk menangkap dan memproses hukum direksi serta komisaris BUMN. ""Tentu ketika ada warga yang bertanya kepada saya, saya katakan ya silakan gugat ke Mahkamah Konstitusi, kalau Anda merasa tidak cocok dengan pasal tersebut,"" kata Nasir di Kompleks Parlemen, Jakarta, Selasa (6/5/2025). Politikus Partai Keadilan Sejahtera ini menjelaskan bahwa Indonesia adalah negara hukum sehingga hal-hal yang dianggap tak sesuai dapat diproses melalui jalur hukum. ICW Sebut UU BUMN Dapat Jadi Pintu Masuk Kejahatan Sempurna ""Karena bukan Komisi III yang ikut terlibat dalam pembuatan Undang-Undang BUMN itu. Kita serahkan saja ke Mahkamah Konstitusi sebagai mitra kerja Komisi III,"" ucapnya. Diketahui, KPK terancam tidak lagi memiliki wewenang untuk menangkap dan memproses hukum direksi BUMN setelah Undang-Undang Nomor 1 Tahun 2025 tentang BUMN berlaku pada 24 Februari 2025. Dalam UU Nomor 1 Tahun 2025 tentang BUMN, terdapat dua pasal penting yang menjadi tantangan bagi KPK, yaitu: Pasal 3X Ayat (1) yang berbunyi ""Organ dan pegawai Badan bukan merupakan penyelenggara negara"" dan Pasal 9G yang berbunyi ""Anggota Direksi, Dewan Komisaris, dan Dewan Pengawas BUMN bukan merupakan penyelenggara negara"". Padahal, Undang-Undang KPK mengatur bahwa salah satu obyek yang diusut KPK adalah penyelenggara negara yang melakukan tindak pidana korupsi. Mengapa KPK Terancam Tak Dapat Tangkap Direksi BUMN? Hal tersebut tercantum pada Pasal 11 Ayat (1) UU KPK yang menyatakan bahwa KPK berwenang melakukan penyelidikan, penyidikan, dan penuntutan terhadap tindak pidana korupsi yang melibatkan aparat penegak hukum, penyelenggara negara, dan orang lain serta/atau menyangkut kerugian negara paling sedikit Rp 1 miliar. Menanggapi polemik ini, KPK mengaku akan mengkaji penerapan aturan pada UU BUMN tersebut. ""Tentunya dengan adanya aturan yang baru perlu ada kajian baik itu dari Biro Hukum maupun dari Kedeputian Penindakan untuk melihat sampai sejauh mana aturan ini akan berdampak terhadap penegakan hukum yang bisa dilakukan di KPK,"" kata Juru Bicara Tessa Mahardhika Sugiarto di Gedung Merah Putih, Jakarta, Jumat (2/5/2025). Tessa mengatakan, KPK akan mengkaji sejauh mana perubahan aturan tersebut berdampak terhadap kewenangan KPK dalam menangani kasus-kasus korupsi yang melibatkan direksi BUMN. ""Kalau memang saat ini bukan merupakan penyelenggara negara yang bisa ditangani oleh KPK, ya tentu KPK tidak bisa menangani,"" ujar dia."
Anggota DPR Dorong Mekanisme Haji Furoda Masuk UU Haji Buntut Jemaah Gagal BerangkatNews4 Juni 2025Maman Imanulhaq mendesak perlunya kejelasan mekanisme haji furoda dalam UU Haji untuk melindungi jema,4 Juni 2025,https://nasional.kompas.com/read/2025/06/04/13145871/anggota-dpr-dorong-mekanisme-haji-furoda-masuk-uu-haji-buntut-jemaah-gagal,"JAKARTA, - Anggota Komisi VIII DPR RIMaman Imanulhaqmendorong agar persoalan mekanismehaji furodasemakin diperjelas dalam Undang-Undang tentang Penyelenggaraan Ibadah Haji dan Umrah (PIHU. Hal ini disampaikan Maman merespons adanya ribuan calon jemaah haji furoda Indonesia yang gagal berangkat ke tanah suci setelah Kerajaan Arab Saudi memastikan tidak menerbitkanvisa haji furodauntuk musim haji 2025 M/1446 H. ""RevisiUU Hajiakan memberi ruang bagi pengaturan furoda ini, terutama terkait hak jemaah dan keselamatannya,"" kata Maman dalam keterangan tertulis, Rabu (4/6/2025). Mengacu pada UU Nomor 8 Tahun 2019 tentang Penyelenggaraan Ibadah Haji dan Umrah (PIHU), haji furoda adalah visa haji yang kuotanya langsung dari pemerintah Arab Saudi tanpa bergantung pada kuota resmi Pemerintah. Penyebab Visa Haji Furoda Tidak Terbit, Kerugian, dan Opsi Refund Dengan kata lain, haji furoda merupakan ibadah haji lewat jalur undangan dari pemerintah Saudi. Visa haji furodajuga bisa disebut sebagai visa mujamalah atau haji tanpa antrean, berbeda dengan visa reguler dan juga visa haji plus. Jumlahnya pun tidak tentu dan biasanya perusahaan pemberangkatan haji yang langsung berhubungan dengan Saudi tanpa melalui Pemerintah. ""Karena itu hak prerogatif Saudi, kita tidak bisa melakukan negosiasi,"" kata Maman Imanulhaq Politikus Partai Kabengkitan Bangsa ini mengungkapkan, ada beberapa penyebab tidak terbitnya visa haji furoda. Visa Tak Terbit, Ribuan Jemaah Gagal Berangkat Haji Furoda 2025, Travel Rugi Miliaran Rupiah Pertama, Pemerintah Arab Saudi tidak menerbitkan visa mujamalah. Kedua, adanya reformasi digital dan penataan penyelenggaraan haji. Ketiga, keterbatasan kuota dan hak prerogatif kerajaan Saudi. Oleh karena itu, Maman menilai revisi UU PIHU atau UU Haji memang diperlukan untuk mengatur secara perinci mengenai haji furoda ini. Terlebih, setiap tahunnya jemaah haji Indonesia yang berangkat dengan visa haji furoda cukup banyak, di kisaran 3.000-5.000 jemaah. Ketua Umum Asosiasi Muslim Penyelenggara Haji dan Umrah Republik Indonesia, Firman M. Nur, mengatakan, potensi kerugian akibat visa haji furoda tidak terbit mencapai miliaran rupiah."
"Anggota DPR Mau Perlindungan Jemaah Haji Furoda Masuk Revisi UU HajiNews2 Juni 2025Merespons problem jemaah haji furoda, DPR RI ingin agar ada perlindungan hukum untuk melindungi jemaah haji furoda.",2 Juni 2025,https://nasional.kompas.com/read/2025/06/02/09343171/anggota-dpr-mau-perlindungan-jemaah-haji-furoda-masuk-revisi-uu-haji,"JAKARTA, - Anggota Tim Pengawas (Timwas) HajiDPRRI, Abdul Fikri Faqih, ingin agar undang-undang memberikan perlindungan terhadap ribuan calon jemaah haji Indonesia yang menggunakan visa furoda. “Undang-undangnya harus memprioritaskan perlindungan bagi mereka, karena mereka adalah warga negara Indonesia yang haknya wajib dijamin,” tegas Anggota Komisi VIII DPR RI itu dalam keterangannya, Senin (2/6/2025). Kerugian Travel jika Jemaah Haji Furoda Gagal Berangkat, Bisa Capai Rp 300 Juta Per Orang Ribuan jemaah haji terancam batal menjalankan ibadah haji lewat jalur furoda atau non-kuota karena Kerajaan Arab Saudi tidak mengeluarkan visa untukhaji furodapada tahun ini. Meski visa tersebut bersifat business to business (B2B) antara perusahaan travel dengan pihak di Arab Saudi, Fikri meminta negara tidak lepas tangan. “Faktanya, visa furoda atau undangan (mujamalah) ini memang ada dan dimanfaatkan oleh masyarakat Indonesia. Meskipun secara formal tidak dikelola pemerintah, negara tetap memiliki kewajiban untuk hadir dan memastikan adanyaperlindungan hukumbagi para jemaah,” ujar Fikri. Dilema Travel Haji Furoda: Jemaah Gagal Berangkat, Kerugian di Depan Mata Oleh karenanya, ia menilai gagal berangkatnya ribuan calonjemaah haji furodatahun 2025 menjadi momentum krusial untuk segera merevisi Undang-Undang Penyelenggaraan Ibadah Haji. Politikus Partai Keadilan Sejahtera (PKS) ini mencontohkan pengelolaan umrah mandiri yang kini dibuka luas oleh Arab Saudi. Menurutnya, dalam konteks haji undangan seperti furoda, sudah sepatutnya ada aturan teknis yang jelas serta pengawasan dari pemerintah. Pemerintah Diminta Tak Abaikan Nasib Jemaah Haji Furoda yang Gagal Berangkat Hal ini bertujuan agar jemaah mendapatkan kepastian dan perlindungan hukum yang memadai. “Ini bukan semata-mata urusan bisnis, melainkan soal perlindungan hak warga negara. Kehadiran negara mutlak diperlukan agar mereka yang sudah berniat menunaikan ibadah haji dan telah memenuhi kewajiban finansial, tetap terlayani dengan baik dan tidak dirugikan,” jelasnya. Diberitakan sebelumnya, pemerintah Arab Saudi secara resmi menutup proses penerbitanvisa hajitahun 1446 Hijriah/2025 Masehi, termasuk visa furoda yang selama ini menjadi alternatif bagi mereka yang ingin berhaji tanpa antre panjang. Konfirmasi ini disampaikan langsung oleh Ketua Umum Dewan Pengurus Pusat Asosiasi Muslim Penyelenggara Haji dan Umrah Republik Indonesia (DPP AMPHURI), Firman M Nur, dalam pernyataan resmi yang diunggah di situs AMPHURI. “Diperoleh jawaban lisan dan tertulis bahwa proses penerbitan visa sudah resmi ditutup oleh otoritas Arab Saudi sejak 27 Mei 2025,” ungkap Firman. Meski Rugi, Travel Tetap Kembalikan Uang Jemaah Haji Furoda yang Gagal Berangkat Keputusan tersebut diperoleh setelah AMPHURI melakukan konfirmasi langsung ke sistem elektronik Masar Nusuk, serta mendatangi berbagai lembaga terkait seperti Kementerian Haji dan Umrah di Makkah, Kantor Urusan Haji (KUH) di Jeddah, dan berkoordinasi dengan Ditjen Penyelenggaraan Haji dan Umrah Kementerian Agama. Senada dengan itu, Dirjen Penyelenggaraan Haji dan Umrah Kemenag, Hilman Latief, juga memastikan bahwa visa haji tidak lagi diterbitkan oleh otoritas Arab Saudi. “Saya sudah mendapat konfirmasi dari Kementerian Haji dan Umrah Arab Saudi bahwa proses pemvisaan sudah tutup per 26 Mei 2025, pukul 13.50 waktu Arab Saudi (WAS),” ujarnya, Kamis (29/5/2025)."
"Desak Kasus Ayam Goreng Widuran Diproses Hukum, Muhammadiyah: Langgar UU Produk HalalNews26 Mei 2025Ketua PP Muhammadiyah Anwar Abbas menilai Ayam Goreng Widuran langgar UU Halal. Konsumen kecewa, des",26 Mei 2025,https://nasional.kompas.com/read/2025/05/26/14283671/desak-kasus-ayam-goreng-widuran-diproses-hukum-muhammadiyah-langgar-uu,"JAKARTA, - Ketua Pimpinan Pusat (PP)MuhammadiyahAnwar Abbasmenilai, kasus penyajianmenu non-halaldiAyam Goreng Widurantelah melanggar Undang-Undang Jaminan Produk Halal (UUJPH). Anwar menyayangkan sikap pihak pengelola restoran yang sudah berjualan selama 52 tahun, tetapi tidak mencantumkan label non-halal. ""Kami sangat menyayangkan sikap dari pihak pengelola restoran karena mereka sudah berjualan 52 tahun lamanya, tetapi tidak membuat keterangan yang secara eksplisit mencantumkan status tidak halal di outlet maupun pada platform daring mereka,"" imbuh Anwar, dalam keterangan resmi yang diterima, Senin (26/5/2025). Anwar juga menyayangkan pengelola restoran yang tidak berlaku jujur kepada konsumen sebelum kasus ini mencuat ke permukaan media sosial. Muhammadiyah Desak Kasus Ayam Goreng Widuran Diproses Hukum ""Sekarang baru mereka cantumkan dalam beberapa hari terakhir setelah maraknya protes warga,"" ucap dia. Karena itu, menurut Anwar, ada unsur kesengajaan dari pengelola restoran yang telah beroperasi sejak tahun 1973 di Kota Solo, Jawa Tengah, tersebut. ""Bagaimana duduk masalahnya bila dilihat dari perspektifUU Jaminan Produk Halal(UUJPH) yang sudah diundangkan pada tahun 2014. Bisa si pelaku berkilah dia tidak tahu tentang adanya hukum yang dia langgar? Hal ini tentu tidak bisa diterima,"" ujar dia. ""Semestinya pihak restoran memberi tahu para pelanggannya, apakah secara verbal atau tertulis, tentang status non-halal dari produk ayam goreng yang mereka jual, tetapi ternyata hal itu tidak terjadi,"" sambung dia. Oleh sebab itu, Anwar mengatakan kasus ini tidak bisa diterima oleh umat Islam dan harus berlanjut ke ranah hukum. Sebelumnya diberitakan, rumah makan Ayam Goreng Widuran yang berdiri sejak 1973 menjadi perbincangan hangat di media sosial. Stairlift di Borobudur untuk Prabowo dan Macron, Istana: Karena Waktu Terbatas Restoran ini diketahui menggunakan bahan non-halal dalam menu ayam kremes, yang baru diketahui publik setelah viral di internet. Kekecewaan konsumen mencuat di kolom ulasan Google Review, di mana banyak yang mengaku merasa tertipu karena menyangka seluruh menu yang disajikan adalah halal. Sebagian pelanggan bahkan baru menyadari status non-halal setelah membaca pemberitaan dan komentar warganet. Salah satu karyawan resto tersebut mengonfirmasi bahwa label non-halal baru dipasang beberapa hari terakhir setelah muncul banyak komplain dari pelanggan."
"Heboh Grup Inses di Facebook, Polisi Bisa Proses Pidana Pakai UU Anak dan ITENews19 Mei 2025Kriminolog Reza Indragiri soroti grup inses di Facebook: sebagian pelaku bisa dipidana pakai UU Anak dan ITE",19 Mei 2025,https://megapolitan.kompas.com/read/2025/05/19/17254331/heboh-grup-inses-di-facebook-polisi-bisa-proses-pidana-pakai-uu-anak-dan,"JAKARTA, – KriminologReza Indragirimenyoroti munculnyagrup insesdi media sosial Facebook yang belakangan ramai dibicarakan publik. Ia menegaskan bahwa meski hukum Indonesia belum mengatur secara spesifik soal inses, ada sejumlah pasal yang bisa digunakan untuk memproses pelaku, terutama jika menyangkut anak di bawah umur. ""Para pelakunya bisa dijerat denganUU Perlindungan Anak, UU Pornografi, dan UU Informasi dan Transaksi Elektronik,"" ujar Reza dalam keterangannya, Senin (19/5/2025). Kasus Grup Inses di FB, Pakar Soroti Unsur Pidana Serius di Dalamnya ""Tinggal lagi seberapa jauh otoritas penegakan hukum, dalam hal ini kepolisian, akan memroses pidana anggota FB tersebut yang jumlahnya puluhan ribu itu,"" kata Reza. Reza menyentil kelemahan hukum yang ada saat ini. Menurutnya, ketika inses dilakukan secara sukarela oleh orang dewasa dan tidak memenuhi kriteria kekerasan seksual, hukum tak bisa menjangkau mereka. “Pahitnya, mereka tidak bisa dipidana. UU kita, bahkan UU Tindak Pidana Kekerasan Seksual (UU TPKS), tidak bisa menjangkau mereka,” ucap dia. Reza menegaskan perlunya revisi hukum, termasuk perluasan bentuk tindak pidana kekerasan seksual dalam UU TPKS dan penambahan pasal dalam UU Perlindungan Anak. Ia menilai, masyarakat butuh perlindungan lebih terhadap berbagai bentuk orientasi dan perilaku seksual menyimpang. Kasus Grup Inses di FB, Pakar Soroti Unsur Pidana Serius di Dalamnya “Inilah bukti betapa sejumlah pasal dalam UU TPKS bersifat amoral. Saya sebut amoral karena pasal-pasal itu tidak menjiwai nilai-nilai moralitas, etik, dan kesakralan seks yang ada di masyarakat kita,” kata Reza. Sementara itu, Direktorat Reserse Siber Polda Metro Jaya menyatakan sedang menyelidiki keberadaan grup inses di Facebook tersebut. “Sudah pasti Direktorat Siber Polda Metro Jaya akan menyelidiki dan mendalami tentang akun Facebook tersebut,” kata AKBP Reonald Simanjuntak. Kementerian Komunikasi dan Digital (Kemkomdigi) pun telah memblokir enam grup Facebook yang memuat konten seksual menyimpang tersebut. “Grup itu memuat konten fantasi dewasa anggota komunitas terhadap keluarga kandung, khususnya kepada anak di bawah umur,” ujar Dirjen Pengawasan Ruang Digital Kemkomdigi, Alexander Sabar. Memburu Jejak Gelap Grup Inses di Facebook... Kemkomdigi juga telah berkoordinasi dengan platform Meta untuk memastikan konten serupa tak beredar kembali."
